{"type": "FeatureCollection", "metadata": {"source": "2026-09-23.1", "bbox": [4.8, 52.2483, 5.0, 52.4917], "h3_res": 8, "taxonomy_level": 1, "min_poi": 10, "providers_pct": {"meta": 83.6, "Foursquare": 7.8, "Microsoft": 6.8, "AllThePlaces": 1.2, "PinMeTo": 0.6, "DAC": 0.0}}, "features": [{"type": "Feature", "geometry": {"type": "Polygon", "coordinates": [[[4.791707, 52.359698], [4.790133, 52.355401], [4.795548, 52.352878], [4.802536, 52.354652], [4.80411, 52.35895], [4.798695, 52.361473], [4.791707, 52.359698]]]}, "properties": {"h3": "88196824d3fffff", "poi": 86, "richness": 8, "hill_q1": 5.627, "hill_q2": 4.554, "top_share": 0.337, "flagged": false, "dominant": "shopping", "dna": {"shopping": 0.337, "food_and_drink": 0.256, "services_and_business": 0.163, "lifestyle_services": 0.081, "travel_and_transportation": 0.058, "health_care": 0.047, "community_and_government": 0.035, "geographic_entities": 0.023}, "tfidf": {"shopping": 0.358, "food_and_drink": 0.291, "services_and_business": 0.166, "lifestyle_services": 0.096, "travel_and_transportation": 0.066, "health_care": 0.057, "community_and_government": 0.045, "geographic_entities": 0.038}, "cluster": -1}}, {"type": "Feature", "geometry": {"type": "Polygon", "coordinates": [[[4.796429, 52.372589], [4.794855, 52.368292], [4.80027, 52.36577], [4.807259, 52.367544], [4.808835, 52.371841], [4.803419, 52.374364], [4.796429, 52.372589]]]}, "properties": {"h3": "88196824d9fffff", "poi": 38, "richness": 9, "hill_q1": 5.763, "hill_q2": 4.247, "top_share": 0.395, "flagged": false, "dominant": "sports_and_recreation", "dna": {"sports_and_recreation": 0.395, "education": 0.237, "community_and_government": 0.079, "food_and_drink": 0.079, "services_and_business": 0.079, "health_care": 0.053, "arts_and_entertainment": 0.026, "shopping": 0.026, "travel_and_transportation": 0.026}, "tfidf": {"sports_and_recreation": 0.45, "education": 0.285, "community_and_government": 0.103, "food_and_drink": 0.09, "services_and_business": 0.081, "health_care": 0.064, "arts_and_entertainment": 0.034, "travel_and_transportation": 0.03, "shopping": 0.028}, "cluster": -1}}, {"type": "Feature", "geometry": {"type": "Polygon", "coordinates": [[[4.80027, 52.36577], [4.798695, 52.361473], [4.80411, 52.35895], [4.811099, 52.360724], [4.812674, 52.365021], [4.807259, 52.367544], [4.80027, 52.36577]]]}, "properties": {"h3": "88196824dbfffff", "poi": 167, "richness": 13, "hill_q1": 9.457, "hill_q2": 7.745, "top_share": 0.228, "flagged": false, "dominant": "shopping", "dna": {"shopping": 0.228, "services_and_business": 0.18, "food_and_drink": 0.12, "lifestyle_services": 0.096, "health_care": 0.084, "community_and_government": 0.072, "education": 0.06, "sports_and_recreation": 0.054, "arts_and_entertainment": 0.036, "cultural_and_historic": 0.03, "geographic_entities": 0.018, "lodging": 0.018, "travel_and_transportation": 0.006}, "tfidf": {"shopping": 0.242, "services_and_business": 0.184, "food_and_drink": 0.136, "lifestyle_services": 0.113, "health_care": 0.102, "community_and_government": 0.094, "education": 0.072, "sports_and_recreation": 0.061, "arts_and_entertainment": 0.046, "cultural_and_historic": 0.042, "geographic_entities": 0.029, "lodging": 0.028, "travel_and_transportation": 0.007}, "cluster": -1}}, {"type": "Feature", "geometry": {"type": "Polygon", "coordinates": [[[4.796113, 52.458187], [4.794537, 52.453895], [4.799959, 52.451377], [4.806958, 52.453151], [4.808535, 52.457443], [4.803113, 52.459961], [4.796113, 52.458187]]]}, "properties": {"h3": "8819682609fffff", "poi": 37, "richness": 10, "hill_q1": 6.979, "hill_q2": 5.454, "top_share": 0.324, "flagged": false, "dominant": "shopping", "dna": {"shopping": 0.324, "services_and_business": 0.189, "lifestyle_services": 0.135, "sports_and_recreation": 0.108, "food_and_drink": 0.081, "travel_and_transportation": 0.054, "community_and_government": 0.027, "education": 0.027, "health_care": 0.027, "lodging": 0.027}, "tfidf": {"shopping": 0.345, "services_and_business": 0.193, "lifestyle_services": 0.16, "sports_and_recreation": 0.123, "food_and_drink": 0.092, "travel_and_transportation": 0.062, "lodging": 0.042, "community_and_government": 0.035, "health_care": 0.033, "education": 0.033}, "cluster": -1}}, {"type": "Feature", "geometry": {"type": "Polygon", "coordinates": [[[4.799959, 52.451377], [4.798383, 52.447085], [4.803805, 52.444567], [4.810803, 52.446341], [4.81238, 52.450633], [4.806958, 52.453151], [4.799959, 52.451377]]]}, "properties": {"h3": "881968260bfffff", "poi": 94, "richness": 10, "hill_q1": 7.485, "hill_q2": 6.162, "top_share": 0.277, "flagged": false, "dominant": "services_and_business", "dna": {"services_and_business": 0.277, "health_care": 0.17, "shopping": 0.16, "lifestyle_services": 0.138, "food_and_drink": 0.064, "education": 0.053, "sports_and_recreation": 0.053, "community_and_government": 0.032, "travel_and_transportation": 0.032, "arts_and_entertainment": 0.021}, "tfidf": {"services_and_business": 0.283, "health_care": 0.207, "shopping": 0.17, "lifestyle_services": 0.163, "food_and_drink": 0.073, "education": 0.064, "sports_and_recreation": 0.061, "community_and_government": 0.042, "travel_and_transportation": 0.036, "arts_and_entertainment": 0.027}, "cluster": -1}}, {"type": "Feature", "geometry": {"type": "Polygon", "coordinates": [[[4.807649, 52.437756], [4.806073, 52.433463], [4.811493, 52.430944], [4.818491, 52.432717], [4.820068, 52.43701], [4.814647, 52.43953], [4.807649, 52.437756]]]}, "properties": {"h3": "8819682611fffff", "poi": 122, "richness": 12, "hill_q1": 6.832, "hill_q2": 5.168, "top_share": 0.311, "flagged": false, "dominant": "services_and_business", "dna": {"services_and_business": 0.311, "shopping": 0.23, "food_and_drink": 0.172, "community_and_government": 0.074, "travel_and_transportation": 0.074, "education": 0.033, "lodging": 0.033, "cultural_and_historic": 0.016, "health_care": 0.016, "lifestyle_services": 0.016, "sports_and_recreation": 0.016, "geographic_entities": 0.008}, "tfidf": {"services_and_business": 0.318, "shopping": 0.244, "food_and_drink": 0.196, "community_and_government": 0.096, "travel_and_transportation": 0.084, "lodging": 0.051, "education": 0.04, "cultural_and_historic": 0.023, "health_care": 0.02, "lifestyle_services": 0.019, "sports_and_recreation": 0.019, "geographic_entities": 0.013}, "cluster": -1}}, {"type": "Feature", "geometry": {"type": "Polygon", "coordinates": [[[4.811493, 52.430944], [4.809916, 52.42665], [4.815336, 52.42413], [4.822333, 52.425904], [4.823911, 52.430197], [4.818491, 52.432717], [4.811493, 52.430944]]]}, "properties": {"h3": "8819682613fffff", "poi": 111, "richness": 9, "hill_q1": 4.223, "hill_q2": 3.107, "top_share": 0.405, "flagged": false, "dominant": "services_and_business", "dna": {"services_and_business": 0.405, "shopping": 0.387, "sports_and_recreation": 0.054, "food_and_drink": 0.036, "travel_and_transportation": 0.036, "education": 0.027, "health_care": 0.027, "community_and_government": 0.018, "lifestyle_services": 0.009}, "tfidf": {"services_and_business": 0.414, "shopping": 0.412, "sports_and_recreation": 0.062, "travel_and_transportation": 0.041, "food_and_drink": 0.041, "health_care": 0.033, "education": 0.033, "community_and_government": 0.023, "lifestyle_services": 0.011}, "cluster": -1}}, {"type": "Feature", "geometry": {"type": "Polygon", "coordinates": [[[4.795231, 52.4385], [4.793655, 52.434207], [4.799076, 52.431689], [4.806073, 52.433463], [4.807649, 52.437756], [4.802228, 52.440274], [4.795231, 52.4385]]]}, "properties": {"h3": "8819682615fffff", "poi": 14, "richness": 5, "hill_q1": 4.649, "hill_q2": 4.455, "top_share": 0.286, "flagged": false, "dominant": "services_and_business", "dna": {"services_and_business": 0.286, "education": 0.214, "lifestyle_services": 0.214, "travel_and_transportation": 0.214, "shopping": 0.071}, "tfidf": {"services_and_business": 0.292, "education": 0.258, "lifestyle_services": 0.253, "travel_and_transportation": 0.245, "shopping": 0.076}, "cluster": -1}}, {"type": "Feature", "geometry": {"type": "Polygon", "coordinates": [[[4.799076, 52.431689], [4.7975, 52.427395], [4.80292, 52.424876], [4.809916, 52.42665], [4.811493, 52.430944], [4.806073, 52.433463], [4.799076, 52.431689]]]}, "properties": {"h3": "8819682617fffff", "poi": 69, "richness": 8, "hill_q1": 4.24, "hill_q2": 3.318, "top_share": 0.435, "flagged": false, "dominant": "services_and_business", "dna": {"services_and_business": 0.435, "shopping": 0.29, "travel_and_transportation": 0.159, "arts_and_entertainment": 0.029, "food_and_drink": 0.029, "health_care": 0.029, "lifestyle_services": 0.014, "sports_and_recreation": 0.014}, "tfidf": {"services_and_business": 0.445, "shopping": 0.308, "travel_and_transportation": 0.182, "arts_and_entertainment": 0.037, "health_care": 0.035, "food_and_drink": 0.033, "lifestyle_services": 0.017, "sports_and_recreation": 0.017}, "cluster": -1}}, {"type": "Feature", "geometry": {"type": "Polygon", "coordinates": [[[4.816224, 52.443822], [4.814647, 52.43953], [4.820068, 52.43701], [4.827067, 52.438783], [4.828645, 52.443076], [4.823224, 52.445595], [4.816224, 52.443822]]]}, "properties": {"h3": "8819682619fffff", "poi": 511, "richness": 13, "hill_q1": 7.419, "hill_q2": 5.641, "top_share": 0.284, "flagged": false, "dominant": "shopping", "dna": {"shopping": 0.284, "food_and_drink": 0.213, "services_and_business": 0.186, "lifestyle_services": 0.098, "health_care": 0.055, "arts_and_entertainment": 0.033, "community_and_government": 0.033, "cultural_and_historic": 0.025, "lodging": 0.02, "sports_and_recreation": 0.02, "travel_and_transportation": 0.02, "education": 0.01, "geographic_entities": 0.004}, "tfidf": {"shopping": 0.302, "food_and_drink": 0.243, "services_and_business": 0.19, "lifestyle_services": 0.116, "health_care": 0.067, "community_and_government": 0.043, "arts_and_entertainment": 0.043, "cultural_and_historic": 0.036, "lodging": 0.03, "travel_and_transportation": 0.022, "sports_and_recreation": 0.022, "education": 0.012, "geographic_entities": 0.006}, "cluster": -1}}, {"type": "Feature", "geometry": {"type": "Polygon", "coordinates": [[[4.820068, 52.43701], [4.818491, 52.432717], [4.823911, 52.430197], [4.830909, 52.43197], [4.832488, 52.436263], [4.827067, 52.438783], [4.820068, 52.43701]]]}, "properties": {"h3": "881968261bfffff", "poi": 67, "richness": 13, "hill_q1": 8.308, "hill_q2": 6.091, "top_share": 0.299, "flagged": false, "dominant": "services_and_business", "dna": {"services_and_business": 0.299, "shopping": 0.209, "arts_and_entertainment": 0.09, "lifestyle_services": 0.09, "travel_and_transportation": 0.09, "cultural_and_historic": 0.045, "geographic_entities": 0.045, "food_and_drink": 0.03, "health_care": 0.03, "lodging": 0.03, "community_and_government": 0.015, "education": 0.015, "sports_and_recreation": 0.015}, "tfidf": {"services_and_business": 0.305, "shopping": 0.222, "arts_and_entertainment": 0.115, "lifestyle_services": 0.106, "travel_and_transportation": 0.102, "geographic_entities": 0.073, "cultural_and_historic": 0.063, "lodging": 0.046, "health_care": 0.036, "food_and_drink": 0.034, "community_and_government": 0.019, "education": 0.018, "sports_and_recreation": 0.017}, "cluster": -1}}, {"type": "Feature", "geometry": {"type": "Polygon", "coordinates": [[[4.803805, 52.444567], [4.802228, 52.440274], [4.807649, 52.437756], [4.814647, 52.43953], [4.816224, 52.443822], [4.810803, 52.446341], [4.803805, 52.444567]]]}, "properties": {"h3": "881968261dfffff", "poi": 85, "richness": 12, "hill_q1": 8.081, "hill_q2": 5.412, "top_share": 0.376, "flagged": false, "dominant": "services_and_business", "dna": {"services_and_business": 0.376, "lifestyle_services": 0.106, "travel_and_transportation": 0.094, "health_care": 0.071, "shopping": 0.071, "sports_and_recreation": 0.071, "education": 0.047, "food_and_drink": 0.047, "arts_and_entertainment": 0.035, "community_and_government": 0.035, "geographic_entities": 0.024, "lodging": 0.024}, "tfidf": {"services_and_business": 0.385, "lifestyle_services": 0.125, "travel_and_transportation": 0.108, "health_care": 0.086, "sports_and_recreation": 0.08, "shopping": 0.075, "education": 0.057, "food_and_drink": 0.054, "community_and_government": 0.046, "arts_and_entertainment": 0.045, "geographic_entities": 0.038, "lodging": 0.037}, "cluster": -1}}, {"type": "Feature", "geometry": {"type": "Polygon", "coordinates": [[[4.800843, 52.47106], [4.799266, 52.466769], [4.80469, 52.464252], [4.81169, 52.466026], [4.813268, 52.470317], [4.807844, 52.472834], [4.800843, 52.47106]]]}, "properties": {"h3": "8819682641fffff", "poi": 91, "richness": 12, "hill_q1": 9.396, "hill_q2": 8.079, "top_share": 0.22, "flagged": false, "dominant": "services_and_business", "dna": {"services_and_business": 0.22, "sports_and_recreation": 0.132, "shopping": 0.121, "travel_and_transportation": 0.121, "food_and_drink": 0.11, "health_care": 0.077, "lifestyle_services": 0.077, "arts_and_entertainment": 0.044, "cultural_and_historic": 0.044, "community_and_government": 0.022, "education": 0.022, "lodging": 0.011}, "tfidf": {"services_and_business": 0.225, "sports_and_recreation": 0.15, "travel_and_transportation": 0.138, "shopping": 0.128, "food_and_drink": 0.125, "health_care": 0.094, "lifestyle_services": 0.091, "cultural_and_historic": 0.062, "arts_and_entertainment": 0.056, "community_and_government": 0.029, "education": 0.026, "lodging": 0.017}, "cluster": -1}}, {"type": "Feature", "geometry": {"type": "Polygon", "coordinates": [[[4.80469, 52.464252], [4.803113, 52.459961], [4.808535, 52.457443], [4.815535, 52.459217], [4.817113, 52.463508], [4.81169, 52.466026], [4.80469, 52.464252]]]}, "properties": {"h3": "8819682643fffff", "poi": 123, "richness": 13, "hill_q1": 8.969, "hill_q2": 6.937, "top_share": 0.268, "flagged": false, "dominant": "services_and_business", "dna": {"services_and_business": 0.268, "shopping": 0.195, "food_and_drink": 0.081, "sports_and_recreation": 0.081, "travel_and_transportation": 0.073, "education": 0.065, "lifestyle_services": 0.065, "health_care": 0.057, "community_and_government": 0.049, "lodging": 0.033, "arts_and_entertainment": 0.016, "cultural_and_historic": 0.008, "geographic_entities": 0.008}, "tfidf": {"services_and_business": 0.274, "shopping": 0.207, "food_and_drink": 0.093, "sports_and_recreation": 0.093, "travel_and_transportation": 0.084, "education": 0.078, "lifestyle_services": 0.077, "health_care": 0.069, "community_and_government": 0.063, "lodging": 0.051, "arts_and_entertainment": 0.021, "geographic_entities": 0.013, "cultural_and_historic": 0.011}, "cluster": -1}}, {"type": "Feature", "geometry": {"type": "Polygon", "coordinates": [[[4.809422, 52.477125], [4.807844, 52.472834], [4.813268, 52.470317], [4.82027, 52.47209], [4.821848, 52.476381], [4.816424, 52.478898], [4.809422, 52.477125]]]}, "properties": {"h3": "8819682649fffff", "poi": 115, "richness": 12, "hill_q1": 9.138, "hill_q2": 7.631, "top_share": 0.226, "flagged": false, "dominant": "services_and_business", "dna": {"services_and_business": 0.226, "cultural_and_historic": 0.157, "food_and_drink": 0.13, "shopping": 0.13, "arts_and_entertainment": 0.104, "community_and_government": 0.061, "travel_and_transportation": 0.052, "education": 0.035, "lodging": 0.035, "geographic_entities": 0.026, "lifestyle_services": 0.026, "health_care": 0.017}, "tfidf": {"services_and_business": 0.231, "cultural_and_historic": 0.22, "food_and_drink": 0.149, "shopping": 0.139, "arts_and_entertainment": 0.134, "community_and_government": 0.079, "travel_and_transportation": 0.06, "lodging": 0.054, "geographic_entities": 0.043, "education": 0.042, "lifestyle_services": 0.031, "health_care": 0.021}, "cluster": -1}}, {"type": "Feature", "geometry": {"type": "Polygon", "coordinates": [[[4.813268, 52.470317], [4.81169, 52.466026], [4.817113, 52.463508], [4.824115, 52.465281], [4.825693, 52.469573], [4.82027, 52.47209], [4.813268, 52.470317]]]}, "properties": {"h3": "881968264bfffff", "poi": 25, "richness": 12, "hill_q1": 9.98, "hill_q2": 8.562, "top_share": 0.2, "flagged": false, "dominant": "services_and_business", "dna": {"services_and_business": 0.2, "food_and_drink": 0.16, "shopping": 0.12, "travel_and_transportation": 0.12, "health_care": 0.08, "lifestyle_services": 0.08, "arts_and_entertainment": 0.04, "community_and_government": 0.04, "cultural_and_historic": 0.04, "education": 0.04, "lodging": 0.04, "sports_and_recreation": 0.04}, "tfidf": {"services_and_business": 0.204, "food_and_drink": 0.182, "travel_and_transportation": 0.137, "shopping": 0.128, "health_care": 0.098, "lifestyle_services": 0.095, "lodging": 0.062, "cultural_and_historic": 0.056, "community_and_government": 0.052, "arts_and_entertainment": 0.051, "education": 0.048, "sports_and_recreation": 0.046}, "cluster": -1}}, {"type": "Feature", "geometry": {"type": "Polygon", "coordinates": [[[4.796996, 52.477867], [4.795419, 52.473577], [4.800843, 52.47106], [4.807844, 52.472834], [4.809422, 52.477125], [4.803998, 52.479641], [4.796996, 52.477867]]]}, "properties": {"h3": "881968264dfffff", "poi": 38, "richness": 8, "hill_q1": 6.533, "hill_q2": 5.429, "top_share": 0.316, "flagged": false, "dominant": "services_and_business", "dna": {"services_and_business": 0.316, "lifestyle_services": 0.211, "food_and_drink": 0.105, "health_care": 0.105, "education": 0.079, "shopping": 0.079, "community_and_government": 0.053, "lodging": 0.053}, "tfidf": {"services_and_business": 0.323, "lifestyle_services": 0.249, "health_care": 0.128, "food_and_drink": 0.12, "education": 0.095, "shopping": 0.084, "lodging": 0.082, "community_and_government": 0.069}, "cluster": -1}}, {"type": "Feature", "geometry": {"type": "Polygon", "coordinates": [[[4.820958, 52.456698], [4.81938, 52.452407], [4.824802, 52.449888], [4.831802, 52.451661], [4.833381, 52.455952], [4.827959, 52.458471], [4.820958, 52.456698]]]}, "properties": {"h3": "8819682651fffff", "poi": 73, "richness": 11, "hill_q1": 8.546, "hill_q2": 7.115, "top_share": 0.247, "flagged": false, "dominant": "health_care", "dna": {"health_care": 0.247, "shopping": 0.192, "community_and_government": 0.096, "sports_and_recreation": 0.096, "food_and_drink": 0.082, "services_and_business": 0.082, "education": 0.068, "travel_and_transportation": 0.068, "geographic_entities": 0.027, "lifestyle_services": 0.027, "lodging": 0.014}, "tfidf": {"health_care": 0.301, "shopping": 0.204, "community_and_government": 0.125, "sports_and_recreation": 0.109, "food_and_drink": 0.094, "services_and_business": 0.084, "education": 0.083, "travel_and_transportation": 0.078, "geographic_entities": 0.045, "lifestyle_services": 0.032, "lodging": 0.021}, "cluster": -1}}, {"type": "Feature", "geometry": {"type": "Polygon", "coordinates": [[[4.824802, 52.449888], [4.823224, 52.445595], [4.828645, 52.443076], [4.835645, 52.444849], [4.837224, 52.449141], [4.831802, 52.451661], [4.824802, 52.449888]]]}, "properties": {"h3": "8819682653fffff", "poi": 37, "richness": 11, "hill_q1": 9.571, "hill_q2": 8.61, "top_share": 0.189, "flagged": false, "dominant": "services_and_business", "dna": {"services_and_business": 0.189, "shopping": 0.162, "education": 0.108, "health_care": 0.108, "cultural_and_historic": 0.081, "food_and_drink": 0.081, "sports_and_recreation": 0.081, "travel_and_transportation": 0.081, "community_and_government": 0.054, "arts_and_entertainment": 0.027, "lifestyle_services": 0.027}, "tfidf": {"services_and_business": 0.193, "shopping": 0.172, "health_care": 0.132, "education": 0.13, "cultural_and_historic": 0.114, "travel_and_transportation": 0.093, "food_and_drink": 0.092, "sports_and_recreation": 0.092, "community_and_government": 0.07, "arts_and_entertainment": 0.035, "lifestyle_services": 0.032}, "cluster": -1}}, {"type": "Feature", "geometry": {"type": "Polygon", "coordinates": [[[4.808535, 52.457443], [4.806958, 52.453151], [4.81238, 52.450633], [4.81938, 52.452407], [4.820958, 52.456698], [4.815535, 52.459217], [4.808535, 52.457443]]]}, "properties": {"h3": "8819682655fffff", "poi": 161, "richness": 13, "hill_q1": 8.094, "hill_q2": 6.052, "top_share": 0.317, "flagged": false, "dominant": "services_and_business", "dna": {"services_and_business": 0.317, "lifestyle_services": 0.149, "shopping": 0.13, "sports_and_recreation": 0.087, "travel_and_transportation": 0.087, "food_and_drink": 0.068, "health_care": 0.062, "arts_and_entertainment": 0.031, "cultural_and_historic": 0.019, "education": 0.019, "community_and_government": 0.012, "geographic_entities": 0.012, "lodging": 0.006}, "tfidf": {"services_and_business": 0.324, "lifestyle_services": 0.176, "shopping": 0.139, "travel_and_transportation": 0.099, "sports_and_recreation": 0.099, "food_and_drink": 0.078, "health_care": 0.076, "arts_and_entertainment": 0.04, "cultural_and_historic": 0.026, "education": 0.022, "geographic_entities": 0.02, "community_and_government": 0.016, "lodging": 0.01}, "cluster": -1}}, {"type": "Feature", "geometry": {"type": "Polygon", "coordinates": [[[4.81238, 52.450633], [4.810803, 52.446341], [4.816224, 52.443822], [4.823224, 52.445595], [4.824802, 52.449888], [4.81938, 52.452407], [4.81238, 52.450633]]]}, "properties": {"h3": "8819682657fffff", "poi": 142, "richness": 13, "hill_q1": 9.936, "hill_q2": 8.409, "top_share": 0.218, "flagged": false, "dominant": "services_and_business", "dna": {"services_and_business": 0.218, "lifestyle_services": 0.141, "shopping": 0.134, "sports_and_recreation": 0.092, "education": 0.085, "health_care": 0.077, "food_and_drink": 0.063, "cultural_and_historic": 0.049, "travel_and_transportation": 0.049, "arts_and_entertainment": 0.042, "community_and_government": 0.035, "geographic_entities": 0.007, "lodging": 0.007}, "tfidf": {"services_and_business": 0.223, "lifestyle_services": 0.166, "shopping": 0.142, "sports_and_recreation": 0.104, "education": 0.102, "health_care": 0.094, "food_and_drink": 0.072, "cultural_and_historic": 0.069, "travel_and_transportation": 0.056, "arts_and_entertainment": 0.054, "community_and_government": 0.046, "geographic_entities": 0.011, "lodging": 0.011}, "cluster": -1}}, {"type": "Feature", "geometry": {"type": "Polygon", "coordinates": [[[4.829538, 52.462763], [4.827959, 52.458471], [4.833381, 52.455952], [4.840383, 52.457725], [4.841963, 52.462016], [4.83654, 52.464535], [4.829538, 52.462763]]]}, "properties": {"h3": "8819682659fffff", "poi": 13, "richness": 7, "hill_q1": 5.919, "hill_q2": 5.121, "top_share": 0.308, "flagged": false, "dominant": "sports_and_recreation", "dna": {"sports_and_recreation": 0.308, "services_and_business": 0.231, "cultural_and_historic": 0.154, "education": 0.077, "geographic_entities": 0.077, "lifestyle_services": 0.077, "travel_and_transportation": 0.077}, "tfidf": {"sports_and_recreation": 0.351, "services_and_business": 0.236, "cultural_and_historic": 0.217, "geographic_entities": 0.125, "education": 0.093, "lifestyle_services": 0.091, "travel_and_transportation": 0.088}, "cluster": -1}}, {"type": "Feature", "geometry": {"type": "Polygon", "coordinates": [[[4.833381, 52.455952], [4.831802, 52.451661], [4.837224, 52.449141], [4.844226, 52.450913], [4.845806, 52.455205], [4.840383, 52.457725], [4.833381, 52.455952]]]}, "properties": {"h3": "881968265bfffff", "poi": 21, "richness": 9, "hill_q1": 7.708, "hill_q2": 6.785, "top_share": 0.238, "flagged": false, "dominant": "services_and_business", "dna": {"services_and_business": 0.238, "sports_and_recreation": 0.19, "health_care": 0.143, "arts_and_entertainment": 0.095, "cultural_and_historic": 0.095, "education": 0.095, "community_and_government": 0.048, "lifestyle_services": 0.048, "lodging": 0.048}, "tfidf": {"services_and_business": 0.243, "sports_and_recreation": 0.217, "health_care": 0.174, "cultural_and_historic": 0.134, "arts_and_entertainment": 0.122, "education": 0.115, "lodging": 0.074, "community_and_government": 0.062, "lifestyle_services": 0.056}, "cluster": -1}}, {"type": "Feature", "geometry": {"type": "Polygon", "coordinates": [[[4.817113, 52.463508], [4.815535, 52.459217], [4.820958, 52.456698], [4.827959, 52.458471], [4.829538, 52.462763], [4.824115, 52.465281], [4.817113, 52.463508]]]}, "properties": {"h3": "881968265dfffff", "poi": 50, "richness": 11, "hill_q1": 9.223, "hill_q2": 8.503, "top_share": 0.16, "flagged": false, "dominant": "lifestyle_services", "dna": {"lifestyle_services": 0.16, "shopping": 0.14, "sports_and_recreation": 0.14, "health_care": 0.12, "services_and_business": 0.12, "food_and_drink": 0.1, "education": 0.08, "travel_and_transportation": 0.08, "community_and_government": 0.02, "cultural_and_historic": 0.02, "lodging": 0.02}, "tfidf": {"lifestyle_services": 0.189, "sports_and_recreation": 0.16, "shopping": 0.149, "health_care": 0.146, "services_and_business": 0.123, "food_and_drink": 0.114, "education": 0.096, "travel_and_transportation": 0.091, "lodging": 0.031, "cultural_and_historic": 0.028, "community_and_government": 0.026}, "cluster": -1}}, {"type": "Feature", "geometry": {"type": "Polygon", "coordinates": [[[4.81829, 52.397617], [4.816713, 52.393321], [4.82213, 52.390799], [4.829124, 52.392572], [4.830702, 52.396868], [4.825284, 52.39939], [4.81829, 52.397617]]]}, "properties": {"h3": "8819682683fffff", "poi": 34, "richness": 7, "hill_q1": 4.369, "hill_q2": 3.193, "top_share": 0.5, "flagged": true, "dominant": "services_and_business", "dna": {"services_and_business": 0.5, "shopping": 0.206, "education": 0.088, "travel_and_transportation": 0.088, "lifestyle_services": 0.059, "food_and_drink": 0.029, "geographic_entities": 0.029}, "tfidf": {"services_and_business": 0.511, "shopping": 0.219, "education": 0.106, "travel_and_transportation": 0.101, "lifestyle_services": 0.07, "geographic_entities": 0.048, "food_and_drink": 0.034}, "cluster": -1}}, {"type": "Feature", "geometry": {"type": "Polygon", "coordinates": [[[4.802036, 52.40518], [4.800461, 52.400885], [4.805878, 52.398364], [4.812872, 52.400138], [4.814448, 52.404433], [4.80903, 52.406954], [4.802036, 52.40518]]]}, "properties": {"h3": "8819682685fffff", "poi": 22, "richness": 5, "hill_q1": 4.156, "hill_q2": 3.667, "top_share": 0.409, "flagged": false, "dominant": "services_and_business", "dna": {"services_and_business": 0.409, "travel_and_transportation": 0.227, "food_and_drink": 0.182, "shopping": 0.136, "geographic_entities": 0.045}, "tfidf": {"services_and_business": 0.418, "travel_and_transportation": 0.26, "food_and_drink": 0.207, "shopping": 0.145, "geographic_entities": 0.074}, "cluster": -1}}, {"type": "Feature", "geometry": {"type": "Polygon", "coordinates": [[[4.82302, 52.410501], [4.821443, 52.406207], [4.826861, 52.403685], [4.833857, 52.405458], [4.835435, 52.409752], [4.830017, 52.412274], [4.82302, 52.410501]]]}, "properties": {"h3": "8819682689fffff", "poi": 21, "richness": 4, "hill_q1": 2.599, "hill_q2": 2.032, "top_share": 0.667, "flagged": true, "dominant": "services_and_business", "dna": {"services_and_business": 0.667, "shopping": 0.19, "travel_and_transportation": 0.095, "geographic_entities": 0.048}, "tfidf": {"services_and_business": 0.682, "shopping": 0.202, "travel_and_transportation": 0.109, "geographic_entities": 0.078}, "cluster": -1}}, {"type": "Feature", "geometry": {"type": "Polygon", "coordinates": [[[4.826861, 52.403685], [4.825284, 52.39939], [4.830702, 52.396868], [4.837697, 52.39864], [4.839275, 52.402935], [4.833857, 52.405458], [4.826861, 52.403685]]]}, "properties": {"h3": "881968268bfffff", "poi": 19, "richness": 5, "hill_q1": 4.233, "hill_q2": 3.722, "top_share": 0.368, "flagged": false, "dominant": "shopping", "dna": {"shopping": 0.368, "services_and_business": 0.316, "education": 0.105, "food_and_drink": 0.105, "travel_and_transportation": 0.105}, "tfidf": {"shopping": 0.392, "services_and_business": 0.323, "education": 0.127, "travel_and_transportation": 0.12, "food_and_drink": 0.12}, "cluster": -1}}, {"type": "Feature", "geometry": {"type": "Polygon", "coordinates": [[[4.834541, 52.39005], [4.832964, 52.385754], [4.83838, 52.383231], [4.845375, 52.385003], [4.846953, 52.389299], [4.841536, 52.391822], [4.834541, 52.39005]]]}, "properties": {"h3": "8819682691fffff", "poi": 264, "richness": 12, "hill_q1": 6.433, "hill_q2": 4.127, "top_share": 0.443, "flagged": false, "dominant": "services_and_business", "dna": {"services_and_business": 0.443, "food_and_drink": 0.155, "travel_and_transportation": 0.083, "shopping": 0.061, "education": 0.057, "lodging": 0.053, "community_and_government": 0.045, "health_care": 0.045, "arts_and_entertainment": 0.019, "lifestyle_services": 0.019, "sports_and_recreation": 0.015, "cultural_and_historic": 0.004}, "tfidf": {"services_and_business": 0.453, "food_and_drink": 0.177, "travel_and_transportation": 0.095, "lodging": 0.083, "education": 0.068, "shopping": 0.064, "community_and_government": 0.059, "health_care": 0.055, "arts_and_entertainment": 0.024, "lifestyle_services": 0.022, "sports_and_recreation": 0.017, "cultural_and_historic": 0.005}, "cluster": -1}}, {"type": "Feature", "geometry": {"type": "Polygon", "coordinates": [[[4.83838, 52.383231], [4.836803, 52.378934], [4.842219, 52.376411], [4.849213, 52.378183], [4.850791, 52.382479], [4.845375, 52.385003], [4.83838, 52.383231]]]}, "properties": {"h3": "8819682693fffff", "poi": 201, "richness": 12, "hill_q1": 9.107, "hill_q2": 7.447, "top_share": 0.239, "flagged": false, "dominant": "services_and_business", "dna": {"services_and_business": 0.239, "shopping": 0.164, "food_and_drink": 0.134, "community_and_government": 0.124, "education": 0.07, "sports_and_recreation": 0.07, "cultural_and_historic": 0.045, "lifestyle_services": 0.04, "travel_and_transportation": 0.04, "arts_and_entertainment": 0.03, "health_care": 0.025, "lodging": 0.02}, "tfidf": {"services_and_business": 0.244, "shopping": 0.175, "community_and_government": 0.162, "food_and_drink": 0.153, "education": 0.084, "sports_and_recreation": 0.079, "cultural_and_historic": 0.063, "lifestyle_services": 0.047, "travel_and_transportation": 0.045, "arts_and_entertainment": 0.038, "lodging": 0.031, "health_care": 0.03}, "cluster": -1}}, {"type": "Feature", "geometry": {"type": "Polygon", "coordinates": [[[4.82213, 52.390799], [4.820554, 52.386504], [4.82597, 52.383981], [4.832964, 52.385754], [4.834541, 52.39005], [4.829124, 52.392572], [4.82213, 52.390799]]]}, "properties": {"h3": "8819682695fffff", "poi": 131, "richness": 13, "hill_q1": 7.203, "hill_q2": 4.595, "top_share": 0.42, "flagged": false, "dominant": "services_and_business", "dna": {"services_and_business": 0.42, "sports_and_recreation": 0.107, "shopping": 0.099, "arts_and_entertainment": 0.076, "education": 0.076, "food_and_drink": 0.053, "travel_and_transportation": 0.046, "community_and_government": 0.038, "health_care": 0.038, "geographic_entities": 0.015, "lifestyle_services": 0.015, "cultural_and_historic": 0.008, "lodging": 0.008}, "tfidf": {"services_and_business": 0.429, "sports_and_recreation": 0.122, "shopping": 0.105, "arts_and_entertainment": 0.098, "education": 0.092, "food_and_drink": 0.061, "travel_and_transportation": 0.052, "community_and_government": 0.05, "health_care": 0.047, "geographic_entities": 0.025, "lifestyle_services": 0.018, "lodging": 0.012, "cultural_and_historic": 0.011}, "cluster": -1}}, {"type": "Feature", "geometry": {"type": "Polygon", "coordinates": [[[4.82597, 52.383981], [4.824394, 52.379685], [4.82981, 52.377162], [4.836803, 52.378934], [4.83838, 52.383231], [4.832964, 52.385754], [4.82597, 52.383981]]]}, "properties": {"h3": "8819682697fffff", "poi": 104, "richness": 13, "hill_q1": 10.109, "hill_q2": 7.704, "top_share": 0.279, "flagged": false, "dominant": "shopping", "dna": {"shopping": 0.279, "food_and_drink": 0.115, "services_and_business": 0.106, "arts_and_entertainment": 0.077, "cultural_and_historic": 0.067, "geographic_entities": 0.058, "lifestyle_services": 0.058, "lodging": 0.058, "health_care": 0.048, "community_and_government": 0.038, "education": 0.038, "sports_and_recreation": 0.038, "travel_and_transportation": 0.019}, "tfidf": {"shopping": 0.296, "food_and_drink": 0.131, "services_and_business": 0.108, "arts_and_entertainment": 0.098, "cultural_and_historic": 0.095, "geographic_entities": 0.094, "lodging": 0.09, "lifestyle_services": 0.068, "health_care": 0.059, "community_and_government": 0.05, "education": 0.046, "sports_and_recreation": 0.044, "travel_and_transportation": 0.022}, "cluster": -1}}, {"type": "Feature", "geometry": {"type": "Polygon", "coordinates": [[[4.843115, 52.396118], [4.841536, 52.391822], [4.846953, 52.389299], [4.853949, 52.391071], [4.855528, 52.395366], [4.850111, 52.39789], [4.843115, 52.396118]]]}, "properties": {"h3": "8819682699fffff", "poi": 355, "richness": 12, "hill_q1": 4.327, "hill_q2": 2.493, "top_share": 0.614, "flagged": true, "dominant": "services_and_business", "dna": {"services_and_business": 0.614, "shopping": 0.121, "arts_and_entertainment": 0.051, "community_and_government": 0.042, "education": 0.042, "food_and_drink": 0.037, "travel_and_transportation": 0.028, "lifestyle_services": 0.02, "sports_and_recreation": 0.02, "health_care": 0.017, "cultural_and_historic": 0.006, "lodging": 0.003}, "tfidf": {"services_and_business": 0.628, "shopping": 0.129, "arts_and_entertainment": 0.065, "community_and_government": 0.055, "education": 0.051, "food_and_drink": 0.042, "travel_and_transportation": 0.032, "lifestyle_services": 0.023, "sports_and_recreation": 0.022, "health_care": 0.021, "cultural_and_historic": 0.008, "lodging": 0.004}, "cluster": -1}}, {"type": "Feature", "geometry": {"type": "Polygon", "coordinates": [[[4.846953, 52.389299], [4.845375, 52.385003], [4.850791, 52.382479], [4.857786, 52.38425], [4.859366, 52.388546], [4.853949, 52.391071], [4.846953, 52.389299]]]}, "properties": {"h3": "881968269bfffff", "poi": 109, "richness": 13, "hill_q1": 9.503, "hill_q2": 7.24, "top_share": 0.284, "flagged": false, "dominant": "services_and_business", "dna": {"services_and_business": 0.284, "shopping": 0.128, "food_and_drink": 0.119, "sports_and_recreation": 0.083, "cultural_and_historic": 0.073, "arts_and_entertainment": 0.055, "lifestyle_services": 0.055, "travel_and_transportation": 0.055, "community_and_government": 0.046, "education": 0.037, "health_care": 0.037, "lodging": 0.018, "geographic_entities": 0.009}, "tfidf": {"services_and_business": 0.291, "shopping": 0.137, "food_and_drink": 0.136, "cultural_and_historic": 0.103, "sports_and_recreation": 0.094, "arts_and_entertainment": 0.07, "lifestyle_services": 0.065, "travel_and_transportation": 0.063, "community_and_government": 0.06, "health_care": 0.045, "education": 0.044, "lodging": 0.029, "geographic_entities": 0.015}, "cluster": -1}}, {"type": "Feature", "geometry": {"type": "Polygon", "coordinates": [[[4.830702, 52.396868], [4.829124, 52.392572], [4.834541, 52.39005], [4.841536, 52.391822], [4.843115, 52.396118], [4.837697, 52.39864], [4.830702, 52.396868]]]}, "properties": {"h3": "881968269dfffff", "poi": 101, "richness": 10, "hill_q1": 4.931, "hill_q2": 3.209, "top_share": 0.515, "flagged": true, "dominant": "services_and_business", "dna": {"services_and_business": 0.515, "travel_and_transportation": 0.158, "shopping": 0.109, "education": 0.079, "food_and_drink": 0.03, "health_care": 0.03, "arts_and_entertainment": 0.02, "community_and_government": 0.02, "cultural_and_historic": 0.02, "sports_and_recreation": 0.02}, "tfidf": {"services_and_business": 0.526, "travel_and_transportation": 0.181, "shopping": 0.116, "education": 0.095, "health_care": 0.036, "food_and_drink": 0.034, "cultural_and_historic": 0.028, "community_and_government": 0.026, "arts_and_entertainment": 0.025, "sports_and_recreation": 0.023}, "cluster": -1}}, {"type": "Feature", "geometry": {"type": "Polygon", "coordinates": [[[4.801153, 52.385478], [4.799578, 52.381182], [4.804994, 52.37866], [4.811985, 52.380434], [4.813561, 52.38473], [4.808145, 52.387252], [4.801153, 52.385478]]]}, "properties": {"h3": "88196826b1fffff", "poi": 44, "richness": 11, "hill_q1": 8.641, "hill_q2": 7.563, "top_share": 0.182, "flagged": false, "dominant": "shopping", "dna": {"shopping": 0.182, "education": 0.159, "food_and_drink": 0.159, "services_and_business": 0.159, "lifestyle_services": 0.114, "sports_and_recreation": 0.068, "community_and_government": 0.045, "geographic_entities": 0.045, "arts_and_entertainment": 0.023, "health_care": 0.023, "lodging": 0.023}, "tfidf": {"shopping": 0.193, "education": 0.192, "food_and_drink": 0.181, "services_and_business": 0.163, "lifestyle_services": 0.134, "sports_and_recreation": 0.078, "geographic_entities": 0.074, "community_and_government": 0.059, "lodging": 0.035, "arts_and_entertainment": 0.029, "health_care": 0.028}, "cluster": -1}}, {"type": "Feature", "geometry": {"type": "Polygon", "coordinates": [[[4.804994, 52.37866], [4.803419, 52.374364], [4.808835, 52.371841], [4.815826, 52.373615], [4.817401, 52.377911], [4.811985, 52.380434], [4.804994, 52.37866]]]}, "properties": {"h3": "88196826b3fffff", "poi": 84, "richness": 12, "hill_q1": 9.634, "hill_q2": 8.055, "top_share": 0.238, "flagged": false, "dominant": "services_and_business", "dna": {"services_and_business": 0.238, "food_and_drink": 0.131, "lifestyle_services": 0.131, "education": 0.095, "shopping": 0.083, "community_and_government": 0.071, "arts_and_entertainment": 0.06, "health_care": 0.06, "sports_and_recreation": 0.048, "geographic_entities": 0.036, "travel_and_transportation": 0.036, "cultural_and_historic": 0.012}, "tfidf": {"services_and_business": 0.243, "lifestyle_services": 0.155, "food_and_drink": 0.149, "education": 0.115, "community_and_government": 0.093, "shopping": 0.089, "arts_and_entertainment": 0.076, "health_care": 0.073, "geographic_entities": 0.058, "sports_and_recreation": 0.054, "travel_and_transportation": 0.041, "cultural_and_historic": 0.017}, "cluster": -1}}, {"type": "Feature", "geometry": {"type": "Polygon", "coordinates": [[[4.792587, 52.379407], [4.791013, 52.375111], [4.796429, 52.372589], [4.803419, 52.374364], [4.804994, 52.37866], [4.799578, 52.381182], [4.792587, 52.379407]]]}, "properties": {"h3": "88196826b7fffff", "poi": 54, "richness": 9, "hill_q1": 7.396, "hill_q2": 6.395, "top_share": 0.278, "flagged": false, "dominant": "shopping", "dna": {"shopping": 0.278, "services_and_business": 0.148, "community_and_government": 0.13, "food_and_drink": 0.111, "health_care": 0.111, "lifestyle_services": 0.093, "education": 0.074, "travel_and_transportation": 0.037, "arts_and_entertainment": 0.019}, "tfidf": {"shopping": 0.295, "community_and_government": 0.169, "services_and_business": 0.151, "health_care": 0.135, "food_and_drink": 0.127, "lifestyle_services": 0.109, "education": 0.089, "travel_and_transportation": 0.042, "arts_and_entertainment": 0.024}, "cluster": -1}}, {"type": "Feature", "geometry": {"type": "Polygon", "coordinates": [[[4.80972, 52.391548], [4.808145, 52.387252], [4.813561, 52.38473], [4.820554, 52.386504], [4.82213, 52.390799], [4.816713, 52.393321], [4.80972, 52.391548]]]}, "properties": {"h3": "88196826b9fffff", "poi": 33, "richness": 10, "hill_q1": 5.354, "hill_q2": 3.717, "top_share": 0.424, "flagged": false, "dominant": "services_and_business", "dna": {"services_and_business": 0.424, "shopping": 0.273, "education": 0.091, "arts_and_entertainment": 0.03, "community_and_government": 0.03, "cultural_and_historic": 0.03, "food_and_drink": 0.03, "geographic_entities": 0.03, "sports_and_recreation": 0.03, "travel_and_transportation": 0.03}, "tfidf": {"services_and_business": 0.434, "shopping": 0.29, "education": 0.11, "geographic_entities": 0.049, "cultural_and_historic": 0.043, "community_and_government": 0.039, "arts_and_entertainment": 0.039, "travel_and_transportation": 0.035, "food_and_drink": 0.035, "sports_and_recreation": 0.035}, "cluster": -1}}, {"type": "Feature", "geometry": {"type": "Polygon", "coordinates": [[[4.813561, 52.38473], [4.811985, 52.380434], [4.817401, 52.377911], [4.824394, 52.379685], [4.82597, 52.383981], [4.820554, 52.386504], [4.813561, 52.38473]]]}, "properties": {"h3": "88196826bbfffff", "poi": 153, "richness": 12, "hill_q1": 7.578, "hill_q2": 5.57, "top_share": 0.32, "flagged": false, "dominant": "shopping", "dna": {"shopping": 0.32, "food_and_drink": 0.203, "services_and_business": 0.144, "education": 0.065, "lifestyle_services": 0.059, "community_and_government": 0.052, "health_care": 0.046, "arts_and_entertainment": 0.033, "sports_and_recreation": 0.026, "cultural_and_historic": 0.02, "lodging": 0.02, "travel_and_transportation": 0.013}, "tfidf": {"shopping": 0.34, "food_and_drink": 0.231, "services_and_business": 0.147, "education": 0.079, "lifestyle_services": 0.07, "community_and_government": 0.068, "health_care": 0.056, "arts_and_entertainment": 0.042, "lodging": 0.031, "sports_and_recreation": 0.03, "cultural_and_historic": 0.028, "travel_and_transportation": 0.015}, "cluster": -1}}, {"type": "Feature", "geometry": {"type": "Polygon", "coordinates": [[[4.797311, 52.392294], [4.795736, 52.387999], [4.801153, 52.385478], [4.808145, 52.387252], [4.80972, 52.391548], [4.804303, 52.394069], [4.797311, 52.392294]]]}, "properties": {"h3": "88196826bdfffff", "poi": 45, "richness": 7, "hill_q1": 4.201, "hill_q2": 3.261, "top_share": 0.467, "flagged": false, "dominant": "shopping", "dna": {"shopping": 0.467, "services_and_business": 0.244, "travel_and_transportation": 0.156, "food_and_drink": 0.044, "health_care": 0.044, "arts_and_entertainment": 0.022, "cultural_and_historic": 0.022}, "tfidf": {"shopping": 0.496, "services_and_business": 0.25, "travel_and_transportation": 0.178, "health_care": 0.054, "food_and_drink": 0.051, "cultural_and_historic": 0.031, "arts_and_entertainment": 0.028}, "cluster": -1}}, {"type": "Feature", "geometry": {"type": "Polygon", "coordinates": [[[4.827753, 52.423383], [4.826175, 52.419089], [4.831594, 52.416568], [4.838592, 52.418341], [4.840171, 52.422635], [4.834751, 52.425156], [4.827753, 52.423383]]]}, "properties": {"h3": "88196826c1fffff", "poi": 49, "richness": 9, "hill_q1": 5.592, "hill_q2": 4.573, "top_share": 0.286, "flagged": false, "dominant": "arts_and_entertainment", "dna": {"arts_and_entertainment": 0.286, "services_and_business": 0.286, "shopping": 0.204, "cultural_and_historic": 0.102, "food_and_drink": 0.041, "community_and_government": 0.02, "education": 0.02, "geographic_entities": 0.02, "travel_and_transportation": 0.02}, "tfidf": {"arts_and_entertainment": 0.366, "services_and_business": 0.292, "shopping": 0.217, "cultural_and_historic": 0.144, "food_and_drink": 0.047, "geographic_entities": 0.033, "community_and_government": 0.027, "education": 0.025, "travel_and_transportation": 0.023}, "cluster": -1}}, {"type": "Feature", "geometry": {"type": "Polygon", "coordinates": [[[4.815336, 52.42413], [4.813759, 52.419837], [4.819179, 52.417316], [4.826175, 52.419089], [4.827753, 52.423383], [4.822333, 52.425904], [4.815336, 52.42413]]]}, "properties": {"h3": "88196826c5fffff", "poi": 39, "richness": 8, "hill_q1": 5.134, "hill_q2": 4.034, "top_share": 0.385, "flagged": false, "dominant": "shopping", "dna": {"shopping": 0.385, "services_and_business": 0.256, "arts_and_entertainment": 0.154, "travel_and_transportation": 0.077, "food_and_drink": 0.051, "community_and_government": 0.026, "education": 0.026, "sports_and_recreation": 0.026}, "tfidf": {"shopping": 0.409, "services_and_business": 0.262, "arts_and_entertainment": 0.197, "travel_and_transportation": 0.088, "food_and_drink": 0.058, "community_and_government": 0.033, "education": 0.031, "sports_and_recreation": 0.029}, "cluster": -1}}, {"type": "Feature", "geometry": {"type": "Polygon", "coordinates": [[[4.819179, 52.417316], [4.817602, 52.413022], [4.82302, 52.410501], [4.830017, 52.412274], [4.831594, 52.416568], [4.826175, 52.419089], [4.819179, 52.417316]]]}, "properties": {"h3": "88196826c7fffff", "poi": 55, "richness": 7, "hill_q1": 2.897, "hill_q2": 2.178, "top_share": 0.618, "flagged": true, "dominant": "services_and_business", "dna": {"services_and_business": 0.618, "shopping": 0.273, "arts_and_entertainment": 0.036, "community_and_government": 0.018, "food_and_drink": 0.018, "geographic_entities": 0.018, "travel_and_transportation": 0.018}, "tfidf": {"services_and_business": 0.632, "shopping": 0.29, "arts_and_entertainment": 0.047, "geographic_entities": 0.03, "community_and_government": 0.024, "travel_and_transportation": 0.021, "food_and_drink": 0.021}, "cluster": -1}}, {"type": "Feature", "geometry": {"type": "Polygon", "coordinates": [[[4.83633, 52.429449], [4.834751, 52.425156], [4.840171, 52.422635], [4.847169, 52.424407], [4.848749, 52.4287], [4.843329, 52.431222], [4.83633, 52.429449]]]}, "properties": {"h3": "88196826c9fffff", "poi": 88, "richness": 12, "hill_q1": 5.985, "hill_q2": 3.698, "top_share": 0.477, "flagged": false, "dominant": "services_and_business", "dna": {"services_and_business": 0.477, "shopping": 0.159, "travel_and_transportation": 0.068, "community_and_government": 0.057, "sports_and_recreation": 0.057, "lifestyle_services": 0.045, "lodging": 0.045, "education": 0.034, "food_and_drink": 0.023, "arts_and_entertainment": 0.011, "cultural_and_historic": 0.011, "geographic_entities": 0.011}, "tfidf": {"services_and_business": 0.488, "shopping": 0.169, "travel_and_transportation": 0.078, "community_and_government": 0.074, "lodging": 0.071, "sports_and_recreation": 0.065, "lifestyle_services": 0.054, "education": 0.041, "food_and_drink": 0.026, "geographic_entities": 0.019, "cultural_and_historic": 0.016, "arts_and_entertainment": 0.015}, "cluster": -1}}, {"type": "Feature", "geometry": {"type": "Polygon", "coordinates": [[[4.823911, 52.430197], [4.822333, 52.425904], [4.827753, 52.423383], [4.834751, 52.425156], [4.83633, 52.429449], [4.830909, 52.43197], [4.823911, 52.430197]]]}, "properties": {"h3": "88196826cdfffff", "poi": 69, "richness": 9, "hill_q1": 4.451, "hill_q2": 3.197, "top_share": 0.493, "flagged": false, "dominant": "shopping", "dna": {"shopping": 0.493, "services_and_business": 0.188, "travel_and_transportation": 0.174, "food_and_drink": 0.043, "lifestyle_services": 0.029, "sports_and_recreation": 0.029, "cultural_and_historic": 0.014, "education": 0.014, "geographic_entities": 0.014}, "tfidf": {"shopping": 0.524, "travel_and_transportation": 0.199, "services_and_business": 0.193, "food_and_drink": 0.05, "lifestyle_services": 0.034, "sports_and_recreation": 0.033, "geographic_entities": 0.024, "cultural_and_historic": 0.02, "education": 0.017}, "cluster": -1}}, {"type": "Feature", "geometry": {"type": "Polygon", "coordinates": [[[4.847851, 52.409002], [4.846272, 52.404708], [4.85169, 52.402185], [4.858687, 52.403956], [4.860267, 52.408251], [4.854849, 52.410774], [4.847851, 52.409002]]]}, "properties": {"h3": "88196826d1fffff", "poi": 18, "richness": 6, "hill_q1": 3.975, "hill_q2": 2.842, "top_share": 0.556, "flagged": true, "dominant": "services_and_business", "dna": {"services_and_business": 0.556, "food_and_drink": 0.111, "health_care": 0.111, "travel_and_transportation": 0.111, "education": 0.056, "geographic_entities": 0.056}, "tfidf": {"services_and_business": 0.568, "health_care": 0.135, "travel_and_transportation": 0.127, "food_and_drink": 0.127, "geographic_entities": 0.091, "education": 0.067}, "cluster": -1}}, {"type": "Feature", "geometry": {"type": "Polygon", "coordinates": [[[4.85169, 52.402185], [4.850111, 52.39789], [4.855528, 52.395366], [4.862525, 52.397137], [4.864105, 52.401432], [4.858687, 52.403956], [4.85169, 52.402185]]]}, "properties": {"h3": "88196826d3fffff", "poi": 63, "richness": 9, "hill_q1": 4.479, "hill_q2": 2.797, "top_share": 0.571, "flagged": true, "dominant": "services_and_business", "dna": {"services_and_business": 0.571, "shopping": 0.111, "health_care": 0.095, "arts_and_entertainment": 0.048, "education": 0.048, "food_and_drink": 0.048, "travel_and_transportation": 0.048, "community_and_government": 0.016, "geographic_entities": 0.016}, "tfidf": {"services_and_business": 0.584, "shopping": 0.118, "health_care": 0.116, "arts_and_entertainment": 0.061, "education": 0.057, "travel_and_transportation": 0.054, "food_and_drink": 0.054, "geographic_entities": 0.026, "community_and_government": 0.021}, "cluster": -1}}, {"type": "Feature", "geometry": {"type": "Polygon", "coordinates": [[[4.839275, 52.402935], [4.837697, 52.39864], [4.843115, 52.396118], [4.850111, 52.39789], [4.85169, 52.402185], [4.846272, 52.404708], [4.839275, 52.402935]]]}, "properties": {"h3": "88196826d7fffff", "poi": 75, "richness": 10, "hill_q1": 4.405, "hill_q2": 3.103, "top_share": 0.493, "flagged": false, "dominant": "services_and_business", "dna": {"services_and_business": 0.493, "shopping": 0.253, "travel_and_transportation": 0.093, "food_and_drink": 0.067, "community_and_government": 0.027, "cultural_and_historic": 0.013, "education": 0.013, "health_care": 0.013, "lodging": 0.013, "sports_and_recreation": 0.013}, "tfidf": {"services_and_business": 0.504, "shopping": 0.269, "travel_and_transportation": 0.107, "food_and_drink": 0.076, "community_and_government": 0.035, "lodging": 0.021, "cultural_and_historic": 0.019, "health_care": 0.016, "education": 0.016, "sports_and_recreation": 0.015}, "cluster": -1}}, {"type": "Feature", "geometry": {"type": "Polygon", "coordinates": [[[4.856428, 52.415068], [4.854849, 52.410774], [4.860267, 52.408251], [4.867266, 52.410022], [4.868846, 52.414316], [4.863427, 52.41684], [4.856428, 52.415068]]]}, "properties": {"h3": "88196826d9fffff", "poi": 13, "richness": 4, "hill_q1": 3.864, "hill_q2": 3.756, "top_share": 0.308, "flagged": false, "dominant": "services_and_business", "dna": {"services_and_business": 0.308, "travel_and_transportation": 0.308, "shopping": 0.231, "cultural_and_historic": 0.154}, "tfidf": {"travel_and_transportation": 0.352, "services_and_business": 0.315, "shopping": 0.245, "cultural_and_historic": 0.217}, "cluster": -1}}, {"type": "Feature", "geometry": {"type": "Polygon", "coordinates": [[[4.860267, 52.408251], [4.858687, 52.403956], [4.864105, 52.401432], [4.871103, 52.403203], [4.872684, 52.407498], [4.867266, 52.410022], [4.860267, 52.408251]]]}, "properties": {"h3": "88196826dbfffff", "poi": 11, "richness": 5, "hill_q1": 3.649, "hill_q2": 2.814, "top_share": 0.545, "flagged": true, "dominant": "services_and_business", "dna": {"services_and_business": 0.545, "travel_and_transportation": 0.182, "community_and_government": 0.091, "geographic_entities": 0.091, "shopping": 0.091}, "tfidf": {"services_and_business": 0.558, "travel_and_transportation": 0.208, "geographic_entities": 0.148, "community_and_government": 0.118, "shopping": 0.097}, "cluster": -1}}, {"type": "Feature", "geometry": {"type": "Polygon", "coordinates": [[[4.798193, 52.411994], [4.796618, 52.4077], [4.802036, 52.40518], [4.80903, 52.406954], [4.810606, 52.411248], [4.805187, 52.413769], [4.798193, 52.411994]]]}, "properties": {"h3": "88196826e3fffff", "poi": 27, "richness": 3, "hill_q1": 2.705, "hill_q2": 2.455, "top_share": 0.556, "flagged": true, "dominant": "services_and_business", "dna": {"services_and_business": 0.556, "shopping": 0.222, "travel_and_transportation": 0.222}, "tfidf": {"services_and_business": 0.568, "travel_and_transportation": 0.254, "shopping": 0.236}, "cluster": -1}}, {"type": "Feature", "geometry": {"type": "Polygon", "coordinates": [[[4.801728, 52.490738], [4.80015, 52.486448], [4.805575, 52.483932], [4.812578, 52.485705], [4.814156, 52.489995], [4.808731, 52.492511], [4.801728, 52.490738]]]}, "properties": {"h3": "88196834a5fffff", "poi": 141, "richness": 11, "hill_q1": 7.171, "hill_q2": 5.518, "top_share": 0.284, "flagged": false, "dominant": "services_and_business", "dna": {"services_and_business": 0.284, "shopping": 0.262, "travel_and_transportation": 0.106, "lifestyle_services": 0.085, "sports_and_recreation": 0.078, "food_and_drink": 0.057, "health_care": 0.043, "cultural_and_historic": 0.035, "arts_and_entertainment": 0.021, "community_and_government": 0.021, "education": 0.007}, "tfidf": {"services_and_business": 0.29, "shopping": 0.279, "travel_and_transportation": 0.122, "lifestyle_services": 0.101, "sports_and_recreation": 0.089, "food_and_drink": 0.065, "health_care": 0.052, "cultural_and_historic": 0.05, "community_and_government": 0.028, "arts_and_entertainment": 0.027, "education": 0.009}, "cluster": -1}}, {"type": "Feature", "geometry": {"type": "Polygon", "coordinates": [[[4.805575, 52.483932], [4.803998, 52.479641], [4.809422, 52.477125], [4.816424, 52.478898], [4.818003, 52.483189], [4.812578, 52.485705], [4.805575, 52.483932]]]}, "properties": {"h3": "88196834a7fffff", "poi": 35, "richness": 9, "hill_q1": 7.476, "hill_q2": 6.347, "top_share": 0.286, "flagged": false, "dominant": "services_and_business", "dna": {"services_and_business": 0.286, "community_and_government": 0.143, "sports_and_recreation": 0.143, "shopping": 0.114, "arts_and_entertainment": 0.086, "travel_and_transportation": 0.086, "education": 0.057, "food_and_drink": 0.057, "lifestyle_services": 0.029}, "tfidf": {"services_and_business": 0.292, "community_and_government": 0.186, "sports_and_recreation": 0.163, "shopping": 0.121, "arts_and_entertainment": 0.11, "travel_and_transportation": 0.098, "education": 0.069, "food_and_drink": 0.065, "lifestyle_services": 0.034}, "cluster": -1}}, {"type": "Feature", "geometry": {"type": "Polygon", "coordinates": [[[4.834276, 52.475636], [4.832696, 52.471345], [4.83812, 52.468827], [4.845123, 52.470599], [4.846704, 52.47489], [4.84128, 52.477408], [4.834276, 52.475636]]]}, "properties": {"h3": "88196834b1fffff", "poi": 18, "richness": 11, "hill_q1": 10.198, "hill_q2": 9.529, "top_share": 0.167, "flagged": false, "dominant": "shopping", "dna": {"shopping": 0.167, "cultural_and_historic": 0.111, "education": 0.111, "health_care": 0.111, "lifestyle_services": 0.111, "travel_and_transportation": 0.111, "arts_and_entertainment": 0.056, "food_and_drink": 0.056, "geographic_entities": 0.056, "lodging": 0.056, "services_and_business": 0.056}, "tfidf": {"shopping": 0.177, "cultural_and_historic": 0.156, "health_care": 0.135, "education": 0.134, "lifestyle_services": 0.131, "travel_and_transportation": 0.127, "geographic_entities": 0.091, "lodging": 0.086, "arts_and_entertainment": 0.071, "food_and_drink": 0.063, "services_and_business": 0.057}, "cluster": -1}}, {"type": "Feature", "geometry": {"type": "Polygon", "coordinates": [[[4.83812, 52.468827], [4.83654, 52.464535], [4.841963, 52.462016], [4.848966, 52.463788], [4.850547, 52.468079], [4.845123, 52.470599], [4.83812, 52.468827]]]}, "properties": {"h3": "88196834b3fffff", "poi": 13, "richness": 8, "hill_q1": 7.038, "hill_q2": 6.259, "top_share": 0.231, "flagged": false, "dominant": "lifestyle_services", "dna": {"lifestyle_services": 0.231, "travel_and_transportation": 0.231, "services_and_business": 0.154, "arts_and_entertainment": 0.077, "cultural_and_historic": 0.077, "education": 0.077, "health_care": 0.077, "shopping": 0.077}, "tfidf": {"lifestyle_services": 0.273, "travel_and_transportation": 0.264, "services_and_business": 0.157, "cultural_and_historic": 0.108, "arts_and_entertainment": 0.098, "health_care": 0.094, "education": 0.093, "shopping": 0.082}, "cluster": -1}}, {"type": "Feature", "geometry": {"type": "Polygon", "coordinates": [[[4.821848, 52.476381], [4.82027, 52.47209], [4.825693, 52.469573], [4.832696, 52.471345], [4.834276, 52.475636], [4.828852, 52.478154], [4.821848, 52.476381]]]}, "properties": {"h3": "88196834b5fffff", "poi": 11, "richness": 8, "hill_q1": 7.537, "hill_q2": 7.118, "top_share": 0.182, "flagged": false, "dominant": "cultural_and_historic", "dna": {"cultural_and_historic": 0.182, "education": 0.182, "shopping": 0.182, "arts_and_entertainment": 0.091, "food_and_drink": 0.091, "geographic_entities": 0.091, "health_care": 0.091, "services_and_business": 0.091}, "tfidf": {"cultural_and_historic": 0.256, "education": 0.219, "shopping": 0.193, "geographic_entities": 0.148, "arts_and_entertainment": 0.116, "health_care": 0.111, "food_and_drink": 0.104, "services_and_business": 0.093}, "cluster": -1}}, {"type": "Feature", "geometry": {"type": "Polygon", "coordinates": [[[4.825693, 52.469573], [4.824115, 52.465281], [4.829538, 52.462763], [4.83654, 52.464535], [4.83812, 52.468827], [4.832696, 52.471345], [4.825693, 52.469573]]]}, "properties": {"h3": "88196834b7fffff", "poi": 56, "richness": 12, "hill_q1": 8.396, "hill_q2": 6.817, "top_share": 0.232, "flagged": false, "dominant": "sports_and_recreation", "dna": {"sports_and_recreation": 0.232, "shopping": 0.214, "food_and_drink": 0.125, "lifestyle_services": 0.107, "services_and_business": 0.107, "community_and_government": 0.054, "health_care": 0.054, "travel_and_transportation": 0.036, "arts_and_entertainment": 0.018, "cultural_and_historic": 0.018, "geographic_entities": 0.018, "lodging": 0.018}, "tfidf": {"sports_and_recreation": 0.265, "shopping": 0.228, "food_and_drink": 0.142, "lifestyle_services": 0.127, "services_and_business": 0.11, "community_and_government": 0.07, "health_care": 0.065, "travel_and_transportation": 0.041, "geographic_entities": 0.029, "lodging": 0.028, "cultural_and_historic": 0.025, "arts_and_entertainment": 0.023}, "cluster": -1}}, {"type": "Feature", "geometry": {"type": "Polygon", "coordinates": [[[4.846704, 52.47489], [4.845123, 52.470599], [4.850547, 52.468079], [4.857551, 52.469851], [4.859132, 52.474142], [4.853708, 52.476661], [4.846704, 52.47489]]]}, "properties": {"h3": "88196834bbfffff", "poi": 11, "richness": 5, "hill_q1": 3.649, "hill_q2": 2.814, "top_share": 0.545, "flagged": true, "dominant": "sports_and_recreation", "dna": {"sports_and_recreation": 0.545, "services_and_business": 0.182, "arts_and_entertainment": 0.091, "shopping": 0.091, "travel_and_transportation": 0.091}, "tfidf": {"sports_and_recreation": 0.622, "services_and_business": 0.186, "arts_and_entertainment": 0.116, "travel_and_transportation": 0.104, "shopping": 0.097}, "cluster": -1}}, {"type": "Feature", "geometry": {"type": "Polygon", "coordinates": [[[4.868164, 52.308914], [4.866586, 52.304614], [4.871996, 52.302084], [4.878984, 52.303855], [4.880563, 52.308155], [4.875153, 52.310685], [4.868164, 52.308914]]]}, "properties": {"h3": "8819695001fffff", "poi": 73, "richness": 11, "hill_q1": 7.887, "hill_q2": 6.233, "top_share": 0.288, "flagged": false, "dominant": "services_and_business", "dna": {"services_and_business": 0.288, "health_care": 0.178, "cultural_and_historic": 0.137, "shopping": 0.123, "food_and_drink": 0.055, "lifestyle_services": 0.055, "education": 0.041, "sports_and_recreation": 0.041, "travel_and_transportation": 0.041, "community_and_government": 0.027, "arts_and_entertainment": 0.014}, "tfidf": {"services_and_business": 0.294, "health_care": 0.217, "cultural_and_historic": 0.193, "shopping": 0.131, "lifestyle_services": 0.065, "food_and_drink": 0.062, "education": 0.05, "travel_and_transportation": 0.047, "sports_and_recreation": 0.047, "community_and_government": 0.036, "arts_and_entertainment": 0.018}, "cluster": -1}}, {"type": "Feature", "geometry": {"type": "Polygon", "coordinates": [[[4.871996, 52.302084], [4.870417, 52.297783], [4.875826, 52.295253], [4.882814, 52.297024], [4.884393, 52.301324], [4.878984, 52.303855], [4.871996, 52.302084]]]}, "properties": {"h3": "8819695003fffff", "poi": 44, "richness": 13, "hill_q1": 9.352, "hill_q2": 7.224, "top_share": 0.273, "flagged": false, "dominant": "services_and_business", "dna": {"services_and_business": 0.273, "education": 0.136, "shopping": 0.136, "lifestyle_services": 0.091, "community_and_government": 0.068, "health_care": 0.068, "sports_and_recreation": 0.068, "food_and_drink": 0.045, "arts_and_entertainment": 0.023, "cultural_and_historic": 0.023, "geographic_entities": 0.023, "lodging": 0.023, "travel_and_transportation": 0.023}, "tfidf": {"services_and_business": 0.279, "education": 0.164, "shopping": 0.145, "lifestyle_services": 0.107, "community_and_government": 0.089, "health_care": 0.083, "sports_and_recreation": 0.078, "food_and_drink": 0.052, "geographic_entities": 0.037, "lodging": 0.035, "cultural_and_historic": 0.032, "arts_and_entertainment": 0.029, "travel_and_transportation": 0.026}, "cluster": -1}}, {"type": "Feature", "geometry": {"type": "Polygon", "coordinates": [[[4.855766, 52.309672], [4.854189, 52.305371], [4.859599, 52.302842], [4.866586, 52.304614], [4.868164, 52.308914], [4.862754, 52.311443], [4.855766, 52.309672]]]}, "properties": {"h3": "8819695005fffff", "poi": 182, "richness": 12, "hill_q1": 5.917, "hill_q2": 4.128, "top_share": 0.423, "flagged": false, "dominant": "shopping", "dna": {"shopping": 0.423, "food_and_drink": 0.154, "services_and_business": 0.154, "lifestyle_services": 0.104, "health_care": 0.049, "travel_and_transportation": 0.033, "education": 0.027, "cultural_and_historic": 0.016, "sports_and_recreation": 0.016, "arts_and_entertainment": 0.011, "community_and_government": 0.005, "lodging": 0.005}, "tfidf": {"shopping": 0.45, "food_and_drink": 0.175, "services_and_business": 0.157, "lifestyle_services": 0.123, "health_care": 0.06, "travel_and_transportation": 0.038, "education": 0.033, "cultural_and_historic": 0.023, "sports_and_recreation": 0.019, "arts_and_entertainment": 0.014, "lodging": 0.009, "community_and_government": 0.007}, "cluster": -1}}, {"type": "Feature", "geometry": {"type": "Polygon", "coordinates": [[[4.859599, 52.302842], [4.858021, 52.298541], [4.86343, 52.296012], [4.870417, 52.297783], [4.871996, 52.302084], [4.866586, 52.304614], [4.859599, 52.302842]]]}, "properties": {"h3": "8819695007fffff", "poi": 250, "richness": 12, "hill_q1": 5.887, "hill_q2": 4.325, "top_share": 0.344, "flagged": false, "dominant": "shopping", "dna": {"shopping": 0.344, "services_and_business": 0.28, "food_and_drink": 0.168, "health_care": 0.044, "community_and_government": 0.036, "travel_and_transportation": 0.036, "lifestyle_services": 0.028, "education": 0.02, "sports_and_recreation": 0.016, "arts_and_entertainment": 0.012, "cultural_and_historic": 0.012, "lodging": 0.004}, "tfidf": {"shopping": 0.366, "services_and_business": 0.286, "food_and_drink": 0.191, "health_care": 0.054, "community_and_government": 0.047, "travel_and_transportation": 0.041, "lifestyle_services": 0.033, "education": 0.024, "sports_and_recreation": 0.018, "cultural_and_historic": 0.017, "arts_and_entertainment": 0.015, "lodging": 0.006}, "cluster": -1}}, {"type": "Feature", "geometry": {"type": "Polygon", "coordinates": [[[4.876732, 52.314985], [4.875153, 52.310685], [4.880563, 52.308155], [4.887552, 52.309926], [4.889132, 52.314226], [4.883721, 52.316756], [4.876732, 52.314985]]]}, "properties": {"h3": "8819695009fffff", "poi": 34, "richness": 9, "hill_q1": 7.441, "hill_q2": 6.568, "top_share": 0.235, "flagged": false, "dominant": "lifestyle_services", "dna": {"lifestyle_services": 0.235, "services_and_business": 0.176, "shopping": 0.176, "sports_and_recreation": 0.118, "food_and_drink": 0.088, "health_care": 0.088, "arts_and_entertainment": 0.059, "cultural_and_historic": 0.029, "education": 0.029}, "tfidf": {"lifestyle_services": 0.278, "shopping": 0.188, "services_and_business": 0.18, "sports_and_recreation": 0.134, "health_care": 0.108, "food_and_drink": 0.101, "arts_and_entertainment": 0.075, "cultural_and_historic": 0.041, "education": 0.035}, "cluster": -1}}, {"type": "Feature", "geometry": {"type": "Polygon", "coordinates": [[[4.880563, 52.308155], [4.878984, 52.303855], [4.884393, 52.301324], [4.891382, 52.303095], [4.892962, 52.307395], [4.887552, 52.309926], [4.880563, 52.308155]]]}, "properties": {"h3": "881969500bfffff", "poi": 15, "richness": 6, "hill_q1": 3.972, "hill_q2": 2.922, "top_share": 0.533, "flagged": true, "dominant": "sports_and_recreation", "dna": {"sports_and_recreation": 0.533, "services_and_business": 0.2, "geographic_entities": 0.067, "health_care": 0.067, "shopping": 0.067, "travel_and_transportation": 0.067}, "tfidf": {"sports_and_recreation": 0.608, "services_and_business": 0.204, "geographic_entities": 0.109, "health_care": 0.081, "travel_and_transportation": 0.076, "shopping": 0.071}, "cluster": -1}}, {"type": "Feature", "geometry": {"type": "Polygon", "coordinates": [[[4.864332, 52.315743], [4.862754, 52.311443], [4.868164, 52.308914], [4.875153, 52.310685], [4.876732, 52.314985], [4.871321, 52.317515], [4.864332, 52.315743]]]}, "properties": {"h3": "881969500dfffff", "poi": 115, "richness": 12, "hill_q1": 8.321, "hill_q2": 6.603, "top_share": 0.252, "flagged": false, "dominant": "services_and_business", "dna": {"services_and_business": 0.252, "food_and_drink": 0.217, "shopping": 0.13, "lifestyle_services": 0.087, "travel_and_transportation": 0.07, "health_care": 0.061, "sports_and_recreation": 0.061, "education": 0.043, "community_and_government": 0.035, "cultural_and_historic": 0.017, "lodging": 0.017, "arts_and_entertainment": 0.009}, "tfidf": {"services_and_business": 0.258, "food_and_drink": 0.248, "shopping": 0.139, "lifestyle_services": 0.103, "travel_and_transportation": 0.079, "health_care": 0.074, "sports_and_recreation": 0.069, "education": 0.052, "community_and_government": 0.045, "lodging": 0.027, "cultural_and_historic": 0.024, "arts_and_entertainment": 0.011}, "cluster": -1}}, {"type": "Feature", "geometry": {"type": "Polygon", "coordinates": [[[4.888223, 52.294493], [4.886644, 52.290191], [4.892052, 52.28766], [4.899041, 52.289429], [4.900621, 52.293731], [4.895212, 52.296262], [4.888223, 52.294493]]]}, "properties": {"h3": "8819695011fffff", "poi": 38, "richness": 10, "hill_q1": 7.477, "hill_q2": 5.641, "top_share": 0.342, "flagged": false, "dominant": "services_and_business", "dna": {"services_and_business": 0.342, "shopping": 0.158, "lifestyle_services": 0.105, "food_and_drink": 0.079, "sports_and_recreation": 0.079, "cultural_and_historic": 0.053, "education": 0.053, "lodging": 0.053, "travel_and_transportation": 0.053, "health_care": 0.026}, "tfidf": {"services_and_business": 0.35, "shopping": 0.168, "lifestyle_services": 0.124, "food_and_drink": 0.09, "sports_and_recreation": 0.09, "lodging": 0.082, "cultural_and_historic": 0.074, "education": 0.063, "travel_and_transportation": 0.06, "health_care": 0.032}, "cluster": -1}}, {"type": "Feature", "geometry": {"type": "Polygon", "coordinates": [[[4.875826, 52.295253], [4.874248, 52.290952], [4.879657, 52.288421], [4.886644, 52.290191], [4.888223, 52.294493], [4.882814, 52.297024], [4.875826, 52.295253]]]}, "properties": {"h3": "8819695015fffff", "poi": 21, "richness": 7, "hill_q1": 5.114, "hill_q2": 3.973, "top_share": 0.429, "flagged": false, "dominant": "services_and_business", "dna": {"services_and_business": 0.429, "food_and_drink": 0.143, "health_care": 0.143, "shopping": 0.143, "community_and_government": 0.048, "sports_and_recreation": 0.048, "travel_and_transportation": 0.048}, "tfidf": {"services_and_business": 0.438, "health_care": 0.174, "food_and_drink": 0.163, "shopping": 0.152, "community_and_government": 0.062, "travel_and_transportation": 0.054, "sports_and_recreation": 0.054}, "cluster": -1}}, {"type": "Feature", "geometry": {"type": "Polygon", "coordinates": [[[4.896792, 52.300564], [4.895212, 52.296262], [4.900621, 52.293731], [4.90761, 52.2955], [4.909191, 52.299801], [4.903782, 52.302333], [4.896792, 52.300564]]]}, "properties": {"h3": "8819695019fffff", "poi": 114, "richness": 13, "hill_q1": 7.537, "hill_q2": 5.69, "top_share": 0.272, "flagged": false, "dominant": "services_and_business", "dna": {"services_and_business": 0.272, "food_and_drink": 0.219, "shopping": 0.202, "community_and_government": 0.061, "health_care": 0.053, "lifestyle_services": 0.053, "arts_and_entertainment": 0.044, "cultural_and_historic": 0.026, "education": 0.018, "geographic_entities": 0.018, "sports_and_recreation": 0.018, "lodging": 0.009, "travel_and_transportation": 0.009}, "tfidf": {"services_and_business": 0.278, "food_and_drink": 0.25, "shopping": 0.214, "community_and_government": 0.08, "health_care": 0.064, "lifestyle_services": 0.062, "arts_and_entertainment": 0.056, "cultural_and_historic": 0.037, "geographic_entities": 0.029, "education": 0.021, "sports_and_recreation": 0.02, "lodging": 0.014, "travel_and_transportation": 0.01}, "cluster": -1}}, {"type": "Feature", "geometry": {"type": "Polygon", "coordinates": [[[4.900621, 52.293731], [4.899041, 52.289429], [4.904449, 52.286897], [4.911438, 52.288666], [4.913019, 52.292968], [4.90761, 52.2955], [4.900621, 52.293731]]]}, "properties": {"h3": "881969501bfffff", "poi": 30, "richness": 9, "hill_q1": 6.788, "hill_q2": 5.172, "top_share": 0.367, "flagged": false, "dominant": "services_and_business", "dna": {"services_and_business": 0.367, "health_care": 0.133, "arts_and_entertainment": 0.1, "lifestyle_services": 0.1, "shopping": 0.1, "education": 0.067, "sports_and_recreation": 0.067, "cultural_and_historic": 0.033, "food_and_drink": 0.033}, "tfidf": {"services_and_business": 0.375, "health_care": 0.163, "arts_and_entertainment": 0.128, "lifestyle_services": 0.118, "shopping": 0.106, "education": 0.08, "sports_and_recreation": 0.076, "cultural_and_historic": 0.047, "food_and_drink": 0.038}, "cluster": -1}}, {"type": "Feature", "geometry": {"type": "Polygon", "coordinates": [[[4.834807, 52.304355], [4.833231, 52.300054], [4.838641, 52.297526], [4.845626, 52.299298], [4.847202, 52.303599], [4.841792, 52.306127], [4.834807, 52.304355]]]}, "properties": {"h3": "8819695021fffff", "poi": 71, "richness": 12, "hill_q1": 7.404, "hill_q2": 5.924, "top_share": 0.239, "flagged": false, "dominant": "food_and_drink", "dna": {"food_and_drink": 0.239, "services_and_business": 0.225, "sports_and_recreation": 0.183, "shopping": 0.141, "arts_and_entertainment": 0.056, "lifestyle_services": 0.042, "community_and_government": 0.028, "geographic_entities": 0.028, "cultural_and_historic": 0.014, "education": 0.014, "health_care": 0.014, "lodging": 0.014}, "tfidf": {"food_and_drink": 0.273, "services_and_business": 0.23, "sports_and_recreation": 0.209, "shopping": 0.15, "arts_and_entertainment": 0.072, "lifestyle_services": 0.05, "geographic_entities": 0.046, "community_and_government": 0.037, "lodging": 0.022, "cultural_and_historic": 0.02, "health_care": 0.017, "education": 0.017}, "cluster": -1}}, {"type": "Feature", "geometry": {"type": "Polygon", "coordinates": [[[4.838641, 52.297526], [4.837065, 52.293225], [4.842474, 52.290696], [4.849459, 52.292468], [4.851035, 52.29677], [4.845626, 52.299298], [4.838641, 52.297526]]]}, "properties": {"h3": "8819695023fffff", "poi": 52, "richness": 10, "hill_q1": 7.107, "hill_q2": 5.753, "top_share": 0.308, "flagged": false, "dominant": "services_and_business", "dna": {"services_and_business": 0.308, "shopping": 0.173, "travel_and_transportation": 0.135, "lifestyle_services": 0.115, "health_care": 0.096, "food_and_drink": 0.077, "education": 0.038, "cultural_and_historic": 0.019, "lodging": 0.019, "sports_and_recreation": 0.019}, "tfidf": {"services_and_business": 0.315, "shopping": 0.184, "travel_and_transportation": 0.154, "lifestyle_services": 0.136, "health_care": 0.117, "food_and_drink": 0.088, "education": 0.046, "lodging": 0.03, "cultural_and_historic": 0.027, "sports_and_recreation": 0.022}, "cluster": -1}}, {"type": "Feature", "geometry": {"type": "Polygon", "coordinates": [[[4.826247, 52.298281], [4.824672, 52.29398], [4.830081, 52.291452], [4.837065, 52.293225], [4.838641, 52.297526], [4.833231, 52.300054], [4.826247, 52.298281]]]}, "properties": {"h3": "8819695027fffff", "poi": 15, "richness": 8, "hill_q1": 7.074, "hill_q2": 6.429, "top_share": 0.2, "flagged": false, "dominant": "arts_and_entertainment", "dna": {"arts_and_entertainment": 0.2, "lifestyle_services": 0.2, "shopping": 0.2, "cultural_and_historic": 0.133, "community_and_government": 0.067, "food_and_drink": 0.067, "health_care": 0.067, "services_and_business": 0.067}, "tfidf": {"arts_and_entertainment": 0.256, "lifestyle_services": 0.236, "shopping": 0.213, "cultural_and_historic": 0.188, "community_and_government": 0.087, "health_care": 0.081, "food_and_drink": 0.076, "services_and_business": 0.068}, "cluster": -1}}, {"type": "Feature", "geometry": {"type": "Polygon", "coordinates": [[[4.843369, 52.310428], [4.841792, 52.306127], [4.847202, 52.303599], [4.854189, 52.305371], [4.855766, 52.309672], [4.850356, 52.3122], [4.843369, 52.310428]]]}, "properties": {"h3": "8819695029fffff", "poi": 111, "richness": 11, "hill_q1": 8.184, "hill_q2": 6.774, "top_share": 0.225, "flagged": false, "dominant": "services_and_business", "dna": {"services_and_business": 0.225, "lifestyle_services": 0.207, "shopping": 0.162, "food_and_drink": 0.117, "sports_and_recreation": 0.072, "education": 0.054, "health_care": 0.045, "travel_and_transportation": 0.045, "arts_and_entertainment": 0.027, "cultural_and_historic": 0.027, "community_and_government": 0.018}, "tfidf": {"lifestyle_services": 0.245, "services_and_business": 0.23, "shopping": 0.172, "food_and_drink": 0.133, "sports_and_recreation": 0.082, "education": 0.065, "health_care": 0.055, "travel_and_transportation": 0.051, "cultural_and_historic": 0.038, "arts_and_entertainment": 0.035, "community_and_government": 0.023}, "cluster": -1}}, {"type": "Feature", "geometry": {"type": "Polygon", "coordinates": [[[4.847202, 52.303599], [4.845626, 52.299298], [4.851035, 52.29677], [4.858021, 52.298541], [4.859599, 52.302842], [4.854189, 52.305371], [4.847202, 52.303599]]]}, "properties": {"h3": "881969502bfffff", "poi": 94, "richness": 12, "hill_q1": 10.141, "hill_q2": 8.513, "top_share": 0.234, "flagged": false, "dominant": "services_and_business", "dna": {"services_and_business": 0.234, "arts_and_entertainment": 0.128, "food_and_drink": 0.117, "travel_and_transportation": 0.085, "education": 0.074, "shopping": 0.074, "community_and_government": 0.064, "health_care": 0.053, "sports_and_recreation": 0.053, "cultural_and_historic": 0.043, "lifestyle_services": 0.043, "lodging": 0.032}, "tfidf": {"services_and_business": 0.239, "arts_and_entertainment": 0.163, "food_and_drink": 0.133, "travel_and_transportation": 0.097, "education": 0.09, "community_and_government": 0.083, "shopping": 0.079, "health_care": 0.065, "sports_and_recreation": 0.061, "cultural_and_historic": 0.06, "lifestyle_services": 0.05, "lodging": 0.05}, "cluster": -1}}, {"type": "Feature", "geometry": {"type": "Polygon", "coordinates": [[[4.854867, 52.289939], [4.853291, 52.285637], [4.858699, 52.283107], [4.865684, 52.284879], [4.867262, 52.289181], [4.861853, 52.291711], [4.854867, 52.289939]]]}, "properties": {"h3": "8819695031fffff", "poi": 67, "richness": 9, "hill_q1": 5.998, "hill_q2": 4.231, "top_share": 0.433, "flagged": false, "dominant": "services_and_business", "dna": {"services_and_business": 0.433, "health_care": 0.119, "sports_and_recreation": 0.104, "education": 0.09, "shopping": 0.075, "travel_and_transportation": 0.075, "lifestyle_services": 0.06, "arts_and_entertainment": 0.03, "cultural_and_historic": 0.015}, "tfidf": {"services_and_business": 0.443, "health_care": 0.146, "sports_and_recreation": 0.119, "education": 0.108, "travel_and_transportation": 0.085, "shopping": 0.079, "lifestyle_services": 0.071, "arts_and_entertainment": 0.038, "cultural_and_historic": 0.021}, "cluster": -1}}, {"type": "Feature", "geometry": {"type": "Polygon", "coordinates": [[[4.858699, 52.283107], [4.857122, 52.278805], [4.86253, 52.276275], [4.869514, 52.278046], [4.871092, 52.282348], [4.865684, 52.284879], [4.858699, 52.283107]]]}, "properties": {"h3": "8819695033fffff", "poi": 40, "richness": 8, "hill_q1": 5.742, "hill_q2": 4.396, "top_share": 0.4, "flagged": false, "dominant": "services_and_business", "dna": {"services_and_business": 0.4, "lifestyle_services": 0.175, "shopping": 0.125, "food_and_drink": 0.1, "health_care": 0.075, "sports_and_recreation": 0.05, "travel_and_transportation": 0.05, "education": 0.025}, "tfidf": {"services_and_business": 0.409, "lifestyle_services": 0.207, "shopping": 0.133, "food_and_drink": 0.114, "health_care": 0.091, "travel_and_transportation": 0.057, "sports_and_recreation": 0.057, "education": 0.03}, "cluster": -1}}, {"type": "Feature", "geometry": {"type": "Polygon", "coordinates": [[[4.842474, 52.290696], [4.840898, 52.286394], [4.846306, 52.283865], [4.853291, 52.285637], [4.854867, 52.289939], [4.849459, 52.292468], [4.842474, 52.290696]]]}, "properties": {"h3": "8819695035fffff", "poi": 69, "richness": 9, "hill_q1": 6.719, "hill_q2": 5.568, "top_share": 0.275, "flagged": false, "dominant": "sports_and_recreation", "dna": {"sports_and_recreation": 0.275, "services_and_business": 0.246, "shopping": 0.145, "cultural_and_historic": 0.072, "education": 0.072, "health_care": 0.072, "lifestyle_services": 0.072, "food_and_drink": 0.029, "arts_and_entertainment": 0.014}, "tfidf": {"sports_and_recreation": 0.314, "services_and_business": 0.252, "shopping": 0.154, "cultural_and_historic": 0.102, "health_care": 0.088, "education": 0.087, "lifestyle_services": 0.086, "food_and_drink": 0.033, "arts_and_entertainment": 0.019}, "cluster": -1}}, {"type": "Feature", "geometry": {"type": "Polygon", "coordinates": [[[4.846306, 52.283865], [4.84473, 52.279563], [4.850138, 52.277033], [4.857122, 52.278805], [4.858699, 52.283107], [4.853291, 52.285637], [4.846306, 52.283865]]]}, "properties": {"h3": "8819695037fffff", "poi": 61, "richness": 11, "hill_q1": 8.47, "hill_q2": 7.088, "top_share": 0.23, "flagged": false, "dominant": "shopping", "dna": {"shopping": 0.23, "services_and_business": 0.197, "education": 0.131, "lifestyle_services": 0.115, "health_care": 0.098, "community_and_government": 0.049, "sports_and_recreation": 0.049, "travel_and_transportation": 0.049, "arts_and_entertainment": 0.033, "food_and_drink": 0.033, "geographic_entities": 0.016}, "tfidf": {"shopping": 0.244, "services_and_business": 0.201, "education": 0.158, "lifestyle_services": 0.136, "health_care": 0.12, "community_and_government": 0.064, "travel_and_transportation": 0.056, "sports_and_recreation": 0.056, "arts_and_entertainment": 0.042, "food_and_drink": 0.037, "geographic_entities": 0.027}, "cluster": -1}}, {"type": "Feature", "geometry": {"type": "Polygon", "coordinates": [[[4.86343, 52.296012], [4.861853, 52.291711], [4.867262, 52.289181], [4.874248, 52.290952], [4.875826, 52.295253], [4.870417, 52.297783], [4.86343, 52.296012]]]}, "properties": {"h3": "8819695039fffff", "poi": 56, "richness": 11, "hill_q1": 6.7, "hill_q2": 4.946, "top_share": 0.321, "flagged": false, "dominant": "health_care", "dna": {"health_care": 0.321, "services_and_business": 0.268, "lifestyle_services": 0.107, "travel_and_transportation": 0.089, "shopping": 0.054, "community_and_government": 0.036, "education": 0.036, "sports_and_recreation": 0.036, "cultural_and_historic": 0.018, "food_and_drink": 0.018, "lodging": 0.018}, "tfidf": {"health_care": 0.392, "services_and_business": 0.274, "lifestyle_services": 0.127, "travel_and_transportation": 0.102, "shopping": 0.057, "community_and_government": 0.046, "education": 0.043, "sports_and_recreation": 0.041, "lodging": 0.028, "cultural_and_historic": 0.025, "food_and_drink": 0.02}, "cluster": -1}}, {"type": "Feature", "geometry": {"type": "Polygon", "coordinates": [[[4.867262, 52.289181], [4.865684, 52.284879], [4.871092, 52.282348], [4.878078, 52.284119], [4.879657, 52.288421], [4.874248, 52.290952], [4.867262, 52.289181]]]}, "properties": {"h3": "881969503bfffff", "poi": 54, "richness": 11, "hill_q1": 8.104, "hill_q2": 6.597, "top_share": 0.278, "flagged": false, "dominant": "shopping", "dna": {"shopping": 0.278, "services_and_business": 0.167, "food_and_drink": 0.111, "lifestyle_services": 0.111, "health_care": 0.093, "education": 0.074, "sports_and_recreation": 0.074, "community_and_government": 0.037, "arts_and_entertainment": 0.019, "cultural_and_historic": 0.019, "travel_and_transportation": 0.019}, "tfidf": {"shopping": 0.295, "services_and_business": 0.17, "lifestyle_services": 0.131, "food_and_drink": 0.127, "health_care": 0.113, "education": 0.089, "sports_and_recreation": 0.084, "community_and_government": 0.048, "cultural_and_historic": 0.026, "arts_and_entertainment": 0.024, "travel_and_transportation": 0.021}, "cluster": -1}}, {"type": "Feature", "geometry": {"type": "Polygon", "coordinates": [[[4.851035, 52.29677], [4.849459, 52.292468], [4.854867, 52.289939], [4.861853, 52.291711], [4.86343, 52.296012], [4.858021, 52.298541], [4.851035, 52.29677]]]}, "properties": {"h3": "881969503dfffff", "poi": 128, "richness": 12, "hill_q1": 8.565, "hill_q2": 7.288, "top_share": 0.18, "flagged": false, "dominant": "services_and_business", "dna": {"services_and_business": 0.18, "shopping": 0.18, "food_and_drink": 0.172, "lifestyle_services": 0.164, "health_care": 0.07, "sports_and_recreation": 0.07, "community_and_government": 0.055, "education": 0.047, "arts_and_entertainment": 0.023, "cultural_and_historic": 0.016, "travel_and_transportation": 0.016, "lodging": 0.008}, "tfidf": {"food_and_drink": 0.196, "lifestyle_services": 0.194, "shopping": 0.191, "services_and_business": 0.184, "health_care": 0.086, "sports_and_recreation": 0.08, "community_and_government": 0.071, "education": 0.056, "arts_and_entertainment": 0.03, "cultural_and_historic": 0.022, "travel_and_transportation": 0.018, "lodging": 0.012}, "cluster": -1}}, {"type": "Feature", "geometry": {"type": "Polygon", "coordinates": [[[4.881469, 52.327884], [4.87989, 52.323585], [4.885301, 52.321056], [4.892292, 52.322826], [4.893873, 52.327125], [4.888461, 52.329655], [4.881469, 52.327884]]]}, "properties": {"h3": "8819695041fffff", "poi": 62, "richness": 12, "hill_q1": 7.873, "hill_q2": 5.878, "top_share": 0.306, "flagged": false, "dominant": "services_and_business", "dna": {"services_and_business": 0.306, "food_and_drink": 0.21, "community_and_government": 0.097, "lifestyle_services": 0.097, "shopping": 0.065, "sports_and_recreation": 0.065, "education": 0.048, "health_care": 0.032, "travel_and_transportation": 0.032, "arts_and_entertainment": 0.016, "cultural_and_historic": 0.016, "lodging": 0.016}, "tfidf": {"services_and_business": 0.313, "food_and_drink": 0.239, "community_and_government": 0.126, "lifestyle_services": 0.114, "sports_and_recreation": 0.074, "shopping": 0.069, "education": 0.058, "health_care": 0.039, "travel_and_transportation": 0.037, "lodging": 0.025, "cultural_and_historic": 0.023, "arts_and_entertainment": 0.021}, "cluster": -1}}, {"type": "Feature", "geometry": {"type": "Polygon", "coordinates": [[[4.885301, 52.321056], [4.883721, 52.316756], [4.889132, 52.314226], [4.896123, 52.315996], [4.897703, 52.320296], [4.892292, 52.322826], [4.885301, 52.321056]]]}, "properties": {"h3": "8819695043fffff", "poi": 14, "richness": 5, "hill_q1": 3.787, "hill_q2": 3.062, "top_share": 0.5, "flagged": true, "dominant": "sports_and_recreation", "dna": {"sports_and_recreation": 0.5, "lifestyle_services": 0.214, "services_and_business": 0.143, "arts_and_entertainment": 0.071, "cultural_and_historic": 0.071}, "tfidf": {"sports_and_recreation": 0.57, "lifestyle_services": 0.253, "services_and_business": 0.146, "cultural_and_historic": 0.101, "arts_and_entertainment": 0.091}, "cluster": -1}}, {"type": "Feature", "geometry": {"type": "Polygon", "coordinates": [[[4.869067, 52.328642], [4.867488, 52.324343], [4.8729, 52.321814], [4.87989, 52.323585], [4.881469, 52.327884], [4.876058, 52.330413], [4.869067, 52.328642]]]}, "properties": {"h3": "8819695045fffff", "poi": 124, "richness": 12, "hill_q1": 9.176, "hill_q2": 7.861, "top_share": 0.194, "flagged": false, "dominant": "shopping", "dna": {"shopping": 0.194, "services_and_business": 0.169, "food_and_drink": 0.153, "health_care": 0.129, "lifestyle_services": 0.097, "sports_and_recreation": 0.065, "education": 0.048, "travel_and_transportation": 0.048, "community_and_government": 0.032, "cultural_and_historic": 0.032, "lodging": 0.024, "geographic_entities": 0.008}, "tfidf": {"shopping": 0.206, "food_and_drink": 0.175, "services_and_business": 0.173, "health_care": 0.157, "lifestyle_services": 0.114, "sports_and_recreation": 0.074, "education": 0.058, "travel_and_transportation": 0.055, "cultural_and_historic": 0.045, "community_and_government": 0.042, "lodging": 0.038, "geographic_entities": 0.013}, "cluster": -1}}, {"type": "Feature", "geometry": {"type": "Polygon", "coordinates": [[[4.8729, 52.321814], [4.871321, 52.317515], [4.876732, 52.314985], [4.883721, 52.316756], [4.885301, 52.321056], [4.87989, 52.323585], [4.8729, 52.321814]]]}, "properties": {"h3": "8819695047fffff", "poi": 180, "richness": 11, "hill_q1": 5.437, "hill_q2": 3.15, "top_share": 0.539, "flagged": true, "dominant": "services_and_business", "dna": {"services_and_business": 0.539, "shopping": 0.1, "food_and_drink": 0.072, "community_and_government": 0.061, "sports_and_recreation": 0.05, "education": 0.039, "health_care": 0.039, "arts_and_entertainment": 0.028, "lifestyle_services": 0.028, "travel_and_transportation": 0.028, "lodging": 0.017}, "tfidf": {"services_and_business": 0.551, "shopping": 0.106, "food_and_drink": 0.082, "community_and_government": 0.08, "sports_and_recreation": 0.057, "health_care": 0.047, "education": 0.047, "arts_and_entertainment": 0.036, "lifestyle_services": 0.033, "travel_and_transportation": 0.032, "lodging": 0.026}, "cluster": -1}}, {"type": "Feature", "geometry": {"type": "Polygon", "coordinates": [[[4.890041, 52.333954], [4.888461, 52.329655], [4.893873, 52.327125], [4.900865, 52.328895], [4.902447, 52.333194], [4.897034, 52.335723], [4.890041, 52.333954]]]}, "properties": {"h3": "8819695049fffff", "poi": 34, "richness": 11, "hill_q1": 9.825, "hill_q2": 9.031, "top_share": 0.176, "flagged": false, "dominant": "arts_and_entertainment", "dna": {"arts_and_entertainment": 0.176, "services_and_business": 0.147, "cultural_and_historic": 0.118, "food_and_drink": 0.088, "geographic_entities": 0.088, "health_care": 0.088, "sports_and_recreation": 0.088, "travel_and_transportation": 0.088, "education": 0.059, "lifestyle_services": 0.029, "shopping": 0.029}, "tfidf": {"arts_and_entertainment": 0.226, "cultural_and_historic": 0.166, "services_and_business": 0.15, "geographic_entities": 0.144, "health_care": 0.108, "travel_and_transportation": 0.101, "food_and_drink": 0.101, "sports_and_recreation": 0.101, "education": 0.071, "lifestyle_services": 0.035, "shopping": 0.031}, "cluster": -1}}, {"type": "Feature", "geometry": {"type": "Polygon", "coordinates": [[[4.893873, 52.327125], [4.892292, 52.322826], [4.897703, 52.320296], [4.904695, 52.322065], [4.906277, 52.326364], [4.900865, 52.328895], [4.893873, 52.327125]]]}, "properties": {"h3": "881969504bfffff", "poi": 13, "richness": 7, "hill_q1": 6.586, "hill_q2": 6.259, "top_share": 0.231, "flagged": false, "dominant": "cultural_and_historic", "dna": {"cultural_and_historic": 0.231, "arts_and_entertainment": 0.154, "food_and_drink": 0.154, "lifestyle_services": 0.154, "shopping": 0.154, "geographic_entities": 0.077, "services_and_business": 0.077}, "tfidf": {"cultural_and_historic": 0.325, "arts_and_entertainment": 0.197, "lifestyle_services": 0.182, "food_and_drink": 0.175, "shopping": 0.164, "geographic_entities": 0.125, "services_and_business": 0.079}, "cluster": -1}}, {"type": "Feature", "geometry": {"type": "Polygon", "coordinates": [[[4.877637, 52.334712], [4.876058, 52.330413], [4.881469, 52.327884], [4.888461, 52.329655], [4.890041, 52.333954], [4.884629, 52.336482], [4.877637, 52.334712]]]}, "properties": {"h3": "881969504dfffff", "poi": 238, "richness": 12, "hill_q1": 7.689, "hill_q2": 5.678, "top_share": 0.282, "flagged": false, "dominant": "services_and_business", "dna": {"services_and_business": 0.282, "shopping": 0.252, "food_and_drink": 0.143, "health_care": 0.059, "community_and_government": 0.042, "education": 0.042, "sports_and_recreation": 0.042, "lifestyle_services": 0.038, "travel_and_transportation": 0.034, "cultural_and_historic": 0.029, "lodging": 0.021, "arts_and_entertainment": 0.017}, "tfidf": {"services_and_business": 0.288, "shopping": 0.268, "food_and_drink": 0.163, "health_care": 0.072, "community_and_government": 0.055, "education": 0.051, "sports_and_recreation": 0.048, "lifestyle_services": 0.045, "cultural_and_historic": 0.041, "travel_and_transportation": 0.038, "lodging": 0.033, "arts_and_entertainment": 0.022}, "cluster": -1}}, {"type": "Feature", "geometry": {"type": "Polygon", "coordinates": [[[4.897703, 52.320296], [4.896123, 52.315996], [4.901533, 52.313465], [4.908525, 52.315234], [4.910106, 52.319534], [4.904695, 52.322065], [4.897703, 52.320296]]]}, "properties": {"h3": "881969505dfffff", "poi": 10, "richness": 8, "hill_q1": 7.579, "hill_q2": 7.143, "top_share": 0.2, "flagged": false, "dominant": "services_and_business", "dna": {"services_and_business": 0.2, "travel_and_transportation": 0.2, "arts_and_entertainment": 0.1, "community_and_government": 0.1, "education": 0.1, "lifestyle_services": 0.1, "shopping": 0.1, "sports_and_recreation": 0.1}, "tfidf": {"travel_and_transportation": 0.229, "services_and_business": 0.204, "community_and_government": 0.13, "arts_and_entertainment": 0.128, "education": 0.121, "lifestyle_services": 0.118, "sports_and_recreation": 0.114, "shopping": 0.106}, "cluster": -1}}, {"type": "Feature", "geometry": {"type": "Polygon", "coordinates": [[[4.848099, 52.323328], [4.846522, 52.319028], [4.851933, 52.3165], [4.858921, 52.318272], [4.860499, 52.322572], [4.855087, 52.3251], [4.848099, 52.323328]]]}, "properties": {"h3": "8819695061fffff", "poi": 85, "richness": 11, "hill_q1": 7.363, "hill_q2": 5.831, "top_share": 0.294, "flagged": false, "dominant": "services_and_business", "dna": {"services_and_business": 0.294, "shopping": 0.2, "sports_and_recreation": 0.153, "food_and_drink": 0.082, "health_care": 0.071, "lifestyle_services": 0.071, "arts_and_entertainment": 0.059, "education": 0.024, "travel_and_transportation": 0.024, "community_and_government": 0.012, "cultural_and_historic": 0.012}, "tfidf": {"services_and_business": 0.301, "shopping": 0.213, "sports_and_recreation": 0.174, "food_and_drink": 0.094, "health_care": 0.086, "lifestyle_services": 0.083, "arts_and_entertainment": 0.075, "education": 0.028, "travel_and_transportation": 0.027, "cultural_and_historic": 0.017, "community_and_government": 0.015}, "cluster": -1}}, {"type": "Feature", "geometry": {"type": "Polygon", "coordinates": [[[4.851933, 52.3165], [4.850356, 52.3122], [4.855766, 52.309672], [4.862754, 52.311443], [4.864332, 52.315743], [4.858921, 52.318272], [4.851933, 52.3165]]]}, "properties": {"h3": "8819695063fffff", "poi": 85, "richness": 12, "hill_q1": 7.818, "hill_q2": 5.927, "top_share": 0.271, "flagged": false, "dominant": "services_and_business", "dna": {"services_and_business": 0.271, "shopping": 0.247, "lifestyle_services": 0.129, "food_and_drink": 0.082, "health_care": 0.059, "community_and_government": 0.047, "cultural_and_historic": 0.035, "education": 0.035, "sports_and_recreation": 0.035, "travel_and_transportation": 0.035, "arts_and_entertainment": 0.012, "lodging": 0.012}, "tfidf": {"services_and_business": 0.277, "shopping": 0.263, "lifestyle_services": 0.153, "food_and_drink": 0.094, "health_care": 0.072, "community_and_government": 0.061, "cultural_and_historic": 0.05, "education": 0.043, "travel_and_transportation": 0.04, "sports_and_recreation": 0.04, "lodging": 0.018, "arts_and_entertainment": 0.015}, "cluster": -1}}, {"type": "Feature", "geometry": {"type": "Polygon", "coordinates": [[[4.839534, 52.317255], [4.837958, 52.312955], [4.843369, 52.310428], [4.850356, 52.3122], [4.851933, 52.3165], [4.846522, 52.319028], [4.839534, 52.317255]]]}, "properties": {"h3": "8819695067fffff", "poi": 49, "richness": 11, "hill_q1": 7.302, "hill_q2": 5.597, "top_share": 0.306, "flagged": false, "dominant": "services_and_business", "dna": {"services_and_business": 0.306, "sports_and_recreation": 0.204, "shopping": 0.163, "food_and_drink": 0.082, "health_care": 0.061, "community_and_government": 0.041, "education": 0.041, "lifestyle_services": 0.041, "arts_and_entertainment": 0.02, "cultural_and_historic": 0.02, "lodging": 0.02}, "tfidf": {"services_and_business": 0.313, "sports_and_recreation": 0.233, "shopping": 0.174, "food_and_drink": 0.093, "health_care": 0.075, "community_and_government": 0.053, "education": 0.049, "lifestyle_services": 0.048, "lodging": 0.032, "cultural_and_historic": 0.029, "arts_and_entertainment": 0.026}, "cluster": -1}}, {"type": "Feature", "geometry": {"type": "Polygon", "coordinates": [[[4.856665, 52.329399], [4.855087, 52.3251], [4.860499, 52.322572], [4.867488, 52.324343], [4.869067, 52.328642], [4.863655, 52.33117], [4.856665, 52.329399]]]}, "properties": {"h3": "8819695069fffff", "poi": 127, "richness": 12, "hill_q1": 6.92, "hill_q2": 5.045, "top_share": 0.346, "flagged": false, "dominant": "services_and_business", "dna": {"services_and_business": 0.346, "health_care": 0.22, "sports_and_recreation": 0.11, "shopping": 0.079, "lifestyle_services": 0.071, "education": 0.055, "food_and_drink": 0.039, "geographic_entities": 0.031, "cultural_and_historic": 0.016, "travel_and_transportation": 0.016, "community_and_government": 0.008, "lodging": 0.008}, "tfidf": {"services_and_business": 0.354, "health_care": 0.269, "sports_and_recreation": 0.126, "lifestyle_services": 0.084, "shopping": 0.084, "education": 0.066, "geographic_entities": 0.051, "food_and_drink": 0.045, "cultural_and_historic": 0.022, "travel_and_transportation": 0.018, "lodging": 0.012, "community_and_government": 0.01}, "cluster": -1}}, {"type": "Feature", "geometry": {"type": "Polygon", "coordinates": [[[4.860499, 52.322572], [4.858921, 52.318272], [4.864332, 52.315743], [4.871321, 52.317515], [4.8729, 52.321814], [4.867488, 52.324343], [4.860499, 52.322572]]]}, "properties": {"h3": "881969506bfffff", "poi": 91, "richness": 13, "hill_q1": 8.499, "hill_q2": 6.385, "top_share": 0.308, "flagged": false, "dominant": "services_and_business", "dna": {"services_and_business": 0.308, "health_care": 0.154, "education": 0.11, "food_and_drink": 0.088, "lifestyle_services": 0.066, "shopping": 0.066, "sports_and_recreation": 0.066, "travel_and_transportation": 0.055, "community_and_government": 0.044, "arts_and_entertainment": 0.011, "cultural_and_historic": 0.011, "geographic_entities": 0.011, "lodging": 0.011}, "tfidf": {"services_and_business": 0.315, "health_care": 0.188, "education": 0.132, "food_and_drink": 0.1, "lifestyle_services": 0.078, "sports_and_recreation": 0.075, "shopping": 0.07, "travel_and_transportation": 0.063, "community_and_government": 0.057, "geographic_entities": 0.018, "lodging": 0.017, "cultural_and_historic": 0.015, "arts_and_entertainment": 0.014}, "cluster": -1}}, {"type": "Feature", "geometry": {"type": "Polygon", "coordinates": [[[4.844264, 52.330154], [4.842687, 52.325855], [4.848099, 52.323328], [4.855087, 52.3251], [4.856665, 52.329399], [4.851253, 52.331926], [4.844264, 52.330154]]]}, "properties": {"h3": "881969506dfffff", "poi": 27, "richness": 10, "hill_q1": 6.823, "hill_q2": 4.959, "top_share": 0.37, "flagged": false, "dominant": "sports_and_recreation", "dna": {"sports_and_recreation": 0.37, "geographic_entities": 0.185, "arts_and_entertainment": 0.111, "health_care": 0.074, "lodging": 0.074, "cultural_and_historic": 0.037, "food_and_drink": 0.037, "lifestyle_services": 0.037, "shopping": 0.037, "travel_and_transportation": 0.037}, "tfidf": {"sports_and_recreation": 0.422, "geographic_entities": 0.302, "arts_and_entertainment": 0.142, "lodging": 0.115, "health_care": 0.09, "cultural_and_historic": 0.052, "lifestyle_services": 0.044, "travel_and_transportation": 0.042, "food_and_drink": 0.042, "shopping": 0.039}, "cluster": -1}}, {"type": "Feature", "geometry": {"type": "Polygon", "coordinates": [[[4.805298, 52.292959], [4.803725, 52.288658], [4.809133, 52.28613], [4.816115, 52.287905], [4.817689, 52.292206], [4.81228, 52.294733], [4.805298, 52.292959]]]}, "properties": {"h3": "8819695113fffff", "poi": 15, "richness": 5, "hill_q1": 3.898, "hill_q2": 3.261, "top_share": 0.467, "flagged": false, "dominant": "shopping", "dna": {"shopping": 0.467, "lifestyle_services": 0.2, "services_and_business": 0.2, "sports_and_recreation": 0.067, "travel_and_transportation": 0.067}, "tfidf": {"shopping": 0.496, "lifestyle_services": 0.236, "services_and_business": 0.204, "travel_and_transportation": 0.076, "sports_and_recreation": 0.076}, "cluster": -1}}, {"type": "Feature", "geometry": {"type": "Polygon", "coordinates": [[[4.813854, 52.299034], [4.81228, 52.294733], [4.817689, 52.292206], [4.824672, 52.29398], [4.826247, 52.298281], [4.820837, 52.300808], [4.813854, 52.299034]]]}, "properties": {"h3": "881969511bfffff", "poi": 11, "richness": 5, "hill_q1": 4.553, "hill_q2": 4.172, "top_share": 0.364, "flagged": false, "dominant": "sports_and_recreation", "dna": {"sports_and_recreation": 0.364, "lodging": 0.182, "services_and_business": 0.182, "shopping": 0.182, "travel_and_transportation": 0.091}, "tfidf": {"sports_and_recreation": 0.414, "lodging": 0.283, "shopping": 0.193, "services_and_business": 0.186, "travel_and_transportation": 0.104}, "cluster": -1}}, {"type": "Feature", "geometry": {"type": "Polygon", "coordinates": [[[4.797624, 52.306613], [4.796052, 52.302312], [4.801461, 52.299786], [4.808444, 52.301561], [4.810018, 52.305862], [4.804608, 52.308388], [4.797624, 52.306613]]]}, "properties": {"h3": "881969511dfffff", "poi": 13, "richness": 7, "hill_q1": 6.326, "hill_q2": 5.828, "top_share": 0.231, "flagged": false, "dominant": "lodging", "dna": {"lodging": 0.231, "services_and_business": 0.231, "lifestyle_services": 0.154, "travel_and_transportation": 0.154, "community_and_government": 0.077, "education": 0.077, "shopping": 0.077}, "tfidf": {"lodging": 0.359, "services_and_business": 0.236, "lifestyle_services": 0.182, "travel_and_transportation": 0.176, "community_and_government": 0.1, "education": 0.093, "shopping": 0.082}, "cluster": -1}}, {"type": "Feature", "geometry": {"type": "Polygon", "coordinates": [[[4.803227, 52.339234], [4.801653, 52.334936], [4.807065, 52.332411], [4.814052, 52.334185], [4.815626, 52.338484], [4.810214, 52.341009], [4.803227, 52.339234]]]}, "properties": {"h3": "8819695149fffff", "poi": 26, "richness": 5, "hill_q1": 2.783, "hill_q2": 1.977, "top_share": 0.692, "flagged": true, "dominant": "sports_and_recreation", "dna": {"sports_and_recreation": 0.692, "arts_and_entertainment": 0.115, "education": 0.077, "health_care": 0.077, "shopping": 0.038}, "tfidf": {"sports_and_recreation": 0.789, "arts_and_entertainment": 0.148, "health_care": 0.094, "education": 0.093, "shopping": 0.041}, "cluster": -1}}, {"type": "Feature", "geometry": {"type": "Polygon", "coordinates": [[[4.807065, 52.332411], [4.805491, 52.328112], [4.810903, 52.325587], [4.817889, 52.327361], [4.819464, 52.33166], [4.814052, 52.334185], [4.807065, 52.332411]]]}, "properties": {"h3": "881969514bfffff", "poi": 17, "richness": 8, "hill_q1": 5.428, "hill_q2": 3.753, "top_share": 0.471, "flagged": false, "dominant": "services_and_business", "dna": {"services_and_business": 0.471, "arts_and_entertainment": 0.118, "geographic_entities": 0.118, "community_and_government": 0.059, "food_and_drink": 0.059, "lifestyle_services": 0.059, "lodging": 0.059, "shopping": 0.059}, "tfidf": {"services_and_business": 0.481, "geographic_entities": 0.192, "arts_and_entertainment": 0.151, "lodging": 0.092, "community_and_government": 0.077, "lifestyle_services": 0.07, "food_and_drink": 0.067, "shopping": 0.063}, "cluster": -1}}, {"type": "Feature", "geometry": {"type": "Polygon", "coordinates": [[[4.802344, 52.319513], [4.80077, 52.315213], [4.806181, 52.312688], [4.813165, 52.314462], [4.81474, 52.318762], [4.809329, 52.321288], [4.802344, 52.319513]]]}, "properties": {"h3": "8819695155fffff", "poi": 15, "richness": 4, "hill_q1": 3.561, "hill_q2": 3.261, "top_share": 0.4, "flagged": false, "dominant": "travel_and_transportation", "dna": {"travel_and_transportation": 0.4, "services_and_business": 0.333, "community_and_government": 0.133, "food_and_drink": 0.133}, "tfidf": {"travel_and_transportation": 0.457, "services_and_business": 0.341, "community_and_government": 0.174, "food_and_drink": 0.152}, "cluster": -1}}, {"type": "Feature", "geometry": {"type": "Polygon", "coordinates": [[[4.806181, 52.312688], [4.804608, 52.308388], [4.810018, 52.305862], [4.817002, 52.307636], [4.818576, 52.311936], [4.813165, 52.314462], [4.806181, 52.312688]]]}, "properties": {"h3": "8819695157fffff", "poi": 48, "richness": 9, "hill_q1": 6.085, "hill_q2": 4.741, "top_share": 0.313, "flagged": false, "dominant": "travel_and_transportation", "dna": {"travel_and_transportation": 0.313, "services_and_business": 0.292, "food_and_drink": 0.104, "community_and_government": 0.083, "lodging": 0.063, "shopping": 0.063, "health_care": 0.042, "geographic_entities": 0.021, "sports_and_recreation": 0.021}, "tfidf": {"travel_and_transportation": 0.357, "services_and_business": 0.298, "food_and_drink": 0.119, "community_and_government": 0.108, "lodging": 0.097, "shopping": 0.066, "health_care": 0.051, "geographic_entities": 0.034, "sports_and_recreation": 0.024}, "cluster": -1}}, {"type": "Feature", "geometry": {"type": "Polygon", "coordinates": [[[4.823301, 52.324835], [4.821726, 52.320536], [4.827137, 52.318009], [4.834123, 52.319783], [4.835699, 52.324082], [4.830288, 52.326609], [4.823301, 52.324835]]]}, "properties": {"h3": "8819695159fffff", "poi": 15, "richness": 5, "hill_q1": 4.037, "hill_q2": 3.358, "top_share": 0.467, "flagged": false, "dominant": "sports_and_recreation", "dna": {"sports_and_recreation": 0.467, "food_and_drink": 0.2, "arts_and_entertainment": 0.133, "geographic_entities": 0.133, "cultural_and_historic": 0.067}, "tfidf": {"sports_and_recreation": 0.532, "food_and_drink": 0.228, "geographic_entities": 0.218, "arts_and_entertainment": 0.171, "cultural_and_historic": 0.094}, "cluster": -1}}, {"type": "Feature", "geometry": {"type": "Polygon", "coordinates": [[[4.810903, 52.325587], [4.809329, 52.321288], [4.81474, 52.318762], [4.821726, 52.320536], [4.823301, 52.324835], [4.817889, 52.327361], [4.810903, 52.325587]]]}, "properties": {"h3": "881969515dfffff", "poi": 17, "richness": 8, "hill_q1": 6.321, "hill_q2": 5.07, "top_share": 0.353, "flagged": false, "dominant": "services_and_business", "dna": {"services_and_business": 0.353, "geographic_entities": 0.176, "food_and_drink": 0.118, "travel_and_transportation": 0.118, "health_care": 0.059, "lodging": 0.059, "shopping": 0.059, "sports_and_recreation": 0.059}, "tfidf": {"services_and_business": 0.361, "geographic_entities": 0.288, "travel_and_transportation": 0.134, "food_and_drink": 0.134, "lodging": 0.092, "health_care": 0.072, "sports_and_recreation": 0.067, "shopping": 0.063}, "cluster": -1}}, {"type": "Feature", "geometry": {"type": "Polygon", "coordinates": [[[4.808249, 52.266394], [4.806677, 52.262091], [4.812083, 52.259562], [4.819062, 52.261336], [4.820636, 52.265639], [4.815229, 52.268168], [4.808249, 52.266394]]]}, "properties": {"h3": "8819695181fffff", "poi": 27, "richness": 6, "hill_q1": 3.807, "hill_q2": 3.076, "top_share": 0.444, "flagged": false, "dominant": "shopping", "dna": {"shopping": 0.444, "services_and_business": 0.333, "travel_and_transportation": 0.111, "food_and_drink": 0.037, "geographic_entities": 0.037, "lifestyle_services": 0.037}, "tfidf": {"shopping": 0.472, "services_and_business": 0.341, "travel_and_transportation": 0.127, "geographic_entities": 0.06, "lifestyle_services": 0.044, "food_and_drink": 0.042}, "cluster": -1}}, {"type": "Feature", "geometry": {"type": "Polygon", "coordinates": [[[4.795863, 52.267147], [4.794292, 52.262844], [4.799698, 52.260316], [4.806677, 52.262091], [4.808249, 52.266394], [4.802842, 52.268922], [4.795863, 52.267147]]]}, "properties": {"h3": "8819695185fffff", "poi": 24, "richness": 5, "hill_q1": 4.127, "hill_q2": 3.789, "top_share": 0.292, "flagged": false, "dominant": "services_and_business", "dna": {"services_and_business": 0.292, "shopping": 0.292, "travel_and_transportation": 0.292, "lifestyle_services": 0.083, "health_care": 0.042}, "tfidf": {"travel_and_transportation": 0.333, "shopping": 0.31, "services_and_business": 0.298, "lifestyle_services": 0.098, "health_care": 0.051}, "cluster": -1}}, {"type": "Feature", "geometry": {"type": "Polygon", "coordinates": [[[4.799698, 52.260316], [4.798126, 52.256013], [4.803532, 52.253484], [4.81051, 52.255259], [4.812083, 52.259562], [4.806677, 52.262091], [4.799698, 52.260316]]]}, "properties": {"h3": "8819695187fffff", "poi": 28, "richness": 8, "hill_q1": 5.239, "hill_q2": 4.041, "top_share": 0.393, "flagged": false, "dominant": "shopping", "dna": {"shopping": 0.393, "services_and_business": 0.25, "travel_and_transportation": 0.143, "health_care": 0.071, "community_and_government": 0.036, "education": 0.036, "lifestyle_services": 0.036, "lodging": 0.036}, "tfidf": {"shopping": 0.418, "services_and_business": 0.256, "travel_and_transportation": 0.163, "health_care": 0.087, "lodging": 0.056, "community_and_government": 0.046, "education": 0.043, "lifestyle_services": 0.042}, "cluster": -1}}, {"type": "Feature", "geometry": {"type": "Polygon", "coordinates": [[[4.816802, 52.27247], [4.815229, 52.268168], [4.820636, 52.265639], [4.827616, 52.267413], [4.82919, 52.271715], [4.823783, 52.274244], [4.816802, 52.27247]]]}, "properties": {"h3": "8819695189fffff", "poi": 11, "richness": 3, "hill_q1": 2.5, "hill_q2": 2.283, "top_share": 0.545, "flagged": true, "dominant": "shopping", "dna": {"shopping": 0.545, "services_and_business": 0.364, "travel_and_transportation": 0.091}, "tfidf": {"shopping": 0.58, "services_and_business": 0.372, "travel_and_transportation": 0.104}, "cluster": -1}}, {"type": "Feature", "geometry": {"type": "Polygon", "coordinates": [[[4.804415, 52.273224], [4.802842, 52.268922], [4.808249, 52.266394], [4.815229, 52.268168], [4.816802, 52.27247], [4.811395, 52.274999], [4.804415, 52.273224]]]}, "properties": {"h3": "881969518dfffff", "poi": 15, "richness": 5, "hill_q1": 3.811, "hill_q2": 3.169, "top_share": 0.467, "flagged": false, "dominant": "shopping", "dna": {"shopping": 0.467, "services_and_business": 0.267, "travel_and_transportation": 0.133, "education": 0.067, "food_and_drink": 0.067}, "tfidf": {"shopping": 0.496, "services_and_business": 0.273, "travel_and_transportation": 0.152, "education": 0.08, "food_and_drink": 0.076}, "cluster": -1}}, {"type": "Feature", "geometry": {"type": "Polygon", "coordinates": [[[4.815916, 52.252729], [4.814343, 52.248426], [4.819748, 52.245896], [4.826727, 52.247669], [4.828301, 52.251973], [4.822895, 52.254503], [4.815916, 52.252729]]]}, "properties": {"h3": "8819695195fffff", "poi": 50, "richness": 10, "hill_q1": 7.508, "hill_q2": 6.281, "top_share": 0.26, "flagged": false, "dominant": "services_and_business", "dna": {"services_and_business": 0.26, "lifestyle_services": 0.18, "shopping": 0.18, "health_care": 0.1, "food_and_drink": 0.08, "travel_and_transportation": 0.08, "arts_and_entertainment": 0.04, "education": 0.04, "community_and_government": 0.02, "geographic_entities": 0.02}, "tfidf": {"services_and_business": 0.266, "lifestyle_services": 0.213, "shopping": 0.191, "health_care": 0.122, "travel_and_transportation": 0.091, "food_and_drink": 0.091, "arts_and_entertainment": 0.051, "education": 0.048, "geographic_entities": 0.033, "community_and_government": 0.026}, "cluster": -1}}, {"type": "Feature", "geometry": {"type": "Polygon", "coordinates": [[[4.803532, 52.253484], [4.80196, 52.24918], [4.807366, 52.246651], [4.814343, 52.248426], [4.815916, 52.252729], [4.81051, 52.255259], [4.803532, 52.253484]]]}, "properties": {"h3": "88196951b9fffff", "poi": 34, "richness": 8, "hill_q1": 5.619, "hill_q2": 4.446, "top_share": 0.353, "flagged": false, "dominant": "services_and_business", "dna": {"services_and_business": 0.353, "sports_and_recreation": 0.265, "education": 0.118, "lifestyle_services": 0.088, "arts_and_entertainment": 0.059, "shopping": 0.059, "health_care": 0.029, "travel_and_transportation": 0.029}, "tfidf": {"services_and_business": 0.361, "sports_and_recreation": 0.302, "education": 0.142, "lifestyle_services": 0.104, "arts_and_entertainment": 0.075, "shopping": 0.063, "health_care": 0.036, "travel_and_transportation": 0.034}, "cluster": -1}}, {"type": "Feature", "geometry": {"type": "Polygon", "coordinates": [[[4.791149, 52.254238], [4.789578, 52.249934], [4.794984, 52.247405], [4.80196, 52.24918], [4.803532, 52.253484], [4.798126, 52.256013], [4.791149, 52.254238]]]}, "properties": {"h3": "88196951bdfffff", "poi": 13, "richness": 4, "hill_q1": 3.388, "hill_q2": 3.073, "top_share": 0.385, "flagged": false, "dominant": "services_and_business", "dna": {"services_and_business": 0.385, "shopping": 0.385, "travel_and_transportation": 0.154, "arts_and_entertainment": 0.077}, "tfidf": {"shopping": 0.409, "services_and_business": 0.393, "travel_and_transportation": 0.176, "arts_and_entertainment": 0.098}, "cluster": -1}}, {"type": "Feature", "geometry": {"type": "Polygon", "coordinates": [[[4.821523, 52.285377], [4.819949, 52.281075], [4.825357, 52.278546], [4.83234, 52.28032], [4.833914, 52.284622], [4.828506, 52.28715], [4.821523, 52.285377]]]}, "properties": {"h3": "88196951c1fffff", "poi": 73, "richness": 11, "hill_q1": 7.441, "hill_q2": 5.85, "top_share": 0.288, "flagged": false, "dominant": "shopping", "dna": {"shopping": 0.288, "services_and_business": 0.205, "lifestyle_services": 0.164, "education": 0.082, "food_and_drink": 0.068, "travel_and_transportation": 0.055, "health_care": 0.041, "sports_and_recreation": 0.041, "community_and_government": 0.027, "arts_and_entertainment": 0.014, "cultural_and_historic": 0.014}, "tfidf": {"shopping": 0.306, "services_and_business": 0.21, "lifestyle_services": 0.194, "education": 0.099, "food_and_drink": 0.078, "travel_and_transportation": 0.063, "health_care": 0.05, "sports_and_recreation": 0.047, "community_and_government": 0.036, "cultural_and_historic": 0.019, "arts_and_entertainment": 0.018}, "cluster": -1}}, {"type": "Feature", "geometry": {"type": "Polygon", "coordinates": [[[4.825357, 52.278546], [4.823783, 52.274244], [4.82919, 52.271715], [4.836172, 52.273488], [4.837747, 52.277791], [4.83234, 52.28032], [4.825357, 52.278546]]]}, "properties": {"h3": "88196951c3fffff", "poi": 44, "richness": 9, "hill_q1": 6.029, "hill_q2": 4.699, "top_share": 0.341, "flagged": false, "dominant": "services_and_business", "dna": {"services_and_business": 0.341, "sports_and_recreation": 0.25, "health_care": 0.136, "lifestyle_services": 0.091, "education": 0.045, "food_and_drink": 0.045, "shopping": 0.045, "community_and_government": 0.023, "lodging": 0.023}, "tfidf": {"services_and_business": 0.349, "sports_and_recreation": 0.285, "health_care": 0.166, "lifestyle_services": 0.107, "education": 0.055, "food_and_drink": 0.052, "shopping": 0.048, "lodging": 0.035, "community_and_government": 0.03}, "cluster": -1}}, {"type": "Feature", "geometry": {"type": "Polygon", "coordinates": [[[4.812968, 52.279301], [4.811395, 52.274999], [4.816802, 52.27247], [4.823783, 52.274244], [4.825357, 52.278546], [4.819949, 52.281075], [4.812968, 52.279301]]]}, "properties": {"h3": "88196951c7fffff", "poi": 25, "richness": 6, "hill_q1": 4.312, "hill_q2": 3.342, "top_share": 0.48, "flagged": false, "dominant": "services_and_business", "dna": {"services_and_business": 0.48, "sports_and_recreation": 0.2, "health_care": 0.12, "education": 0.08, "travel_and_transportation": 0.08, "shopping": 0.04}, "tfidf": {"services_and_business": 0.491, "sports_and_recreation": 0.228, "health_care": 0.146, "education": 0.096, "travel_and_transportation": 0.091, "shopping": 0.043}, "cluster": -1}}, {"type": "Feature", "geometry": {"type": "Polygon", "coordinates": [[[4.830081, 52.291452], [4.828506, 52.28715], [4.833914, 52.284622], [4.840898, 52.286394], [4.842474, 52.290696], [4.837065, 52.293225], [4.830081, 52.291452]]]}, "properties": {"h3": "88196951c9fffff", "poi": 87, "richness": 9, "hill_q1": 6.723, "hill_q2": 5.497, "top_share": 0.287, "flagged": false, "dominant": "shopping", "dna": {"shopping": 0.287, "services_and_business": 0.241, "sports_and_recreation": 0.138, "education": 0.092, "food_and_drink": 0.08, "lifestyle_services": 0.057, "health_care": 0.046, "travel_and_transportation": 0.034, "community_and_government": 0.023}, "tfidf": {"shopping": 0.305, "services_and_business": 0.247, "sports_and_recreation": 0.157, "education": 0.111, "food_and_drink": 0.092, "lifestyle_services": 0.068, "health_care": 0.056, "travel_and_transportation": 0.039, "community_and_government": 0.03}, "cluster": -1}}, {"type": "Feature", "geometry": {"type": "Polygon", "coordinates": [[[4.833914, 52.284622], [4.83234, 52.28032], [4.837747, 52.277791], [4.84473, 52.279563], [4.846306, 52.283865], [4.840898, 52.286394], [4.833914, 52.284622]]]}, "properties": {"h3": "88196951cbfffff", "poi": 174, "richness": 11, "hill_q1": 7.232, "hill_q2": 5.473, "top_share": 0.31, "flagged": false, "dominant": "services_and_business", "dna": {"services_and_business": 0.31, "shopping": 0.224, "travel_and_transportation": 0.144, "sports_and_recreation": 0.075, "community_and_government": 0.052, "health_care": 0.046, "lifestyle_services": 0.046, "food_and_drink": 0.04, "education": 0.029, "arts_and_entertainment": 0.017, "lodging": 0.017}, "tfidf": {"services_and_business": 0.317, "shopping": 0.238, "travel_and_transportation": 0.164, "sports_and_recreation": 0.085, "community_and_government": 0.067, "health_care": 0.056, "lifestyle_services": 0.054, "food_and_drink": 0.046, "education": 0.035, "lodging": 0.027, "arts_and_entertainment": 0.022}, "cluster": -1}}, {"type": "Feature", "geometry": {"type": "Polygon", "coordinates": [[[4.817689, 52.292206], [4.816115, 52.287905], [4.821523, 52.285377], [4.828506, 52.28715], [4.830081, 52.291452], [4.824672, 52.29398], [4.817689, 52.292206]]]}, "properties": {"h3": "88196951cdfffff", "poi": 73, "richness": 10, "hill_q1": 6.117, "hill_q2": 4.614, "top_share": 0.384, "flagged": false, "dominant": "services_and_business", "dna": {"services_and_business": 0.384, "shopping": 0.151, "travel_and_transportation": 0.151, "sports_and_recreation": 0.11, "lifestyle_services": 0.096, "food_and_drink": 0.041, "health_care": 0.027, "community_and_government": 0.014, "education": 0.014, "lodging": 0.014}, "tfidf": {"services_and_business": 0.392, "travel_and_transportation": 0.172, "shopping": 0.16, "sports_and_recreation": 0.125, "lifestyle_services": 0.113, "food_and_drink": 0.047, "health_care": 0.033, "lodging": 0.021, "community_and_government": 0.018, "education": 0.017}, "cluster": -1}}, {"type": "Feature", "geometry": {"type": "Polygon", "coordinates": [[[4.850138, 52.277033], [4.848562, 52.272731], [4.853969, 52.270201], [4.860953, 52.271972], [4.86253, 52.276275], [4.857122, 52.278805], [4.850138, 52.277033]]]}, "properties": {"h3": "88196951d9fffff", "poi": 13, "richness": 5, "hill_q1": 3.684, "hill_q2": 2.864, "top_share": 0.538, "flagged": true, "dominant": "services_and_business", "dna": {"services_and_business": 0.538, "arts_and_entertainment": 0.154, "lifestyle_services": 0.154, "health_care": 0.077, "travel_and_transportation": 0.077}, "tfidf": {"services_and_business": 0.551, "arts_and_entertainment": 0.197, "lifestyle_services": 0.182, "health_care": 0.094, "travel_and_transportation": 0.088}, "cluster": -1}}, {"type": "Feature", "geometry": {"type": "Polygon", "coordinates": [[[4.796743, 52.286883], [4.795171, 52.282581], [4.800579, 52.280054], [4.80756, 52.281829], [4.809133, 52.28613], [4.803725, 52.288658], [4.796743, 52.286883]]]}, "properties": {"h3": "88196951e9fffff", "poi": 21, "richness": 9, "hill_q1": 7.422, "hill_q2": 6.211, "top_share": 0.286, "flagged": false, "dominant": "services_and_business", "dna": {"services_and_business": 0.286, "shopping": 0.19, "food_and_drink": 0.095, "lifestyle_services": 0.095, "sports_and_recreation": 0.095, "travel_and_transportation": 0.095, "arts_and_entertainment": 0.048, "health_care": 0.048, "lodging": 0.048}, "tfidf": {"services_and_business": 0.292, "shopping": 0.202, "lifestyle_services": 0.113, "travel_and_transportation": 0.109, "food_and_drink": 0.109, "sports_and_recreation": 0.109, "lodging": 0.074, "arts_and_entertainment": 0.061, "health_care": 0.058}, "cluster": -1}}, {"type": "Feature", "geometry": {"type": "Polygon", "coordinates": [[[4.800579, 52.280054], [4.799007, 52.275752], [4.804415, 52.273224], [4.811395, 52.274999], [4.812968, 52.279301], [4.80756, 52.281829], [4.800579, 52.280054]]]}, "properties": {"h3": "88196951ebfffff", "poi": 32, "richness": 8, "hill_q1": 5.384, "hill_q2": 4.303, "top_share": 0.375, "flagged": false, "dominant": "services_and_business", "dna": {"services_and_business": 0.375, "lifestyle_services": 0.219, "sports_and_recreation": 0.156, "education": 0.125, "food_and_drink": 0.031, "health_care": 0.031, "shopping": 0.031, "travel_and_transportation": 0.031}, "tfidf": {"services_and_business": 0.383, "lifestyle_services": 0.259, "sports_and_recreation": 0.178, "education": 0.151, "health_care": 0.038, "travel_and_transportation": 0.036, "food_and_drink": 0.036, "shopping": 0.033}, "cluster": -1}}, {"type": "Feature", "geometry": {"type": "Polygon", "coordinates": [[[4.92818, 52.351395], [4.926597, 52.347097], [4.93201, 52.344566], [4.939007, 52.346334], [4.940591, 52.350632], [4.935178, 52.353162], [4.92818, 52.351395]]]}, "properties": {"h3": "8819695201fffff", "poi": 166, "richness": 13, "hill_q1": 10.309, "hill_q2": 8.953, "top_share": 0.181, "flagged": false, "dominant": "shopping", "dna": {"shopping": 0.181, "services_and_business": 0.139, "food_and_drink": 0.133, "sports_and_recreation": 0.114, "lifestyle_services": 0.108, "health_care": 0.09, "education": 0.054, "cultural_and_historic": 0.048, "arts_and_entertainment": 0.042, "geographic_entities": 0.03, "community_and_government": 0.024, "travel_and_transportation": 0.024, "lodging": 0.012}, "tfidf": {"shopping": 0.192, "food_and_drink": 0.151, "services_and_business": 0.142, "sports_and_recreation": 0.13, "lifestyle_services": 0.128, "health_care": 0.11, "cultural_and_historic": 0.068, "education": 0.065, "arts_and_entertainment": 0.054, "geographic_entities": 0.049, "community_and_government": 0.031, "travel_and_transportation": 0.028, "lodging": 0.019}, "cluster": -1}}, {"type": "Feature", "geometry": {"type": "Polygon", "coordinates": [[[4.93201, 52.344566], [4.930426, 52.340268], [4.935838, 52.337736], [4.942835, 52.339504], [4.94442, 52.343802], [4.939007, 52.346334], [4.93201, 52.344566]]]}, "properties": {"h3": "8819695203fffff", "poi": 28, "richness": 11, "hill_q1": 7.867, "hill_q2": 5.939, "top_share": 0.321, "flagged": false, "dominant": "sports_and_recreation", "dna": {"sports_and_recreation": 0.321, "services_and_business": 0.143, "shopping": 0.143, "community_and_government": 0.107, "cultural_and_historic": 0.071, "food_and_drink": 0.036, "geographic_entities": 0.036, "health_care": 0.036, "lifestyle_services": 0.036, "lodging": 0.036, "travel_and_transportation": 0.036}, "tfidf": {"sports_and_recreation": 0.366, "shopping": 0.152, "services_and_business": 0.146, "community_and_government": 0.139, "cultural_and_historic": 0.101, "geographic_entities": 0.058, "lodging": 0.056, "health_care": 0.044, "lifestyle_services": 0.042, "travel_and_transportation": 0.041, "food_and_drink": 0.041}, "cluster": -1}}, {"type": "Feature", "geometry": {"type": "Polygon", "coordinates": [[[4.91577, 52.352156], [4.914187, 52.347858], [4.9196, 52.345329], [4.926597, 52.347097], [4.92818, 52.351395], [4.922767, 52.353925], [4.91577, 52.352156]]]}, "properties": {"h3": "8819695205fffff", "poi": 190, "richness": 13, "hill_q1": 7.655, "hill_q2": 4.929, "top_share": 0.395, "flagged": false, "dominant": "services_and_business", "dna": {"services_and_business": 0.395, "food_and_drink": 0.153, "shopping": 0.084, "community_and_government": 0.074, "travel_and_transportation": 0.053, "education": 0.047, "sports_and_recreation": 0.042, "arts_and_entertainment": 0.037, "health_care": 0.037, "cultural_and_historic": 0.026, "lodging": 0.026, "geographic_entities": 0.016, "lifestyle_services": 0.011}, "tfidf": {"services_and_business": 0.404, "food_and_drink": 0.174, "community_and_government": 0.096, "shopping": 0.09, "travel_and_transportation": 0.06, "education": 0.057, "sports_and_recreation": 0.048, "arts_and_entertainment": 0.047, "health_care": 0.045, "lodging": 0.041, "cultural_and_historic": 0.037, "geographic_entities": 0.026, "lifestyle_services": 0.012}, "cluster": -1}}, {"type": "Feature", "geometry": {"type": "Polygon", "coordinates": [[[4.9196, 52.345329], [4.918017, 52.34103], [4.92343, 52.3385], [4.930426, 52.340268], [4.93201, 52.344566], [4.926597, 52.347097], [4.9196, 52.345329]]]}, "properties": {"h3": "8819695207fffff", "poi": 66, "richness": 12, "hill_q1": 9.652, "hill_q2": 8.007, "top_share": 0.242, "flagged": false, "dominant": "services_and_business", "dna": {"services_and_business": 0.242, "food_and_drink": 0.136, "shopping": 0.121, "lifestyle_services": 0.091, "sports_and_recreation": 0.091, "community_and_government": 0.061, "health_care": 0.061, "travel_and_transportation": 0.061, "education": 0.045, "lodging": 0.045, "geographic_entities": 0.03, "arts_and_entertainment": 0.015}, "tfidf": {"services_and_business": 0.248, "food_and_drink": 0.155, "shopping": 0.129, "lifestyle_services": 0.107, "sports_and_recreation": 0.104, "community_and_government": 0.079, "health_care": 0.074, "lodging": 0.071, "travel_and_transportation": 0.069, "education": 0.055, "geographic_entities": 0.049, "arts_and_entertainment": 0.019}, "cluster": -1}}, {"type": "Feature", "geometry": {"type": "Polygon", "coordinates": [[[4.936762, 52.35746], [4.935178, 52.353162], [4.940591, 52.350632], [4.94759, 52.352399], [4.949175, 52.356696], [4.943761, 52.359227], [4.936762, 52.35746]]]}, "properties": {"h3": "8819695209fffff", "poi": 98, "richness": 12, "hill_q1": 10.129, "hill_q2": 8.942, "top_share": 0.184, "flagged": false, "dominant": "services_and_business", "dna": {"services_and_business": 0.184, "education": 0.143, "lifestyle_services": 0.133, "food_and_drink": 0.112, "travel_and_transportation": 0.102, "health_care": 0.071, "shopping": 0.061, "community_and_government": 0.051, "geographic_entities": 0.051, "arts_and_entertainment": 0.041, "sports_and_recreation": 0.031, "cultural_and_historic": 0.02}, "tfidf": {"services_and_business": 0.188, "education": 0.172, "lifestyle_services": 0.157, "food_and_drink": 0.128, "travel_and_transportation": 0.117, "health_care": 0.087, "geographic_entities": 0.083, "community_and_government": 0.066, "shopping": 0.065, "arts_and_entertainment": 0.052, "sports_and_recreation": 0.035, "cultural_and_historic": 0.029}, "cluster": -1}}, {"type": "Feature", "geometry": {"type": "Polygon", "coordinates": [[[4.940591, 52.350632], [4.939007, 52.346334], [4.94442, 52.343802], [4.951418, 52.345569], [4.953003, 52.349867], [4.94759, 52.352399], [4.940591, 52.350632]]]}, "properties": {"h3": "881969520bfffff", "poi": 65, "richness": 11, "hill_q1": 6.715, "hill_q2": 4.387, "top_share": 0.431, "flagged": false, "dominant": "sports_and_recreation", "dna": {"sports_and_recreation": 0.431, "services_and_business": 0.123, "food_and_drink": 0.092, "arts_and_entertainment": 0.062, "geographic_entities": 0.062, "health_care": 0.062, "shopping": 0.062, "lifestyle_services": 0.046, "lodging": 0.031, "community_and_government": 0.015, "education": 0.015}, "tfidf": {"sports_and_recreation": 0.491, "services_and_business": 0.126, "food_and_drink": 0.105, "geographic_entities": 0.1, "arts_and_entertainment": 0.079, "health_care": 0.075, "shopping": 0.065, "lifestyle_services": 0.055, "lodging": 0.048, "community_and_government": 0.02, "education": 0.019}, "cluster": -1}}, {"type": "Feature", "geometry": {"type": "Polygon", "coordinates": [[[4.92435, 52.358222], [4.922767, 52.353925], [4.92818, 52.351395], [4.935178, 52.353162], [4.936762, 52.35746], [4.931348, 52.35999], [4.92435, 52.358222]]]}, "properties": {"h3": "881969520dfffff", "poi": 417, "richness": 13, "hill_q1": 9.106, "hill_q2": 7.277, "top_share": 0.24, "flagged": false, "dominant": "shopping", "dna": {"shopping": 0.24, "food_and_drink": 0.175, "services_and_business": 0.156, "sports_and_recreation": 0.086, "lifestyle_services": 0.077, "education": 0.07, "health_care": 0.05, "arts_and_entertainment": 0.036, "community_and_government": 0.036, "travel_and_transportation": 0.029, "cultural_and_historic": 0.024, "lodging": 0.014, "geographic_entities": 0.007}, "tfidf": {"shopping": 0.255, "food_and_drink": 0.199, "services_and_business": 0.159, "sports_and_recreation": 0.098, "lifestyle_services": 0.091, "education": 0.084, "health_care": 0.061, "community_and_government": 0.047, "arts_and_entertainment": 0.046, "cultural_and_historic": 0.034, "travel_and_transportation": 0.033, "lodging": 0.022, "geographic_entities": 0.012}, "cluster": -1}}, {"type": "Feature", "geometry": {"type": "Polygon", "coordinates": [[[4.948247, 52.336972], [4.946662, 52.332673], [4.952074, 52.330141], [4.959071, 52.331907], [4.960657, 52.336206], [4.955245, 52.338738], [4.948247, 52.336972]]]}, "properties": {"h3": "8819695211fffff", "poi": 60, "richness": 11, "hill_q1": 8.507, "hill_q2": 6.897, "top_share": 0.267, "flagged": false, "dominant": "shopping", "dna": {"shopping": 0.267, "services_and_business": 0.167, "lifestyle_services": 0.133, "health_care": 0.1, "sports_and_recreation": 0.083, "arts_and_entertainment": 0.067, "food_and_drink": 0.05, "community_and_government": 0.033, "cultural_and_historic": 0.033, "education": 0.033, "travel_and_transportation": 0.033}, "tfidf": {"shopping": 0.283, "services_and_business": 0.17, "lifestyle_services": 0.158, "health_care": 0.122, "sports_and_recreation": 0.095, "arts_and_entertainment": 0.085, "food_and_drink": 0.057, "cultural_and_historic": 0.047, "community_and_government": 0.043, "education": 0.04, "travel_and_transportation": 0.038}, "cluster": -1}}, {"type": "Feature", "geometry": {"type": "Polygon", "coordinates": [[[4.952074, 52.330141], [4.950489, 52.325841], [4.9559, 52.323308], [4.962897, 52.325074], [4.964483, 52.329374], [4.959071, 52.331907], [4.952074, 52.330141]]]}, "properties": {"h3": "8819695213fffff", "poi": 113, "richness": 12, "hill_q1": 7.874, "hill_q2": 5.413, "top_share": 0.372, "flagged": false, "dominant": "services_and_business", "dna": {"services_and_business": 0.372, "food_and_drink": 0.115, "travel_and_transportation": 0.097, "education": 0.071, "shopping": 0.071, "sports_and_recreation": 0.071, "health_care": 0.062, "community_and_government": 0.044, "cultural_and_historic": 0.044, "lodging": 0.027, "lifestyle_services": 0.018, "arts_and_entertainment": 0.009}, "tfidf": {"services_and_business": 0.38, "food_and_drink": 0.131, "travel_and_transportation": 0.111, "education": 0.085, "sports_and_recreation": 0.081, "health_care": 0.076, "shopping": 0.075, "cultural_and_historic": 0.062, "community_and_government": 0.058, "lodging": 0.041, "lifestyle_services": 0.021, "arts_and_entertainment": 0.011}, "cluster": -1}}, {"type": "Feature", "geometry": {"type": "Polygon", "coordinates": [[[4.935838, 52.337736], [4.934254, 52.333438], [4.939666, 52.330906], [4.946662, 52.332673], [4.948247, 52.336972], [4.942835, 52.339504], [4.935838, 52.337736]]]}, "properties": {"h3": "8819695215fffff", "poi": 117, "richness": 11, "hill_q1": 6.659, "hill_q2": 4.655, "top_share": 0.393, "flagged": false, "dominant": "services_and_business", "dna": {"services_and_business": 0.393, "shopping": 0.171, "food_and_drink": 0.12, "lifestyle_services": 0.085, "travel_and_transportation": 0.068, "community_and_government": 0.034, "health_care": 0.034, "sports_and_recreation": 0.034, "arts_and_entertainment": 0.026, "education": 0.017, "geographic_entities": 0.017}, "tfidf": {"services_and_business": 0.402, "shopping": 0.182, "food_and_drink": 0.136, "lifestyle_services": 0.101, "travel_and_transportation": 0.078, "community_and_government": 0.045, "health_care": 0.042, "sports_and_recreation": 0.039, "arts_and_entertainment": 0.033, "geographic_entities": 0.028, "education": 0.021}, "cluster": -1}}, {"type": "Feature", "geometry": {"type": "Polygon", "coordinates": [[[4.939666, 52.330906], [4.938082, 52.326607], [4.943493, 52.324074], [4.950489, 52.325841], [4.952074, 52.330141], [4.946662, 52.332673], [4.939666, 52.330906]]]}, "properties": {"h3": "8819695217fffff", "poi": 28, "richness": 7, "hill_q1": 5.475, "hill_q2": 4.404, "top_share": 0.393, "flagged": false, "dominant": "services_and_business", "dna": {"services_and_business": 0.393, "travel_and_transportation": 0.179, "education": 0.107, "shopping": 0.107, "sports_and_recreation": 0.107, "cultural_and_historic": 0.071, "lifestyle_services": 0.036}, "tfidf": {"services_and_business": 0.402, "travel_and_transportation": 0.204, "education": 0.129, "sports_and_recreation": 0.122, "shopping": 0.114, "cultural_and_historic": 0.101, "lifestyle_services": 0.042}, "cluster": -1}}, {"type": "Feature", "geometry": {"type": "Polygon", "coordinates": [[[4.95683, 52.343037], [4.955245, 52.338738], [4.960657, 52.336206], [4.967655, 52.337972], [4.969242, 52.342271], [4.963829, 52.344803], [4.95683, 52.343037]]]}, "properties": {"h3": "8819695219fffff", "poi": 226, "richness": 13, "hill_q1": 7.781, "hill_q2": 6.2, "top_share": 0.243, "flagged": false, "dominant": "shopping", "dna": {"shopping": 0.243, "services_and_business": 0.239, "food_and_drink": 0.146, "lifestyle_services": 0.093, "health_care": 0.088, "community_and_government": 0.049, "sports_and_recreation": 0.049, "education": 0.035, "arts_and_entertainment": 0.031, "cultural_and_historic": 0.013, "geographic_entities": 0.004, "lodging": 0.004, "travel_and_transportation": 0.004}, "tfidf": {"shopping": 0.259, "services_and_business": 0.244, "food_and_drink": 0.166, "lifestyle_services": 0.11, "health_care": 0.108, "community_and_government": 0.063, "sports_and_recreation": 0.055, "education": 0.043, "arts_and_entertainment": 0.04, "cultural_and_historic": 0.019, "geographic_entities": 0.007, "lodging": 0.007, "travel_and_transportation": 0.005}, "cluster": -1}}, {"type": "Feature", "geometry": {"type": "Polygon", "coordinates": [[[4.960657, 52.336206], [4.959071, 52.331907], [4.964483, 52.329374], [4.971481, 52.33114], [4.973067, 52.335439], [4.967655, 52.337972], [4.960657, 52.336206]]]}, "properties": {"h3": "881969521bfffff", "poi": 160, "richness": 12, "hill_q1": 5.367, "hill_q2": 3.413, "top_share": 0.494, "flagged": false, "dominant": "services_and_business", "dna": {"services_and_business": 0.494, "shopping": 0.181, "food_and_drink": 0.081, "travel_and_transportation": 0.063, "education": 0.044, "lifestyle_services": 0.038, "sports_and_recreation": 0.038, "arts_and_entertainment": 0.025, "community_and_government": 0.019, "geographic_entities": 0.006, "health_care": 0.006, "lodging": 0.006}, "tfidf": {"services_and_business": 0.505, "shopping": 0.193, "food_and_drink": 0.093, "travel_and_transportation": 0.071, "education": 0.053, "lifestyle_services": 0.044, "sports_and_recreation": 0.043, "arts_and_entertainment": 0.032, "community_and_government": 0.024, "geographic_entities": 0.01, "lodging": 0.01, "health_care": 0.008}, "cluster": -1}}, {"type": "Feature", "geometry": {"type": "Polygon", "coordinates": [[[4.94442, 52.343802], [4.942835, 52.339504], [4.948247, 52.336972], [4.955245, 52.338738], [4.95683, 52.343037], [4.951418, 52.345569], [4.94442, 52.343802]]]}, "properties": {"h3": "881969521dfffff", "poi": 94, "richness": 11, "hill_q1": 8.429, "hill_q2": 7.126, "top_share": 0.234, "flagged": false, "dominant": "services_and_business", "dna": {"services_and_business": 0.234, "food_and_drink": 0.181, "shopping": 0.149, "health_care": 0.106, "education": 0.074, "community_and_government": 0.064, "cultural_and_historic": 0.064, "lifestyle_services": 0.064, "sports_and_recreation": 0.032, "geographic_entities": 0.021, "arts_and_entertainment": 0.011}, "tfidf": {"services_and_business": 0.239, "food_and_drink": 0.206, "shopping": 0.158, "health_care": 0.13, "cultural_and_historic": 0.09, "education": 0.09, "community_and_government": 0.083, "lifestyle_services": 0.075, "sports_and_recreation": 0.036, "geographic_entities": 0.035, "arts_and_entertainment": 0.014}, "cluster": -1}}, {"type": "Feature", "geometry": {"type": "Polygon", "coordinates": [[[4.894784, 52.346849], [4.893203, 52.342551], [4.898616, 52.340022], [4.90561, 52.341791], [4.907192, 52.34609], [4.901779, 52.348619], [4.894784, 52.346849]]]}, "properties": {"h3": "8819695221fffff", "poi": 359, "richness": 13, "hill_q1": 8.318, "hill_q2": 6.643, "top_share": 0.248, "flagged": false, "dominant": "shopping", "dna": {"shopping": 0.248, "services_and_business": 0.187, "food_and_drink": 0.153, "lifestyle_services": 0.134, "health_care": 0.084, "sports_and_recreation": 0.042, "community_and_government": 0.036, "arts_and_entertainment": 0.031, "education": 0.031, "cultural_and_historic": 0.022, "travel_and_transportation": 0.017, "lodging": 0.014, "geographic_entities": 0.003}, "tfidf": {"shopping": 0.263, "services_and_business": 0.191, "food_and_drink": 0.175, "lifestyle_services": 0.158, "health_care": 0.102, "sports_and_recreation": 0.048, "community_and_government": 0.047, "arts_and_entertainment": 0.039, "education": 0.037, "cultural_and_historic": 0.031, "lodging": 0.022, "travel_and_transportation": 0.019, "geographic_entities": 0.005}, "cluster": -1}}, {"type": "Feature", "geometry": {"type": "Polygon", "coordinates": [[[4.898616, 52.340022], [4.897034, 52.335723], [4.902447, 52.333194], [4.90944, 52.334963], [4.911022, 52.339262], [4.90561, 52.341791], [4.898616, 52.340022]]]}, "properties": {"h3": "8819695223fffff", "poi": 58, "richness": 12, "hill_q1": 8.424, "hill_q2": 6.23, "top_share": 0.276, "flagged": false, "dominant": "sports_and_recreation", "dna": {"sports_and_recreation": 0.276, "services_and_business": 0.241, "food_and_drink": 0.086, "arts_and_entertainment": 0.052, "community_and_government": 0.052, "cultural_and_historic": 0.052, "geographic_entities": 0.052, "lifestyle_services": 0.052, "travel_and_transportation": 0.052, "education": 0.034, "shopping": 0.034, "health_care": 0.017}, "tfidf": {"sports_and_recreation": 0.314, "services_and_business": 0.247, "food_and_drink": 0.098, "geographic_entities": 0.084, "cultural_and_historic": 0.073, "community_and_government": 0.067, "arts_and_entertainment": 0.066, "lifestyle_services": 0.061, "travel_and_transportation": 0.059, "education": 0.042, "shopping": 0.037, "health_care": 0.021}, "cluster": -1}}, {"type": "Feature", "geometry": {"type": "Polygon", "coordinates": [[[4.882377, 52.347608], [4.880797, 52.343309], [4.886209, 52.340781], [4.893203, 52.342551], [4.894784, 52.346849], [4.889371, 52.349378], [4.882377, 52.347608]]]}, "properties": {"h3": "8819695225fffff", "poi": 183, "richness": 12, "hill_q1": 8.201, "hill_q2": 6.358, "top_share": 0.279, "flagged": false, "dominant": "food_and_drink", "dna": {"food_and_drink": 0.279, "services_and_business": 0.186, "shopping": 0.158, "health_care": 0.077, "sports_and_recreation": 0.071, "arts_and_entertainment": 0.055, "lifestyle_services": 0.049, "geographic_entities": 0.038, "education": 0.033, "cultural_and_historic": 0.027, "community_and_government": 0.016, "travel_and_transportation": 0.011}, "tfidf": {"food_and_drink": 0.318, "services_and_business": 0.19, "shopping": 0.168, "health_care": 0.093, "sports_and_recreation": 0.081, "arts_and_entertainment": 0.07, "geographic_entities": 0.062, "lifestyle_services": 0.058, "education": 0.04, "cultural_and_historic": 0.038, "community_and_government": 0.021, "travel_and_transportation": 0.012}, "cluster": -1}}, {"type": "Feature", "geometry": {"type": "Polygon", "coordinates": [[[4.886209, 52.340781], [4.884629, 52.336482], [4.890041, 52.333954], [4.897034, 52.335723], [4.898616, 52.340022], [4.893203, 52.342551], [4.886209, 52.340781]]]}, "properties": {"h3": "8819695227fffff", "poi": 190, "richness": 12, "hill_q1": 7.78, "hill_q2": 5.212, "top_share": 0.384, "flagged": false, "dominant": "services_and_business", "dna": {"services_and_business": 0.384, "food_and_drink": 0.105, "travel_and_transportation": 0.1, "arts_and_entertainment": 0.074, "shopping": 0.074, "education": 0.068, "lifestyle_services": 0.058, "health_care": 0.047, "cultural_and_historic": 0.026, "community_and_government": 0.021, "lodging": 0.021, "sports_and_recreation": 0.021}, "tfidf": {"services_and_business": 0.393, "food_and_drink": 0.12, "travel_and_transportation": 0.114, "arts_and_entertainment": 0.094, "education": 0.082, "shopping": 0.078, "lifestyle_services": 0.068, "health_care": 0.058, "cultural_and_historic": 0.037, "lodging": 0.033, "community_and_government": 0.027, "sports_and_recreation": 0.024}, "cluster": -1}}, {"type": "Feature", "geometry": {"type": "Polygon", "coordinates": [[[4.90336, 52.352917], [4.901779, 52.348619], [4.907192, 52.34609], [4.914187, 52.347858], [4.91577, 52.352156], [4.910356, 52.354686], [4.90336, 52.352917]]]}, "properties": {"h3": "8819695229fffff", "poi": 337, "richness": 13, "hill_q1": 9.374, "hill_q2": 7.573, "top_share": 0.234, "flagged": false, "dominant": "services_and_business", "dna": {"services_and_business": 0.234, "food_and_drink": 0.157, "shopping": 0.145, "lifestyle_services": 0.119, "arts_and_entertainment": 0.074, "sports_and_recreation": 0.071, "education": 0.047, "health_care": 0.042, "community_and_government": 0.033, "lodging": 0.024, "cultural_and_historic": 0.018, "geographic_entities": 0.018, "travel_and_transportation": 0.018}, "tfidf": {"services_and_business": 0.24, "food_and_drink": 0.179, "shopping": 0.155, "lifestyle_services": 0.14, "arts_and_entertainment": 0.095, "sports_and_recreation": 0.081, "education": 0.057, "health_care": 0.051, "community_and_government": 0.042, "lodging": 0.037, "geographic_entities": 0.029, "cultural_and_historic": 0.025, "travel_and_transportation": 0.02}, "cluster": -1}}, {"type": "Feature", "geometry": {"type": "Polygon", "coordinates": [[[4.907192, 52.34609], [4.90561, 52.341791], [4.911022, 52.339262], [4.918017, 52.34103], [4.9196, 52.345329], [4.914187, 52.347858], [4.907192, 52.34609]]]}, "properties": {"h3": "881969522bfffff", "poi": 207, "richness": 13, "hill_q1": 8.086, "hill_q2": 5.745, "top_share": 0.343, "flagged": false, "dominant": "services_and_business", "dna": {"services_and_business": 0.343, "food_and_drink": 0.145, "lifestyle_services": 0.106, "shopping": 0.097, "education": 0.072, "sports_and_recreation": 0.068, "community_and_government": 0.034, "health_care": 0.034, "travel_and_transportation": 0.034, "cultural_and_historic": 0.029, "arts_and_entertainment": 0.024, "geographic_entities": 0.01, "lodging": 0.005}, "tfidf": {"services_and_business": 0.351, "food_and_drink": 0.165, "lifestyle_services": 0.126, "shopping": 0.103, "education": 0.087, "sports_and_recreation": 0.077, "community_and_government": 0.044, "health_care": 0.041, "cultural_and_historic": 0.041, "travel_and_transportation": 0.039, "arts_and_entertainment": 0.031, "geographic_entities": 0.016, "lodging": 0.008}, "cluster": -1}}, {"type": "Feature", "geometry": {"type": "Polygon", "coordinates": [[[4.890951, 52.353676], [4.889371, 52.349378], [4.894784, 52.346849], [4.901779, 52.348619], [4.90336, 52.352917], [4.897947, 52.355445], [4.890951, 52.353676]]]}, "properties": {"h3": "881969522dfffff", "poi": 553, "richness": 13, "hill_q1": 9.49, "hill_q2": 7.667, "top_share": 0.222, "flagged": false, "dominant": "food_and_drink", "dna": {"food_and_drink": 0.222, "shopping": 0.166, "services_and_business": 0.161, "lifestyle_services": 0.105, "sports_and_recreation": 0.08, "health_care": 0.058, "education": 0.04, "lodging": 0.034, "arts_and_entertainment": 0.033, "community_and_government": 0.033, "travel_and_transportation": 0.033, "cultural_and_historic": 0.025, "geographic_entities": 0.011}, "tfidf": {"food_and_drink": 0.253, "shopping": 0.177, "services_and_business": 0.165, "lifestyle_services": 0.124, "sports_and_recreation": 0.091, "health_care": 0.071, "lodging": 0.053, "education": 0.048, "community_and_government": 0.042, "arts_and_entertainment": 0.042, "travel_and_transportation": 0.037, "cultural_and_historic": 0.036, "geographic_entities": 0.018}, "cluster": -1}}, {"type": "Feature", "geometry": {"type": "Polygon", "coordinates": [[[4.914852, 52.332433], [4.91327, 52.328133], [4.918682, 52.325602], [4.925676, 52.327371], [4.927259, 52.33167], [4.921847, 52.334201], [4.914852, 52.332433]]]}, "properties": {"h3": "8819695231fffff", "poi": 149, "richness": 13, "hill_q1": 5.745, "hill_q2": 3.658, "top_share": 0.47, "flagged": false, "dominant": "services_and_business", "dna": {"services_and_business": 0.47, "shopping": 0.161, "travel_and_transportation": 0.141, "arts_and_entertainment": 0.04, "sports_and_recreation": 0.04, "food_and_drink": 0.034, "lifestyle_services": 0.034, "community_and_government": 0.02, "education": 0.02, "lodging": 0.02, "cultural_and_historic": 0.007, "geographic_entities": 0.007, "health_care": 0.007}, "tfidf": {"services_and_business": 0.48, "shopping": 0.171, "travel_and_transportation": 0.161, "arts_and_entertainment": 0.052, "sports_and_recreation": 0.046, "lifestyle_services": 0.04, "food_and_drink": 0.038, "lodging": 0.031, "community_and_government": 0.026, "education": 0.024, "geographic_entities": 0.011, "cultural_and_historic": 0.009, "health_care": 0.008}, "cluster": -1}}, {"type": "Feature", "geometry": {"type": "Polygon", "coordinates": [[[4.918682, 52.325602], [4.917099, 52.321303], [4.92251, 52.318771], [4.929504, 52.320539], [4.931087, 52.324839], [4.925676, 52.327371], [4.918682, 52.325602]]]}, "properties": {"h3": "8819695233fffff", "poi": 39, "richness": 8, "hill_q1": 5.544, "hill_q2": 4.46, "top_share": 0.333, "flagged": false, "dominant": "shopping", "dna": {"shopping": 0.333, "services_and_business": 0.282, "travel_and_transportation": 0.128, "food_and_drink": 0.103, "arts_and_entertainment": 0.051, "health_care": 0.051, "education": 0.026, "sports_and_recreation": 0.026}, "tfidf": {"shopping": 0.354, "services_and_business": 0.288, "travel_and_transportation": 0.146, "food_and_drink": 0.117, "arts_and_entertainment": 0.066, "health_care": 0.063, "education": 0.031, "sports_and_recreation": 0.029}, "cluster": -1}}, {"type": "Feature", "geometry": {"type": "Polygon", "coordinates": [[[4.902447, 52.333194], [4.900865, 52.328895], [4.906277, 52.326364], [4.91327, 52.328133], [4.914852, 52.332433], [4.90944, 52.334963], [4.902447, 52.333194]]]}, "properties": {"h3": "8819695235fffff", "poi": 14, "richness": 8, "hill_q1": 7.172, "hill_q2": 6.533, "top_share": 0.214, "flagged": false, "dominant": "services_and_business", "dna": {"services_and_business": 0.214, "shopping": 0.214, "arts_and_entertainment": 0.143, "food_and_drink": 0.143, "community_and_government": 0.071, "health_care": 0.071, "sports_and_recreation": 0.071, "travel_and_transportation": 0.071}, "tfidf": {"shopping": 0.228, "services_and_business": 0.219, "arts_and_entertainment": 0.183, "food_and_drink": 0.163, "community_and_government": 0.093, "health_care": 0.087, "travel_and_transportation": 0.082, "sports_and_recreation": 0.081}, "cluster": -1}}, {"type": "Feature", "geometry": {"type": "Polygon", "coordinates": [[[4.906277, 52.326364], [4.904695, 52.322065], [4.910106, 52.319534], [4.917099, 52.321303], [4.918682, 52.325602], [4.91327, 52.328133], [4.906277, 52.326364]]]}, "properties": {"h3": "8819695237fffff", "poi": 12, "richness": 6, "hill_q1": 4.364, "hill_q2": 3.273, "top_share": 0.5, "flagged": true, "dominant": "services_and_business", "dna": {"services_and_business": 0.5, "cultural_and_historic": 0.167, "arts_and_entertainment": 0.083, "community_and_government": 0.083, "food_and_drink": 0.083, "shopping": 0.083}, "tfidf": {"services_and_business": 0.511, "cultural_and_historic": 0.235, "community_and_government": 0.108, "arts_and_entertainment": 0.107, "food_and_drink": 0.095, "shopping": 0.089}, "cluster": -1}}, {"type": "Feature", "geometry": {"type": "Polygon", "coordinates": [[[4.92343, 52.3385], [4.921847, 52.334201], [4.927259, 52.33167], [4.934254, 52.333438], [4.935838, 52.337736], [4.930426, 52.340268], [4.92343, 52.3385]]]}, "properties": {"h3": "8819695239fffff", "poi": 228, "richness": 12, "hill_q1": 5.658, "hill_q2": 3.409, "top_share": 0.504, "flagged": true, "dominant": "services_and_business", "dna": {"services_and_business": 0.504, "shopping": 0.154, "food_and_drink": 0.061, "travel_and_transportation": 0.061, "sports_and_recreation": 0.057, "arts_and_entertainment": 0.044, "education": 0.035, "health_care": 0.022, "community_and_government": 0.018, "lifestyle_services": 0.018, "cultural_and_historic": 0.013, "lodging": 0.013}, "tfidf": {"services_and_business": 0.516, "shopping": 0.163, "travel_and_transportation": 0.07, "food_and_drink": 0.07, "sports_and_recreation": 0.065, "arts_and_entertainment": 0.056, "education": 0.042, "health_care": 0.027, "community_and_government": 0.023, "lifestyle_services": 0.021, "lodging": 0.02, "cultural_and_historic": 0.019}, "cluster": -1}}, {"type": "Feature", "geometry": {"type": "Polygon", "coordinates": [[[4.927259, 52.33167], [4.925676, 52.327371], [4.931087, 52.324839], [4.938082, 52.326607], [4.939666, 52.330906], [4.934254, 52.333438], [4.927259, 52.33167]]]}, "properties": {"h3": "881969523bfffff", "poi": 131, "richness": 12, "hill_q1": 5.364, "hill_q2": 3.492, "top_share": 0.481, "flagged": false, "dominant": "services_and_business", "dna": {"services_and_business": 0.481, "shopping": 0.191, "education": 0.092, "travel_and_transportation": 0.076, "cultural_and_historic": 0.046, "lifestyle_services": 0.031, "arts_and_entertainment": 0.023, "health_care": 0.023, "food_and_drink": 0.015, "community_and_government": 0.008, "lodging": 0.008, "sports_and_recreation": 0.008}, "tfidf": {"services_and_business": 0.492, "shopping": 0.203, "education": 0.11, "travel_and_transportation": 0.087, "cultural_and_historic": 0.064, "lifestyle_services": 0.036, "arts_and_entertainment": 0.029, "health_care": 0.028, "food_and_drink": 0.017, "lodging": 0.012, "community_and_government": 0.01, "sports_and_recreation": 0.009}, "cluster": -1}}, {"type": "Feature", "geometry": {"type": "Polygon", "coordinates": [[[4.911022, 52.339262], [4.90944, 52.334963], [4.914852, 52.332433], [4.921847, 52.334201], [4.92343, 52.3385], [4.918017, 52.34103], [4.911022, 52.339262]]]}, "properties": {"h3": "881969523dfffff", "poi": 178, "richness": 13, "hill_q1": 7.249, "hill_q2": 4.508, "top_share": 0.427, "flagged": false, "dominant": "services_and_business", "dna": {"services_and_business": 0.427, "shopping": 0.107, "sports_and_recreation": 0.09, "travel_and_transportation": 0.09, "food_and_drink": 0.073, "arts_and_entertainment": 0.039, "cultural_and_historic": 0.039, "community_and_government": 0.034, "lodging": 0.034, "health_care": 0.022, "lifestyle_services": 0.022, "education": 0.011, "geographic_entities": 0.011}, "tfidf": {"services_and_business": 0.437, "shopping": 0.113, "travel_and_transportation": 0.103, "sports_and_recreation": 0.102, "food_and_drink": 0.083, "cultural_and_historic": 0.055, "lodging": 0.052, "arts_and_entertainment": 0.05, "community_and_government": 0.044, "health_care": 0.027, "lifestyle_services": 0.027, "geographic_entities": 0.018, "education": 0.014}, "cluster": -1}}, {"type": "Feature", "geometry": {"type": "Polygon", "coordinates": [[[4.941517, 52.370352], [4.939932, 52.366055], [4.945346, 52.363525], [4.952347, 52.365291], [4.953933, 52.369588], [4.948518, 52.372119], [4.941517, 52.370352]]]}, "properties": {"h3": "8819695241fffff", "poi": 150, "richness": 13, "hill_q1": 8.621, "hill_q2": 5.921, "top_share": 0.347, "flagged": false, "dominant": "services_and_business", "dna": {"services_and_business": 0.347, "shopping": 0.133, "food_and_drink": 0.087, "sports_and_recreation": 0.087, "community_and_government": 0.06, "health_care": 0.06, "lifestyle_services": 0.06, "travel_and_transportation": 0.04, "arts_and_entertainment": 0.033, "lodging": 0.033, "education": 0.027, "geographic_entities": 0.02, "cultural_and_historic": 0.013}, "tfidf": {"services_and_business": 0.354, "shopping": 0.142, "food_and_drink": 0.099, "sports_and_recreation": 0.099, "community_and_government": 0.078, "health_care": 0.073, "lifestyle_services": 0.071, "lodging": 0.052, "travel_and_transportation": 0.046, "arts_and_entertainment": 0.043, "geographic_entities": 0.033, "education": 0.032, "cultural_and_historic": 0.019}, "cluster": -1}}, {"type": "Feature", "geometry": {"type": "Polygon", "coordinates": [[[4.945346, 52.363525], [4.943761, 52.359227], [4.949175, 52.356696], [4.956175, 52.358463], [4.957761, 52.36276], [4.952347, 52.365291], [4.945346, 52.363525]]]}, "properties": {"h3": "8819695243fffff", "poi": 27, "richness": 11, "hill_q1": 8.558, "hill_q2": 6.688, "top_share": 0.296, "flagged": false, "dominant": "sports_and_recreation", "dna": {"sports_and_recreation": 0.296, "geographic_entities": 0.148, "community_and_government": 0.111, "arts_and_entertainment": 0.074, "cultural_and_historic": 0.074, "food_and_drink": 0.074, "services_and_business": 0.074, "education": 0.037, "health_care": 0.037, "lodging": 0.037, "shopping": 0.037}, "tfidf": {"sports_and_recreation": 0.338, "geographic_entities": 0.242, "community_and_government": 0.145, "cultural_and_historic": 0.104, "arts_and_entertainment": 0.095, "food_and_drink": 0.084, "services_and_business": 0.076, "lodging": 0.058, "health_care": 0.045, "education": 0.045, "shopping": 0.039}, "cluster": -1}}, {"type": "Feature", "geometry": {"type": "Polygon", "coordinates": [[[4.929102, 52.371114], [4.927518, 52.366817], [4.932933, 52.364288], [4.939932, 52.366055], [4.941517, 52.370352], [4.936102, 52.372881], [4.929102, 52.371114]]]}, "properties": {"h3": "8819695245fffff", "poi": 374, "richness": 13, "hill_q1": 7.979, "hill_q2": 5.432, "top_share": 0.356, "flagged": false, "dominant": "services_and_business", "dna": {"services_and_business": 0.356, "shopping": 0.182, "food_and_drink": 0.088, "arts_and_entertainment": 0.059, "health_care": 0.053, "sports_and_recreation": 0.051, "lifestyle_services": 0.048, "education": 0.045, "community_and_government": 0.043, "cultural_and_historic": 0.027, "travel_and_transportation": 0.024, "lodging": 0.019, "geographic_entities": 0.005}, "tfidf": {"services_and_business": 0.364, "shopping": 0.193, "food_and_drink": 0.101, "arts_and_entertainment": 0.075, "health_care": 0.065, "sports_and_recreation": 0.058, "lifestyle_services": 0.057, "community_and_government": 0.056, "education": 0.055, "cultural_and_historic": 0.038, "lodging": 0.029, "travel_and_transportation": 0.027, "geographic_entities": 0.009}, "cluster": -1}}, {"type": "Feature", "geometry": {"type": "Polygon", "coordinates": [[[4.932933, 52.364288], [4.931348, 52.35999], [4.936762, 52.35746], [4.943761, 52.359227], [4.945346, 52.363525], [4.939932, 52.366055], [4.932933, 52.364288]]]}, "properties": {"h3": "8819695247fffff", "poi": 363, "richness": 12, "hill_q1": 8.292, "hill_q2": 6.693, "top_share": 0.234, "flagged": false, "dominant": "food_and_drink", "dna": {"food_and_drink": 0.234, "services_and_business": 0.193, "shopping": 0.187, "lifestyle_services": 0.094, "education": 0.063, "health_care": 0.061, "community_and_government": 0.05, "arts_and_entertainment": 0.036, "travel_and_transportation": 0.033, "cultural_and_historic": 0.022, "sports_and_recreation": 0.022, "geographic_entities": 0.006}, "tfidf": {"food_and_drink": 0.267, "shopping": 0.199, "services_and_business": 0.197, "lifestyle_services": 0.111, "education": 0.076, "health_care": 0.074, "community_and_government": 0.065, "arts_and_entertainment": 0.046, "travel_and_transportation": 0.038, "cultural_and_historic": 0.031, "sports_and_recreation": 0.025, "geographic_entities": 0.009}, "cluster": -1}}, {"type": "Feature", "geometry": {"type": "Polygon", "coordinates": [[[4.950103, 52.376415], [4.948518, 52.372119], [4.953933, 52.369588], [4.960934, 52.371355], [4.962521, 52.375651], [4.957105, 52.378182], [4.950103, 52.376415]]]}, "properties": {"h3": "8819695249fffff", "poi": 29, "richness": 8, "hill_q1": 5.481, "hill_q2": 4.269, "top_share": 0.379, "flagged": false, "dominant": "services_and_business", "dna": {"services_and_business": 0.379, "shopping": 0.241, "arts_and_entertainment": 0.138, "community_and_government": 0.069, "travel_and_transportation": 0.069, "cultural_and_historic": 0.034, "education": 0.034, "food_and_drink": 0.034}, "tfidf": {"services_and_business": 0.388, "shopping": 0.257, "arts_and_entertainment": 0.176, "community_and_government": 0.09, "travel_and_transportation": 0.079, "cultural_and_historic": 0.049, "education": 0.042, "food_and_drink": 0.039}, "cluster": -1}}, {"type": "Feature", "geometry": {"type": "Polygon", "coordinates": [[[4.953933, 52.369588], [4.952347, 52.365291], [4.957761, 52.36276], [4.964762, 52.364526], [4.966349, 52.368823], [4.960934, 52.371355], [4.953933, 52.369588]]]}, "properties": {"h3": "881969524bfffff", "poi": 36, "richness": 12, "hill_q1": 8.882, "hill_q2": 6.68, "top_share": 0.306, "flagged": false, "dominant": "services_and_business", "dna": {"services_and_business": 0.306, "food_and_drink": 0.139, "health_care": 0.083, "lifestyle_services": 0.083, "shopping": 0.083, "sports_and_recreation": 0.083, "arts_and_entertainment": 0.056, "cultural_and_historic": 0.056, "community_and_government": 0.028, "education": 0.028, "geographic_entities": 0.028, "lodging": 0.028}, "tfidf": {"services_and_business": 0.312, "food_and_drink": 0.158, "health_care": 0.102, "lifestyle_services": 0.098, "sports_and_recreation": 0.095, "shopping": 0.089, "cultural_and_historic": 0.078, "arts_and_entertainment": 0.071, "geographic_entities": 0.045, "lodging": 0.043, "community_and_government": 0.036, "education": 0.033}, "cluster": -1}}, {"type": "Feature", "geometry": {"type": "Polygon", "coordinates": [[[4.937687, 52.377178], [4.936102, 52.372881], [4.941517, 52.370352], [4.948518, 52.372119], [4.950103, 52.376415], [4.944688, 52.378945], [4.937687, 52.377178]]]}, "properties": {"h3": "881969524dfffff", "poi": 208, "richness": 13, "hill_q1": 9.45, "hill_q2": 7.259, "top_share": 0.255, "flagged": false, "dominant": "services_and_business", "dna": {"services_and_business": 0.255, "shopping": 0.188, "food_and_drink": 0.13, "lifestyle_services": 0.072, "arts_and_entertainment": 0.058, "sports_and_recreation": 0.058, "health_care": 0.053, "education": 0.038, "geographic_entities": 0.038, "community_and_government": 0.034, "travel_and_transportation": 0.034, "cultural_and_historic": 0.024, "lodging": 0.019}, "tfidf": {"services_and_business": 0.261, "shopping": 0.199, "food_and_drink": 0.148, "lifestyle_services": 0.085, "arts_and_entertainment": 0.074, "sports_and_recreation": 0.066, "health_care": 0.064, "geographic_entities": 0.063, "education": 0.046, "community_and_government": 0.044, "travel_and_transportation": 0.038, "cultural_and_historic": 0.034, "lodging": 0.03}, "cluster": -1}}, {"type": "Feature", "geometry": {"type": "Polygon", "coordinates": [[[4.961589, 52.355931], [4.960002, 52.351634], [4.965416, 52.349101], [4.972416, 52.350867], [4.974003, 52.355165], [4.968589, 52.357697], [4.961589, 52.355931]]]}, "properties": {"h3": "8819695251fffff", "poi": 19, "richness": 8, "hill_q1": 7.288, "hill_q2": 6.811, "top_share": 0.211, "flagged": false, "dominant": "health_care", "dna": {"health_care": 0.211, "services_and_business": 0.158, "shopping": 0.158, "sports_and_recreation": 0.158, "geographic_entities": 0.105, "lifestyle_services": 0.105, "arts_and_entertainment": 0.053, "community_and_government": 0.053}, "tfidf": {"health_care": 0.257, "sports_and_recreation": 0.18, "geographic_entities": 0.172, "shopping": 0.168, "services_and_business": 0.161, "lifestyle_services": 0.124, "community_and_government": 0.069, "arts_and_entertainment": 0.067}, "cluster": -1}}, {"type": "Feature", "geometry": {"type": "Polygon", "coordinates": [[[4.965416, 52.349101], [4.963829, 52.344803], [4.969242, 52.342271], [4.976241, 52.344036], [4.977829, 52.348334], [4.972416, 52.350867], [4.965416, 52.349101]]]}, "properties": {"h3": "8819695253fffff", "poi": 24, "richness": 8, "hill_q1": 5.792, "hill_q2": 4.299, "top_share": 0.417, "flagged": false, "dominant": "services_and_business", "dna": {"services_and_business": 0.417, "travel_and_transportation": 0.167, "community_and_government": 0.083, "food_and_drink": 0.083, "shopping": 0.083, "sports_and_recreation": 0.083, "education": 0.042, "lifestyle_services": 0.042}, "tfidf": {"services_and_business": 0.426, "travel_and_transportation": 0.19, "community_and_government": 0.108, "food_and_drink": 0.095, "sports_and_recreation": 0.095, "shopping": 0.089, "education": 0.05, "lifestyle_services": 0.049}, "cluster": -1}}, {"type": "Feature", "geometry": {"type": "Polygon", "coordinates": [[[4.949175, 52.356696], [4.94759, 52.352399], [4.953003, 52.349867], [4.960002, 52.351634], [4.961589, 52.355931], [4.956175, 52.358463], [4.949175, 52.356696]]]}, "properties": {"h3": "8819695255fffff", "poi": 83, "richness": 10, "hill_q1": 6.5, "hill_q2": 4.855, "top_share": 0.361, "flagged": false, "dominant": "services_and_business", "dna": {"services_and_business": 0.361, "education": 0.205, "sports_and_recreation": 0.133, "community_and_government": 0.072, "food_and_drink": 0.06, "shopping": 0.06, "arts_and_entertainment": 0.036, "health_care": 0.036, "travel_and_transportation": 0.024, "lifestyle_services": 0.012}, "tfidf": {"services_and_business": 0.37, "education": 0.247, "sports_and_recreation": 0.151, "community_and_government": 0.094, "food_and_drink": 0.069, "shopping": 0.064, "arts_and_entertainment": 0.046, "health_care": 0.044, "travel_and_transportation": 0.028, "lifestyle_services": 0.014}, "cluster": -1}}, {"type": "Feature", "geometry": {"type": "Polygon", "coordinates": [[[4.953003, 52.349867], [4.951418, 52.345569], [4.95683, 52.343037], [4.963829, 52.344803], [4.965416, 52.349101], [4.960002, 52.351634], [4.953003, 52.349867]]]}, "properties": {"h3": "8819695257fffff", "poi": 15, "richness": 6, "hill_q1": 4.888, "hill_q2": 4.091, "top_share": 0.4, "flagged": false, "dominant": "sports_and_recreation", "dna": {"sports_and_recreation": 0.4, "services_and_business": 0.2, "arts_and_entertainment": 0.133, "shopping": 0.133, "health_care": 0.067, "travel_and_transportation": 0.067}, "tfidf": {"sports_and_recreation": 0.456, "services_and_business": 0.204, "arts_and_entertainment": 0.171, "shopping": 0.142, "health_care": 0.081, "travel_and_transportation": 0.076}, "cluster": -1}}, {"type": "Feature", "geometry": {"type": "Polygon", "coordinates": [[[4.970176, 52.361995], [4.968589, 52.357697], [4.974003, 52.355165], [4.981004, 52.35693], [4.982592, 52.361228], [4.977178, 52.36376], [4.970176, 52.361995]]]}, "properties": {"h3": "8819695259fffff", "poi": 63, "richness": 12, "hill_q1": 6.035, "hill_q2": 3.605, "top_share": 0.492, "flagged": false, "dominant": "services_and_business", "dna": {"services_and_business": 0.492, "shopping": 0.127, "geographic_entities": 0.079, "education": 0.063, "sports_and_recreation": 0.063, "arts_and_entertainment": 0.032, "lifestyle_services": 0.032, "lodging": 0.032, "travel_and_transportation": 0.032, "cultural_and_historic": 0.016, "food_and_drink": 0.016, "health_care": 0.016}, "tfidf": {"services_and_business": 0.503, "shopping": 0.135, "geographic_entities": 0.129, "education": 0.077, "sports_and_recreation": 0.072, "lodging": 0.049, "arts_and_entertainment": 0.041, "lifestyle_services": 0.038, "travel_and_transportation": 0.036, "cultural_and_historic": 0.022, "health_care": 0.019, "food_and_drink": 0.018}, "cluster": -1}}, {"type": "Feature", "geometry": {"type": "Polygon", "coordinates": [[[4.974003, 52.355165], [4.972416, 52.350867], [4.977829, 52.348334], [4.98483, 52.350099], [4.986418, 52.354397], [4.981004, 52.35693], [4.974003, 52.355165]]]}, "properties": {"h3": "881969525bfffff", "poi": 31, "richness": 9, "hill_q1": 7.284, "hill_q2": 6.45, "top_share": 0.226, "flagged": false, "dominant": "shopping", "dna": {"shopping": 0.226, "services_and_business": 0.194, "lifestyle_services": 0.161, "food_and_drink": 0.129, "sports_and_recreation": 0.129, "cultural_and_historic": 0.065, "arts_and_entertainment": 0.032, "community_and_government": 0.032, "travel_and_transportation": 0.032}, "tfidf": {"shopping": 0.24, "services_and_business": 0.198, "lifestyle_services": 0.191, "food_and_drink": 0.147, "sports_and_recreation": 0.147, "cultural_and_historic": 0.091, "community_and_government": 0.042, "arts_and_entertainment": 0.041, "travel_and_transportation": 0.037}, "cluster": -1}}, {"type": "Feature", "geometry": {"type": "Polygon", "coordinates": [[[4.957761, 52.36276], [4.956175, 52.358463], [4.961589, 52.355931], [4.968589, 52.357697], [4.970176, 52.361995], [4.964762, 52.364526], [4.957761, 52.36276]]]}, "properties": {"h3": "881969525dfffff", "poi": 10, "richness": 6, "hill_q1": 5.0, "hill_q2": 4.167, "top_share": 0.4, "flagged": false, "dominant": "geographic_entities", "dna": {"geographic_entities": 0.4, "community_and_government": 0.2, "cultural_and_historic": 0.1, "food_and_drink": 0.1, "lodging": 0.1, "services_and_business": 0.1}, "tfidf": {"geographic_entities": 0.653, "community_and_government": 0.26, "lodging": 0.156, "cultural_and_historic": 0.141, "food_and_drink": 0.114, "services_and_business": 0.102}, "cluster": -1}}, {"type": "Feature", "geometry": {"type": "Polygon", "coordinates": [[[4.908107, 52.365809], [4.906525, 52.361512], [4.911939, 52.358983], [4.918936, 52.360752], [4.920519, 52.365049], [4.915105, 52.367578], [4.908107, 52.365809]]]}, "properties": {"h3": "8819695261fffff", "poi": 432, "richness": 13, "hill_q1": 9.652, "hill_q2": 7.813, "top_share": 0.234, "flagged": false, "dominant": "services_and_business", "dna": {"services_and_business": 0.234, "education": 0.155, "food_and_drink": 0.134, "community_and_government": 0.113, "arts_and_entertainment": 0.081, "shopping": 0.063, "lodging": 0.051, "lifestyle_services": 0.046, "health_care": 0.03, "sports_and_recreation": 0.028, "travel_and_transportation": 0.028, "cultural_and_historic": 0.023, "geographic_entities": 0.014}, "tfidf": {"services_and_business": 0.239, "education": 0.187, "food_and_drink": 0.153, "community_and_government": 0.148, "arts_and_entertainment": 0.104, "lodging": 0.079, "shopping": 0.066, "lifestyle_services": 0.055, "health_care": 0.037, "cultural_and_historic": 0.033, "travel_and_transportation": 0.032, "sports_and_recreation": 0.032, "geographic_entities": 0.023}, "cluster": -1}}, {"type": "Feature", "geometry": {"type": "Polygon", "coordinates": [[[4.911939, 52.358983], [4.910356, 52.354686], [4.91577, 52.352156], [4.922767, 52.353925], [4.92435, 52.358222], [4.918936, 52.360752], [4.911939, 52.358983]]]}, "properties": {"h3": "8819695263fffff", "poi": 354, "richness": 12, "hill_q1": 8.305, "hill_q2": 6.668, "top_share": 0.254, "flagged": false, "dominant": "food_and_drink", "dna": {"food_and_drink": 0.254, "shopping": 0.181, "services_and_business": 0.172, "health_care": 0.079, "lifestyle_services": 0.076, "community_and_government": 0.065, "sports_and_recreation": 0.056, "education": 0.045, "arts_and_entertainment": 0.025, "travel_and_transportation": 0.023, "cultural_and_historic": 0.014, "lodging": 0.008}, "tfidf": {"food_and_drink": 0.29, "shopping": 0.192, "services_and_business": 0.176, "health_care": 0.096, "lifestyle_services": 0.09, "community_and_government": 0.085, "sports_and_recreation": 0.064, "education": 0.054, "arts_and_entertainment": 0.033, "travel_and_transportation": 0.026, "cultural_and_historic": 0.02, "lodging": 0.013}, "cluster": -1}}, {"type": "Feature", "geometry": {"type": "Polygon", "coordinates": [[[4.895695, 52.366568], [4.894114, 52.362271], [4.899528, 52.359743], [4.906525, 52.361512], [4.908107, 52.365809], [4.902692, 52.368337], [4.895695, 52.366568]]]}, "properties": {"h3": "8819695265fffff", "poi": 961, "richness": 13, "hill_q1": 9.499, "hill_q2": 7.439, "top_share": 0.22, "flagged": false, "dominant": "food_and_drink", "dna": {"food_and_drink": 0.22, "services_and_business": 0.212, "shopping": 0.134, "arts_and_entertainment": 0.098, "community_and_government": 0.058, "lodging": 0.054, "lifestyle_services": 0.039, "health_care": 0.035, "cultural_and_historic": 0.033, "education": 0.03, "travel_and_transportation": 0.03, "sports_and_recreation": 0.029, "geographic_entities": 0.027}, "tfidf": {"food_and_drink": 0.25, "services_and_business": 0.217, "shopping": 0.143, "arts_and_entertainment": 0.125, "lodging": 0.084, "community_and_government": 0.076, "cultural_and_historic": 0.047, "lifestyle_services": 0.045, "geographic_entities": 0.044, "health_care": 0.043, "education": 0.036, "travel_and_transportation": 0.034, "sports_and_recreation": 0.033}, "cluster": -1}}, {"type": "Feature", "geometry": {"type": "Polygon", "coordinates": [[[4.899528, 52.359743], [4.897947, 52.355445], [4.90336, 52.352917], [4.910356, 52.354686], [4.911939, 52.358983], [4.906525, 52.361512], [4.899528, 52.359743]]]}, "properties": {"h3": "8819695267fffff", "poi": 609, "richness": 13, "hill_q1": 9.334, "hill_q2": 7.283, "top_share": 0.241, "flagged": false, "dominant": "food_and_drink", "dna": {"food_and_drink": 0.241, "services_and_business": 0.205, "shopping": 0.117, "education": 0.076, "lifestyle_services": 0.071, "health_care": 0.057, "sports_and_recreation": 0.057, "lodging": 0.044, "community_and_government": 0.043, "travel_and_transportation": 0.033, "arts_and_entertainment": 0.026, "cultural_and_historic": 0.018, "geographic_entities": 0.011}, "tfidf": {"food_and_drink": 0.275, "services_and_business": 0.21, "shopping": 0.124, "education": 0.091, "lifestyle_services": 0.083, "health_care": 0.07, "lodging": 0.069, "sports_and_recreation": 0.065, "community_and_government": 0.056, "travel_and_transportation": 0.038, "arts_and_entertainment": 0.034, "cultural_and_historic": 0.025, "geographic_entities": 0.019}, "cluster": -1}}, {"type": "Feature", "geometry": {"type": "Polygon", "coordinates": [[[4.916688, 52.371875], [4.915105, 52.367578], [4.920519, 52.365049], [4.927518, 52.366817], [4.929102, 52.371114], [4.923687, 52.373643], [4.916688, 52.371875]]]}, "properties": {"h3": "8819695269fffff", "poi": 280, "richness": 13, "hill_q1": 8.613, "hill_q2": 5.895, "top_share": 0.346, "flagged": false, "dominant": "services_and_business", "dna": {"services_and_business": 0.346, "food_and_drink": 0.146, "shopping": 0.082, "arts_and_entertainment": 0.068, "lifestyle_services": 0.064, "health_care": 0.061, "sports_and_recreation": 0.057, "geographic_entities": 0.043, "community_and_government": 0.039, "education": 0.032, "travel_and_transportation": 0.029, "lodging": 0.018, "cultural_and_historic": 0.014}, "tfidf": {"services_and_business": 0.354, "food_and_drink": 0.167, "shopping": 0.087, "arts_and_entertainment": 0.087, "lifestyle_services": 0.076, "health_care": 0.074, "geographic_entities": 0.07, "sports_and_recreation": 0.065, "community_and_government": 0.051, "education": 0.039, "travel_and_transportation": 0.033, "lodging": 0.028, "cultural_and_historic": 0.02}, "cluster": -1}}, {"type": "Feature", "geometry": {"type": "Polygon", "coordinates": [[[4.920519, 52.365049], [4.918936, 52.360752], [4.92435, 52.358222], [4.931348, 52.35999], [4.932933, 52.364288], [4.927518, 52.366817], [4.920519, 52.365049]]]}, "properties": {"h3": "881969526bfffff", "poi": 441, "richness": 13, "hill_q1": 8.719, "hill_q2": 6.722, "top_share": 0.231, "flagged": false, "dominant": "food_and_drink", "dna": {"food_and_drink": 0.231, "shopping": 0.202, "services_and_business": 0.195, "lifestyle_services": 0.066, "health_care": 0.054, "community_and_government": 0.052, "arts_and_entertainment": 0.041, "education": 0.041, "sports_and_recreation": 0.036, "cultural_and_historic": 0.027, "lodging": 0.025, "travel_and_transportation": 0.02, "geographic_entities": 0.009}, "tfidf": {"food_and_drink": 0.264, "shopping": 0.215, "services_and_business": 0.199, "lifestyle_services": 0.078, "community_and_government": 0.068, "health_care": 0.066, "arts_and_entertainment": 0.052, "education": 0.049, "sports_and_recreation": 0.041, "lodging": 0.039, "cultural_and_historic": 0.038, "travel_and_transportation": 0.023, "geographic_entities": 0.015}, "cluster": -1}}, {"type": "Feature", "geometry": {"type": "Polygon", "coordinates": [[[4.904275, 52.372634], [4.902692, 52.368337], [4.908107, 52.365809], [4.915105, 52.367578], [4.916688, 52.371875], [4.911273, 52.374403], [4.904275, 52.372634]]]}, "properties": {"h3": "881969526dfffff", "poi": 534, "richness": 13, "hill_q1": 10.333, "hill_q2": 7.964, "top_share": 0.273, "flagged": false, "dominant": "services_and_business", "dna": {"services_and_business": 0.273, "food_and_drink": 0.094, "shopping": 0.094, "lodging": 0.092, "arts_and_entertainment": 0.086, "community_and_government": 0.066, "education": 0.052, "travel_and_transportation": 0.052, "lifestyle_services": 0.051, "sports_and_recreation": 0.043, "health_care": 0.037, "cultural_and_historic": 0.034, "geographic_entities": 0.026}, "tfidf": {"services_and_business": 0.28, "lodging": 0.143, "arts_and_entertainment": 0.11, "food_and_drink": 0.107, "shopping": 0.1, "community_and_government": 0.085, "education": 0.063, "travel_and_transportation": 0.06, "lifestyle_services": 0.06, "sports_and_recreation": 0.049, "cultural_and_historic": 0.047, "health_care": 0.046, "geographic_entities": 0.043}, "cluster": -1}}, {"type": "Feature", "geometry": {"type": "Polygon", "coordinates": [[[4.954971, 52.303574], [4.953386, 52.299273], [4.958795, 52.296738], [4.965789, 52.298504], [4.967375, 52.302805], [4.961965, 52.30534], [4.954971, 52.303574]]]}, "properties": {"h3": "8819695281fffff", "poi": 64, "richness": 12, "hill_q1": 8.665, "hill_q2": 6.649, "top_share": 0.297, "flagged": false, "dominant": "services_and_business", "dna": {"services_and_business": 0.297, "shopping": 0.141, "food_and_drink": 0.125, "travel_and_transportation": 0.094, "sports_and_recreation": 0.078, "community_and_government": 0.063, "cultural_and_historic": 0.047, "health_care": 0.047, "lifestyle_services": 0.047, "education": 0.031, "arts_and_entertainment": 0.016, "lodging": 0.016}, "tfidf": {"services_and_business": 0.304, "shopping": 0.149, "food_and_drink": 0.142, "travel_and_transportation": 0.107, "sports_and_recreation": 0.089, "community_and_government": 0.081, "cultural_and_historic": 0.066, "health_care": 0.057, "lifestyle_services": 0.055, "education": 0.038, "lodging": 0.024, "arts_and_entertainment": 0.02}, "cluster": -1}}, {"type": "Feature", "geometry": {"type": "Polygon", "coordinates": [[[4.958795, 52.296738], [4.957211, 52.292437], [4.962619, 52.289902], [4.969613, 52.291668], [4.971198, 52.295969], [4.965789, 52.298504], [4.958795, 52.296738]]]}, "properties": {"h3": "8819695283fffff", "poi": 47, "richness": 11, "hill_q1": 7.16, "hill_q2": 5.009, "top_share": 0.383, "flagged": false, "dominant": "education", "dna": {"education": 0.383, "health_care": 0.128, "services_and_business": 0.128, "community_and_government": 0.085, "food_and_drink": 0.064, "lifestyle_services": 0.064, "arts_and_entertainment": 0.043, "shopping": 0.043, "cultural_and_historic": 0.021, "sports_and_recreation": 0.021, "travel_and_transportation": 0.021}, "tfidf": {"education": 0.462, "health_care": 0.156, "services_and_business": 0.131, "community_and_government": 0.111, "lifestyle_services": 0.075, "food_and_drink": 0.073, "arts_and_entertainment": 0.054, "shopping": 0.045, "cultural_and_historic": 0.03, "travel_and_transportation": 0.024, "sports_and_recreation": 0.024}, "cluster": -1}}, {"type": "Feature", "geometry": {"type": "Polygon", "coordinates": [[[4.942568, 52.304341], [4.940984, 52.30004], [4.946393, 52.297506], [4.953386, 52.299273], [4.954971, 52.303574], [4.949561, 52.306108], [4.942568, 52.304341]]]}, "properties": {"h3": "8819695285fffff", "poi": 176, "richness": 12, "hill_q1": 6.198, "hill_q2": 3.692, "top_share": 0.489, "flagged": false, "dominant": "services_and_business", "dna": {"services_and_business": 0.489, "travel_and_transportation": 0.097, "health_care": 0.085, "food_and_drink": 0.063, "shopping": 0.057, "sports_and_recreation": 0.057, "education": 0.051, "cultural_and_historic": 0.034, "lifestyle_services": 0.028, "lodging": 0.017, "arts_and_entertainment": 0.011, "community_and_government": 0.011}, "tfidf": {"services_and_business": 0.5, "travel_and_transportation": 0.11, "health_care": 0.104, "food_and_drink": 0.071, "sports_and_recreation": 0.065, "education": 0.062, "shopping": 0.06, "cultural_and_historic": 0.048, "lifestyle_services": 0.034, "lodging": 0.027, "community_and_government": 0.015, "arts_and_entertainment": 0.015}, "cluster": -1}}, {"type": "Feature", "geometry": {"type": "Polygon", "coordinates": [[[4.946393, 52.297506], [4.944809, 52.293205], [4.950218, 52.29067], [4.957211, 52.292437], [4.958795, 52.296738], [4.953386, 52.299273], [4.946393, 52.297506]]]}, "properties": {"h3": "8819695287fffff", "poi": 154, "richness": 11, "hill_q1": 7.115, "hill_q2": 5.334, "top_share": 0.331, "flagged": false, "dominant": "services_and_business", "dna": {"services_and_business": 0.331, "health_care": 0.195, "shopping": 0.156, "education": 0.071, "food_and_drink": 0.058, "cultural_and_historic": 0.052, "travel_and_transportation": 0.045, "lifestyle_services": 0.032, "community_and_government": 0.026, "sports_and_recreation": 0.019, "arts_and_entertainment": 0.013}, "tfidf": {"services_and_business": 0.339, "health_care": 0.237, "shopping": 0.166, "education": 0.086, "cultural_and_historic": 0.073, "food_and_drink": 0.067, "travel_and_transportation": 0.052, "lifestyle_services": 0.038, "community_and_government": 0.034, "sports_and_recreation": 0.022, "arts_and_entertainment": 0.017}, "cluster": -1}}, {"type": "Feature", "geometry": {"type": "Polygon", "coordinates": [[[4.967375, 52.302805], [4.965789, 52.298504], [4.971198, 52.295969], [4.978193, 52.297734], [4.979779, 52.302035], [4.97437, 52.304571], [4.967375, 52.302805]]]}, "properties": {"h3": "881969528bfffff", "poi": 34, "richness": 11, "hill_q1": 9.154, "hill_q2": 7.811, "top_share": 0.235, "flagged": false, "dominant": "cultural_and_historic", "dna": {"cultural_and_historic": 0.235, "services_and_business": 0.147, "community_and_government": 0.118, "shopping": 0.118, "education": 0.088, "food_and_drink": 0.059, "lifestyle_services": 0.059, "lodging": 0.059, "sports_and_recreation": 0.059, "arts_and_entertainment": 0.029, "travel_and_transportation": 0.029}, "tfidf": {"cultural_and_historic": 0.331, "community_and_government": 0.153, "services_and_business": 0.15, "shopping": 0.125, "education": 0.106, "lodging": 0.092, "lifestyle_services": 0.07, "food_and_drink": 0.067, "sports_and_recreation": 0.067, "arts_and_entertainment": 0.038, "travel_and_transportation": 0.034}, "cluster": -1}}, {"type": "Feature", "geometry": {"type": "Polygon", "coordinates": [[[4.951146, 52.310408], [4.949561, 52.306108], [4.954971, 52.303574], [4.961965, 52.30534], [4.963551, 52.30964], [4.958141, 52.312175], [4.951146, 52.310408]]]}, "properties": {"h3": "881969528dfffff", "poi": 93, "richness": 12, "hill_q1": 9.21, "hill_q2": 7.274, "top_share": 0.28, "flagged": false, "dominant": "services_and_business", "dna": {"services_and_business": 0.28, "cultural_and_historic": 0.118, "education": 0.118, "community_and_government": 0.097, "shopping": 0.075, "arts_and_entertainment": 0.065, "lifestyle_services": 0.065, "food_and_drink": 0.054, "travel_and_transportation": 0.054, "health_care": 0.032, "lodging": 0.032, "sports_and_recreation": 0.011}, "tfidf": {"services_and_business": 0.286, "cultural_and_historic": 0.167, "education": 0.143, "community_and_government": 0.126, "arts_and_entertainment": 0.083, "shopping": 0.08, "lifestyle_services": 0.076, "travel_and_transportation": 0.061, "food_and_drink": 0.061, "lodging": 0.05, "health_care": 0.039, "sports_and_recreation": 0.012}, "cluster": -1}}, {"type": "Feature", "geometry": {"type": "Polygon", "coordinates": [[[4.962619, 52.289902], [4.961034, 52.2856], [4.966442, 52.283064], [4.973435, 52.28483], [4.975021, 52.289132], [4.969613, 52.291668], [4.962619, 52.289902]]]}, "properties": {"h3": "8819695295fffff", "poi": 12, "richness": 6, "hill_q1": 4.364, "hill_q2": 3.273, "top_share": 0.5, "flagged": true, "dominant": "sports_and_recreation", "dna": {"sports_and_recreation": 0.5, "geographic_entities": 0.167, "arts_and_entertainment": 0.083, "lodging": 0.083, "services_and_business": 0.083, "travel_and_transportation": 0.083}, "tfidf": {"sports_and_recreation": 0.57, "geographic_entities": 0.272, "lodging": 0.13, "arts_and_entertainment": 0.107, "travel_and_transportation": 0.095, "services_and_business": 0.085}, "cluster": -1}}, {"type": "Feature", "geometry": {"type": "Polygon", "coordinates": [[[4.966442, 52.283064], [4.964857, 52.278762], [4.970264, 52.276226], [4.977257, 52.277991], [4.978843, 52.282293], [4.973435, 52.28483], [4.966442, 52.283064]]]}, "properties": {"h3": "8819695297fffff", "poi": 90, "richness": 9, "hill_q1": 5.756, "hill_q2": 3.994, "top_share": 0.444, "flagged": false, "dominant": "services_and_business", "dna": {"services_and_business": 0.444, "shopping": 0.167, "travel_and_transportation": 0.089, "sports_and_recreation": 0.078, "lifestyle_services": 0.067, "arts_and_entertainment": 0.056, "health_care": 0.044, "food_and_drink": 0.033, "education": 0.022}, "tfidf": {"services_and_business": 0.454, "shopping": 0.177, "travel_and_transportation": 0.102, "sports_and_recreation": 0.089, "lifestyle_services": 0.079, "arts_and_entertainment": 0.071, "health_care": 0.054, "food_and_drink": 0.038, "education": 0.027}, "cluster": -1}}, {"type": "Feature", "geometry": {"type": "Polygon", "coordinates": [[[4.983602, 52.295198], [4.982015, 52.290897], [4.987423, 52.28836], [4.994419, 52.290125], [4.996006, 52.294426], [4.990597, 52.296963], [4.983602, 52.295198]]]}, "properties": {"h3": "8819695299fffff", "poi": 24, "richness": 10, "hill_q1": 7.636, "hill_q2": 6.128, "top_share": 0.292, "flagged": false, "dominant": "services_and_business", "dna": {"services_and_business": 0.292, "education": 0.167, "health_care": 0.167, "community_and_government": 0.083, "shopping": 0.083, "food_and_drink": 0.042, "geographic_entities": 0.042, "lifestyle_services": 0.042, "sports_and_recreation": 0.042, "travel_and_transportation": 0.042}, "tfidf": {"services_and_business": 0.298, "health_care": 0.203, "education": 0.201, "community_and_government": 0.108, "shopping": 0.089, "geographic_entities": 0.068, "lifestyle_services": 0.049, "travel_and_transportation": 0.048, "food_and_drink": 0.047, "sports_and_recreation": 0.047}, "cluster": -1}}, {"type": "Feature", "geometry": {"type": "Polygon", "coordinates": [[[4.971198, 52.295969], [4.969613, 52.291668], [4.975021, 52.289132], [4.982015, 52.290897], [4.983602, 52.295198], [4.978193, 52.297734], [4.971198, 52.295969]]]}, "properties": {"h3": "881969529dfffff", "poi": 115, "richness": 13, "hill_q1": 9.123, "hill_q2": 7.278, "top_share": 0.261, "flagged": false, "dominant": "shopping", "dna": {"shopping": 0.261, "services_and_business": 0.148, "food_and_drink": 0.122, "health_care": 0.113, "education": 0.087, "sports_and_recreation": 0.07, "lifestyle_services": 0.052, "travel_and_transportation": 0.043, "community_and_government": 0.035, "cultural_and_historic": 0.035, "geographic_entities": 0.017, "arts_and_entertainment": 0.009, "lodging": 0.009}, "tfidf": {"shopping": 0.277, "services_and_business": 0.151, "food_and_drink": 0.139, "health_care": 0.138, "education": 0.105, "sports_and_recreation": 0.079, "lifestyle_services": 0.062, "travel_and_transportation": 0.05, "cultural_and_historic": 0.049, "community_and_government": 0.045, "geographic_entities": 0.028, "lodging": 0.014, "arts_and_entertainment": 0.011}, "cluster": -1}}, {"type": "Feature", "geometry": {"type": "Polygon", "coordinates": [[[4.921591, 52.299037], [4.920009, 52.294736], [4.925418, 52.292203], [4.932409, 52.293971], [4.933992, 52.298272], [4.928583, 52.300806], [4.921591, 52.299037]]]}, "properties": {"h3": "88196952a1fffff", "poi": 10, "richness": 5, "hill_q1": 3.893, "hill_q2": 3.125, "top_share": 0.5, "flagged": true, "dominant": "services_and_business", "dna": {"services_and_business": 0.5, "lifestyle_services": 0.2, "community_and_government": 0.1, "food_and_drink": 0.1, "shopping": 0.1}, "tfidf": {"services_and_business": 0.511, "lifestyle_services": 0.236, "community_and_government": 0.13, "food_and_drink": 0.114, "shopping": 0.106}, "cluster": -1}}, {"type": "Feature", "geometry": {"type": "Polygon", "coordinates": [[[4.909191, 52.299801], [4.90761, 52.2955], [4.913019, 52.292968], [4.920009, 52.294736], [4.921591, 52.299037], [4.916182, 52.30157], [4.909191, 52.299801]]]}, "properties": {"h3": "88196952a5fffff", "poi": 52, "richness": 11, "hill_q1": 8.793, "hill_q2": 7.682, "top_share": 0.212, "flagged": false, "dominant": "services_and_business", "dna": {"services_and_business": 0.212, "shopping": 0.154, "education": 0.135, "sports_and_recreation": 0.135, "health_care": 0.096, "lifestyle_services": 0.096, "food_and_drink": 0.058, "cultural_and_historic": 0.038, "travel_and_transportation": 0.038, "arts_and_entertainment": 0.019, "community_and_government": 0.019}, "tfidf": {"services_and_business": 0.216, "shopping": 0.164, "education": 0.162, "sports_and_recreation": 0.153, "health_care": 0.117, "lifestyle_services": 0.114, "food_and_drink": 0.066, "cultural_and_historic": 0.054, "travel_and_transportation": 0.044, "community_and_government": 0.025, "arts_and_entertainment": 0.025}, "cluster": -1}}, {"type": "Feature", "geometry": {"type": "Polygon", "coordinates": [[[4.913019, 52.292968], [4.911438, 52.288666], [4.916846, 52.286133], [4.923836, 52.287902], [4.925418, 52.292203], [4.920009, 52.294736], [4.913019, 52.292968]]]}, "properties": {"h3": "88196952a7fffff", "poi": 17, "richness": 7, "hill_q1": 5.826, "hill_q2": 4.898, "top_share": 0.353, "flagged": false, "dominant": "services_and_business", "dna": {"services_and_business": 0.353, "sports_and_recreation": 0.176, "geographic_entities": 0.118, "lifestyle_services": 0.118, "travel_and_transportation": 0.118, "education": 0.059, "shopping": 0.059}, "tfidf": {"services_and_business": 0.361, "sports_and_recreation": 0.201, "geographic_entities": 0.192, "lifestyle_services": 0.139, "travel_and_transportation": 0.134, "education": 0.071, "shopping": 0.063}, "cluster": -1}}, {"type": "Feature", "geometry": {"type": "Polygon", "coordinates": [[[4.930165, 52.305106], [4.928583, 52.300806], [4.933992, 52.298272], [4.940984, 52.30004], [4.942568, 52.304341], [4.937158, 52.306874], [4.930165, 52.305106]]]}, "properties": {"h3": "88196952a9fffff", "poi": 109, "richness": 10, "hill_q1": 4.725, "hill_q2": 3.768, "top_share": 0.358, "flagged": false, "dominant": "services_and_business", "dna": {"services_and_business": 0.358, "shopping": 0.312, "travel_and_transportation": 0.183, "food_and_drink": 0.073, "cultural_and_historic": 0.018, "lifestyle_services": 0.018, "arts_and_entertainment": 0.009, "education": 0.009, "health_care": 0.009, "sports_and_recreation": 0.009}, "tfidf": {"services_and_business": 0.366, "shopping": 0.332, "travel_and_transportation": 0.21, "food_and_drink": 0.084, "cultural_and_historic": 0.026, "lifestyle_services": 0.022, "arts_and_entertainment": 0.012, "health_care": 0.011, "education": 0.011, "sports_and_recreation": 0.01}, "cluster": -1}}, {"type": "Feature", "geometry": {"type": "Polygon", "coordinates": [[[4.933992, 52.298272], [4.932409, 52.293971], [4.937818, 52.291437], [4.944809, 52.293205], [4.946393, 52.297506], [4.940984, 52.30004], [4.933992, 52.298272]]]}, "properties": {"h3": "88196952abfffff", "poi": 50, "richness": 7, "hill_q1": 4.181, "hill_q2": 3.289, "top_share": 0.4, "flagged": false, "dominant": "shopping", "dna": {"shopping": 0.4, "services_and_business": 0.36, "travel_and_transportation": 0.08, "cultural_and_historic": 0.06, "food_and_drink": 0.06, "lifestyle_services": 0.02, "sports_and_recreation": 0.02}, "tfidf": {"shopping": 0.425, "services_and_business": 0.368, "travel_and_transportation": 0.091, "cultural_and_historic": 0.084, "food_and_drink": 0.068, "lifestyle_services": 0.024, "sports_and_recreation": 0.023}, "cluster": -1}}, {"type": "Feature", "geometry": {"type": "Polygon", "coordinates": [[[4.917764, 52.305871], [4.916182, 52.30157], [4.921591, 52.299037], [4.928583, 52.300806], [4.930165, 52.305106], [4.924756, 52.307639], [4.917764, 52.305871]]]}, "properties": {"h3": "88196952adfffff", "poi": 15, "richness": 6, "hill_q1": 4.615, "hill_q2": 3.814, "top_share": 0.4, "flagged": false, "dominant": "services_and_business", "dna": {"services_and_business": 0.4, "sports_and_recreation": 0.267, "lifestyle_services": 0.133, "health_care": 0.067, "shopping": 0.067, "travel_and_transportation": 0.067}, "tfidf": {"services_and_business": 0.409, "sports_and_recreation": 0.304, "lifestyle_services": 0.158, "health_care": 0.081, "travel_and_transportation": 0.076, "shopping": 0.071}, "cluster": -1}}, {"type": "Feature", "geometry": {"type": "Polygon", "coordinates": [[[4.950218, 52.29067], [4.948634, 52.286369], [4.954042, 52.283833], [4.961034, 52.2856], [4.962619, 52.289902], [4.957211, 52.292437], [4.950218, 52.29067]]]}, "properties": {"h3": "88196952b9fffff", "poi": 11, "richness": 5, "hill_q1": 3.649, "hill_q2": 2.814, "top_share": 0.545, "flagged": true, "dominant": "sports_and_recreation", "dna": {"sports_and_recreation": 0.545, "education": 0.182, "community_and_government": 0.091, "food_and_drink": 0.091, "services_and_business": 0.091}, "tfidf": {"sports_and_recreation": 0.622, "education": 0.219, "community_and_government": 0.118, "food_and_drink": 0.104, "services_and_business": 0.093}, "cluster": -1}}, {"type": "Feature", "geometry": {"type": "Polygon", "coordinates": [[[4.937818, 52.291437], [4.936235, 52.287136], [4.941643, 52.284601], [4.948634, 52.286369], [4.950218, 52.29067], [4.944809, 52.293205], [4.937818, 52.291437]]]}, "properties": {"h3": "88196952bdfffff", "poi": 12, "richness": 8, "hill_q1": 6.735, "hill_q2": 5.538, "top_share": 0.333, "flagged": false, "dominant": "food_and_drink", "dna": {"food_and_drink": 0.333, "sports_and_recreation": 0.167, "education": 0.083, "geographic_entities": 0.083, "health_care": 0.083, "lifestyle_services": 0.083, "lodging": 0.083, "travel_and_transportation": 0.083}, "tfidf": {"food_and_drink": 0.38, "sports_and_recreation": 0.19, "geographic_entities": 0.136, "lodging": 0.13, "health_care": 0.102, "education": 0.1, "lifestyle_services": 0.098, "travel_and_transportation": 0.095}, "cluster": -1}}, {"type": "Feature", "geometry": {"type": "Polygon", "coordinates": [[[4.968308, 52.322541], [4.966722, 52.318241], [4.972133, 52.315707], [4.979129, 52.317472], [4.980716, 52.321772], [4.975305, 52.324306], [4.968308, 52.322541]]]}, "properties": {"h3": "88196952c1fffff", "poi": 155, "richness": 13, "hill_q1": 10.003, "hill_q2": 8.727, "top_share": 0.194, "flagged": false, "dominant": "services_and_business", "dna": {"services_and_business": 0.194, "shopping": 0.142, "health_care": 0.123, "cultural_and_historic": 0.116, "food_and_drink": 0.097, "lifestyle_services": 0.09, "education": 0.065, "travel_and_transportation": 0.052, "community_and_government": 0.039, "sports_and_recreation": 0.039, "arts_and_entertainment": 0.032, "geographic_entities": 0.006, "lodging": 0.006}, "tfidf": {"services_and_business": 0.198, "cultural_and_historic": 0.164, "shopping": 0.151, "health_care": 0.149, "food_and_drink": 0.11, "lifestyle_services": 0.107, "education": 0.078, "travel_and_transportation": 0.059, "community_and_government": 0.05, "sports_and_recreation": 0.044, "arts_and_entertainment": 0.041, "geographic_entities": 0.011, "lodging": 0.01}, "cluster": -1}}, {"type": "Feature", "geometry": {"type": "Polygon", "coordinates": [[[4.972133, 52.315707], [4.970546, 52.311406], [4.975956, 52.308871], [4.982953, 52.310637], [4.98454, 52.314937], [4.979129, 52.317472], [4.972133, 52.315707]]]}, "properties": {"h3": "88196952c3fffff", "poi": 96, "richness": 12, "hill_q1": 9.239, "hill_q2": 7.579, "top_share": 0.25, "flagged": false, "dominant": "services_and_business", "dna": {"services_and_business": 0.25, "cultural_and_historic": 0.146, "shopping": 0.135, "food_and_drink": 0.083, "travel_and_transportation": 0.083, "health_care": 0.073, "lifestyle_services": 0.063, "community_and_government": 0.052, "arts_and_entertainment": 0.042, "sports_and_recreation": 0.042, "education": 0.021, "lodging": 0.01}, "tfidf": {"services_and_business": 0.256, "cultural_and_historic": 0.205, "shopping": 0.144, "travel_and_transportation": 0.095, "food_and_drink": 0.095, "health_care": 0.089, "lifestyle_services": 0.074, "community_and_government": 0.068, "arts_and_entertainment": 0.053, "sports_and_recreation": 0.047, "education": 0.025, "lodging": 0.016}, "cluster": -1}}, {"type": "Feature", "geometry": {"type": "Polygon", "coordinates": [[[4.9559, 52.323308], [4.954315, 52.319008], [4.959726, 52.316475], [4.966722, 52.318241], [4.968308, 52.322541], [4.962897, 52.325074], [4.9559, 52.323308]]]}, "properties": {"h3": "88196952c5fffff", "poi": 113, "richness": 13, "hill_q1": 8.989, "hill_q2": 6.613, "top_share": 0.31, "flagged": false, "dominant": "services_and_business", "dna": {"services_and_business": 0.31, "food_and_drink": 0.142, "sports_and_recreation": 0.088, "education": 0.08, "lifestyle_services": 0.08, "cultural_and_historic": 0.071, "travel_and_transportation": 0.062, "health_care": 0.044, "shopping": 0.044, "community_and_government": 0.035, "arts_and_entertainment": 0.018, "lodging": 0.018, "geographic_entities": 0.009}, "tfidf": {"services_and_business": 0.317, "food_and_drink": 0.161, "sports_and_recreation": 0.101, "cultural_and_historic": 0.1, "education": 0.096, "lifestyle_services": 0.094, "travel_and_transportation": 0.071, "health_care": 0.054, "shopping": 0.047, "community_and_government": 0.046, "lodging": 0.028, "arts_and_entertainment": 0.023, "geographic_entities": 0.014}, "cluster": -1}}, {"type": "Feature", "geometry": {"type": "Polygon", "coordinates": [[[4.959726, 52.316475], [4.958141, 52.312175], [4.963551, 52.30964], [4.970546, 52.311406], [4.972133, 52.315707], [4.966722, 52.318241], [4.959726, 52.316475]]]}, "properties": {"h3": "88196952c7fffff", "poi": 33, "richness": 10, "hill_q1": 7.855, "hill_q2": 6.295, "top_share": 0.303, "flagged": false, "dominant": "sports_and_recreation", "dna": {"sports_and_recreation": 0.303, "arts_and_entertainment": 0.152, "education": 0.121, "lifestyle_services": 0.091, "services_and_business": 0.091, "community_and_government": 0.061, "cultural_and_historic": 0.061, "shopping": 0.061, "food_and_drink": 0.03, "travel_and_transportation": 0.03}, "tfidf": {"sports_and_recreation": 0.345, "arts_and_entertainment": 0.194, "education": 0.146, "lifestyle_services": 0.107, "services_and_business": 0.093, "cultural_and_historic": 0.085, "community_and_government": 0.079, "shopping": 0.064, "travel_and_transportation": 0.035, "food_and_drink": 0.035}, "cluster": -1}}, {"type": "Feature", "geometry": {"type": "Polygon", "coordinates": [[[4.976892, 52.328606], [4.975305, 52.324306], [4.980716, 52.321772], [4.987715, 52.323537], [4.989302, 52.327836], [4.983891, 52.330371], [4.976892, 52.328606]]]}, "properties": {"h3": "88196952c9fffff", "poi": 22, "richness": 10, "hill_q1": 8.253, "hill_q2": 7.118, "top_share": 0.227, "flagged": false, "dominant": "sports_and_recreation", "dna": {"sports_and_recreation": 0.227, "services_and_business": 0.182, "cultural_and_historic": 0.136, "food_and_drink": 0.136, "health_care": 0.091, "arts_and_entertainment": 0.045, "community_and_government": 0.045, "education": 0.045, "lodging": 0.045, "shopping": 0.045}, "tfidf": {"sports_and_recreation": 0.259, "cultural_and_historic": 0.192, "services_and_business": 0.186, "food_and_drink": 0.155, "health_care": 0.111, "lodging": 0.071, "community_and_government": 0.059, "arts_and_entertainment": 0.058, "education": 0.055, "shopping": 0.048}, "cluster": -1}}, {"type": "Feature", "geometry": {"type": "Polygon", "coordinates": [[[4.980716, 52.321772], [4.979129, 52.317472], [4.98454, 52.314937], [4.991538, 52.316702], [4.993126, 52.321002], [4.987715, 52.323537], [4.980716, 52.321772]]]}, "properties": {"h3": "88196952cbfffff", "poi": 32, "richness": 10, "hill_q1": 8.86, "hill_q2": 8.0, "top_share": 0.188, "flagged": false, "dominant": "lifestyle_services", "dna": {"lifestyle_services": 0.188, "services_and_business": 0.188, "sports_and_recreation": 0.125, "community_and_government": 0.094, "education": 0.094, "shopping": 0.094, "cultural_and_historic": 0.063, "health_care": 0.063, "travel_and_transportation": 0.063, "lodging": 0.031}, "tfidf": {"lifestyle_services": 0.222, "services_and_business": 0.192, "sports_and_recreation": 0.142, "community_and_government": 0.122, "education": 0.113, "shopping": 0.1, "cultural_and_historic": 0.088, "health_care": 0.076, "travel_and_transportation": 0.071, "lodging": 0.049}, "cluster": -1}}, {"type": "Feature", "geometry": {"type": "Polygon", "coordinates": [[[4.964483, 52.329374], [4.962897, 52.325074], [4.968308, 52.322541], [4.975305, 52.324306], [4.976892, 52.328606], [4.971481, 52.33114], [4.964483, 52.329374]]]}, "properties": {"h3": "88196952cdfffff", "poi": 32, "richness": 10, "hill_q1": 9.115, "hill_q2": 8.533, "top_share": 0.156, "flagged": false, "dominant": "cultural_and_historic", "dna": {"cultural_and_historic": 0.156, "services_and_business": 0.156, "education": 0.125, "health_care": 0.125, "travel_and_transportation": 0.125, "community_and_government": 0.094, "arts_and_entertainment": 0.063, "food_and_drink": 0.063, "sports_and_recreation": 0.063, "shopping": 0.031}, "tfidf": {"cultural_and_historic": 0.22, "services_and_business": 0.16, "health_care": 0.152, "education": 0.151, "travel_and_transportation": 0.143, "community_and_government": 0.122, "arts_and_entertainment": 0.08, "food_and_drink": 0.071, "sports_and_recreation": 0.071, "shopping": 0.033}, "cluster": -1}}, {"type": "Feature", "geometry": {"type": "Polygon", "coordinates": [[[4.992185, 52.301264], [4.990597, 52.296963], [4.996006, 52.294426], [5.003003, 52.296191], [5.004591, 52.300492], [4.999182, 52.303029], [4.992185, 52.301264]]]}, "properties": {"h3": "88196952d3fffff", "poi": 19, "richness": 8, "hill_q1": 6.775, "hill_q2": 5.73, "top_share": 0.316, "flagged": false, "dominant": "services_and_business", "dna": {"services_and_business": 0.316, "lifestyle_services": 0.158, "education": 0.105, "food_and_drink": 0.105, "lodging": 0.105, "sports_and_recreation": 0.105, "health_care": 0.053, "travel_and_transportation": 0.053}, "tfidf": {"services_and_business": 0.323, "lifestyle_services": 0.187, "lodging": 0.164, "education": 0.127, "food_and_drink": 0.12, "sports_and_recreation": 0.12, "health_care": 0.064, "travel_and_transportation": 0.06}, "cluster": -1}}, {"type": "Feature", "geometry": {"type": "Polygon", "coordinates": [[[4.975956, 52.308871], [4.97437, 52.304571], [4.979779, 52.302035], [4.986775, 52.3038], [4.988363, 52.308101], [4.982953, 52.310637], [4.975956, 52.308871]]]}, "properties": {"h3": "88196952d5fffff", "poi": 35, "richness": 10, "hill_q1": 6.562, "hill_q2": 4.96, "top_share": 0.343, "flagged": false, "dominant": "services_and_business", "dna": {"services_and_business": 0.343, "sports_and_recreation": 0.229, "health_care": 0.114, "arts_and_entertainment": 0.086, "travel_and_transportation": 0.086, "cultural_and_historic": 0.029, "education": 0.029, "food_and_drink": 0.029, "lifestyle_services": 0.029, "shopping": 0.029}, "tfidf": {"services_and_business": 0.351, "sports_and_recreation": 0.26, "health_care": 0.139, "arts_and_entertainment": 0.11, "travel_and_transportation": 0.098, "cultural_and_historic": 0.04, "education": 0.034, "lifestyle_services": 0.034, "food_and_drink": 0.033, "shopping": 0.03}, "cluster": -1}}, {"type": "Feature", "geometry": {"type": "Polygon", "coordinates": [[[4.979779, 52.302035], [4.978193, 52.297734], [4.983602, 52.295198], [4.990597, 52.296963], [4.992185, 52.301264], [4.986775, 52.3038], [4.979779, 52.302035]]]}, "properties": {"h3": "88196952d7fffff", "poi": 43, "richness": 11, "hill_q1": 8.545, "hill_q2": 7.195, "top_share": 0.233, "flagged": false, "dominant": "services_and_business", "dna": {"services_and_business": 0.233, "shopping": 0.186, "food_and_drink": 0.14, "community_and_government": 0.093, "education": 0.093, "health_care": 0.07, "sports_and_recreation": 0.07, "cultural_and_historic": 0.047, "arts_and_entertainment": 0.023, "lodging": 0.023, "travel_and_transportation": 0.023}, "tfidf": {"services_and_business": 0.238, "shopping": 0.198, "food_and_drink": 0.159, "community_and_government": 0.121, "education": 0.112, "health_care": 0.085, "sports_and_recreation": 0.079, "cultural_and_historic": 0.065, "lodging": 0.036, "arts_and_entertainment": 0.03, "travel_and_transportation": 0.027}, "cluster": -1}}, {"type": "Feature", "geometry": {"type": "Polygon", "coordinates": [[[4.98454, 52.314937], [4.982953, 52.310637], [4.988363, 52.308101], [4.99536, 52.309866], [4.996948, 52.314166], [4.991538, 52.316702], [4.98454, 52.314937]]]}, "properties": {"h3": "88196952ddfffff", "poi": 19, "richness": 9, "hill_q1": 7.492, "hill_q2": 6.564, "top_share": 0.211, "flagged": false, "dominant": "services_and_business", "dna": {"services_and_business": 0.211, "sports_and_recreation": 0.211, "health_care": 0.158, "lodging": 0.158, "community_and_government": 0.053, "food_and_drink": 0.053, "lifestyle_services": 0.053, "shopping": 0.053, "travel_and_transportation": 0.053}, "tfidf": {"lodging": 0.246, "sports_and_recreation": 0.24, "services_and_business": 0.215, "health_care": 0.192, "community_and_government": 0.069, "lifestyle_services": 0.062, "travel_and_transportation": 0.06, "food_and_drink": 0.06, "shopping": 0.056}, "cluster": -1}}, {"type": "Feature", "geometry": {"type": "Polygon", "coordinates": [[[4.934915, 52.318007], [4.933331, 52.313707], [4.938742, 52.311174], [4.945736, 52.312942], [4.94732, 52.317242], [4.941909, 52.319775], [4.934915, 52.318007]]]}, "properties": {"h3": "88196952e1fffff", "poi": 217, "richness": 11, "hill_q1": 5.791, "hill_q2": 4.657, "top_share": 0.3, "flagged": false, "dominant": "services_and_business", "dna": {"services_and_business": 0.3, "shopping": 0.281, "food_and_drink": 0.161, "arts_and_entertainment": 0.124, "sports_and_recreation": 0.055, "travel_and_transportation": 0.028, "community_and_government": 0.018, "lodging": 0.014, "lifestyle_services": 0.009, "cultural_and_historic": 0.005, "health_care": 0.005}, "tfidf": {"services_and_business": 0.306, "shopping": 0.299, "food_and_drink": 0.184, "arts_and_entertainment": 0.159, "sports_and_recreation": 0.063, "travel_and_transportation": 0.032, "community_and_government": 0.024, "lodging": 0.022, "lifestyle_services": 0.011, "cultural_and_historic": 0.006, "health_care": 0.006}, "cluster": -1}}, {"type": "Feature", "geometry": {"type": "Polygon", "coordinates": [[[4.938742, 52.311174], [4.937158, 52.306874], [4.942568, 52.304341], [4.949561, 52.306108], [4.951146, 52.310408], [4.945736, 52.312942], [4.938742, 52.311174]]]}, "properties": {"h3": "88196952e3fffff", "poi": 335, "richness": 12, "hill_q1": 5.203, "hill_q2": 2.965, "top_share": 0.558, "flagged": true, "dominant": "services_and_business", "dna": {"services_and_business": 0.558, "travel_and_transportation": 0.09, "food_and_drink": 0.075, "shopping": 0.072, "health_care": 0.057, "arts_and_entertainment": 0.039, "sports_and_recreation": 0.027, "education": 0.021, "community_and_government": 0.018, "cultural_and_historic": 0.018, "lodging": 0.018, "lifestyle_services": 0.009}, "tfidf": {"services_and_business": 0.571, "travel_and_transportation": 0.102, "food_and_drink": 0.085, "shopping": 0.076, "health_care": 0.069, "arts_and_entertainment": 0.05, "sports_and_recreation": 0.031, "lodging": 0.028, "cultural_and_historic": 0.025, "education": 0.025, "community_and_government": 0.023, "lifestyle_services": 0.011}, "cluster": -1}}, {"type": "Feature", "geometry": {"type": "Polygon", "coordinates": [[[4.92251, 52.318771], [4.920928, 52.314471], [4.926338, 52.311939], [4.933331, 52.313707], [4.934915, 52.318007], [4.929504, 52.320539], [4.92251, 52.318771]]]}, "properties": {"h3": "88196952e5fffff", "poi": 12, "richness": 7, "hill_q1": 4.899, "hill_q2": 3.429, "top_share": 0.5, "flagged": true, "dominant": "sports_and_recreation", "dna": {"sports_and_recreation": 0.5, "arts_and_entertainment": 0.083, "education": 0.083, "food_and_drink": 0.083, "lodging": 0.083, "shopping": 0.083, "travel_and_transportation": 0.083}, "tfidf": {"sports_and_recreation": 0.57, "lodging": 0.13, "arts_and_entertainment": 0.107, "education": 0.1, "travel_and_transportation": 0.095, "food_and_drink": 0.095, "shopping": 0.089}, "cluster": -1}}, {"type": "Feature", "geometry": {"type": "Polygon", "coordinates": [[[4.926338, 52.311939], [4.924756, 52.307639], [4.930165, 52.305106], [4.937158, 52.306874], [4.938742, 52.311174], [4.933331, 52.313707], [4.926338, 52.311939]]]}, "properties": {"h3": "88196952e7fffff", "poi": 113, "richness": 11, "hill_q1": 4.096, "hill_q2": 2.706, "top_share": 0.558, "flagged": true, "dominant": "services_and_business", "dna": {"services_and_business": 0.558, "shopping": 0.221, "community_and_government": 0.08, "travel_and_transportation": 0.044, "arts_and_entertainment": 0.018, "cultural_and_historic": 0.018, "education": 0.018, "lifestyle_services": 0.018, "geographic_entities": 0.009, "health_care": 0.009, "sports_and_recreation": 0.009}, "tfidf": {"services_and_business": 0.57, "shopping": 0.235, "community_and_government": 0.104, "travel_and_transportation": 0.051, "cultural_and_historic": 0.025, "arts_and_entertainment": 0.023, "education": 0.021, "lifestyle_services": 0.021, "geographic_entities": 0.014, "health_care": 0.011, "sports_and_recreation": 0.01}, "cluster": -1}}, {"type": "Feature", "geometry": {"type": "Polygon", "coordinates": [[[4.943493, 52.324074], [4.941909, 52.319775], [4.94732, 52.317242], [4.954315, 52.319008], [4.9559, 52.323308], [4.950489, 52.325841], [4.943493, 52.324074]]]}, "properties": {"h3": "88196952e9fffff", "poi": 60, "richness": 11, "hill_q1": 7.381, "hill_q2": 5.607, "top_share": 0.3, "flagged": false, "dominant": "services_and_business", "dna": {"services_and_business": 0.3, "education": 0.233, "shopping": 0.133, "cultural_and_historic": 0.067, "community_and_government": 0.05, "food_and_drink": 0.05, "health_care": 0.05, "sports_and_recreation": 0.05, "travel_and_transportation": 0.033, "arts_and_entertainment": 0.017, "geographic_entities": 0.017}, "tfidf": {"services_and_business": 0.307, "education": 0.281, "shopping": 0.142, "cultural_and_historic": 0.094, "community_and_government": 0.065, "health_care": 0.061, "food_and_drink": 0.057, "sports_and_recreation": 0.057, "travel_and_transportation": 0.038, "geographic_entities": 0.027, "arts_and_entertainment": 0.021}, "cluster": -1}}, {"type": "Feature", "geometry": {"type": "Polygon", "coordinates": [[[4.94732, 52.317242], [4.945736, 52.312942], [4.951146, 52.310408], [4.958141, 52.312175], [4.959726, 52.316475], [4.954315, 52.319008], [4.94732, 52.317242]]]}, "properties": {"h3": "88196952ebfffff", "poi": 327, "richness": 13, "hill_q1": 8.206, "hill_q2": 6.267, "top_share": 0.287, "flagged": false, "dominant": "shopping", "dna": {"shopping": 0.287, "food_and_drink": 0.174, "services_and_business": 0.165, "travel_and_transportation": 0.067, "education": 0.064, "lifestyle_services": 0.064, "community_and_government": 0.058, "sports_and_recreation": 0.034, "health_care": 0.031, "arts_and_entertainment": 0.028, "cultural_and_historic": 0.012, "lodging": 0.012, "geographic_entities": 0.003}, "tfidf": {"shopping": 0.306, "food_and_drink": 0.199, "services_and_business": 0.169, "education": 0.077, "travel_and_transportation": 0.077, "lifestyle_services": 0.076, "community_and_government": 0.076, "sports_and_recreation": 0.038, "health_care": 0.037, "arts_and_entertainment": 0.035, "lodging": 0.019, "cultural_and_historic": 0.017, "geographic_entities": 0.005}, "cluster": -1}}, {"type": "Feature", "geometry": {"type": "Polygon", "coordinates": [[[4.931087, 52.324839], [4.929504, 52.320539], [4.934915, 52.318007], [4.941909, 52.319775], [4.943493, 52.324074], [4.938082, 52.326607], [4.931087, 52.324839]]]}, "properties": {"h3": "88196952edfffff", "poi": 26, "richness": 10, "hill_q1": 8.178, "hill_q2": 7.042, "top_share": 0.231, "flagged": false, "dominant": "sports_and_recreation", "dna": {"sports_and_recreation": 0.231, "travel_and_transportation": 0.192, "food_and_drink": 0.115, "services_and_business": 0.115, "shopping": 0.115, "education": 0.077, "community_and_government": 0.038, "cultural_and_historic": 0.038, "geographic_entities": 0.038, "lifestyle_services": 0.038}, "tfidf": {"sports_and_recreation": 0.263, "travel_and_transportation": 0.22, "food_and_drink": 0.131, "shopping": 0.123, "services_and_business": 0.118, "education": 0.093, "geographic_entities": 0.063, "cultural_and_historic": 0.054, "community_and_government": 0.05, "lifestyle_services": 0.045}, "cluster": -1}}, {"type": "Feature", "geometry": {"type": "Polygon", "coordinates": [[[4.841323, 52.356698], [4.839746, 52.3524], [4.84516, 52.349875], [4.852151, 52.351647], [4.853729, 52.355944], [4.848315, 52.35847], [4.841323, 52.356698]]]}, "properties": {"h3": "8819695301fffff", "poi": 320, "richness": 13, "hill_q1": 8.18, "hill_q2": 6.226, "top_share": 0.25, "flagged": false, "dominant": "services_and_business", "dna": {"services_and_business": 0.25, "shopping": 0.247, "food_and_drink": 0.125, "lifestyle_services": 0.1, "health_care": 0.066, "sports_and_recreation": 0.053, "education": 0.044, "travel_and_transportation": 0.028, "arts_and_entertainment": 0.022, "community_and_government": 0.022, "cultural_and_historic": 0.022, "geographic_entities": 0.016, "lodging": 0.006}, "tfidf": {"shopping": 0.262, "services_and_business": 0.256, "food_and_drink": 0.142, "lifestyle_services": 0.118, "health_care": 0.08, "sports_and_recreation": 0.061, "education": 0.053, "travel_and_transportation": 0.032, "cultural_and_historic": 0.031, "community_and_government": 0.028, "arts_and_entertainment": 0.028, "geographic_entities": 0.025, "lodging": 0.01}, "cluster": -1}}, {"type": "Feature", "geometry": {"type": "Polygon", "coordinates": [[[4.84516, 52.349875], [4.843583, 52.345576], [4.848996, 52.34305], [4.855986, 52.344822], [4.857565, 52.34912], [4.852151, 52.351647], [4.84516, 52.349875]]]}, "properties": {"h3": "8819695303fffff", "poi": 268, "richness": 13, "hill_q1": 9.442, "hill_q2": 7.405, "top_share": 0.261, "flagged": false, "dominant": "services_and_business", "dna": {"services_and_business": 0.261, "shopping": 0.149, "food_and_drink": 0.138, "lifestyle_services": 0.086, "health_care": 0.067, "travel_and_transportation": 0.063, "arts_and_entertainment": 0.056, "sports_and_recreation": 0.049, "lodging": 0.041, "community_and_government": 0.037, "education": 0.026, "geographic_entities": 0.015, "cultural_and_historic": 0.011}, "tfidf": {"services_and_business": 0.267, "shopping": 0.159, "food_and_drink": 0.157, "lifestyle_services": 0.101, "health_care": 0.082, "travel_and_transportation": 0.072, "arts_and_entertainment": 0.072, "lodging": 0.064, "sports_and_recreation": 0.055, "community_and_government": 0.049, "education": 0.031, "geographic_entities": 0.024, "cultural_and_historic": 0.016}, "cluster": -1}}, {"type": "Feature", "geometry": {"type": "Polygon", "coordinates": [[[4.828918, 52.35745], [4.827342, 52.353152], [4.832756, 52.350627], [4.839746, 52.3524], [4.841323, 52.356698], [4.835909, 52.359223], [4.828918, 52.35745]]]}, "properties": {"h3": "8819695305fffff", "poi": 129, "richness": 13, "hill_q1": 9.73, "hill_q2": 7.701, "top_share": 0.24, "flagged": false, "dominant": "services_and_business", "dna": {"services_and_business": 0.24, "food_and_drink": 0.155, "shopping": 0.155, "travel_and_transportation": 0.093, "education": 0.054, "health_care": 0.054, "arts_and_entertainment": 0.047, "community_and_government": 0.047, "lifestyle_services": 0.039, "sports_and_recreation": 0.039, "cultural_and_historic": 0.031, "geographic_entities": 0.031, "lodging": 0.016}, "tfidf": {"services_and_business": 0.246, "food_and_drink": 0.177, "shopping": 0.165, "travel_and_transportation": 0.106, "health_care": 0.066, "education": 0.065, "community_and_government": 0.061, "arts_and_entertainment": 0.06, "geographic_entities": 0.051, "lifestyle_services": 0.046, "sports_and_recreation": 0.044, "cultural_and_historic": 0.044, "lodging": 0.024}, "cluster": -1}}, {"type": "Feature", "geometry": {"type": "Polygon", "coordinates": [[[4.832756, 52.350627], [4.831179, 52.346329], [4.836592, 52.343804], [4.843583, 52.345576], [4.84516, 52.349875], [4.839746, 52.3524], [4.832756, 52.350627]]]}, "properties": {"h3": "8819695307fffff", "poi": 214, "richness": 13, "hill_q1": 9.065, "hill_q2": 6.829, "top_share": 0.29, "flagged": false, "dominant": "services_and_business", "dna": {"services_and_business": 0.29, "shopping": 0.159, "education": 0.098, "food_and_drink": 0.093, "health_care": 0.084, "travel_and_transportation": 0.065, "community_and_government": 0.051, "sports_and_recreation": 0.047, "lifestyle_services": 0.033, "arts_and_entertainment": 0.023, "lodging": 0.023, "cultural_and_historic": 0.019, "geographic_entities": 0.014}, "tfidf": {"services_and_business": 0.296, "shopping": 0.169, "education": 0.118, "food_and_drink": 0.106, "health_care": 0.103, "travel_and_transportation": 0.075, "community_and_government": 0.067, "sports_and_recreation": 0.053, "lifestyle_services": 0.039, "lodging": 0.036, "arts_and_entertainment": 0.03, "cultural_and_historic": 0.026, "geographic_entities": 0.023}, "cluster": -1}}, {"type": "Feature", "geometry": {"type": "Polygon", "coordinates": [[[4.849893, 52.362767], [4.848315, 52.35847], [4.853729, 52.355944], [4.860722, 52.357716], [4.862301, 52.362013], [4.856886, 52.364539], [4.849893, 52.362767]]]}, "properties": {"h3": "8819695309fffff", "poi": 327, "richness": 13, "hill_q1": 9.33, "hill_q2": 7.333, "top_share": 0.229, "flagged": false, "dominant": "services_and_business", "dna": {"services_and_business": 0.229, "food_and_drink": 0.214, "shopping": 0.11, "lifestyle_services": 0.098, "health_care": 0.064, "education": 0.055, "community_and_government": 0.052, "sports_and_recreation": 0.052, "arts_and_entertainment": 0.043, "travel_and_transportation": 0.028, "cultural_and_historic": 0.024, "lodging": 0.018, "geographic_entities": 0.012}, "tfidf": {"food_and_drink": 0.244, "services_and_business": 0.234, "shopping": 0.117, "lifestyle_services": 0.116, "health_care": 0.078, "community_and_government": 0.068, "education": 0.066, "sports_and_recreation": 0.059, "arts_and_entertainment": 0.055, "cultural_and_historic": 0.034, "travel_and_transportation": 0.031, "lodging": 0.029, "geographic_entities": 0.02}, "cluster": -1}}, {"type": "Feature", "geometry": {"type": "Polygon", "coordinates": [[[4.853729, 52.355944], [4.852151, 52.351647], [4.857565, 52.34912], [4.864557, 52.350892], [4.866136, 52.355189], [4.860722, 52.357716], [4.853729, 52.355944]]]}, "properties": {"h3": "881969530bfffff", "poi": 428, "richness": 13, "hill_q1": 7.568, "hill_q2": 5.6, "top_share": 0.292, "flagged": false, "dominant": "services_and_business", "dna": {"services_and_business": 0.292, "food_and_drink": 0.241, "shopping": 0.138, "lifestyle_services": 0.084, "health_care": 0.068, "sports_and_recreation": 0.037, "arts_and_entertainment": 0.033, "community_and_government": 0.026, "education": 0.026, "lodging": 0.023, "travel_and_transportation": 0.014, "cultural_and_historic": 0.009, "geographic_entities": 0.009}, "tfidf": {"services_and_business": 0.299, "food_and_drink": 0.274, "shopping": 0.147, "lifestyle_services": 0.099, "health_care": 0.083, "sports_and_recreation": 0.043, "arts_and_entertainment": 0.042, "lodging": 0.036, "community_and_government": 0.033, "education": 0.031, "travel_and_transportation": 0.016, "geographic_entities": 0.015, "cultural_and_historic": 0.013}, "cluster": -1}}, {"type": "Feature", "geometry": {"type": "Polygon", "coordinates": [[[4.837486, 52.36352], [4.835909, 52.359223], [4.841323, 52.356698], [4.848315, 52.35847], [4.849893, 52.362767], [4.844478, 52.365292], [4.837486, 52.36352]]]}, "properties": {"h3": "881969530dfffff", "poi": 128, "richness": 13, "hill_q1": 8.466, "hill_q2": 6.015, "top_share": 0.336, "flagged": false, "dominant": "services_and_business", "dna": {"services_and_business": 0.336, "community_and_government": 0.141, "education": 0.094, "food_and_drink": 0.078, "health_care": 0.078, "sports_and_recreation": 0.07, "cultural_and_historic": 0.055, "travel_and_transportation": 0.047, "lifestyle_services": 0.031, "shopping": 0.031, "arts_and_entertainment": 0.016, "lodging": 0.016, "geographic_entities": 0.008}, "tfidf": {"services_and_business": 0.343, "community_and_government": 0.183, "education": 0.113, "health_care": 0.095, "food_and_drink": 0.089, "sports_and_recreation": 0.08, "cultural_and_historic": 0.077, "travel_and_transportation": 0.054, "lifestyle_services": 0.037, "shopping": 0.033, "lodging": 0.024, "arts_and_entertainment": 0.02, "geographic_entities": 0.013}, "cluster": -1}}, {"type": "Feature", "geometry": {"type": "Polygon", "coordinates": [[[4.861399, 52.342295], [4.859821, 52.337997], [4.865234, 52.335469], [4.872225, 52.33724], [4.873804, 52.341539], [4.868391, 52.344066], [4.861399, 52.342295]]]}, "properties": {"h3": "8819695311fffff", "poi": 265, "richness": 12, "hill_q1": 5.62, "hill_q2": 3.403, "top_share": 0.506, "flagged": true, "dominant": "services_and_business", "dna": {"services_and_business": 0.506, "food_and_drink": 0.143, "shopping": 0.087, "education": 0.057, "sports_and_recreation": 0.049, "travel_and_transportation": 0.045, "community_and_government": 0.026, "health_care": 0.026, "lifestyle_services": 0.023, "cultural_and_historic": 0.019, "arts_and_entertainment": 0.011, "lodging": 0.008}, "tfidf": {"services_and_business": 0.517, "food_and_drink": 0.163, "shopping": 0.092, "education": 0.068, "sports_and_recreation": 0.056, "travel_and_transportation": 0.052, "community_and_government": 0.034, "health_care": 0.032, "lifestyle_services": 0.027, "cultural_and_historic": 0.027, "arts_and_entertainment": 0.014, "lodging": 0.012}, "cluster": -1}}, {"type": "Feature", "geometry": {"type": "Polygon", "coordinates": [[[4.865234, 52.335469], [4.863655, 52.33117], [4.869067, 52.328642], [4.876058, 52.330413], [4.877637, 52.334712], [4.872225, 52.33724], [4.865234, 52.335469]]]}, "properties": {"h3": "8819695313fffff", "poi": 281, "richness": 13, "hill_q1": 9.43, "hill_q2": 8.037, "top_share": 0.185, "flagged": false, "dominant": "education", "dna": {"education": 0.185, "services_and_business": 0.178, "food_and_drink": 0.142, "shopping": 0.132, "community_and_government": 0.085, "health_care": 0.075, "lifestyle_services": 0.057, "travel_and_transportation": 0.043, "cultural_and_historic": 0.039, "sports_and_recreation": 0.032, "arts_and_entertainment": 0.014, "lodging": 0.014, "geographic_entities": 0.004}, "tfidf": {"education": 0.223, "services_and_business": 0.182, "food_and_drink": 0.162, "shopping": 0.14, "community_and_government": 0.111, "health_care": 0.091, "lifestyle_services": 0.067, "cultural_and_historic": 0.055, "travel_and_transportation": 0.049, "sports_and_recreation": 0.036, "lodging": 0.022, "arts_and_entertainment": 0.018, "geographic_entities": 0.006}, "cluster": -1}}, {"type": "Feature", "geometry": {"type": "Polygon", "coordinates": [[[4.848996, 52.34305], [4.847418, 52.338752], [4.852831, 52.336225], [4.859821, 52.337997], [4.861399, 52.342295], [4.855986, 52.344822], [4.848996, 52.34305]]]}, "properties": {"h3": "8819695315fffff", "poi": 253, "richness": 13, "hill_q1": 7.665, "hill_q2": 4.935, "top_share": 0.399, "flagged": false, "dominant": "services_and_business", "dna": {"services_and_business": 0.399, "sports_and_recreation": 0.126, "travel_and_transportation": 0.079, "food_and_drink": 0.075, "education": 0.071, "health_care": 0.063, "arts_and_entertainment": 0.055, "shopping": 0.04, "community_and_government": 0.024, "geographic_entities": 0.02, "cultural_and_historic": 0.016, "lifestyle_services": 0.016, "lodging": 0.016}, "tfidf": {"services_and_business": 0.408, "sports_and_recreation": 0.144, "travel_and_transportation": 0.09, "education": 0.086, "food_and_drink": 0.086, "health_care": 0.077, "arts_and_entertainment": 0.071, "shopping": 0.042, "geographic_entities": 0.032, "community_and_government": 0.031, "lodging": 0.025, "cultural_and_historic": 0.022, "lifestyle_services": 0.019}, "cluster": -1}}, {"type": "Feature", "geometry": {"type": "Polygon", "coordinates": [[[4.852831, 52.336225], [4.851253, 52.331926], [4.856665, 52.329399], [4.863655, 52.33117], [4.865234, 52.335469], [4.859821, 52.337997], [4.852831, 52.336225]]]}, "properties": {"h3": "8819695317fffff", "poi": 135, "richness": 12, "hill_q1": 8.43, "hill_q2": 6.743, "top_share": 0.222, "flagged": false, "dominant": "health_care", "dna": {"health_care": 0.222, "services_and_business": 0.207, "education": 0.185, "food_and_drink": 0.089, "sports_and_recreation": 0.081, "arts_and_entertainment": 0.037, "community_and_government": 0.037, "geographic_entities": 0.037, "travel_and_transportation": 0.037, "lifestyle_services": 0.03, "cultural_and_historic": 0.022, "shopping": 0.015}, "tfidf": {"health_care": 0.271, "education": 0.223, "services_and_business": 0.212, "food_and_drink": 0.101, "sports_and_recreation": 0.093, "geographic_entities": 0.06, "community_and_government": 0.048, "arts_and_entertainment": 0.047, "travel_and_transportation": 0.042, "lifestyle_services": 0.035, "cultural_and_historic": 0.031, "shopping": 0.016}, "cluster": -1}}, {"type": "Feature", "geometry": {"type": "Polygon", "coordinates": [[[4.86997, 52.348365], [4.868391, 52.344066], [4.873804, 52.341539], [4.880797, 52.343309], [4.882377, 52.347608], [4.876963, 52.350135], [4.86997, 52.348365]]]}, "properties": {"h3": "8819695319fffff", "poi": 206, "richness": 13, "hill_q1": 7.991, "hill_q2": 6.115, "top_share": 0.252, "flagged": false, "dominant": "shopping", "dna": {"shopping": 0.252, "services_and_business": 0.238, "food_and_drink": 0.15, "health_care": 0.107, "lifestyle_services": 0.053, "education": 0.049, "sports_and_recreation": 0.044, "arts_and_entertainment": 0.024, "cultural_and_historic": 0.024, "travel_and_transportation": 0.019, "community_and_government": 0.015, "lodging": 0.015, "geographic_entities": 0.01}, "tfidf": {"shopping": 0.268, "services_and_business": 0.243, "food_and_drink": 0.171, "health_care": 0.13, "lifestyle_services": 0.063, "education": 0.059, "sports_and_recreation": 0.05, "cultural_and_historic": 0.034, "arts_and_entertainment": 0.031, "lodging": 0.023, "travel_and_transportation": 0.022, "community_and_government": 0.019, "geographic_entities": 0.016}, "cluster": -1}}, {"type": "Feature", "geometry": {"type": "Polygon", "coordinates": [[[4.873804, 52.341539], [4.872225, 52.33724], [4.877637, 52.334712], [4.884629, 52.336482], [4.886209, 52.340781], [4.880797, 52.343309], [4.873804, 52.341539]]]}, "properties": {"h3": "881969531bfffff", "poi": 189, "richness": 13, "hill_q1": 5.557, "hill_q2": 3.382, "top_share": 0.508, "flagged": true, "dominant": "services_and_business", "dna": {"services_and_business": 0.508, "food_and_drink": 0.132, "shopping": 0.09, "education": 0.074, "community_and_government": 0.048, "travel_and_transportation": 0.048, "sports_and_recreation": 0.032, "arts_and_entertainment": 0.021, "health_care": 0.021, "lifestyle_services": 0.011, "cultural_and_historic": 0.005, "geographic_entities": 0.005, "lodging": 0.005}, "tfidf": {"services_and_business": 0.519, "food_and_drink": 0.151, "shopping": 0.096, "education": 0.089, "community_and_government": 0.062, "travel_and_transportation": 0.054, "sports_and_recreation": 0.036, "arts_and_entertainment": 0.027, "health_care": 0.026, "lifestyle_services": 0.013, "geographic_entities": 0.009, "lodging": 0.008, "cultural_and_historic": 0.007}, "cluster": -1}}, {"type": "Feature", "geometry": {"type": "Polygon", "coordinates": [[[4.857565, 52.34912], [4.855986, 52.344822], [4.861399, 52.342295], [4.868391, 52.344066], [4.86997, 52.348365], [4.864557, 52.350892], [4.857565, 52.34912]]]}, "properties": {"h3": "881969531dfffff", "poi": 291, "richness": 13, "hill_q1": 8.844, "hill_q2": 7.642, "top_share": 0.168, "flagged": false, "dominant": "food_and_drink", "dna": {"food_and_drink": 0.168, "services_and_business": 0.165, "shopping": 0.158, "lifestyle_services": 0.144, "health_care": 0.137, "education": 0.069, "sports_and_recreation": 0.062, "arts_and_entertainment": 0.031, "community_and_government": 0.024, "cultural_and_historic": 0.017, "travel_and_transportation": 0.01, "geographic_entities": 0.007, "lodging": 0.007}, "tfidf": {"food_and_drink": 0.192, "lifestyle_services": 0.171, "services_and_business": 0.169, "shopping": 0.168, "health_care": 0.168, "education": 0.083, "sports_and_recreation": 0.07, "arts_and_entertainment": 0.04, "community_and_government": 0.031, "cultural_and_historic": 0.024, "travel_and_transportation": 0.012, "geographic_entities": 0.011, "lodging": 0.011}, "cluster": -1}}, {"type": "Feature", "geometry": {"type": "Polygon", "coordinates": [[[4.80795, 52.352129], [4.806375, 52.347831], [4.811788, 52.345307], [4.818777, 52.347081], [4.820352, 52.351379], [4.814938, 52.353903], [4.80795, 52.352129]]]}, "properties": {"h3": "8819695321fffff", "poi": 58, "richness": 10, "hill_q1": 7.667, "hill_q2": 6.395, "top_share": 0.241, "flagged": false, "dominant": "shopping", "dna": {"shopping": 0.241, "services_and_business": 0.224, "health_care": 0.138, "lifestyle_services": 0.121, "travel_and_transportation": 0.069, "community_and_government": 0.052, "food_and_drink": 0.052, "sports_and_recreation": 0.052, "education": 0.034, "geographic_entities": 0.017}, "tfidf": {"shopping": 0.257, "services_and_business": 0.229, "health_care": 0.168, "lifestyle_services": 0.143, "travel_and_transportation": 0.079, "community_and_government": 0.067, "food_and_drink": 0.059, "sports_and_recreation": 0.059, "education": 0.042, "geographic_entities": 0.028}, "cluster": -1}}, {"type": "Feature", "geometry": {"type": "Polygon", "coordinates": [[[4.811788, 52.345307], [4.810214, 52.341009], [4.815626, 52.338484], [4.822614, 52.340258], [4.82419, 52.344556], [4.818777, 52.347081], [4.811788, 52.345307]]]}, "properties": {"h3": "8819695323fffff", "poi": 59, "richness": 11, "hill_q1": 9.159, "hill_q2": 8.039, "top_share": 0.203, "flagged": false, "dominant": "services_and_business", "dna": {"services_and_business": 0.203, "health_care": 0.169, "education": 0.119, "lifestyle_services": 0.119, "shopping": 0.102, "arts_and_entertainment": 0.068, "sports_and_recreation": 0.068, "community_and_government": 0.051, "travel_and_transportation": 0.051, "lodging": 0.034, "food_and_drink": 0.017}, "tfidf": {"services_and_business": 0.208, "health_care": 0.207, "education": 0.143, "lifestyle_services": 0.14, "shopping": 0.108, "arts_and_entertainment": 0.087, "sports_and_recreation": 0.077, "community_and_government": 0.066, "travel_and_transportation": 0.058, "lodging": 0.053, "food_and_drink": 0.019}, "cluster": -1}}, {"type": "Feature", "geometry": {"type": "Polygon", "coordinates": [[[4.795548, 52.352878], [4.793974, 52.34858], [4.799387, 52.346057], [4.806375, 52.347831], [4.80795, 52.352129], [4.802536, 52.354652], [4.795548, 52.352878]]]}, "properties": {"h3": "8819695325fffff", "poi": 29, "richness": 9, "hill_q1": 7.052, "hill_q2": 6.139, "top_share": 0.241, "flagged": false, "dominant": "services_and_business", "dna": {"services_and_business": 0.241, "lifestyle_services": 0.207, "cultural_and_historic": 0.138, "food_and_drink": 0.138, "shopping": 0.138, "community_and_government": 0.034, "education": 0.034, "geographic_entities": 0.034, "sports_and_recreation": 0.034}, "tfidf": {"services_and_business": 0.247, "lifestyle_services": 0.245, "cultural_and_historic": 0.194, "food_and_drink": 0.157, "shopping": 0.147, "geographic_entities": 0.056, "community_and_government": 0.045, "education": 0.042, "sports_and_recreation": 0.039}, "cluster": -1}}, {"type": "Feature", "geometry": {"type": "Polygon", "coordinates": [[[4.799387, 52.346057], [4.797814, 52.341758], [4.803227, 52.339234], [4.810214, 52.341009], [4.811788, 52.345307], [4.806375, 52.347831], [4.799387, 52.346057]]]}, "properties": {"h3": "8819695327fffff", "poi": 57, "richness": 10, "hill_q1": 6.335, "hill_q2": 4.385, "top_share": 0.421, "flagged": false, "dominant": "services_and_business", "dna": {"services_and_business": 0.421, "lifestyle_services": 0.14, "shopping": 0.105, "travel_and_transportation": 0.088, "food_and_drink": 0.07, "health_care": 0.053, "sports_and_recreation": 0.053, "arts_and_entertainment": 0.035, "education": 0.018, "lodging": 0.018}, "tfidf": {"services_and_business": 0.43, "lifestyle_services": 0.166, "shopping": 0.112, "travel_and_transportation": 0.1, "food_and_drink": 0.08, "health_care": 0.064, "sports_and_recreation": 0.06, "arts_and_entertainment": 0.045, "lodging": 0.027, "education": 0.021}, "cluster": -1}}, {"type": "Feature", "geometry": {"type": "Polygon", "coordinates": [[[4.816514, 52.358201], [4.814938, 52.353903], [4.820352, 52.351379], [4.827342, 52.353152], [4.828918, 52.35745], [4.823504, 52.359974], [4.816514, 52.358201]]]}, "properties": {"h3": "8819695329fffff", "poi": 106, "richness": 12, "hill_q1": 8.661, "hill_q2": 6.953, "top_share": 0.255, "flagged": false, "dominant": "shopping", "dna": {"shopping": 0.255, "services_and_business": 0.16, "lifestyle_services": 0.151, "food_and_drink": 0.132, "health_care": 0.057, "cultural_and_historic": 0.047, "geographic_entities": 0.047, "sports_and_recreation": 0.047, "education": 0.038, "community_and_government": 0.028, "travel_and_transportation": 0.028, "arts_and_entertainment": 0.009}, "tfidf": {"shopping": 0.271, "lifestyle_services": 0.178, "services_and_business": 0.164, "food_and_drink": 0.15, "geographic_entities": 0.077, "health_care": 0.069, "cultural_and_historic": 0.066, "sports_and_recreation": 0.054, "education": 0.045, "community_and_government": 0.037, "travel_and_transportation": 0.032, "arts_and_entertainment": 0.012}, "cluster": -1}}, {"type": "Feature", "geometry": {"type": "Polygon", "coordinates": [[[4.820352, 52.351379], [4.818777, 52.347081], [4.82419, 52.344556], [4.831179, 52.346329], [4.832756, 52.350627], [4.827342, 52.353152], [4.820352, 52.351379]]]}, "properties": {"h3": "881969532bfffff", "poi": 115, "richness": 13, "hill_q1": 9.711, "hill_q2": 7.812, "top_share": 0.235, "flagged": false, "dominant": "services_and_business", "dna": {"services_and_business": 0.235, "health_care": 0.183, "food_and_drink": 0.096, "shopping": 0.087, "arts_and_entertainment": 0.078, "community_and_government": 0.078, "travel_and_transportation": 0.07, "lifestyle_services": 0.043, "education": 0.035, "lodging": 0.035, "geographic_entities": 0.026, "sports_and_recreation": 0.026, "cultural_and_historic": 0.009}, "tfidf": {"services_and_business": 0.24, "health_care": 0.223, "food_and_drink": 0.109, "community_and_government": 0.102, "arts_and_entertainment": 0.1, "shopping": 0.092, "travel_and_transportation": 0.079, "lodging": 0.054, "lifestyle_services": 0.051, "geographic_entities": 0.043, "education": 0.042, "sports_and_recreation": 0.03, "cultural_and_historic": 0.012}, "cluster": -1}}, {"type": "Feature", "geometry": {"type": "Polygon", "coordinates": [[[4.80411, 52.35895], [4.802536, 52.354652], [4.80795, 52.352129], [4.814938, 52.353903], [4.816514, 52.358201], [4.811099, 52.360724], [4.80411, 52.35895]]]}, "properties": {"h3": "881969532dfffff", "poi": 167, "richness": 12, "hill_q1": 8.777, "hill_q2": 7.291, "top_share": 0.228, "flagged": false, "dominant": "shopping", "dna": {"shopping": 0.228, "food_and_drink": 0.18, "services_and_business": 0.15, "health_care": 0.108, "lifestyle_services": 0.09, "education": 0.066, "arts_and_entertainment": 0.048, "sports_and_recreation": 0.042, "travel_and_transportation": 0.042, "community_and_government": 0.024, "cultural_and_historic": 0.012, "geographic_entities": 0.012}, "tfidf": {"shopping": 0.242, "food_and_drink": 0.205, "services_and_business": 0.153, "health_care": 0.131, "lifestyle_services": 0.106, "education": 0.079, "arts_and_entertainment": 0.061, "travel_and_transportation": 0.048, "sports_and_recreation": 0.048, "community_and_government": 0.031, "geographic_entities": 0.02, "cultural_and_historic": 0.017}, "cluster": -1}}, {"type": "Feature", "geometry": {"type": "Polygon", "coordinates": [[[4.815626, 52.338484], [4.814052, 52.334185], [4.819464, 52.33166], [4.826451, 52.333434], [4.828027, 52.337732], [4.822614, 52.340258], [4.815626, 52.338484]]]}, "properties": {"h3": "8819695335fffff", "poi": 22, "richness": 9, "hill_q1": 6.406, "hill_q2": 4.939, "top_share": 0.318, "flagged": false, "dominant": "travel_and_transportation", "dna": {"travel_and_transportation": 0.318, "services_and_business": 0.273, "community_and_government": 0.091, "geographic_entities": 0.091, "education": 0.045, "food_and_drink": 0.045, "lodging": 0.045, "shopping": 0.045, "sports_and_recreation": 0.045}, "tfidf": {"travel_and_transportation": 0.364, "services_and_business": 0.279, "geographic_entities": 0.148, "community_and_government": 0.118, "lodging": 0.071, "education": 0.055, "food_and_drink": 0.052, "sports_and_recreation": 0.052, "shopping": 0.048}, "cluster": -1}}, {"type": "Feature", "geometry": {"type": "Polygon", "coordinates": [[[4.836592, 52.343804], [4.835016, 52.339505], [4.840429, 52.336979], [4.847418, 52.338752], [4.848996, 52.34305], [4.843583, 52.345576], [4.836592, 52.343804]]]}, "properties": {"h3": "8819695339fffff", "poi": 271, "richness": 13, "hill_q1": 5.221, "hill_q2": 3.057, "top_share": 0.539, "flagged": true, "dominant": "services_and_business", "dna": {"services_and_business": 0.539, "shopping": 0.159, "food_and_drink": 0.063, "arts_and_entertainment": 0.048, "sports_and_recreation": 0.048, "travel_and_transportation": 0.033, "community_and_government": 0.026, "health_care": 0.018, "lifestyle_services": 0.018, "education": 0.015, "geographic_entities": 0.015, "lodging": 0.015, "cultural_and_historic": 0.004}, "tfidf": {"services_and_business": 0.551, "shopping": 0.169, "food_and_drink": 0.071, "arts_and_entertainment": 0.061, "sports_and_recreation": 0.055, "travel_and_transportation": 0.038, "community_and_government": 0.034, "geographic_entities": 0.024, "lodging": 0.023, "health_care": 0.022, "lifestyle_services": 0.022, "education": 0.018, "cultural_and_historic": 0.005}, "cluster": -1}}, {"type": "Feature", "geometry": {"type": "Polygon", "coordinates": [[[4.840429, 52.336979], [4.838852, 52.332681], [4.844264, 52.330154], [4.851253, 52.331926], [4.852831, 52.336225], [4.847418, 52.338752], [4.840429, 52.336979]]]}, "properties": {"h3": "881969533bfffff", "poi": 22, "richness": 7, "hill_q1": 5.497, "hill_q2": 4.745, "top_share": 0.318, "flagged": false, "dominant": "sports_and_recreation", "dna": {"sports_and_recreation": 0.318, "geographic_entities": 0.227, "services_and_business": 0.182, "community_and_government": 0.136, "food_and_drink": 0.045, "shopping": 0.045, "travel_and_transportation": 0.045}, "tfidf": {"geographic_entities": 0.371, "sports_and_recreation": 0.363, "services_and_business": 0.186, "community_and_government": 0.177, "travel_and_transportation": 0.052, "food_and_drink": 0.052, "shopping": 0.048}, "cluster": -1}}, {"type": "Feature", "geometry": {"type": "Polygon", "coordinates": [[[4.82419, 52.344556], [4.822614, 52.340258], [4.828027, 52.337732], [4.835016, 52.339505], [4.836592, 52.343804], [4.831179, 52.346329], [4.82419, 52.344556]]]}, "properties": {"h3": "881969533dfffff", "poi": 184, "richness": 12, "hill_q1": 3.829, "hill_q2": 2.109, "top_share": 0.679, "flagged": true, "dominant": "services_and_business", "dna": {"services_and_business": 0.679, "shopping": 0.065, "travel_and_transportation": 0.06, "education": 0.033, "food_and_drink": 0.033, "arts_and_entertainment": 0.027, "lifestyle_services": 0.022, "lodging": 0.022, "sports_and_recreation": 0.022, "community_and_government": 0.016, "health_care": 0.016, "cultural_and_historic": 0.005}, "tfidf": {"services_and_business": 0.695, "shopping": 0.069, "travel_and_transportation": 0.068, "education": 0.039, "food_and_drink": 0.037, "arts_and_entertainment": 0.035, "lodging": 0.034, "lifestyle_services": 0.026, "sports_and_recreation": 0.025, "community_and_government": 0.021, "health_care": 0.02, "cultural_and_historic": 0.008}, "cluster": -1}}, {"type": "Feature", "geometry": {"type": "Polygon", "coordinates": [[[4.854628, 52.375658], [4.85305, 52.371361], [4.858465, 52.368836], [4.865459, 52.370607], [4.867039, 52.374904], [4.861623, 52.377429], [4.854628, 52.375658]]]}, "properties": {"h3": "8819695341fffff", "poi": 386, "richness": 13, "hill_q1": 9.248, "hill_q2": 7.613, "top_share": 0.194, "flagged": false, "dominant": "services_and_business", "dna": {"services_and_business": 0.194, "food_and_drink": 0.181, "shopping": 0.176, "lifestyle_services": 0.111, "health_care": 0.078, "sports_and_recreation": 0.075, "arts_and_entertainment": 0.039, "education": 0.039, "travel_and_transportation": 0.031, "cultural_and_historic": 0.026, "community_and_government": 0.023, "lodging": 0.018, "geographic_entities": 0.008}, "tfidf": {"food_and_drink": 0.207, "services_and_business": 0.199, "shopping": 0.187, "lifestyle_services": 0.132, "health_care": 0.095, "sports_and_recreation": 0.086, "arts_and_entertainment": 0.05, "education": 0.047, "cultural_and_historic": 0.036, "travel_and_transportation": 0.036, "community_and_government": 0.03, "lodging": 0.028, "geographic_entities": 0.013}, "cluster": -1}}, {"type": "Feature", "geometry": {"type": "Polygon", "coordinates": [[[4.858465, 52.368836], [4.856886, 52.364539], [4.862301, 52.362013], [4.869295, 52.363784], [4.870874, 52.368081], [4.865459, 52.370607], [4.858465, 52.368836]]]}, "properties": {"h3": "8819695343fffff", "poi": 785, "richness": 13, "hill_q1": 8.065, "hill_q2": 6.248, "top_share": 0.236, "flagged": false, "dominant": "food_and_drink", "dna": {"food_and_drink": 0.236, "shopping": 0.21, "services_and_business": 0.208, "lifestyle_services": 0.084, "sports_and_recreation": 0.056, "education": 0.048, "arts_and_entertainment": 0.046, "health_care": 0.036, "community_and_government": 0.023, "travel_and_transportation": 0.018, "cultural_and_historic": 0.014, "lodging": 0.011, "geographic_entities": 0.01}, "tfidf": {"food_and_drink": 0.269, "shopping": 0.223, "services_and_business": 0.212, "lifestyle_services": 0.099, "sports_and_recreation": 0.064, "arts_and_entertainment": 0.059, "education": 0.058, "health_care": 0.043, "community_and_government": 0.03, "travel_and_transportation": 0.02, "cultural_and_historic": 0.02, "lodging": 0.018, "geographic_entities": 0.017}, "cluster": -1}}, {"type": "Feature", "geometry": {"type": "Polygon", "coordinates": [[[4.842219, 52.376411], [4.840641, 52.372114], [4.846056, 52.369589], [4.85305, 52.371361], [4.854628, 52.375658], [4.849213, 52.378183], [4.842219, 52.376411]]]}, "properties": {"h3": "8819695345fffff", "poi": 161, "richness": 13, "hill_q1": 9.942, "hill_q2": 8.289, "top_share": 0.205, "flagged": false, "dominant": "services_and_business", "dna": {"services_and_business": 0.205, "food_and_drink": 0.168, "shopping": 0.143, "health_care": 0.087, "sports_and_recreation": 0.081, "education": 0.075, "travel_and_transportation": 0.068, "community_and_government": 0.043, "geographic_entities": 0.037, "lifestyle_services": 0.037, "lodging": 0.025, "cultural_and_historic": 0.019, "arts_and_entertainment": 0.012}, "tfidf": {"services_and_business": 0.21, "food_and_drink": 0.191, "shopping": 0.152, "health_care": 0.106, "sports_and_recreation": 0.092, "education": 0.09, "travel_and_transportation": 0.078, "geographic_entities": 0.061, "community_and_government": 0.057, "lifestyle_services": 0.044, "lodging": 0.039, "cultural_and_historic": 0.026, "arts_and_entertainment": 0.016}, "cluster": -1}}, {"type": "Feature", "geometry": {"type": "Polygon", "coordinates": [[[4.846056, 52.369589], [4.844478, 52.365292], [4.849893, 52.362767], [4.856886, 52.364539], [4.858465, 52.368836], [4.85305, 52.371361], [4.846056, 52.369589]]]}, "properties": {"h3": "8819695347fffff", "poi": 327, "richness": 13, "hill_q1": 8.431, "hill_q2": 6.731, "top_share": 0.214, "flagged": false, "dominant": "food_and_drink", "dna": {"food_and_drink": 0.214, "services_and_business": 0.208, "shopping": 0.193, "lifestyle_services": 0.107, "health_care": 0.052, "arts_and_entertainment": 0.046, "community_and_government": 0.043, "education": 0.04, "travel_and_transportation": 0.034, "cultural_and_historic": 0.028, "sports_and_recreation": 0.028, "lodging": 0.006, "geographic_entities": 0.003}, "tfidf": {"food_and_drink": 0.244, "services_and_business": 0.213, "shopping": 0.205, "lifestyle_services": 0.126, "health_care": 0.063, "arts_and_entertainment": 0.059, "community_and_government": 0.056, "education": 0.048, "cultural_and_historic": 0.039, "travel_and_transportation": 0.038, "sports_and_recreation": 0.031, "lodging": 0.01, "geographic_entities": 0.005}, "cluster": -1}}, {"type": "Feature", "geometry": {"type": "Polygon", "coordinates": [[[4.863203, 52.381726], [4.861623, 52.377429], [4.867039, 52.374904], [4.874034, 52.376675], [4.875615, 52.380971], [4.870199, 52.383497], [4.863203, 52.381726]]]}, "properties": {"h3": "8819695349fffff", "poi": 274, "richness": 13, "hill_q1": 9.025, "hill_q2": 6.809, "top_share": 0.285, "flagged": false, "dominant": "services_and_business", "dna": {"services_and_business": 0.285, "shopping": 0.15, "food_and_drink": 0.135, "sports_and_recreation": 0.109, "health_care": 0.062, "arts_and_entertainment": 0.047, "education": 0.044, "lifestyle_services": 0.044, "community_and_government": 0.033, "travel_and_transportation": 0.029, "geographic_entities": 0.026, "lodging": 0.022, "cultural_and_historic": 0.015}, "tfidf": {"services_and_business": 0.291, "shopping": 0.159, "food_and_drink": 0.154, "sports_and_recreation": 0.125, "health_care": 0.076, "arts_and_entertainment": 0.061, "education": 0.053, "lifestyle_services": 0.052, "community_and_government": 0.043, "geographic_entities": 0.042, "lodging": 0.034, "travel_and_transportation": 0.033, "cultural_and_historic": 0.021}, "cluster": -1}}, {"type": "Feature", "geometry": {"type": "Polygon", "coordinates": [[[4.867039, 52.374904], [4.865459, 52.370607], [4.870874, 52.368081], [4.87787, 52.369852], [4.87945, 52.374149], [4.874034, 52.376675], [4.867039, 52.374904]]]}, "properties": {"h3": "881969534bfffff", "poi": 644, "richness": 13, "hill_q1": 8.681, "hill_q2": 6.918, "top_share": 0.233, "flagged": false, "dominant": "food_and_drink", "dna": {"food_and_drink": 0.233, "shopping": 0.175, "services_and_business": 0.172, "lifestyle_services": 0.137, "health_care": 0.059, "arts_and_entertainment": 0.05, "sports_and_recreation": 0.045, "education": 0.031, "travel_and_transportation": 0.03, "community_and_government": 0.026, "geographic_entities": 0.019, "lodging": 0.012, "cultural_and_historic": 0.011}, "tfidf": {"food_and_drink": 0.265, "shopping": 0.186, "services_and_business": 0.176, "lifestyle_services": 0.161, "health_care": 0.072, "arts_and_entertainment": 0.064, "sports_and_recreation": 0.051, "education": 0.037, "community_and_government": 0.034, "travel_and_transportation": 0.034, "geographic_entities": 0.03, "lodging": 0.019, "cultural_and_historic": 0.015}, "cluster": -1}}, {"type": "Feature", "geometry": {"type": "Polygon", "coordinates": [[[4.850791, 52.382479], [4.849213, 52.378183], [4.854628, 52.375658], [4.861623, 52.377429], [4.863203, 52.381726], [4.857786, 52.38425], [4.850791, 52.382479]]]}, "properties": {"h3": "881969534dfffff", "poi": 256, "richness": 13, "hill_q1": 8.737, "hill_q2": 6.935, "top_share": 0.23, "flagged": false, "dominant": "services_and_business", "dna": {"services_and_business": 0.23, "food_and_drink": 0.191, "shopping": 0.184, "health_care": 0.07, "lifestyle_services": 0.07, "sports_and_recreation": 0.063, "community_and_government": 0.047, "travel_and_transportation": 0.047, "education": 0.035, "arts_and_entertainment": 0.031, "cultural_and_historic": 0.012, "lodging": 0.012, "geographic_entities": 0.008}, "tfidf": {"services_and_business": 0.236, "food_and_drink": 0.218, "shopping": 0.195, "health_care": 0.086, "lifestyle_services": 0.083, "sports_and_recreation": 0.071, "community_and_government": 0.061, "travel_and_transportation": 0.054, "education": 0.042, "arts_and_entertainment": 0.04, "lodging": 0.018, "cultural_and_historic": 0.017, "geographic_entities": 0.013}, "cluster": -1}}, {"type": "Feature", "geometry": {"type": "Polygon", "coordinates": [[[4.874709, 52.361258], [4.873129, 52.35696], [4.878543, 52.354433], [4.885538, 52.356204], [4.887118, 52.360501], [4.881704, 52.363028], [4.874709, 52.361258]]]}, "properties": {"h3": "8819695351fffff", "poi": 728, "richness": 13, "hill_q1": 8.381, "hill_q2": 6.137, "top_share": 0.313, "flagged": false, "dominant": "shopping", "dna": {"shopping": 0.313, "services_and_business": 0.168, "food_and_drink": 0.121, "arts_and_entertainment": 0.099, "lodging": 0.062, "lifestyle_services": 0.052, "health_care": 0.043, "sports_and_recreation": 0.038, "travel_and_transportation": 0.03, "community_and_government": 0.026, "education": 0.025, "cultural_and_historic": 0.018, "geographic_entities": 0.005}, "tfidf": {"shopping": 0.333, "services_and_business": 0.171, "food_and_drink": 0.138, "arts_and_entertainment": 0.127, "lodging": 0.096, "lifestyle_services": 0.062, "health_care": 0.052, "sports_and_recreation": 0.044, "travel_and_transportation": 0.035, "community_and_government": 0.034, "education": 0.03, "cultural_and_historic": 0.025, "geographic_entities": 0.009}, "cluster": -1}}, {"type": "Feature", "geometry": {"type": "Polygon", "coordinates": [[[4.878543, 52.354433], [4.876963, 52.350135], [4.882377, 52.347608], [4.889371, 52.349378], [4.890951, 52.353676], [4.885538, 52.356204], [4.878543, 52.354433]]]}, "properties": {"h3": "8819695353fffff", "poi": 490, "richness": 13, "hill_q1": 9.135, "hill_q2": 7.426, "top_share": 0.208, "flagged": false, "dominant": "food_and_drink", "dna": {"food_and_drink": 0.208, "services_and_business": 0.18, "shopping": 0.173, "lifestyle_services": 0.118, "health_care": 0.08, "lodging": 0.049, "sports_and_recreation": 0.047, "education": 0.037, "travel_and_transportation": 0.033, "arts_and_entertainment": 0.031, "community_and_government": 0.018, "cultural_and_historic": 0.014, "geographic_entities": 0.012}, "tfidf": {"food_and_drink": 0.237, "shopping": 0.184, "services_and_business": 0.184, "lifestyle_services": 0.14, "health_care": 0.097, "lodging": 0.076, "sports_and_recreation": 0.053, "education": 0.044, "arts_and_entertainment": 0.039, "travel_and_transportation": 0.037, "community_and_government": 0.024, "cultural_and_historic": 0.02, "geographic_entities": 0.02}, "cluster": -1}}, {"type": "Feature", "geometry": {"type": "Polygon", "coordinates": [[[4.862301, 52.362013], [4.860722, 52.357716], [4.866136, 52.355189], [4.873129, 52.35696], [4.874709, 52.361258], [4.869295, 52.363784], [4.862301, 52.362013]]]}, "properties": {"h3": "8819695355fffff", "poi": 363, "richness": 13, "hill_q1": 9.5, "hill_q2": 7.845, "top_share": 0.209, "flagged": false, "dominant": "services_and_business", "dna": {"services_and_business": 0.209, "food_and_drink": 0.171, "shopping": 0.16, "health_care": 0.094, "sports_and_recreation": 0.088, "arts_and_entertainment": 0.069, "travel_and_transportation": 0.05, "lifestyle_services": 0.044, "community_and_government": 0.036, "education": 0.033, "lodging": 0.025, "cultural_and_historic": 0.014, "geographic_entities": 0.008}, "tfidf": {"services_and_business": 0.214, "food_and_drink": 0.195, "shopping": 0.17, "health_care": 0.114, "sports_and_recreation": 0.1, "arts_and_entertainment": 0.088, "travel_and_transportation": 0.057, "lifestyle_services": 0.052, "community_and_government": 0.047, "education": 0.04, "lodging": 0.039, "cultural_and_historic": 0.019, "geographic_entities": 0.013}, "cluster": -1}}, {"type": "Feature", "geometry": {"type": "Polygon", "coordinates": [[[4.866136, 52.355189], [4.864557, 52.350892], [4.86997, 52.348365], [4.876963, 52.350135], [4.878543, 52.354433], [4.873129, 52.35696], [4.866136, 52.355189]]]}, "properties": {"h3": "8819695357fffff", "poi": 375, "richness": 13, "hill_q1": 8.426, "hill_q2": 6.164, "top_share": 0.317, "flagged": false, "dominant": "services_and_business", "dna": {"services_and_business": 0.317, "shopping": 0.147, "health_care": 0.117, "food_and_drink": 0.112, "lifestyle_services": 0.075, "lodging": 0.048, "education": 0.045, "sports_and_recreation": 0.04, "travel_and_transportation": 0.027, "arts_and_entertainment": 0.024, "community_and_government": 0.024, "cultural_and_historic": 0.016, "geographic_entities": 0.008}, "tfidf": {"services_and_business": 0.324, "shopping": 0.156, "health_care": 0.143, "food_and_drink": 0.128, "lifestyle_services": 0.088, "lodging": 0.075, "education": 0.055, "sports_and_recreation": 0.046, "community_and_government": 0.031, "arts_and_entertainment": 0.031, "travel_and_transportation": 0.03, "cultural_and_historic": 0.023, "geographic_entities": 0.013}, "cluster": -1}}, {"type": "Feature", "geometry": {"type": "Polygon", "coordinates": [[[4.883285, 52.367325], [4.881704, 52.363028], [4.887118, 52.360501], [4.894114, 52.362271], [4.895695, 52.366568], [4.890281, 52.369095], [4.883285, 52.367325]]]}, "properties": {"h3": "8819695359fffff", "poi": 1997, "richness": 13, "hill_q1": 7.395, "hill_q2": 5.512, "top_share": 0.261, "flagged": false, "dominant": "services_and_business", "dna": {"services_and_business": 0.261, "food_and_drink": 0.247, "shopping": 0.2, "arts_and_entertainment": 0.081, "lifestyle_services": 0.038, "lodging": 0.031, "travel_and_transportation": 0.029, "community_and_government": 0.025, "education": 0.023, "cultural_and_historic": 0.022, "sports_and_recreation": 0.018, "health_care": 0.014, "geographic_entities": 0.013}, "tfidf": {"food_and_drink": 0.282, "services_and_business": 0.267, "shopping": 0.212, "arts_and_entertainment": 0.103, "lodging": 0.048, "lifestyle_services": 0.045, "travel_and_transportation": 0.033, "community_and_government": 0.032, "cultural_and_historic": 0.03, "education": 0.028, "geographic_entities": 0.021, "sports_and_recreation": 0.02, "health_care": 0.016}, "cluster": -1}}, {"type": "Feature", "geometry": {"type": "Polygon", "coordinates": [[[4.887118, 52.360501], [4.885538, 52.356204], [4.890951, 52.353676], [4.897947, 52.355445], [4.899528, 52.359743], [4.894114, 52.362271], [4.887118, 52.360501]]]}, "properties": {"h3": "881969535bfffff", "poi": 1035, "richness": 13, "hill_q1": 7.503, "hill_q2": 5.603, "top_share": 0.285, "flagged": false, "dominant": "food_and_drink", "dna": {"food_and_drink": 0.285, "shopping": 0.232, "services_and_business": 0.173, "lifestyle_services": 0.077, "lodging": 0.044, "sports_and_recreation": 0.041, "health_care": 0.037, "arts_and_entertainment": 0.035, "travel_and_transportation": 0.024, "community_and_government": 0.019, "education": 0.018, "cultural_and_historic": 0.009, "geographic_entities": 0.006}, "tfidf": {"food_and_drink": 0.325, "shopping": 0.246, "services_and_business": 0.177, "lifestyle_services": 0.091, "lodging": 0.069, "sports_and_recreation": 0.046, "health_care": 0.045, "arts_and_entertainment": 0.045, "travel_and_transportation": 0.028, "community_and_government": 0.025, "education": 0.022, "cultural_and_historic": 0.012, "geographic_entities": 0.009}, "cluster": -1}}, {"type": "Feature", "geometry": {"type": "Polygon", "coordinates": [[[4.870874, 52.368081], [4.869295, 52.363784], [4.874709, 52.361258], [4.881704, 52.363028], [4.883285, 52.367325], [4.87787, 52.369852], [4.870874, 52.368081]]]}, "properties": {"h3": "881969535dfffff", "poi": 916, "richness": 13, "hill_q1": 9.663, "hill_q2": 7.926, "top_share": 0.207, "flagged": false, "dominant": "food_and_drink", "dna": {"food_and_drink": 0.207, "services_and_business": 0.18, "shopping": 0.152, "lifestyle_services": 0.091, "arts_and_entertainment": 0.078, "lodging": 0.076, "sports_and_recreation": 0.045, "health_care": 0.043, "community_and_government": 0.039, "education": 0.031, "travel_and_transportation": 0.028, "geographic_entities": 0.02, "cultural_and_historic": 0.011}, "tfidf": {"food_and_drink": 0.236, "services_and_business": 0.184, "shopping": 0.161, "lodging": 0.119, "lifestyle_services": 0.107, "arts_and_entertainment": 0.099, "health_care": 0.052, "community_and_government": 0.051, "sports_and_recreation": 0.051, "education": 0.037, "travel_and_transportation": 0.032, "geographic_entities": 0.032, "cultural_and_historic": 0.015}, "cluster": -1}}, {"type": "Feature", "geometry": {"type": "Polygon", "coordinates": [[[4.821241, 52.371092], [4.819665, 52.366795], [4.82508, 52.364271], [4.832071, 52.366044], [4.833648, 52.370341], [4.828233, 52.372865], [4.821241, 52.371092]]]}, "properties": {"h3": "8819695361fffff", "poi": 15, "richness": 6, "hill_q1": 5.154, "hill_q2": 4.592, "top_share": 0.333, "flagged": false, "dominant": "services_and_business", "dna": {"services_and_business": 0.333, "food_and_drink": 0.2, "geographic_entities": 0.2, "sports_and_recreation": 0.133, "health_care": 0.067, "shopping": 0.067}, "tfidf": {"services_and_business": 0.341, "geographic_entities": 0.326, "food_and_drink": 0.228, "sports_and_recreation": 0.152, "health_care": 0.081, "shopping": 0.071}, "cluster": -1}}, {"type": "Feature", "geometry": {"type": "Polygon", "coordinates": [[[4.82508, 52.364271], [4.823504, 52.359974], [4.828918, 52.35745], [4.835909, 52.359223], [4.837486, 52.36352], [4.832071, 52.366044], [4.82508, 52.364271]]]}, "properties": {"h3": "8819695363fffff", "poi": 98, "richness": 12, "hill_q1": 8.723, "hill_q2": 7.309, "top_share": 0.224, "flagged": false, "dominant": "food_and_drink", "dna": {"food_and_drink": 0.224, "services_and_business": 0.163, "shopping": 0.163, "education": 0.112, "lifestyle_services": 0.102, "community_and_government": 0.061, "arts_and_entertainment": 0.051, "health_care": 0.041, "sports_and_recreation": 0.031, "travel_and_transportation": 0.031, "cultural_and_historic": 0.01, "lodging": 0.01}, "tfidf": {"food_and_drink": 0.256, "shopping": 0.174, "services_and_business": 0.167, "education": 0.135, "lifestyle_services": 0.121, "community_and_government": 0.08, "arts_and_entertainment": 0.065, "health_care": 0.05, "travel_and_transportation": 0.035, "sports_and_recreation": 0.035, "lodging": 0.016, "cultural_and_historic": 0.014}, "cluster": -1}}, {"type": "Feature", "geometry": {"type": "Polygon", "coordinates": [[[4.808835, 52.371841], [4.807259, 52.367544], [4.812674, 52.365021], [4.819665, 52.366795], [4.821241, 52.371092], [4.815826, 52.373615], [4.808835, 52.371841]]]}, "properties": {"h3": "8819695365fffff", "poi": 31, "richness": 10, "hill_q1": 5.911, "hill_q2": 3.71, "top_share": 0.484, "flagged": false, "dominant": "sports_and_recreation", "dna": {"sports_and_recreation": 0.484, "geographic_entities": 0.097, "services_and_business": 0.097, "arts_and_entertainment": 0.065, "community_and_government": 0.065, "education": 0.065, "cultural_and_historic": 0.032, "food_and_drink": 0.032, "lifestyle_services": 0.032, "lodging": 0.032}, "tfidf": {"sports_and_recreation": 0.551, "geographic_entities": 0.158, "services_and_business": 0.099, "community_and_government": 0.084, "arts_and_entertainment": 0.083, "education": 0.078, "lodging": 0.05, "cultural_and_historic": 0.045, "lifestyle_services": 0.038, "food_and_drink": 0.037}, "cluster": -1}}, {"type": "Feature", "geometry": {"type": "Polygon", "coordinates": [[[4.812674, 52.365021], [4.811099, 52.360724], [4.816514, 52.358201], [4.823504, 52.359974], [4.82508, 52.364271], [4.819665, 52.366795], [4.812674, 52.365021]]]}, "properties": {"h3": "8819695367fffff", "poi": 30, "richness": 10, "hill_q1": 7.859, "hill_q2": 6.522, "top_share": 0.267, "flagged": false, "dominant": "sports_and_recreation", "dna": {"sports_and_recreation": 0.267, "arts_and_entertainment": 0.167, "services_and_business": 0.167, "geographic_entities": 0.1, "cultural_and_historic": 0.067, "education": 0.067, "food_and_drink": 0.067, "lifestyle_services": 0.033, "lodging": 0.033, "shopping": 0.033}, "tfidf": {"sports_and_recreation": 0.304, "arts_and_entertainment": 0.213, "services_and_business": 0.17, "geographic_entities": 0.163, "cultural_and_historic": 0.094, "education": 0.08, "food_and_drink": 0.076, "lodging": 0.052, "lifestyle_services": 0.039, "shopping": 0.035}, "cluster": -1}}, {"type": "Feature", "geometry": {"type": "Polygon", "coordinates": [[[4.82981, 52.377162], [4.828233, 52.372865], [4.833648, 52.370341], [4.840641, 52.372114], [4.842219, 52.376411], [4.836803, 52.378934], [4.82981, 52.377162]]]}, "properties": {"h3": "8819695369fffff", "poi": 85, "richness": 13, "hill_q1": 11.424, "hill_q2": 10.336, "top_share": 0.141, "flagged": false, "dominant": "education", "dna": {"education": 0.141, "shopping": 0.141, "sports_and_recreation": 0.118, "food_and_drink": 0.106, "travel_and_transportation": 0.094, "arts_and_entertainment": 0.082, "services_and_business": 0.082, "cultural_and_historic": 0.047, "lifestyle_services": 0.047, "community_and_government": 0.035, "geographic_entities": 0.035, "health_care": 0.035, "lodging": 0.035}, "tfidf": {"education": 0.17, "shopping": 0.15, "sports_and_recreation": 0.134, "food_and_drink": 0.121, "travel_and_transportation": 0.108, "arts_and_entertainment": 0.105, "services_and_business": 0.084, "cultural_and_historic": 0.066, "geographic_entities": 0.058, "lifestyle_services": 0.056, "lodging": 0.055, "community_and_government": 0.046, "health_care": 0.043}, "cluster": -1}}, {"type": "Feature", "geometry": {"type": "Polygon", "coordinates": [[[4.833648, 52.370341], [4.832071, 52.366044], [4.837486, 52.36352], [4.844478, 52.365292], [4.846056, 52.369589], [4.840641, 52.372114], [4.833648, 52.370341]]]}, "properties": {"h3": "881969536bfffff", "poi": 141, "richness": 13, "hill_q1": 10.347, "hill_q2": 8.385, "top_share": 0.248, "flagged": false, "dominant": "services_and_business", "dna": {"services_and_business": 0.248, "education": 0.113, "lifestyle_services": 0.113, "shopping": 0.092, "health_care": 0.071, "arts_and_entertainment": 0.064, "food_and_drink": 0.057, "cultural_and_historic": 0.05, "lodging": 0.05, "sports_and_recreation": 0.05, "community_and_government": 0.043, "travel_and_transportation": 0.043, "geographic_entities": 0.007}, "tfidf": {"services_and_business": 0.254, "education": 0.137, "lifestyle_services": 0.134, "shopping": 0.098, "health_care": 0.086, "arts_and_entertainment": 0.082, "lodging": 0.077, "cultural_and_historic": 0.07, "food_and_drink": 0.065, "sports_and_recreation": 0.057, "community_and_government": 0.055, "travel_and_transportation": 0.049, "geographic_entities": 0.012}, "cluster": -1}}, {"type": "Feature", "geometry": {"type": "Polygon", "coordinates": [[[4.817401, 52.377911], [4.815826, 52.373615], [4.821241, 52.371092], [4.828233, 52.372865], [4.82981, 52.377162], [4.824394, 52.379685], [4.817401, 52.377911]]]}, "properties": {"h3": "881969536dfffff", "poi": 95, "richness": 13, "hill_q1": 11.497, "hill_q2": 10.458, "top_share": 0.168, "flagged": false, "dominant": "services_and_business", "dna": {"services_and_business": 0.168, "cultural_and_historic": 0.105, "education": 0.105, "lifestyle_services": 0.095, "shopping": 0.095, "sports_and_recreation": 0.084, "food_and_drink": 0.074, "health_care": 0.074, "lodging": 0.063, "travel_and_transportation": 0.053, "arts_and_entertainment": 0.032, "community_and_government": 0.032, "geographic_entities": 0.021}, "tfidf": {"services_and_business": 0.172, "cultural_and_historic": 0.148, "education": 0.127, "lifestyle_services": 0.112, "shopping": 0.101, "lodging": 0.098, "sports_and_recreation": 0.096, "health_care": 0.09, "food_and_drink": 0.084, "travel_and_transportation": 0.06, "community_and_government": 0.041, "arts_and_entertainment": 0.04, "geographic_entities": 0.034}, "cluster": -1}}, {"type": "Feature", "geometry": {"type": "Polygon", "coordinates": [[[4.944541, 52.258017], [4.942959, 52.253714], [4.948364, 52.251177], [4.955352, 52.252944], [4.956936, 52.257248], [4.95153, 52.259784], [4.944541, 52.258017]]]}, "properties": {"h3": "881969572dfffff", "poi": 11, "richness": 6, "hill_q1": 5.586, "hill_q2": 5.261, "top_share": 0.273, "flagged": false, "dominant": "sports_and_recreation", "dna": {"sports_and_recreation": 0.273, "geographic_entities": 0.182, "lodging": 0.182, "travel_and_transportation": 0.182, "food_and_drink": 0.091, "lifestyle_services": 0.091}, "tfidf": {"sports_and_recreation": 0.311, "geographic_entities": 0.297, "lodging": 0.283, "travel_and_transportation": 0.208, "lifestyle_services": 0.107, "food_and_drink": 0.104}, "cluster": -1}}, {"type": "Feature", "geometry": {"type": "Polygon", "coordinates": [[[4.961688, 52.270157], [4.960104, 52.265854], [4.96551, 52.263317], [4.972501, 52.265083], [4.974086, 52.269386], [4.968679, 52.271923], [4.961688, 52.270157]]]}, "properties": {"h3": "8819695761fffff", "poi": 13, "richness": 5, "hill_q1": 3.684, "hill_q2": 2.864, "top_share": 0.538, "flagged": true, "dominant": "services_and_business", "dna": {"services_and_business": 0.538, "education": 0.154, "health_care": 0.154, "community_and_government": 0.077, "travel_and_transportation": 0.077}, "tfidf": {"services_and_business": 0.551, "health_care": 0.188, "education": 0.185, "community_and_government": 0.1, "travel_and_transportation": 0.088}, "cluster": -1}}, {"type": "Feature", "geometry": {"type": "Polygon", "coordinates": [[[4.970264, 52.276226], [4.968679, 52.271923], [4.974086, 52.269386], [4.981078, 52.271152], [4.982664, 52.275454], [4.977257, 52.277991], [4.970264, 52.276226]]]}, "properties": {"h3": "8819695769fffff", "poi": 147, "richness": 13, "hill_q1": 9.837, "hill_q2": 7.849, "top_share": 0.218, "flagged": false, "dominant": "services_and_business", "dna": {"services_and_business": 0.218, "shopping": 0.197, "lifestyle_services": 0.116, "food_and_drink": 0.109, "health_care": 0.068, "education": 0.048, "sports_and_recreation": 0.048, "cultural_and_historic": 0.041, "travel_and_transportation": 0.041, "arts_and_entertainment": 0.034, "community_and_government": 0.027, "geographic_entities": 0.027, "lodging": 0.027}, "tfidf": {"services_and_business": 0.223, "shopping": 0.21, "lifestyle_services": 0.137, "food_and_drink": 0.124, "health_care": 0.083, "cultural_and_historic": 0.057, "education": 0.057, "sports_and_recreation": 0.054, "travel_and_transportation": 0.047, "geographic_entities": 0.044, "arts_and_entertainment": 0.044, "lodging": 0.042, "community_and_government": 0.035}, "cluster": -1}}, {"type": "Feature", "geometry": {"type": "Polygon", "coordinates": [[[4.974086, 52.269386], [4.972501, 52.265083], [4.977907, 52.262546], [4.984899, 52.264311], [4.986485, 52.268614], [4.981078, 52.271152], [4.974086, 52.269386]]]}, "properties": {"h3": "881969576bfffff", "poi": 14, "richness": 8, "hill_q1": 7.0, "hill_q2": 6.125, "top_share": 0.286, "flagged": false, "dominant": "shopping", "dna": {"shopping": 0.286, "cultural_and_historic": 0.143, "education": 0.143, "sports_and_recreation": 0.143, "community_and_government": 0.071, "health_care": 0.071, "services_and_business": 0.071, "travel_and_transportation": 0.071}, "tfidf": {"shopping": 0.304, "cultural_and_historic": 0.201, "education": 0.172, "sports_and_recreation": 0.163, "community_and_government": 0.093, "health_care": 0.087, "travel_and_transportation": 0.082, "services_and_business": 0.073}, "cluster": -1}}, {"type": "Feature", "geometry": {"type": "Polygon", "coordinates": [[[4.957865, 52.276996], [4.956281, 52.272693], [4.961688, 52.270157], [4.968679, 52.271923], [4.970264, 52.276226], [4.964857, 52.278762], [4.957865, 52.276996]]]}, "properties": {"h3": "881969576dfffff", "poi": 13, "richness": 7, "hill_q1": 5.919, "hill_q2": 5.121, "top_share": 0.308, "flagged": false, "dominant": "health_care", "dna": {"health_care": 0.308, "services_and_business": 0.231, "lifestyle_services": 0.154, "food_and_drink": 0.077, "geographic_entities": 0.077, "shopping": 0.077, "sports_and_recreation": 0.077}, "tfidf": {"health_care": 0.375, "services_and_business": 0.236, "lifestyle_services": 0.182, "geographic_entities": 0.125, "food_and_drink": 0.088, "sports_and_recreation": 0.088, "shopping": 0.082}, "cluster": -1}}, {"type": "Feature", "geometry": {"type": "Polygon", "coordinates": [[[4.949059, 52.442358], [4.947472, 52.438065], [4.952892, 52.435538], [4.959901, 52.437304], [4.961489, 52.441597], [4.956068, 52.444124], [4.949059, 52.442358]]]}, "properties": {"h3": "881969c805fffff", "poi": 14, "richness": 7, "hill_q1": 5.329, "hill_q2": 4.083, "top_share": 0.429, "flagged": false, "dominant": "services_and_business", "dna": {"services_and_business": 0.429, "lodging": 0.143, "travel_and_transportation": 0.143, "arts_and_entertainment": 0.071, "cultural_and_historic": 0.071, "food_and_drink": 0.071, "lifestyle_services": 0.071}, "tfidf": {"services_and_business": 0.438, "lodging": 0.222, "travel_and_transportation": 0.163, "cultural_and_historic": 0.101, "arts_and_entertainment": 0.091, "lifestyle_services": 0.084, "food_and_drink": 0.081}, "cluster": -1}}, {"type": "Feature", "geometry": {"type": "Polygon", "coordinates": [[[4.99018, 52.43325], [4.98859, 52.428957], [4.99401, 52.426427], [5.00102, 52.428191], [5.002611, 52.432485], [4.997191, 52.435014], [4.99018, 52.43325]]]}, "properties": {"h3": "881969c819fffff", "poi": 29, "richness": 10, "hill_q1": 6.997, "hill_q2": 5.224, "top_share": 0.345, "flagged": false, "dominant": "services_and_business", "dna": {"services_and_business": 0.345, "shopping": 0.207, "food_and_drink": 0.103, "health_care": 0.069, "lifestyle_services": 0.069, "sports_and_recreation": 0.069, "arts_and_entertainment": 0.034, "community_and_government": 0.034, "geographic_entities": 0.034, "travel_and_transportation": 0.034}, "tfidf": {"services_and_business": 0.353, "shopping": 0.22, "food_and_drink": 0.118, "health_care": 0.084, "lifestyle_services": 0.082, "sports_and_recreation": 0.079, "geographic_entities": 0.056, "community_and_government": 0.045, "arts_and_entertainment": 0.044, "travel_and_transportation": 0.039}, "cluster": -1}}, {"type": "Feature", "geometry": {"type": "Polygon", "coordinates": [[[4.91561, 52.437814], [4.914026, 52.433521], [4.919446, 52.430996], [4.926451, 52.432764], [4.928037, 52.437057], [4.922616, 52.439582], [4.91561, 52.437814]]]}, "properties": {"h3": "881969c825fffff", "poi": 26, "richness": 10, "hill_q1": 8.178, "hill_q2": 7.042, "top_share": 0.231, "flagged": false, "dominant": "lifestyle_services", "dna": {"lifestyle_services": 0.231, "services_and_business": 0.192, "community_and_government": 0.115, "health_care": 0.115, "shopping": 0.115, "food_and_drink": 0.077, "arts_and_entertainment": 0.038, "education": 0.038, "sports_and_recreation": 0.038, "travel_and_transportation": 0.038}, "tfidf": {"lifestyle_services": 0.273, "services_and_business": 0.197, "community_and_government": 0.15, "health_care": 0.141, "shopping": 0.123, "food_and_drink": 0.088, "arts_and_entertainment": 0.049, "education": 0.046, "travel_and_transportation": 0.044, "sports_and_recreation": 0.044}, "cluster": -1}}, {"type": "Feature", "geometry": {"type": "Polygon", "coordinates": [[[4.919446, 52.430996], [4.917861, 52.426702], [4.92328, 52.424177], [4.930285, 52.425944], [4.931871, 52.430238], [4.926451, 52.432764], [4.919446, 52.430996]]]}, "properties": {"h3": "881969c827fffff", "poi": 10, "richness": 5, "hill_q1": 4.353, "hill_q2": 3.846, "top_share": 0.4, "flagged": false, "dominant": "services_and_business", "dna": {"services_and_business": 0.4, "lifestyle_services": 0.2, "shopping": 0.2, "food_and_drink": 0.1, "health_care": 0.1}, "tfidf": {"services_and_business": 0.409, "lifestyle_services": 0.236, "shopping": 0.213, "health_care": 0.122, "food_and_drink": 0.114}, "cluster": -1}}, {"type": "Feature", "geometry": {"type": "Polygon", "coordinates": [[[4.944297, 52.429479], [4.942711, 52.425185], [4.94813, 52.422658], [4.955137, 52.424424], [4.956724, 52.428718], [4.951305, 52.431245], [4.944297, 52.429479]]]}, "properties": {"h3": "881969c83dfffff", "poi": 22, "richness": 7, "hill_q1": 4.069, "hill_q2": 2.988, "top_share": 0.5, "flagged": true, "dominant": "services_and_business", "dna": {"services_and_business": 0.5, "shopping": 0.273, "cultural_and_historic": 0.045, "food_and_drink": 0.045, "lifestyle_services": 0.045, "lodging": 0.045, "travel_and_transportation": 0.045}, "tfidf": {"services_and_business": 0.511, "shopping": 0.29, "lodging": 0.071, "cultural_and_historic": 0.064, "lifestyle_services": 0.054, "travel_and_transportation": 0.052, "food_and_drink": 0.052}, "cluster": -1}}, {"type": "Feature", "geometry": {"type": "Polygon", "coordinates": [[[4.986351, 52.440072], [4.98476, 52.435779], [4.99018, 52.43325], [4.997191, 52.435014], [4.998782, 52.439307], [4.993362, 52.441836], [4.986351, 52.440072]]]}, "properties": {"h3": "881969c857fffff", "poi": 20, "richness": 10, "hill_q1": 8.855, "hill_q2": 8.0, "top_share": 0.2, "flagged": false, "dominant": "cultural_and_historic", "dna": {"cultural_and_historic": 0.2, "services_and_business": 0.15, "sports_and_recreation": 0.15, "community_and_government": 0.1, "lodging": 0.1, "shopping": 0.1, "arts_and_entertainment": 0.05, "education": 0.05, "food_and_drink": 0.05, "lifestyle_services": 0.05}, "tfidf": {"cultural_and_historic": 0.282, "sports_and_recreation": 0.171, "lodging": 0.156, "services_and_business": 0.153, "community_and_government": 0.13, "shopping": 0.106, "arts_and_entertainment": 0.064, "education": 0.06, "lifestyle_services": 0.059, "food_and_drink": 0.057}, "cluster": -1}}, {"type": "Feature", "geometry": {"type": "Polygon", "coordinates": [[[4.949989, 52.462052], [4.948401, 52.45776], [4.953823, 52.455235], [4.960833, 52.457], [4.962422, 52.461292], [4.957, 52.463818], [4.949989, 52.462052]]]}, "properties": {"h3": "881969c869fffff", "poi": 10, "richness": 8, "hill_q1": 7.579, "hill_q2": 7.143, "top_share": 0.2, "flagged": false, "dominant": "services_and_business", "dna": {"services_and_business": 0.2, "travel_and_transportation": 0.2, "community_and_government": 0.1, "cultural_and_historic": 0.1, "education": 0.1, "food_and_drink": 0.1, "lodging": 0.1, "sports_and_recreation": 0.1}, "tfidf": {"travel_and_transportation": 0.229, "services_and_business": 0.204, "lodging": 0.156, "cultural_and_historic": 0.141, "community_and_government": 0.13, "education": 0.121, "food_and_drink": 0.114, "sports_and_recreation": 0.114}, "cluster": -1}}, {"type": "Feature", "geometry": {"type": "Polygon", "coordinates": [[[4.988298, 52.393835], [4.986709, 52.389539], [4.992125, 52.387008], [4.999131, 52.388772], [5.000721, 52.393068], [4.995304, 52.395599], [4.988298, 52.393835]]]}, "properties": {"h3": "881969c881fffff", "poi": 16, "richness": 7, "hill_q1": 5.592, "hill_q2": 4.571, "top_share": 0.375, "flagged": false, "dominant": "community_and_government", "dna": {"community_and_government": 0.375, "services_and_business": 0.188, "arts_and_entertainment": 0.125, "food_and_drink": 0.125, "cultural_and_historic": 0.063, "lifestyle_services": 0.063, "sports_and_recreation": 0.063}, "tfidf": {"community_and_government": 0.488, "services_and_business": 0.192, "arts_and_entertainment": 0.16, "food_and_drink": 0.142, "cultural_and_historic": 0.088, "lifestyle_services": 0.074, "sports_and_recreation": 0.071}, "cluster": -1}}, {"type": "Feature", "geometry": {"type": "Polygon", "coordinates": [[[4.954863, 52.389304], [4.953276, 52.385008], [4.958692, 52.382478], [4.965695, 52.384244], [4.967283, 52.38854], [4.961866, 52.39107], [4.954863, 52.389304]]]}, "properties": {"h3": "881969c8a1fffff", "poi": 23, "richness": 9, "hill_q1": 7.711, "hill_q2": 6.696, "top_share": 0.261, "flagged": false, "dominant": "sports_and_recreation", "dna": {"sports_and_recreation": 0.261, "services_and_business": 0.174, "health_care": 0.13, "education": 0.087, "geographic_entities": 0.087, "shopping": 0.087, "travel_and_transportation": 0.087, "arts_and_entertainment": 0.043, "lodging": 0.043}, "tfidf": {"sports_and_recreation": 0.297, "services_and_business": 0.178, "health_care": 0.159, "geographic_entities": 0.142, "education": 0.105, "travel_and_transportation": 0.099, "shopping": 0.092, "lodging": 0.068, "arts_and_entertainment": 0.056}, "cluster": -1}}, {"type": "Feature", "geometry": {"type": "Polygon", "coordinates": [[[4.958692, 52.382478], [4.957105, 52.378182], [4.962521, 52.375651], [4.969523, 52.377417], [4.971111, 52.381713], [4.965695, 52.384244], [4.958692, 52.382478]]]}, "properties": {"h3": "881969c8a3fffff", "poi": 20, "richness": 8, "hill_q1": 7.315, "hill_q2": 6.897, "top_share": 0.2, "flagged": false, "dominant": "shopping", "dna": {"shopping": 0.2, "cultural_and_historic": 0.15, "food_and_drink": 0.15, "geographic_entities": 0.15, "services_and_business": 0.15, "community_and_government": 0.1, "arts_and_entertainment": 0.05, "health_care": 0.05}, "tfidf": {"geographic_entities": 0.245, "shopping": 0.213, "cultural_and_historic": 0.211, "food_and_drink": 0.171, "services_and_business": 0.153, "community_and_government": 0.13, "arts_and_entertainment": 0.064, "health_care": 0.061}, "cluster": -1}}, {"type": "Feature", "geometry": {"type": "Polygon", "coordinates": [[[4.942443, 52.390066], [4.940858, 52.385771], [4.946274, 52.383241], [4.953276, 52.385008], [4.954863, 52.389304], [4.949446, 52.391833], [4.942443, 52.390066]]]}, "properties": {"h3": "881969c8a5fffff", "poi": 51, "richness": 12, "hill_q1": 8.886, "hill_q2": 6.936, "top_share": 0.275, "flagged": false, "dominant": "services_and_business", "dna": {"services_and_business": 0.275, "sports_and_recreation": 0.176, "food_and_drink": 0.098, "health_care": 0.098, "shopping": 0.078, "education": 0.059, "lifestyle_services": 0.059, "geographic_entities": 0.039, "lodging": 0.039, "travel_and_transportation": 0.039, "community_and_government": 0.02, "cultural_and_historic": 0.02}, "tfidf": {"services_and_business": 0.281, "sports_and_recreation": 0.201, "health_care": 0.12, "food_and_drink": 0.112, "shopping": 0.083, "education": 0.071, "lifestyle_services": 0.07, "geographic_entities": 0.064, "lodging": 0.061, "travel_and_transportation": 0.045, "cultural_and_historic": 0.028, "community_and_government": 0.026}, "cluster": -1}}, {"type": "Feature", "geometry": {"type": "Polygon", "coordinates": [[[4.951032, 52.396129], [4.949446, 52.391833], [4.954863, 52.389304], [4.961866, 52.39107], [4.963454, 52.395365], [4.958036, 52.397895], [4.951032, 52.396129]]]}, "properties": {"h3": "881969c8adfffff", "poi": 103, "richness": 11, "hill_q1": 8.108, "hill_q2": 6.762, "top_share": 0.252, "flagged": false, "dominant": "shopping", "dna": {"shopping": 0.252, "food_and_drink": 0.165, "services_and_business": 0.155, "education": 0.107, "lifestyle_services": 0.107, "health_care": 0.068, "community_and_government": 0.058, "cultural_and_historic": 0.029, "arts_and_entertainment": 0.019, "sports_and_recreation": 0.019, "travel_and_transportation": 0.019}, "tfidf": {"shopping": 0.268, "food_and_drink": 0.188, "services_and_business": 0.159, "education": 0.129, "lifestyle_services": 0.126, "health_care": 0.083, "community_and_government": 0.076, "cultural_and_historic": 0.041, "arts_and_entertainment": 0.025, "travel_and_transportation": 0.022, "sports_and_recreation": 0.022}, "cluster": -1}}, {"type": "Feature", "geometry": {"type": "Polygon", "coordinates": [[[4.978766, 52.368057], [4.977178, 52.36376], [4.982592, 52.361228], [4.989595, 52.362992], [4.991184, 52.36729], [4.985769, 52.369822], [4.978766, 52.368057]]]}, "properties": {"h3": "881969c8b3fffff", "poi": 68, "richness": 13, "hill_q1": 7.471, "hill_q2": 4.56, "top_share": 0.426, "flagged": false, "dominant": "services_and_business", "dna": {"services_and_business": 0.426, "shopping": 0.118, "health_care": 0.088, "arts_and_entertainment": 0.059, "food_and_drink": 0.059, "cultural_and_historic": 0.044, "education": 0.044, "sports_and_recreation": 0.044, "community_and_government": 0.029, "lifestyle_services": 0.029, "lodging": 0.029, "geographic_entities": 0.015, "travel_and_transportation": 0.015}, "tfidf": {"services_and_business": 0.436, "shopping": 0.125, "health_care": 0.108, "arts_and_entertainment": 0.075, "food_and_drink": 0.067, "cultural_and_historic": 0.062, "education": 0.053, "sports_and_recreation": 0.05, "lodging": 0.046, "community_and_government": 0.038, "lifestyle_services": 0.035, "geographic_entities": 0.024, "travel_and_transportation": 0.017}, "cluster": -1}}, {"type": "Feature", "geometry": {"type": "Polygon", "coordinates": [[[4.962521, 52.375651], [4.960934, 52.371355], [4.966349, 52.368823], [4.973351, 52.370589], [4.974939, 52.374886], [4.969523, 52.377417], [4.962521, 52.375651]]]}, "properties": {"h3": "881969c8b5fffff", "poi": 58, "richness": 11, "hill_q1": 8.172, "hill_q2": 6.347, "top_share": 0.276, "flagged": false, "dominant": "services_and_business", "dna": {"services_and_business": 0.276, "food_and_drink": 0.224, "travel_and_transportation": 0.086, "education": 0.069, "health_care": 0.069, "sports_and_recreation": 0.069, "community_and_government": 0.052, "cultural_and_historic": 0.052, "shopping": 0.052, "lifestyle_services": 0.034, "arts_and_entertainment": 0.017}, "tfidf": {"services_and_business": 0.282, "food_and_drink": 0.255, "travel_and_transportation": 0.099, "health_care": 0.084, "education": 0.083, "sports_and_recreation": 0.079, "cultural_and_historic": 0.073, "community_and_government": 0.067, "shopping": 0.055, "lifestyle_services": 0.041, "arts_and_entertainment": 0.022}, "cluster": -1}}, {"type": "Feature", "geometry": {"type": "Polygon", "coordinates": [[[4.966349, 52.368823], [4.964762, 52.364526], [4.970176, 52.361995], [4.977178, 52.36376], [4.978766, 52.368057], [4.973351, 52.370589], [4.966349, 52.368823]]]}, "properties": {"h3": "881969c8b7fffff", "poi": 12, "richness": 7, "hill_q1": 6.0, "hill_q2": 5.143, "top_share": 0.333, "flagged": false, "dominant": "travel_and_transportation", "dna": {"travel_and_transportation": 0.333, "arts_and_entertainment": 0.167, "community_and_government": 0.167, "food_and_drink": 0.083, "geographic_entities": 0.083, "shopping": 0.083, "sports_and_recreation": 0.083}, "tfidf": {"travel_and_transportation": 0.381, "community_and_government": 0.217, "arts_and_entertainment": 0.213, "geographic_entities": 0.136, "food_and_drink": 0.095, "sports_and_recreation": 0.095, "shopping": 0.089}, "cluster": -1}}, {"type": "Feature", "geometry": {"type": "Polygon", "coordinates": [[[4.983531, 52.380947], [4.981942, 52.376651], [4.987358, 52.374119], [4.994362, 52.375883], [4.995951, 52.38018], [4.990536, 52.382712], [4.983531, 52.380947]]]}, "properties": {"h3": "881969c8b9fffff", "poi": 18, "richness": 9, "hill_q1": 8.248, "hill_q2": 7.714, "top_share": 0.167, "flagged": false, "dominant": "lodging", "dna": {"lodging": 0.167, "services_and_business": 0.167, "shopping": 0.167, "cultural_and_historic": 0.111, "geographic_entities": 0.111, "sports_and_recreation": 0.111, "community_and_government": 0.056, "food_and_drink": 0.056, "lifestyle_services": 0.056}, "tfidf": {"lodging": 0.259, "geographic_entities": 0.181, "shopping": 0.177, "services_and_business": 0.17, "cultural_and_historic": 0.156, "sports_and_recreation": 0.127, "community_and_government": 0.072, "lifestyle_services": 0.066, "food_and_drink": 0.063}, "cluster": -1}}, {"type": "Feature", "geometry": {"type": "Polygon", "coordinates": [[[4.955793, 52.409014], [4.954206, 52.404719], [4.959624, 52.40219], [4.966629, 52.403956], [4.968217, 52.408251], [4.962799, 52.41078], [4.955793, 52.409014]]]}, "properties": {"h3": "881969c8e5fffff", "poi": 15, "richness": 9, "hill_q1": 8.035, "hill_q2": 7.258, "top_share": 0.2, "flagged": false, "dominant": "lodging", "dna": {"lodging": 0.2, "services_and_business": 0.2, "education": 0.133, "shopping": 0.133, "community_and_government": 0.067, "cultural_and_historic": 0.067, "food_and_drink": 0.067, "lifestyle_services": 0.067, "sports_and_recreation": 0.067}, "tfidf": {"lodging": 0.311, "services_and_business": 0.204, "education": 0.161, "shopping": 0.142, "cultural_and_historic": 0.094, "community_and_government": 0.087, "lifestyle_services": 0.079, "food_and_drink": 0.076, "sports_and_recreation": 0.076}, "cluster": -1}}, {"type": "Feature", "geometry": {"type": "Polygon", "coordinates": [[[4.959624, 52.40219], [4.958036, 52.397895], [4.963454, 52.395365], [4.970458, 52.397131], [4.972047, 52.401426], [4.966629, 52.403956], [4.959624, 52.40219]]]}, "properties": {"h3": "881969c8e7fffff", "poi": 12, "richness": 3, "hill_q1": 1.761, "hill_q2": 1.412, "top_share": 0.833, "flagged": true, "dominant": "sports_and_recreation", "dna": {"sports_and_recreation": 0.833, "arts_and_entertainment": 0.083, "health_care": 0.083}, "tfidf": {"sports_and_recreation": 0.95, "arts_and_entertainment": 0.107, "health_care": 0.102}, "cluster": -1}}, {"type": "Feature", "geometry": {"type": "Polygon", "coordinates": [[[4.874496, 52.446892], [4.872914, 52.4426], [4.878335, 52.440077], [4.885339, 52.441847], [4.886921, 52.44614], [4.8815, 52.448662], [4.874496, 52.446892]]]}, "properties": {"h3": "881969c901fffff", "poi": 29, "richness": 9, "hill_q1": 6.868, "hill_q2": 5.8, "top_share": 0.276, "flagged": false, "dominant": "sports_and_recreation", "dna": {"sports_and_recreation": 0.276, "shopping": 0.207, "lifestyle_services": 0.138, "services_and_business": 0.138, "community_and_government": 0.103, "arts_and_entertainment": 0.034, "cultural_and_historic": 0.034, "health_care": 0.034, "travel_and_transportation": 0.034}, "tfidf": {"sports_and_recreation": 0.314, "shopping": 0.22, "lifestyle_services": 0.163, "services_and_business": 0.141, "community_and_government": 0.135, "cultural_and_historic": 0.049, "arts_and_entertainment": 0.044, "health_care": 0.042, "travel_and_transportation": 0.039}, "cluster": -1}}, {"type": "Feature", "geometry": {"type": "Polygon", "coordinates": [[[4.878335, 52.440077], [4.876753, 52.435784], [4.882174, 52.433262], [4.889177, 52.435031], [4.890759, 52.439324], [4.885339, 52.441847], [4.878335, 52.440077]]]}, "properties": {"h3": "881969c903fffff", "poi": 27, "richness": 7, "hill_q1": 5.938, "hill_q2": 5.481, "top_share": 0.222, "flagged": false, "dominant": "lifestyle_services", "dna": {"lifestyle_services": 0.222, "services_and_business": 0.222, "food_and_drink": 0.185, "shopping": 0.185, "health_care": 0.111, "education": 0.037, "sports_and_recreation": 0.037}, "tfidf": {"lifestyle_services": 0.263, "services_and_business": 0.227, "food_and_drink": 0.211, "shopping": 0.197, "health_care": 0.135, "education": 0.045, "sports_and_recreation": 0.042}, "cluster": -1}}, {"type": "Feature", "geometry": {"type": "Polygon", "coordinates": [[[4.865912, 52.440829], [4.86433, 52.436536], [4.869751, 52.434014], [4.876753, 52.435784], [4.878335, 52.440077], [4.872914, 52.4426], [4.865912, 52.440829]]]}, "properties": {"h3": "881969c907fffff", "poi": 72, "richness": 12, "hill_q1": 9.204, "hill_q2": 7.902, "top_share": 0.194, "flagged": false, "dominant": "services_and_business", "dna": {"services_and_business": 0.194, "food_and_drink": 0.167, "lifestyle_services": 0.153, "shopping": 0.125, "arts_and_entertainment": 0.097, "sports_and_recreation": 0.069, "community_and_government": 0.056, "cultural_and_historic": 0.042, "health_care": 0.042, "education": 0.028, "lodging": 0.014, "travel_and_transportation": 0.014}, "tfidf": {"services_and_business": 0.199, "food_and_drink": 0.19, "lifestyle_services": 0.181, "shopping": 0.133, "arts_and_entertainment": 0.124, "sports_and_recreation": 0.079, "community_and_government": 0.072, "cultural_and_historic": 0.059, "health_care": 0.051, "education": 0.033, "lodging": 0.022, "travel_and_transportation": 0.016}, "cluster": -1}}, {"type": "Feature", "geometry": {"type": "Polygon", "coordinates": [[[4.894597, 52.432508], [4.893014, 52.428214], [4.898434, 52.42569], [4.905437, 52.427459], [4.907021, 52.431752], [4.901601, 52.434277], [4.894597, 52.432508]]]}, "properties": {"h3": "881969c911fffff", "poi": 26, "richness": 9, "hill_q1": 7.395, "hill_q2": 6.377, "top_share": 0.269, "flagged": false, "dominant": "sports_and_recreation", "dna": {"sports_and_recreation": 0.269, "health_care": 0.154, "services_and_business": 0.154, "lifestyle_services": 0.115, "travel_and_transportation": 0.115, "education": 0.077, "arts_and_entertainment": 0.038, "cultural_and_historic": 0.038, "geographic_entities": 0.038}, "tfidf": {"sports_and_recreation": 0.307, "health_care": 0.188, "services_and_business": 0.157, "lifestyle_services": 0.136, "travel_and_transportation": 0.132, "education": 0.093, "geographic_entities": 0.063, "cultural_and_historic": 0.054, "arts_and_entertainment": 0.049}, "cluster": -1}}, {"type": "Feature", "geometry": {"type": "Polygon", "coordinates": [[[4.898434, 52.42569], [4.89685, 52.421396], [4.90227, 52.418872], [4.909273, 52.42064], [4.910857, 52.424934], [4.905437, 52.427459], [4.898434, 52.42569]]]}, "properties": {"h3": "881969c913fffff", "poi": 43, "richness": 11, "hill_q1": 8.174, "hill_q2": 6.874, "top_share": 0.233, "flagged": false, "dominant": "services_and_business", "dna": {"services_and_business": 0.233, "sports_and_recreation": 0.186, "shopping": 0.14, "travel_and_transportation": 0.14, "lifestyle_services": 0.093, "education": 0.07, "health_care": 0.047, "arts_and_entertainment": 0.023, "community_and_government": 0.023, "geographic_entities": 0.023, "lodging": 0.023}, "tfidf": {"services_and_business": 0.238, "sports_and_recreation": 0.212, "travel_and_transportation": 0.159, "shopping": 0.148, "lifestyle_services": 0.11, "education": 0.084, "health_care": 0.057, "geographic_entities": 0.038, "lodging": 0.036, "community_and_government": 0.03, "arts_and_entertainment": 0.03}, "cluster": -1}}, {"type": "Feature", "geometry": {"type": "Polygon", "coordinates": [[[4.886011, 52.426445], [4.884429, 52.422151], [4.889848, 52.419627], [4.89685, 52.421396], [4.898434, 52.42569], [4.893014, 52.428214], [4.886011, 52.426445]]]}, "properties": {"h3": "881969c917fffff", "poi": 44, "richness": 11, "hill_q1": 9.245, "hill_q2": 8.203, "top_share": 0.182, "flagged": false, "dominant": "shopping", "dna": {"shopping": 0.182, "lifestyle_services": 0.159, "lodging": 0.136, "services_and_business": 0.136, "travel_and_transportation": 0.114, "community_and_government": 0.068, "education": 0.045, "food_and_drink": 0.045, "health_care": 0.045, "sports_and_recreation": 0.045, "arts_and_entertainment": 0.023}, "tfidf": {"lodging": 0.212, "shopping": 0.193, "lifestyle_services": 0.188, "services_and_business": 0.139, "travel_and_transportation": 0.13, "community_and_government": 0.089, "health_care": 0.055, "education": 0.055, "food_and_drink": 0.052, "sports_and_recreation": 0.052, "arts_and_entertainment": 0.029}, "cluster": -1}}, {"type": "Feature", "geometry": {"type": "Polygon", "coordinates": [[[4.903185, 52.43857], [4.901601, 52.434277], [4.907021, 52.431752], [4.914026, 52.433521], [4.91561, 52.437814], [4.91019, 52.440338], [4.903185, 52.43857]]]}, "properties": {"h3": "881969c919fffff", "poi": 18, "richness": 7, "hill_q1": 5.047, "hill_q2": 4.05, "top_share": 0.333, "flagged": false, "dominant": "health_care", "dna": {"health_care": 0.333, "services_and_business": 0.333, "lifestyle_services": 0.111, "education": 0.056, "lodging": 0.056, "shopping": 0.056, "sports_and_recreation": 0.056}, "tfidf": {"health_care": 0.406, "services_and_business": 0.341, "lifestyle_services": 0.131, "lodging": 0.086, "education": 0.067, "sports_and_recreation": 0.063, "shopping": 0.059}, "cluster": -1}}, {"type": "Feature", "geometry": {"type": "Polygon", "coordinates": [[[4.907021, 52.431752], [4.905437, 52.427459], [4.910857, 52.424934], [4.917861, 52.426702], [4.919446, 52.430996], [4.914026, 52.433521], [4.907021, 52.431752]]]}, "properties": {"h3": "881969c91bfffff", "poi": 164, "richness": 13, "hill_q1": 8.474, "hill_q2": 7.119, "top_share": 0.201, "flagged": false, "dominant": "shopping", "dna": {"shopping": 0.201, "food_and_drink": 0.183, "services_and_business": 0.183, "health_care": 0.11, "lifestyle_services": 0.11, "sports_and_recreation": 0.061, "community_and_government": 0.043, "cultural_and_historic": 0.043, "education": 0.037, "arts_and_entertainment": 0.012, "geographic_entities": 0.006, "lodging": 0.006, "travel_and_transportation": 0.006}, "tfidf": {"shopping": 0.214, "food_and_drink": 0.208, "services_and_business": 0.187, "health_care": 0.134, "lifestyle_services": 0.13, "sports_and_recreation": 0.069, "cultural_and_historic": 0.06, "community_and_government": 0.056, "education": 0.044, "arts_and_entertainment": 0.016, "geographic_entities": 0.01, "lodging": 0.009, "travel_and_transportation": 0.007}, "cluster": -1}}, {"type": "Feature", "geometry": {"type": "Polygon", "coordinates": [[[4.841067, 52.442328], [4.839487, 52.438036], [4.844908, 52.435515], [4.851909, 52.437287], [4.853489, 52.441579], [4.848067, 52.4441], [4.841067, 52.442328]]]}, "properties": {"h3": "881969c921fffff", "poi": 56, "richness": 11, "hill_q1": 9.264, "hill_q2": 8.522, "top_share": 0.161, "flagged": false, "dominant": "services_and_business", "dna": {"services_and_business": 0.161, "sports_and_recreation": 0.143, "education": 0.125, "health_care": 0.125, "shopping": 0.125, "lifestyle_services": 0.107, "travel_and_transportation": 0.089, "food_and_drink": 0.054, "arts_and_entertainment": 0.036, "community_and_government": 0.018, "cultural_and_historic": 0.018}, "tfidf": {"services_and_business": 0.164, "sports_and_recreation": 0.163, "health_care": 0.152, "education": 0.151, "shopping": 0.133, "lifestyle_services": 0.127, "travel_and_transportation": 0.102, "food_and_drink": 0.061, "arts_and_entertainment": 0.046, "cultural_and_historic": 0.025, "community_and_government": 0.023}, "cluster": -1}}, {"type": "Feature", "geometry": {"type": "Polygon", "coordinates": [[[4.844908, 52.435515], [4.843329, 52.431222], [4.848749, 52.4287], [4.855749, 52.430472], [4.857329, 52.434765], [4.851909, 52.437287], [4.844908, 52.435515]]]}, "properties": {"h3": "881969c923fffff", "poi": 42, "richness": 11, "hill_q1": 9.589, "hill_q2": 8.82, "top_share": 0.167, "flagged": false, "dominant": "travel_and_transportation", "dna": {"travel_and_transportation": 0.167, "community_and_government": 0.143, "education": 0.119, "food_and_drink": 0.119, "health_care": 0.119, "sports_and_recreation": 0.095, "lifestyle_services": 0.071, "shopping": 0.071, "services_and_business": 0.048, "arts_and_entertainment": 0.024, "geographic_entities": 0.024}, "tfidf": {"travel_and_transportation": 0.19, "community_and_government": 0.186, "health_care": 0.145, "education": 0.143, "food_and_drink": 0.136, "sports_and_recreation": 0.109, "lifestyle_services": 0.084, "shopping": 0.076, "services_and_business": 0.049, "geographic_entities": 0.039, "arts_and_entertainment": 0.03}, "cluster": -1}}, {"type": "Feature", "geometry": {"type": "Polygon", "coordinates": [[[4.828645, 52.443076], [4.827067, 52.438783], [4.832488, 52.436263], [4.839487, 52.438036], [4.841067, 52.442328], [4.835645, 52.444849], [4.828645, 52.443076]]]}, "properties": {"h3": "881969c925fffff", "poi": 163, "richness": 12, "hill_q1": 8.811, "hill_q2": 7.214, "top_share": 0.221, "flagged": false, "dominant": "shopping", "dna": {"shopping": 0.221, "lifestyle_services": 0.178, "food_and_drink": 0.16, "services_and_business": 0.141, "health_care": 0.061, "sports_and_recreation": 0.049, "travel_and_transportation": 0.049, "arts_and_entertainment": 0.043, "community_and_government": 0.025, "cultural_and_historic": 0.025, "education": 0.025, "lodging": 0.025}, "tfidf": {"shopping": 0.235, "lifestyle_services": 0.21, "food_and_drink": 0.182, "services_and_business": 0.144, "health_care": 0.075, "travel_and_transportation": 0.056, "sports_and_recreation": 0.056, "arts_and_entertainment": 0.055, "lodging": 0.038, "cultural_and_historic": 0.035, "community_and_government": 0.032, "education": 0.03}, "cluster": -1}}, {"type": "Feature", "geometry": {"type": "Polygon", "coordinates": [[[4.832488, 52.436263], [4.830909, 52.43197], [4.83633, 52.429449], [4.843329, 52.431222], [4.844908, 52.435515], [4.839487, 52.438036], [4.832488, 52.436263]]]}, "properties": {"h3": "881969c927fffff", "poi": 60, "richness": 13, "hill_q1": 9.376, "hill_q2": 7.377, "top_share": 0.267, "flagged": false, "dominant": "services_and_business", "dna": {"services_and_business": 0.267, "health_care": 0.133, "lifestyle_services": 0.117, "food_and_drink": 0.1, "shopping": 0.1, "cultural_and_historic": 0.067, "sports_and_recreation": 0.067, "arts_and_entertainment": 0.033, "community_and_government": 0.033, "education": 0.033, "geographic_entities": 0.017, "lodging": 0.017, "travel_and_transportation": 0.017}, "tfidf": {"services_and_business": 0.273, "health_care": 0.163, "lifestyle_services": 0.138, "food_and_drink": 0.114, "shopping": 0.106, "cultural_and_historic": 0.094, "sports_and_recreation": 0.076, "community_and_government": 0.043, "arts_and_entertainment": 0.043, "education": 0.04, "geographic_entities": 0.027, "lodging": 0.026, "travel_and_transportation": 0.019}, "cluster": -1}}, {"type": "Feature", "geometry": {"type": "Polygon", "coordinates": [[[4.849647, 52.448393], [4.848067, 52.4441], [4.853489, 52.441579], [4.86049, 52.443351], [4.862071, 52.447643], [4.85665, 52.450164], [4.849647, 52.448393]]]}, "properties": {"h3": "881969c929fffff", "poi": 14, "richness": 5, "hill_q1": 4.538, "hill_q2": 4.261, "top_share": 0.286, "flagged": false, "dominant": "cultural_and_historic", "dna": {"cultural_and_historic": 0.286, "travel_and_transportation": 0.286, "shopping": 0.214, "services_and_business": 0.143, "food_and_drink": 0.071}, "tfidf": {"cultural_and_historic": 0.402, "travel_and_transportation": 0.326, "shopping": 0.228, "services_and_business": 0.146, "food_and_drink": 0.081}, "cluster": -1}}, {"type": "Feature", "geometry": {"type": "Polygon", "coordinates": [[[4.853489, 52.441579], [4.851909, 52.437287], [4.857329, 52.434765], [4.86433, 52.436536], [4.865912, 52.440829], [4.86049, 52.443351], [4.853489, 52.441579]]]}, "properties": {"h3": "881969c92bfffff", "poi": 19, "richness": 9, "hill_q1": 7.465, "hill_q2": 6.333, "top_share": 0.263, "flagged": false, "dominant": "services_and_business", "dna": {"services_and_business": 0.263, "shopping": 0.211, "education": 0.105, "food_and_drink": 0.105, "sports_and_recreation": 0.105, "arts_and_entertainment": 0.053, "cultural_and_historic": 0.053, "health_care": 0.053, "lifestyle_services": 0.053}, "tfidf": {"services_and_business": 0.269, "shopping": 0.224, "education": 0.127, "food_and_drink": 0.12, "sports_and_recreation": 0.12, "cultural_and_historic": 0.074, "arts_and_entertainment": 0.067, "health_care": 0.064, "lifestyle_services": 0.062}, "cluster": -1}}, {"type": "Feature", "geometry": {"type": "Polygon", "coordinates": [[[4.837224, 52.449141], [4.835645, 52.444849], [4.841067, 52.442328], [4.848067, 52.4441], [4.849647, 52.448393], [4.844226, 52.450913], [4.837224, 52.449141]]]}, "properties": {"h3": "881969c92dfffff", "poi": 77, "richness": 11, "hill_q1": 8.027, "hill_q2": 6.684, "top_share": 0.234, "flagged": false, "dominant": "shopping", "dna": {"shopping": 0.234, "health_care": 0.182, "services_and_business": 0.182, "education": 0.104, "lifestyle_services": 0.104, "sports_and_recreation": 0.052, "food_and_drink": 0.039, "travel_and_transportation": 0.039, "arts_and_entertainment": 0.026, "community_and_government": 0.026, "geographic_entities": 0.013}, "tfidf": {"shopping": 0.248, "health_care": 0.222, "services_and_business": 0.186, "education": 0.125, "lifestyle_services": 0.123, "sports_and_recreation": 0.059, "travel_and_transportation": 0.045, "food_and_drink": 0.044, "community_and_government": 0.034, "arts_and_entertainment": 0.033, "geographic_entities": 0.021}, "cluster": -1}}, {"type": "Feature", "geometry": {"type": "Polygon", "coordinates": [[[4.865008, 52.421134], [4.863427, 52.41684], [4.868846, 52.414316], [4.875846, 52.416087], [4.877428, 52.420381], [4.872008, 52.422904], [4.865008, 52.421134]]]}, "properties": {"h3": "881969c933fffff", "poi": 38, "richness": 9, "hill_q1": 6.152, "hill_q2": 4.599, "top_share": 0.395, "flagged": false, "dominant": "services_and_business", "dna": {"services_and_business": 0.395, "food_and_drink": 0.132, "sports_and_recreation": 0.132, "community_and_government": 0.105, "shopping": 0.105, "education": 0.053, "arts_and_entertainment": 0.026, "geographic_entities": 0.026, "lodging": 0.026}, "tfidf": {"services_and_business": 0.404, "food_and_drink": 0.15, "sports_and_recreation": 0.15, "community_and_government": 0.137, "shopping": 0.112, "education": 0.063, "geographic_entities": 0.043, "lodging": 0.041, "arts_and_entertainment": 0.034}, "cluster": -1}}, {"type": "Feature", "geometry": {"type": "Polygon", "coordinates": [[[4.848749, 52.4287], [4.847169, 52.424407], [4.852589, 52.421885], [4.859589, 52.423656], [4.861169, 52.42795], [4.855749, 52.430472], [4.848749, 52.4287]]]}, "properties": {"h3": "881969c935fffff", "poi": 80, "richness": 10, "hill_q1": 5.491, "hill_q2": 3.936, "top_share": 0.438, "flagged": false, "dominant": "services_and_business", "dna": {"services_and_business": 0.438, "shopping": 0.163, "travel_and_transportation": 0.138, "food_and_drink": 0.1, "sports_and_recreation": 0.075, "geographic_entities": 0.025, "lifestyle_services": 0.025, "arts_and_entertainment": 0.013, "education": 0.013, "health_care": 0.013}, "tfidf": {"services_and_business": 0.447, "shopping": 0.173, "travel_and_transportation": 0.157, "food_and_drink": 0.114, "sports_and_recreation": 0.085, "geographic_entities": 0.041, "lifestyle_services": 0.03, "arts_and_entertainment": 0.016, "health_care": 0.015, "education": 0.015}, "cluster": -1}}, {"type": "Feature", "geometry": {"type": "Polygon", "coordinates": [[[4.852589, 52.421885], [4.851009, 52.417591], [4.856428, 52.415068], [4.863427, 52.41684], [4.865008, 52.421134], [4.859589, 52.423656], [4.852589, 52.421885]]]}, "properties": {"h3": "881969c937fffff", "poi": 28, "richness": 7, "hill_q1": 4.049, "hill_q2": 2.882, "top_share": 0.536, "flagged": true, "dominant": "services_and_business", "dna": {"services_and_business": 0.536, "shopping": 0.214, "food_and_drink": 0.071, "travel_and_transportation": 0.071, "geographic_entities": 0.036, "lifestyle_services": 0.036, "sports_and_recreation": 0.036}, "tfidf": {"services_and_business": 0.548, "shopping": 0.228, "travel_and_transportation": 0.082, "food_and_drink": 0.081, "geographic_entities": 0.058, "lifestyle_services": 0.042, "sports_and_recreation": 0.041}, "cluster": -1}}, {"type": "Feature", "geometry": {"type": "Polygon", "coordinates": [[[4.869751, 52.434014], [4.86817, 52.429721], [4.87359, 52.427198], [4.880591, 52.428968], [4.882174, 52.433262], [4.876753, 52.435784], [4.869751, 52.434014]]]}, "properties": {"h3": "881969c939fffff", "poi": 62, "richness": 8, "hill_q1": 5.504, "hill_q2": 4.408, "top_share": 0.371, "flagged": false, "dominant": "services_and_business", "dna": {"services_and_business": 0.371, "shopping": 0.226, "travel_and_transportation": 0.129, "lifestyle_services": 0.113, "sports_and_recreation": 0.081, "cultural_and_historic": 0.032, "health_care": 0.032, "arts_and_entertainment": 0.016}, "tfidf": {"services_and_business": 0.379, "shopping": 0.24, "travel_and_transportation": 0.147, "lifestyle_services": 0.133, "sports_and_recreation": 0.092, "cultural_and_historic": 0.045, "health_care": 0.039, "arts_and_entertainment": 0.021}, "cluster": -1}}, {"type": "Feature", "geometry": {"type": "Polygon", "coordinates": [[[4.87359, 52.427198], [4.872008, 52.422904], [4.877428, 52.420381], [4.884429, 52.422151], [4.886011, 52.426445], [4.880591, 52.428968], [4.87359, 52.427198]]]}, "properties": {"h3": "881969c93bfffff", "poi": 32, "richness": 9, "hill_q1": 6.776, "hill_q2": 5.333, "top_share": 0.344, "flagged": false, "dominant": "services_and_business", "dna": {"services_and_business": 0.344, "shopping": 0.156, "food_and_drink": 0.125, "sports_and_recreation": 0.125, "arts_and_entertainment": 0.063, "lifestyle_services": 0.063, "travel_and_transportation": 0.063, "education": 0.031, "lodging": 0.031}, "tfidf": {"services_and_business": 0.351, "shopping": 0.166, "food_and_drink": 0.142, "sports_and_recreation": 0.142, "arts_and_entertainment": 0.08, "lifestyle_services": 0.074, "travel_and_transportation": 0.071, "lodging": 0.049, "education": 0.038}, "cluster": -1}}, {"type": "Feature", "geometry": {"type": "Polygon", "coordinates": [[[4.857329, 52.434765], [4.855749, 52.430472], [4.861169, 52.42795], [4.86817, 52.429721], [4.869751, 52.434014], [4.86433, 52.436536], [4.857329, 52.434765]]]}, "properties": {"h3": "881969c93dfffff", "poi": 31, "richness": 6, "hill_q1": 4.445, "hill_q2": 3.654, "top_share": 0.419, "flagged": false, "dominant": "shopping", "dna": {"shopping": 0.419, "services_and_business": 0.258, "travel_and_transportation": 0.129, "food_and_drink": 0.097, "arts_and_entertainment": 0.065, "education": 0.032}, "tfidf": {"shopping": 0.446, "services_and_business": 0.264, "travel_and_transportation": 0.147, "food_and_drink": 0.11, "arts_and_entertainment": 0.083, "education": 0.039}, "cluster": -1}}, {"type": "Feature", "geometry": {"type": "Polygon", "coordinates": [[[4.907937, 52.451447], [4.906353, 52.447155], [4.911774, 52.444631], [4.918781, 52.446399], [4.920366, 52.450692], [4.914944, 52.453216], [4.907937, 52.451447]]]}, "properties": {"h3": "881969c951fffff", "poi": 18, "richness": 9, "hill_q1": 8.012, "hill_q2": 7.364, "top_share": 0.167, "flagged": false, "dominant": "food_and_drink", "dna": {"food_and_drink": 0.167, "lifestyle_services": 0.167, "services_and_business": 0.167, "travel_and_transportation": 0.167, "shopping": 0.111, "arts_and_entertainment": 0.056, "geographic_entities": 0.056, "lodging": 0.056, "sports_and_recreation": 0.056}, "tfidf": {"lifestyle_services": 0.197, "travel_and_transportation": 0.19, "food_and_drink": 0.19, "services_and_business": 0.17, "shopping": 0.118, "geographic_entities": 0.091, "lodging": 0.086, "arts_and_entertainment": 0.071, "sports_and_recreation": 0.063}, "cluster": -1}}, {"type": "Feature", "geometry": {"type": "Polygon", "coordinates": [[[4.911774, 52.444631], [4.91019, 52.440338], [4.91561, 52.437814], [4.922616, 52.439582], [4.924202, 52.443875], [4.918781, 52.446399], [4.911774, 52.444631]]]}, "properties": {"h3": "881969c953fffff", "poi": 24, "richness": 9, "hill_q1": 6.928, "hill_q2": 5.76, "top_share": 0.25, "flagged": false, "dominant": "lifestyle_services", "dna": {"lifestyle_services": 0.25, "services_and_business": 0.25, "shopping": 0.167, "cultural_and_historic": 0.083, "education": 0.083, "geographic_entities": 0.042, "health_care": 0.042, "sports_and_recreation": 0.042, "travel_and_transportation": 0.042}, "tfidf": {"lifestyle_services": 0.295, "services_and_business": 0.256, "shopping": 0.177, "cultural_and_historic": 0.117, "education": 0.1, "geographic_entities": 0.068, "health_care": 0.051, "travel_and_transportation": 0.048, "sports_and_recreation": 0.047}, "cluster": -1}}, {"type": "Feature", "geometry": {"type": "Polygon", "coordinates": [[[4.9041, 52.458262], [4.902516, 52.453971], [4.907937, 52.451447], [4.914944, 52.453216], [4.91653, 52.457507], [4.911107, 52.460031], [4.9041, 52.458262]]]}, "properties": {"h3": "881969c95dfffff", "poi": 15, "richness": 9, "hill_q1": 8.035, "hill_q2": 7.258, "top_share": 0.2, "flagged": false, "dominant": "health_care", "dna": {"health_care": 0.2, "services_and_business": 0.2, "lifestyle_services": 0.133, "shopping": 0.133, "arts_and_entertainment": 0.067, "education": 0.067, "food_and_drink": 0.067, "sports_and_recreation": 0.067, "travel_and_transportation": 0.067}, "tfidf": {"health_care": 0.244, "services_and_business": 0.204, "lifestyle_services": 0.158, "shopping": 0.142, "arts_and_entertainment": 0.085, "education": 0.08, "travel_and_transportation": 0.076, "food_and_drink": 0.076, "sports_and_recreation": 0.076}, "cluster": -1}}, {"type": "Feature", "geometry": {"type": "Polygon", "coordinates": [[[4.866816, 52.460519], [4.865234, 52.456227], [4.870656, 52.453706], [4.87766, 52.455476], [4.879243, 52.459768], [4.87382, 52.462289], [4.866816, 52.460519]]]}, "properties": {"h3": "881969c96bfffff", "poi": 10, "richness": 7, "hill_q1": 6.261, "hill_q2": 5.556, "top_share": 0.3, "flagged": false, "dominant": "services_and_business", "dna": {"services_and_business": 0.3, "health_care": 0.2, "education": 0.1, "lifestyle_services": 0.1, "shopping": 0.1, "sports_and_recreation": 0.1, "travel_and_transportation": 0.1}, "tfidf": {"services_and_business": 0.307, "health_care": 0.244, "education": 0.121, "lifestyle_services": 0.118, "travel_and_transportation": 0.114, "sports_and_recreation": 0.114, "shopping": 0.106}, "cluster": -1}}, {"type": "Feature", "geometry": {"type": "Polygon", "coordinates": [[[4.901355, 52.399168], [4.899773, 52.394872], [4.90519, 52.392346], [4.91219, 52.394115], [4.913773, 52.39841], [4.908356, 52.400936], [4.901355, 52.399168]]]}, "properties": {"h3": "881969c981fffff", "poi": 270, "richness": 12, "hill_q1": 7.089, "hill_q2": 4.892, "top_share": 0.378, "flagged": false, "dominant": "services_and_business", "dna": {"services_and_business": 0.378, "shopping": 0.185, "food_and_drink": 0.089, "lifestyle_services": 0.085, "sports_and_recreation": 0.085, "travel_and_transportation": 0.041, "community_and_government": 0.03, "education": 0.03, "health_care": 0.026, "arts_and_entertainment": 0.019, "cultural_and_historic": 0.019, "lodging": 0.015}, "tfidf": {"services_and_business": 0.386, "shopping": 0.197, "food_and_drink": 0.101, "lifestyle_services": 0.101, "sports_and_recreation": 0.097, "travel_and_transportation": 0.047, "community_and_government": 0.039, "education": 0.036, "health_care": 0.032, "cultural_and_historic": 0.026, "arts_and_entertainment": 0.024, "lodging": 0.023}, "cluster": -1}}, {"type": "Feature", "geometry": {"type": "Polygon", "coordinates": [[[4.90519, 52.392346], [4.903607, 52.38805], [4.909023, 52.385523], [4.916023, 52.387292], [4.917607, 52.391587], [4.91219, 52.394115], [4.90519, 52.392346]]]}, "properties": {"h3": "881969c983fffff", "poi": 271, "richness": 13, "hill_q1": 9.317, "hill_q2": 7.533, "top_share": 0.199, "flagged": false, "dominant": "food_and_drink", "dna": {"food_and_drink": 0.199, "services_and_business": 0.196, "shopping": 0.173, "lifestyle_services": 0.1, "arts_and_entertainment": 0.063, "health_care": 0.059, "cultural_and_historic": 0.044, "education": 0.044, "sports_and_recreation": 0.037, "community_and_government": 0.03, "travel_and_transportation": 0.026, "lodging": 0.022, "geographic_entities": 0.007}, "tfidf": {"food_and_drink": 0.227, "services_and_business": 0.2, "shopping": 0.184, "lifestyle_services": 0.118, "arts_and_entertainment": 0.08, "health_care": 0.072, "cultural_and_historic": 0.062, "education": 0.053, "sports_and_recreation": 0.042, "community_and_government": 0.038, "lodging": 0.034, "travel_and_transportation": 0.03, "geographic_entities": 0.012}, "cluster": -1}}, {"type": "Feature", "geometry": {"type": "Polygon", "coordinates": [[[4.888938, 52.399924], [4.887356, 52.395629], [4.892773, 52.393103], [4.899773, 52.394872], [4.901355, 52.399168], [4.895938, 52.401693], [4.888938, 52.399924]]]}, "properties": {"h3": "881969c985fffff", "poi": 115, "richness": 13, "hill_q1": 8.208, "hill_q2": 5.917, "top_share": 0.296, "flagged": false, "dominant": "services_and_business", "dna": {"services_and_business": 0.296, "arts_and_entertainment": 0.226, "shopping": 0.113, "food_and_drink": 0.096, "community_and_government": 0.043, "health_care": 0.035, "lodging": 0.035, "travel_and_transportation": 0.035, "cultural_and_historic": 0.026, "education": 0.026, "geographic_entities": 0.026, "sports_and_recreation": 0.026, "lifestyle_services": 0.017}, "tfidf": {"services_and_business": 0.302, "arts_and_entertainment": 0.289, "shopping": 0.12, "food_and_drink": 0.109, "community_and_government": 0.057, "lodging": 0.054, "geographic_entities": 0.043, "health_care": 0.042, "travel_and_transportation": 0.04, "cultural_and_historic": 0.037, "education": 0.031, "sports_and_recreation": 0.03, "lifestyle_services": 0.021}, "cluster": -1}}, {"type": "Feature", "geometry": {"type": "Polygon", "coordinates": [[[4.892773, 52.393103], [4.891191, 52.388807], [4.896608, 52.386281], [4.903607, 52.38805], [4.90519, 52.392346], [4.899773, 52.394872], [4.892773, 52.393103]]]}, "properties": {"h3": "881969c987fffff", "poi": 150, "richness": 12, "hill_q1": 5.323, "hill_q2": 3.205, "top_share": 0.527, "flagged": true, "dominant": "services_and_business", "dna": {"services_and_business": 0.527, "shopping": 0.12, "food_and_drink": 0.1, "health_care": 0.067, "sports_and_recreation": 0.047, "arts_and_entertainment": 0.033, "community_and_government": 0.033, "travel_and_transportation": 0.027, "education": 0.02, "lodging": 0.013, "cultural_and_historic": 0.007, "lifestyle_services": 0.007}, "tfidf": {"services_and_business": 0.538, "shopping": 0.128, "food_and_drink": 0.114, "health_care": 0.081, "sports_and_recreation": 0.053, "community_and_government": 0.043, "arts_and_entertainment": 0.043, "travel_and_transportation": 0.03, "education": 0.024, "lodging": 0.021, "cultural_and_historic": 0.009, "lifestyle_services": 0.008}, "cluster": -1}}, {"type": "Feature", "geometry": {"type": "Polygon", "coordinates": [[[4.90994, 52.405231], [4.908356, 52.400936], [4.913773, 52.39841], [4.920775, 52.400178], [4.92236, 52.404473], [4.916942, 52.407], [4.90994, 52.405231]]]}, "properties": {"h3": "881969c989fffff", "poi": 45, "richness": 12, "hill_q1": 9.749, "hill_q2": 8.402, "top_share": 0.2, "flagged": false, "dominant": "health_care", "dna": {"health_care": 0.2, "services_and_business": 0.156, "shopping": 0.133, "education": 0.111, "food_and_drink": 0.089, "sports_and_recreation": 0.089, "community_and_government": 0.044, "geographic_entities": 0.044, "lifestyle_services": 0.044, "travel_and_transportation": 0.044, "arts_and_entertainment": 0.022, "cultural_and_historic": 0.022}, "tfidf": {"health_care": 0.244, "services_and_business": 0.159, "shopping": 0.142, "education": 0.134, "food_and_drink": 0.101, "sports_and_recreation": 0.101, "geographic_entities": 0.073, "community_and_government": 0.058, "lifestyle_services": 0.053, "travel_and_transportation": 0.051, "cultural_and_historic": 0.031, "arts_and_entertainment": 0.028}, "cluster": -1}}, {"type": "Feature", "geometry": {"type": "Polygon", "coordinates": [[[4.913773, 52.39841], [4.91219, 52.394115], [4.917607, 52.391587], [4.924608, 52.393355], [4.926192, 52.397651], [4.920775, 52.400178], [4.913773, 52.39841]]]}, "properties": {"h3": "881969c98bfffff", "poi": 75, "richness": 13, "hill_q1": 10.507, "hill_q2": 8.943, "top_share": 0.2, "flagged": false, "dominant": "services_and_business", "dna": {"services_and_business": 0.2, "food_and_drink": 0.133, "lifestyle_services": 0.133, "sports_and_recreation": 0.12, "cultural_and_historic": 0.067, "education": 0.067, "shopping": 0.067, "arts_and_entertainment": 0.053, "community_and_government": 0.04, "health_care": 0.04, "lodging": 0.04, "geographic_entities": 0.027, "travel_and_transportation": 0.013}, "tfidf": {"services_and_business": 0.204, "lifestyle_services": 0.158, "food_and_drink": 0.152, "sports_and_recreation": 0.137, "cultural_and_historic": 0.094, "education": 0.08, "shopping": 0.071, "arts_and_entertainment": 0.068, "lodging": 0.062, "community_and_government": 0.052, "health_care": 0.049, "geographic_entities": 0.044, "travel_and_transportation": 0.015}, "cluster": -1}}, {"type": "Feature", "geometry": {"type": "Polygon", "coordinates": [[[4.89752, 52.405988], [4.895938, 52.401693], [4.901355, 52.399168], [4.908356, 52.400936], [4.90994, 52.405231], [4.904522, 52.407757], [4.89752, 52.405988]]]}, "properties": {"h3": "881969c98dfffff", "poi": 62, "richness": 12, "hill_q1": 9.589, "hill_q2": 7.877, "top_share": 0.242, "flagged": false, "dominant": "services_and_business", "dna": {"services_and_business": 0.242, "shopping": 0.161, "travel_and_transportation": 0.113, "education": 0.081, "health_care": 0.081, "arts_and_entertainment": 0.065, "food_and_drink": 0.065, "cultural_and_historic": 0.048, "lifestyle_services": 0.048, "lodging": 0.048, "sports_and_recreation": 0.032, "geographic_entities": 0.016}, "tfidf": {"services_and_business": 0.247, "shopping": 0.171, "travel_and_transportation": 0.129, "health_care": 0.098, "education": 0.097, "arts_and_entertainment": 0.083, "lodging": 0.075, "food_and_drink": 0.074, "cultural_and_historic": 0.068, "lifestyle_services": 0.057, "sports_and_recreation": 0.037, "geographic_entities": 0.026}, "cluster": -1}}, {"type": "Feature", "geometry": {"type": "Polygon", "coordinates": [[[4.921439, 52.384764], [4.919855, 52.380468], [4.925271, 52.377939], [4.932271, 52.379707], [4.933856, 52.384003], [4.92844, 52.386532], [4.921439, 52.384764]]]}, "properties": {"h3": "881969c991fffff", "poi": 191, "richness": 13, "hill_q1": 6.61, "hill_q2": 4.067, "top_share": 0.45, "flagged": false, "dominant": "services_and_business", "dna": {"services_and_business": 0.45, "food_and_drink": 0.152, "shopping": 0.084, "arts_and_entertainment": 0.068, "travel_and_transportation": 0.052, "sports_and_recreation": 0.047, "lifestyle_services": 0.031, "cultural_and_historic": 0.026, "education": 0.026, "community_and_government": 0.021, "health_care": 0.021, "geographic_entities": 0.016, "lodging": 0.005}, "tfidf": {"services_and_business": 0.46, "food_and_drink": 0.173, "shopping": 0.089, "arts_and_entertainment": 0.087, "travel_and_transportation": 0.06, "sports_and_recreation": 0.054, "lifestyle_services": 0.037, "cultural_and_historic": 0.037, "education": 0.032, "community_and_government": 0.027, "geographic_entities": 0.026, "health_care": 0.026, "lodging": 0.008}, "cluster": -1}}, {"type": "Feature", "geometry": {"type": "Polygon", "coordinates": [[[4.925271, 52.377939], [4.923687, 52.373643], [4.929102, 52.371114], [4.936102, 52.372881], [4.937687, 52.377178], [4.932271, 52.379707], [4.925271, 52.377939]]]}, "properties": {"h3": "881969c993fffff", "poi": 186, "richness": 13, "hill_q1": 8.719, "hill_q2": 6.167, "top_share": 0.328, "flagged": false, "dominant": "services_and_business", "dna": {"services_and_business": 0.328, "food_and_drink": 0.151, "arts_and_entertainment": 0.091, "shopping": 0.086, "health_care": 0.075, "sports_and_recreation": 0.059, "travel_and_transportation": 0.048, "community_and_government": 0.038, "cultural_and_historic": 0.032, "lifestyle_services": 0.032, "education": 0.022, "geographic_entities": 0.022, "lodging": 0.016}, "tfidf": {"services_and_business": 0.335, "food_and_drink": 0.172, "arts_and_entertainment": 0.117, "health_care": 0.092, "shopping": 0.091, "sports_and_recreation": 0.067, "travel_and_transportation": 0.055, "community_and_government": 0.049, "cultural_and_historic": 0.045, "lifestyle_services": 0.038, "geographic_entities": 0.035, "education": 0.026, "lodging": 0.025}, "cluster": -1}}, {"type": "Feature", "geometry": {"type": "Polygon", "coordinates": [[[4.909023, 52.385523], [4.90744, 52.381227], [4.912856, 52.378699], [4.919855, 52.380468], [4.921439, 52.384764], [4.916023, 52.387292], [4.909023, 52.385523]]]}, "properties": {"h3": "881969c995fffff", "poi": 118, "richness": 13, "hill_q1": 8.438, "hill_q2": 6.278, "top_share": 0.297, "flagged": false, "dominant": "services_and_business", "dna": {"services_and_business": 0.297, "food_and_drink": 0.186, "arts_and_entertainment": 0.127, "shopping": 0.076, "sports_and_recreation": 0.068, "community_and_government": 0.059, "lifestyle_services": 0.059, "cultural_and_historic": 0.025, "education": 0.025, "lodging": 0.025, "travel_and_transportation": 0.025, "health_care": 0.017, "geographic_entities": 0.008}, "tfidf": {"services_and_business": 0.303, "food_and_drink": 0.212, "arts_and_entertainment": 0.163, "shopping": 0.081, "sports_and_recreation": 0.077, "community_and_government": 0.077, "lifestyle_services": 0.07, "lodging": 0.04, "cultural_and_historic": 0.036, "education": 0.031, "travel_and_transportation": 0.029, "health_care": 0.021, "geographic_entities": 0.014}, "cluster": -1}}, {"type": "Feature", "geometry": {"type": "Polygon", "coordinates": [[[4.912856, 52.378699], [4.911273, 52.374403], [4.916688, 52.371875], [4.923687, 52.373643], [4.925271, 52.377939], [4.919855, 52.380468], [4.912856, 52.378699]]]}, "properties": {"h3": "881969c997fffff", "poi": 203, "richness": 13, "hill_q1": 8.612, "hill_q2": 6.198, "top_share": 0.325, "flagged": false, "dominant": "services_and_business", "dna": {"services_and_business": 0.325, "travel_and_transportation": 0.128, "arts_and_entertainment": 0.113, "food_and_drink": 0.103, "community_and_government": 0.074, "shopping": 0.064, "education": 0.049, "lifestyle_services": 0.03, "lodging": 0.03, "sports_and_recreation": 0.03, "geographic_entities": 0.025, "cultural_and_historic": 0.02, "health_care": 0.01}, "tfidf": {"services_and_business": 0.332, "travel_and_transportation": 0.146, "arts_and_entertainment": 0.145, "food_and_drink": 0.118, "community_and_government": 0.096, "shopping": 0.068, "education": 0.059, "lodging": 0.046, "geographic_entities": 0.04, "lifestyle_services": 0.035, "sports_and_recreation": 0.034, "cultural_and_historic": 0.028, "health_care": 0.012}, "cluster": -1}}, {"type": "Feature", "geometry": {"type": "Polygon", "coordinates": [[[4.930025, 52.390828], [4.92844, 52.386532], [4.933856, 52.384003], [4.940858, 52.385771], [4.942443, 52.390066], [4.937027, 52.392595], [4.930025, 52.390828]]]}, "properties": {"h3": "881969c999fffff", "poi": 103, "richness": 12, "hill_q1": 9.148, "hill_q2": 7.193, "top_share": 0.262, "flagged": false, "dominant": "services_and_business", "dna": {"services_and_business": 0.262, "shopping": 0.184, "sports_and_recreation": 0.107, "lifestyle_services": 0.078, "food_and_drink": 0.068, "arts_and_entertainment": 0.058, "health_care": 0.058, "education": 0.049, "lodging": 0.049, "travel_and_transportation": 0.039, "geographic_entities": 0.029, "cultural_and_historic": 0.019}, "tfidf": {"services_and_business": 0.268, "shopping": 0.196, "sports_and_recreation": 0.122, "lifestyle_services": 0.092, "food_and_drink": 0.077, "lodging": 0.076, "arts_and_entertainment": 0.075, "health_care": 0.071, "education": 0.059, "geographic_entities": 0.048, "travel_and_transportation": 0.044, "cultural_and_historic": 0.027}, "cluster": -1}}, {"type": "Feature", "geometry": {"type": "Polygon", "coordinates": [[[4.917607, 52.391587], [4.916023, 52.387292], [4.921439, 52.384764], [4.92844, 52.386532], [4.930025, 52.390828], [4.924608, 52.393355], [4.917607, 52.391587]]]}, "properties": {"h3": "881969c99dfffff", "poi": 166, "richness": 13, "hill_q1": 8.446, "hill_q2": 6.075, "top_share": 0.319, "flagged": false, "dominant": "services_and_business", "dna": {"services_and_business": 0.319, "food_and_drink": 0.175, "shopping": 0.108, "lifestyle_services": 0.078, "education": 0.072, "arts_and_entertainment": 0.048, "travel_and_transportation": 0.048, "community_and_government": 0.036, "lodging": 0.036, "sports_and_recreation": 0.03, "geographic_entities": 0.024, "cultural_and_historic": 0.012, "health_care": 0.012}, "tfidf": {"services_and_business": 0.326, "food_and_drink": 0.199, "shopping": 0.115, "lifestyle_services": 0.093, "education": 0.087, "arts_and_entertainment": 0.062, "lodging": 0.056, "travel_and_transportation": 0.055, "community_and_government": 0.047, "geographic_entities": 0.039, "sports_and_recreation": 0.034, "cultural_and_historic": 0.017, "health_care": 0.015}, "cluster": -1}}, {"type": "Feature", "geometry": {"type": "Polygon", "coordinates": [[[4.867942, 52.394613], [4.866362, 52.390317], [4.871779, 52.387793], [4.878776, 52.389563], [4.880357, 52.393859], [4.87494, 52.396384], [4.867942, 52.394613]]]}, "properties": {"h3": "881969c9a1fffff", "poi": 209, "richness": 12, "hill_q1": 8.482, "hill_q2": 6.746, "top_share": 0.249, "flagged": false, "dominant": "services_and_business", "dna": {"services_and_business": 0.249, "shopping": 0.182, "food_and_drink": 0.172, "sports_and_recreation": 0.105, "lifestyle_services": 0.067, "arts_and_entertainment": 0.048, "education": 0.048, "health_care": 0.033, "travel_and_transportation": 0.029, "community_and_government": 0.024, "cultural_and_historic": 0.024, "lodging": 0.019}, "tfidf": {"services_and_business": 0.254, "food_and_drink": 0.196, "shopping": 0.193, "sports_and_recreation": 0.12, "lifestyle_services": 0.079, "arts_and_entertainment": 0.061, "education": 0.058, "health_care": 0.041, "cultural_and_historic": 0.034, "travel_and_transportation": 0.033, "community_and_government": 0.031, "lodging": 0.03}, "cluster": -1}}, {"type": "Feature", "geometry": {"type": "Polygon", "coordinates": [[[4.871779, 52.387793], [4.870199, 52.383497], [4.875615, 52.380971], [4.882612, 52.382742], [4.884193, 52.387037], [4.878776, 52.389563], [4.871779, 52.387793]]]}, "properties": {"h3": "881969c9a3fffff", "poi": 376, "richness": 13, "hill_q1": 9.506, "hill_q2": 7.664, "top_share": 0.215, "flagged": false, "dominant": "food_and_drink", "dna": {"food_and_drink": 0.215, "services_and_business": 0.213, "shopping": 0.098, "arts_and_entertainment": 0.088, "health_care": 0.069, "lifestyle_services": 0.069, "community_and_government": 0.066, "sports_and_recreation": 0.061, "education": 0.045, "cultural_and_historic": 0.027, "travel_and_transportation": 0.027, "geographic_entities": 0.011, "lodging": 0.011}, "tfidf": {"food_and_drink": 0.245, "services_and_business": 0.218, "arts_and_entertainment": 0.112, "shopping": 0.105, "community_and_government": 0.087, "health_care": 0.084, "lifestyle_services": 0.082, "sports_and_recreation": 0.07, "education": 0.054, "cultural_and_historic": 0.037, "travel_and_transportation": 0.03, "geographic_entities": 0.017, "lodging": 0.017}, "cluster": -1}}, {"type": "Feature", "geometry": {"type": "Polygon", "coordinates": [[[4.855528, 52.395366], [4.853949, 52.391071], [4.859366, 52.388546], [4.866362, 52.390317], [4.867942, 52.394613], [4.862525, 52.397137], [4.855528, 52.395366]]]}, "properties": {"h3": "881969c9a5fffff", "poi": 92, "richness": 11, "hill_q1": 6.527, "hill_q2": 4.956, "top_share": 0.337, "flagged": false, "dominant": "services_and_business", "dna": {"services_and_business": 0.337, "shopping": 0.228, "food_and_drink": 0.13, "travel_and_transportation": 0.109, "education": 0.054, "lifestyle_services": 0.043, "arts_and_entertainment": 0.033, "sports_and_recreation": 0.033, "community_and_government": 0.011, "cultural_and_historic": 0.011, "lodging": 0.011}, "tfidf": {"services_and_business": 0.345, "shopping": 0.243, "food_and_drink": 0.149, "travel_and_transportation": 0.124, "education": 0.066, "lifestyle_services": 0.051, "arts_and_entertainment": 0.042, "sports_and_recreation": 0.037, "lodging": 0.017, "cultural_and_historic": 0.015, "community_and_government": 0.014}, "cluster": -1}}, {"type": "Feature", "geometry": {"type": "Polygon", "coordinates": [[[4.859366, 52.388546], [4.857786, 52.38425], [4.863203, 52.381726], [4.870199, 52.383497], [4.871779, 52.387793], [4.866362, 52.390317], [4.859366, 52.388546]]]}, "properties": {"h3": "881969c9a7fffff", "poi": 225, "richness": 13, "hill_q1": 6.315, "hill_q2": 3.947, "top_share": 0.458, "flagged": false, "dominant": "services_and_business", "dna": {"services_and_business": 0.458, "shopping": 0.142, "food_and_drink": 0.102, "sports_and_recreation": 0.076, "travel_and_transportation": 0.049, "arts_and_entertainment": 0.044, "education": 0.031, "cultural_and_historic": 0.027, "community_and_government": 0.022, "lifestyle_services": 0.022, "lodging": 0.018, "geographic_entities": 0.004, "health_care": 0.004}, "tfidf": {"services_and_business": 0.468, "shopping": 0.151, "food_and_drink": 0.116, "sports_and_recreation": 0.086, "arts_and_entertainment": 0.057, "travel_and_transportation": 0.056, "cultural_and_historic": 0.038, "education": 0.037, "community_and_government": 0.029, "lodging": 0.028, "lifestyle_services": 0.026, "geographic_entities": 0.007, "health_care": 0.005}, "cluster": -1}}, {"type": "Feature", "geometry": {"type": "Polygon", "coordinates": [[[4.876521, 52.400679], [4.87494, 52.396384], [4.880357, 52.393859], [4.887356, 52.395629], [4.888938, 52.399924], [4.88352, 52.402449], [4.876521, 52.400679]]]}, "properties": {"h3": "881969c9a9fffff", "poi": 127, "richness": 13, "hill_q1": 4.052, "hill_q2": 2.291, "top_share": 0.646, "flagged": true, "dominant": "services_and_business", "dna": {"services_and_business": 0.646, "food_and_drink": 0.087, "shopping": 0.087, "arts_and_entertainment": 0.047, "community_and_government": 0.024, "sports_and_recreation": 0.024, "travel_and_transportation": 0.024, "education": 0.016, "health_care": 0.016, "cultural_and_historic": 0.008, "geographic_entities": 0.008, "lifestyle_services": 0.008, "lodging": 0.008}, "tfidf": {"services_and_business": 0.66, "food_and_drink": 0.099, "shopping": 0.092, "arts_and_entertainment": 0.06, "community_and_government": 0.031, "travel_and_transportation": 0.027, "sports_and_recreation": 0.027, "health_care": 0.019, "education": 0.019, "geographic_entities": 0.013, "lodging": 0.012, "cultural_and_historic": 0.011, "lifestyle_services": 0.009}, "cluster": -1}}, {"type": "Feature", "geometry": {"type": "Polygon", "coordinates": [[[4.880357, 52.393859], [4.878776, 52.389563], [4.884193, 52.387037], [4.891191, 52.388807], [4.892773, 52.393103], [4.887356, 52.395629], [4.880357, 52.393859]]]}, "properties": {"h3": "881969c9abfffff", "poi": 207, "richness": 13, "hill_q1": 8.452, "hill_q2": 5.54, "top_share": 0.372, "flagged": false, "dominant": "services_and_business", "dna": {"services_and_business": 0.372, "shopping": 0.106, "health_care": 0.092, "food_and_drink": 0.087, "community_and_government": 0.063, "travel_and_transportation": 0.058, "lodging": 0.043, "arts_and_entertainment": 0.039, "lifestyle_services": 0.034, "sports_and_recreation": 0.034, "education": 0.029, "geographic_entities": 0.029, "cultural_and_historic": 0.014}, "tfidf": {"services_and_business": 0.38, "shopping": 0.113, "health_care": 0.112, "food_and_drink": 0.099, "community_and_government": 0.082, "lodging": 0.068, "travel_and_transportation": 0.066, "arts_and_entertainment": 0.049, "geographic_entities": 0.047, "lifestyle_services": 0.04, "sports_and_recreation": 0.039, "education": 0.035, "cultural_and_historic": 0.02}, "cluster": -1}}, {"type": "Feature", "geometry": {"type": "Polygon", "coordinates": [[[4.864105, 52.401432], [4.862525, 52.397137], [4.867942, 52.394613], [4.87494, 52.396384], [4.876521, 52.400679], [4.871103, 52.403203], [4.864105, 52.401432]]]}, "properties": {"h3": "881969c9adfffff", "poi": 156, "richness": 13, "hill_q1": 4.531, "hill_q2": 2.714, "top_share": 0.577, "flagged": true, "dominant": "services_and_business", "dna": {"services_and_business": 0.577, "shopping": 0.154, "food_and_drink": 0.077, "arts_and_entertainment": 0.051, "travel_and_transportation": 0.045, "education": 0.019, "sports_and_recreation": 0.019, "health_care": 0.013, "lifestyle_services": 0.013, "lodging": 0.013, "community_and_government": 0.006, "cultural_and_historic": 0.006, "geographic_entities": 0.006}, "tfidf": {"services_and_business": 0.59, "shopping": 0.164, "food_and_drink": 0.088, "arts_and_entertainment": 0.066, "travel_and_transportation": 0.051, "education": 0.023, "sports_and_recreation": 0.022, "lodging": 0.02, "health_care": 0.016, "lifestyle_services": 0.015, "geographic_entities": 0.01, "cultural_and_historic": 0.009, "community_and_government": 0.008}, "cluster": -1}}, {"type": "Feature", "geometry": {"type": "Polygon", "coordinates": [[[4.888028, 52.380215], [4.886447, 52.375919], [4.891862, 52.373392], [4.898859, 52.375162], [4.900441, 52.379458], [4.895026, 52.381985], [4.888028, 52.380215]]]}, "properties": {"h3": "881969c9b1fffff", "poi": 1677, "richness": 13, "hill_q1": 7.769, "hill_q2": 5.816, "top_share": 0.289, "flagged": false, "dominant": "food_and_drink", "dna": {"food_and_drink": 0.289, "services_and_business": 0.194, "shopping": 0.19, "travel_and_transportation": 0.066, "lodging": 0.063, "lifestyle_services": 0.052, "arts_and_entertainment": 0.044, "community_and_government": 0.024, "sports_and_recreation": 0.022, "education": 0.02, "geographic_entities": 0.014, "health_care": 0.014, "cultural_and_historic": 0.01}, "tfidf": {"food_and_drink": 0.33, "shopping": 0.202, "services_and_business": 0.198, "lodging": 0.097, "travel_and_transportation": 0.075, "lifestyle_services": 0.061, "arts_and_entertainment": 0.056, "community_and_government": 0.032, "sports_and_recreation": 0.025, "education": 0.024, "geographic_entities": 0.022, "health_care": 0.017, "cultural_and_historic": 0.013}, "cluster": -1}}, {"type": "Feature", "geometry": {"type": "Polygon", "coordinates": [[[4.891862, 52.373392], [4.890281, 52.369095], [4.895695, 52.366568], [4.902692, 52.368337], [4.904275, 52.372634], [4.898859, 52.375162], [4.891862, 52.373392]]]}, "properties": {"h3": "881969c9b3fffff", "poi": 1921, "richness": 13, "hill_q1": 8.214, "hill_q2": 6.121, "top_share": 0.255, "flagged": false, "dominant": "food_and_drink", "dna": {"food_and_drink": 0.255, "shopping": 0.243, "services_and_business": 0.159, "arts_and_entertainment": 0.07, "travel_and_transportation": 0.045, "lifestyle_services": 0.04, "education": 0.038, "lodging": 0.038, "community_and_government": 0.033, "cultural_and_historic": 0.032, "health_care": 0.019, "geographic_entities": 0.015, "sports_and_recreation": 0.013}, "tfidf": {"food_and_drink": 0.29, "shopping": 0.258, "services_and_business": 0.163, "arts_and_entertainment": 0.09, "lodging": 0.059, "travel_and_transportation": 0.052, "lifestyle_services": 0.047, "education": 0.046, "cultural_and_historic": 0.045, "community_and_government": 0.043, "geographic_entities": 0.024, "health_care": 0.023, "sports_and_recreation": 0.015}, "cluster": -1}}, {"type": "Feature", "geometry": {"type": "Polygon", "coordinates": [[[4.875615, 52.380971], [4.874034, 52.376675], [4.87945, 52.374149], [4.886447, 52.375919], [4.888028, 52.380215], [4.882612, 52.382742], [4.875615, 52.380971]]]}, "properties": {"h3": "881969c9b5fffff", "poi": 748, "richness": 13, "hill_q1": 8.968, "hill_q2": 7.071, "top_share": 0.243, "flagged": false, "dominant": "food_and_drink", "dna": {"food_and_drink": 0.243, "shopping": 0.182, "services_and_business": 0.162, "lifestyle_services": 0.09, "arts_and_entertainment": 0.068, "sports_and_recreation": 0.06, "health_care": 0.052, "lodging": 0.043, "education": 0.025, "geographic_entities": 0.024, "cultural_and_historic": 0.023, "travel_and_transportation": 0.017, "community_and_government": 0.011}, "tfidf": {"food_and_drink": 0.277, "shopping": 0.193, "services_and_business": 0.165, "lifestyle_services": 0.106, "arts_and_entertainment": 0.087, "sports_and_recreation": 0.069, "lodging": 0.067, "health_care": 0.064, "geographic_entities": 0.039, "cultural_and_historic": 0.032, "education": 0.031, "travel_and_transportation": 0.02, "community_and_government": 0.014}, "cluster": -1}}, {"type": "Feature", "geometry": {"type": "Polygon", "coordinates": [[[4.87945, 52.374149], [4.87787, 52.369852], [4.883285, 52.367325], [4.890281, 52.369095], [4.891862, 52.373392], [4.886447, 52.375919], [4.87945, 52.374149]]]}, "properties": {"h3": "881969c9b7fffff", "poi": 1894, "richness": 13, "hill_q1": 8.387, "hill_q2": 6.333, "top_share": 0.248, "flagged": false, "dominant": "shopping", "dna": {"shopping": 0.248, "services_and_business": 0.231, "food_and_drink": 0.164, "lifestyle_services": 0.07, "arts_and_entertainment": 0.063, "health_care": 0.043, "lodging": 0.042, "travel_and_transportation": 0.032, "education": 0.028, "community_and_government": 0.023, "sports_and_recreation": 0.023, "cultural_and_historic": 0.018, "geographic_entities": 0.013}, "tfidf": {"shopping": 0.264, "services_and_business": 0.236, "food_and_drink": 0.187, "lifestyle_services": 0.082, "arts_and_entertainment": 0.08, "lodging": 0.066, "health_care": 0.053, "travel_and_transportation": 0.037, "education": 0.034, "community_and_government": 0.03, "sports_and_recreation": 0.026, "cultural_and_historic": 0.026, "geographic_entities": 0.022}, "cluster": -1}}, {"type": "Feature", "geometry": {"type": "Polygon", "coordinates": [[[4.896608, 52.386281], [4.895026, 52.381985], [4.900441, 52.379458], [4.90744, 52.381227], [4.909023, 52.385523], [4.903607, 52.38805], [4.896608, 52.386281]]]}, "properties": {"h3": "881969c9b9fffff", "poi": 255, "richness": 13, "hill_q1": 8.303, "hill_q2": 5.699, "top_share": 0.357, "flagged": false, "dominant": "services_and_business", "dna": {"services_and_business": 0.357, "food_and_drink": 0.129, "arts_and_entertainment": 0.098, "shopping": 0.075, "travel_and_transportation": 0.063, "education": 0.055, "community_and_government": 0.051, "sports_and_recreation": 0.051, "geographic_entities": 0.043, "cultural_and_historic": 0.039, "lodging": 0.02, "health_care": 0.016, "lifestyle_services": 0.004}, "tfidf": {"services_and_business": 0.365, "food_and_drink": 0.147, "arts_and_entertainment": 0.125, "shopping": 0.079, "travel_and_transportation": 0.072, "geographic_entities": 0.07, "community_and_government": 0.066, "education": 0.066, "sports_and_recreation": 0.058, "cultural_and_historic": 0.055, "lodging": 0.031, "health_care": 0.019, "lifestyle_services": 0.005}, "cluster": -1}}, {"type": "Feature", "geometry": {"type": "Polygon", "coordinates": [[[4.900441, 52.379458], [4.898859, 52.375162], [4.904275, 52.372634], [4.911273, 52.374403], [4.912856, 52.378699], [4.90744, 52.381227], [4.900441, 52.379458]]]}, "properties": {"h3": "881969c9bbfffff", "poi": 534, "richness": 13, "hill_q1": 9.041, "hill_q2": 6.609, "top_share": 0.307, "flagged": false, "dominant": "food_and_drink", "dna": {"food_and_drink": 0.307, "services_and_business": 0.14, "shopping": 0.114, "travel_and_transportation": 0.081, "lodging": 0.077, "arts_and_entertainment": 0.073, "geographic_entities": 0.036, "lifestyle_services": 0.036, "education": 0.034, "sports_and_recreation": 0.034, "community_and_government": 0.028, "cultural_and_historic": 0.026, "health_care": 0.015}, "tfidf": {"food_and_drink": 0.35, "services_and_business": 0.144, "shopping": 0.121, "lodging": 0.119, "arts_and_entertainment": 0.093, "travel_and_transportation": 0.092, "geographic_entities": 0.058, "lifestyle_services": 0.042, "education": 0.041, "sports_and_recreation": 0.038, "cultural_and_historic": 0.037, "community_and_government": 0.037, "health_care": 0.018}, "cluster": -1}}, {"type": "Feature", "geometry": {"type": "Polygon", "coordinates": [[[4.884193, 52.387037], [4.882612, 52.382742], [4.888028, 52.380215], [4.895026, 52.381985], [4.896608, 52.386281], [4.891191, 52.388807], [4.884193, 52.387037]]]}, "properties": {"h3": "881969c9bdfffff", "poi": 693, "richness": 13, "hill_q1": 8.793, "hill_q2": 6.688, "top_share": 0.255, "flagged": false, "dominant": "services_and_business", "dna": {"services_and_business": 0.255, "shopping": 0.208, "food_and_drink": 0.15, "lifestyle_services": 0.081, "arts_and_entertainment": 0.058, "sports_and_recreation": 0.053, "travel_and_transportation": 0.043, "community_and_government": 0.03, "health_care": 0.03, "lodging": 0.03, "geographic_entities": 0.023, "education": 0.02, "cultural_and_historic": 0.017}, "tfidf": {"services_and_business": 0.261, "shopping": 0.221, "food_and_drink": 0.171, "lifestyle_services": 0.095, "arts_and_entertainment": 0.074, "sports_and_recreation": 0.061, "travel_and_transportation": 0.049, "lodging": 0.047, "community_and_government": 0.039, "geographic_entities": 0.038, "health_care": 0.037, "cultural_and_historic": 0.024, "education": 0.024}, "cluster": -1}}, {"type": "Feature", "geometry": {"type": "Polygon", "coordinates": [[[4.918526, 52.411294], [4.916942, 52.407], [4.92236, 52.404473], [4.929362, 52.406241], [4.930948, 52.410536], [4.925529, 52.413062], [4.918526, 52.411294]]]}, "properties": {"h3": "881969c9c3fffff", "poi": 38, "richness": 11, "hill_q1": 9.256, "hill_q2": 8.205, "top_share": 0.184, "flagged": false, "dominant": "health_care", "dna": {"health_care": 0.184, "education": 0.158, "services_and_business": 0.158, "community_and_government": 0.105, "shopping": 0.105, "arts_and_entertainment": 0.079, "food_and_drink": 0.053, "lifestyle_services": 0.053, "sports_and_recreation": 0.053, "geographic_entities": 0.026, "travel_and_transportation": 0.026}, "tfidf": {"health_care": 0.225, "education": 0.19, "services_and_business": 0.161, "community_and_government": 0.137, "shopping": 0.112, "arts_and_entertainment": 0.101, "lifestyle_services": 0.062, "food_and_drink": 0.06, "sports_and_recreation": 0.06, "geographic_entities": 0.043, "travel_and_transportation": 0.03}, "cluster": -1}}, {"type": "Feature", "geometry": {"type": "Polygon", "coordinates": [[[4.90227, 52.418872], [4.900686, 52.414577], [4.906105, 52.412052], [4.913107, 52.413821], [4.914692, 52.418115], [4.909273, 52.42064], [4.90227, 52.418872]]]}, "properties": {"h3": "881969c9c5fffff", "poi": 28, "richness": 9, "hill_q1": 7.352, "hill_q2": 6.426, "top_share": 0.25, "flagged": false, "dominant": "sports_and_recreation", "dna": {"sports_and_recreation": 0.25, "travel_and_transportation": 0.179, "food_and_drink": 0.143, "services_and_business": 0.143, "shopping": 0.107, "arts_and_entertainment": 0.071, "cultural_and_historic": 0.036, "education": 0.036, "health_care": 0.036}, "tfidf": {"sports_and_recreation": 0.285, "travel_and_transportation": 0.204, "food_and_drink": 0.163, "services_and_business": 0.146, "shopping": 0.114, "arts_and_entertainment": 0.091, "cultural_and_historic": 0.05, "health_care": 0.044, "education": 0.043}, "cluster": -1}}, {"type": "Feature", "geometry": {"type": "Polygon", "coordinates": [[[4.906105, 52.412052], [4.904522, 52.407757], [4.90994, 52.405231], [4.916942, 52.407], [4.918526, 52.411294], [4.913107, 52.413821], [4.906105, 52.412052]]]}, "properties": {"h3": "881969c9c7fffff", "poi": 79, "richness": 12, "hill_q1": 8.567, "hill_q2": 6.521, "top_share": 0.291, "flagged": false, "dominant": "shopping", "dna": {"shopping": 0.291, "services_and_business": 0.177, "food_and_drink": 0.127, "sports_and_recreation": 0.076, "education": 0.063, "community_and_government": 0.051, "geographic_entities": 0.051, "lifestyle_services": 0.051, "cultural_and_historic": 0.038, "health_care": 0.038, "travel_and_transportation": 0.025, "arts_and_entertainment": 0.013}, "tfidf": {"shopping": 0.309, "services_and_business": 0.181, "food_and_drink": 0.144, "sports_and_recreation": 0.087, "geographic_entities": 0.083, "education": 0.076, "community_and_government": 0.066, "lifestyle_services": 0.06, "cultural_and_historic": 0.053, "health_care": 0.046, "travel_and_transportation": 0.029, "arts_and_entertainment": 0.016}, "cluster": -1}}, {"type": "Feature", "geometry": {"type": "Polygon", "coordinates": [[[4.910857, 52.424934], [4.909273, 52.42064], [4.914692, 52.418115], [4.921695, 52.419883], [4.92328, 52.424177], [4.917861, 52.426702], [4.910857, 52.424934]]]}, "properties": {"h3": "881969c9cdfffff", "poi": 10, "richness": 7, "hill_q1": 6.261, "hill_q2": 5.556, "top_share": 0.3, "flagged": false, "dominant": "travel_and_transportation", "dna": {"travel_and_transportation": 0.3, "shopping": 0.2, "arts_and_entertainment": 0.1, "education": 0.1, "food_and_drink": 0.1, "services_and_business": 0.1, "sports_and_recreation": 0.1}, "tfidf": {"travel_and_transportation": 0.343, "shopping": 0.213, "arts_and_entertainment": 0.128, "education": 0.121, "food_and_drink": 0.114, "sports_and_recreation": 0.114, "services_and_business": 0.102}, "cluster": -1}}, {"type": "Feature", "geometry": {"type": "Polygon", "coordinates": [[[4.93478, 52.403713], [4.933195, 52.399418], [4.938612, 52.39689], [4.945615, 52.398657], [4.947202, 52.402952], [4.941784, 52.405481], [4.93478, 52.403713]]]}, "properties": {"h3": "881969c9d1fffff", "poi": 268, "richness": 11, "hill_q1": 6.556, "hill_q2": 4.62, "top_share": 0.392, "flagged": false, "dominant": "shopping", "dna": {"shopping": 0.392, "food_and_drink": 0.16, "services_and_business": 0.131, "lifestyle_services": 0.119, "travel_and_transportation": 0.041, "education": 0.03, "health_care": 0.03, "sports_and_recreation": 0.03, "community_and_government": 0.026, "cultural_and_historic": 0.022, "arts_and_entertainment": 0.019}, "tfidf": {"shopping": 0.416, "food_and_drink": 0.183, "lifestyle_services": 0.141, "services_and_business": 0.134, "travel_and_transportation": 0.047, "health_care": 0.036, "education": 0.036, "sports_and_recreation": 0.034, "community_and_government": 0.034, "cultural_and_historic": 0.032, "arts_and_entertainment": 0.024}, "cluster": -1}}, {"type": "Feature", "geometry": {"type": "Polygon", "coordinates": [[[4.938612, 52.39689], [4.937027, 52.392595], [4.942443, 52.390066], [4.949446, 52.391833], [4.951032, 52.396129], [4.945615, 52.398657], [4.938612, 52.39689]]]}, "properties": {"h3": "881969c9d3fffff", "poi": 76, "richness": 11, "hill_q1": 8.267, "hill_q2": 6.959, "top_share": 0.224, "flagged": false, "dominant": "shopping", "dna": {"shopping": 0.224, "services_and_business": 0.197, "health_care": 0.145, "food_and_drink": 0.132, "lifestyle_services": 0.079, "sports_and_recreation": 0.066, "arts_and_entertainment": 0.053, "travel_and_transportation": 0.039, "community_and_government": 0.026, "cultural_and_historic": 0.026, "education": 0.013}, "tfidf": {"shopping": 0.238, "services_and_business": 0.202, "health_care": 0.176, "food_and_drink": 0.15, "lifestyle_services": 0.093, "sports_and_recreation": 0.075, "arts_and_entertainment": 0.067, "travel_and_transportation": 0.045, "cultural_and_historic": 0.037, "community_and_government": 0.034, "education": 0.016}, "cluster": -1}}, {"type": "Feature", "geometry": {"type": "Polygon", "coordinates": [[[4.92236, 52.404473], [4.920775, 52.400178], [4.926192, 52.397651], [4.933195, 52.399418], [4.93478, 52.403713], [4.929362, 52.406241], [4.92236, 52.404473]]]}, "properties": {"h3": "881969c9d5fffff", "poi": 74, "richness": 13, "hill_q1": 10.929, "hill_q2": 9.607, "top_share": 0.176, "flagged": false, "dominant": "services_and_business", "dna": {"services_and_business": 0.176, "health_care": 0.149, "sports_and_recreation": 0.122, "food_and_drink": 0.095, "community_and_government": 0.081, "education": 0.068, "lifestyle_services": 0.068, "shopping": 0.068, "cultural_and_historic": 0.054, "lodging": 0.041, "travel_and_transportation": 0.041, "arts_and_entertainment": 0.027, "geographic_entities": 0.014}, "tfidf": {"health_care": 0.181, "services_and_business": 0.18, "sports_and_recreation": 0.139, "food_and_drink": 0.108, "community_and_government": 0.106, "education": 0.081, "lifestyle_services": 0.08, "cultural_and_historic": 0.076, "shopping": 0.072, "lodging": 0.063, "travel_and_transportation": 0.046, "arts_and_entertainment": 0.035, "geographic_entities": 0.022}, "cluster": -1}}, {"type": "Feature", "geometry": {"type": "Polygon", "coordinates": [[[4.926192, 52.397651], [4.924608, 52.393355], [4.930025, 52.390828], [4.937027, 52.392595], [4.938612, 52.39689], [4.933195, 52.399418], [4.926192, 52.397651]]]}, "properties": {"h3": "881969c9d7fffff", "poi": 60, "richness": 13, "hill_q1": 9.929, "hill_q2": 8.295, "top_share": 0.2, "flagged": false, "dominant": "education", "dna": {"education": 0.2, "services_and_business": 0.183, "cultural_and_historic": 0.117, "community_and_government": 0.1, "health_care": 0.083, "lifestyle_services": 0.083, "food_and_drink": 0.05, "shopping": 0.05, "sports_and_recreation": 0.05, "arts_and_entertainment": 0.033, "geographic_entities": 0.017, "lodging": 0.017, "travel_and_transportation": 0.017}, "tfidf": {"education": 0.241, "services_and_business": 0.187, "cultural_and_historic": 0.164, "community_and_government": 0.13, "health_care": 0.102, "lifestyle_services": 0.098, "food_and_drink": 0.057, "sports_and_recreation": 0.057, "shopping": 0.053, "arts_and_entertainment": 0.043, "geographic_entities": 0.027, "lodging": 0.026, "travel_and_transportation": 0.019}, "cluster": -1}}, {"type": "Feature", "geometry": {"type": "Polygon", "coordinates": [[[4.947202, 52.402952], [4.945615, 52.398657], [4.951032, 52.396129], [4.958036, 52.397895], [4.959624, 52.40219], [4.954206, 52.404719], [4.947202, 52.402952]]]}, "properties": {"h3": "881969c9dbfffff", "poi": 20, "richness": 10, "hill_q1": 8.596, "hill_q2": 7.407, "top_share": 0.25, "flagged": false, "dominant": "sports_and_recreation", "dna": {"sports_and_recreation": 0.25, "shopping": 0.15, "community_and_government": 0.1, "geographic_entities": 0.1, "lifestyle_services": 0.1, "services_and_business": 0.1, "education": 0.05, "food_and_drink": 0.05, "health_care": 0.05, "travel_and_transportation": 0.05}, "tfidf": {"sports_and_recreation": 0.285, "geographic_entities": 0.163, "shopping": 0.159, "community_and_government": 0.13, "lifestyle_services": 0.118, "services_and_business": 0.102, "health_care": 0.061, "education": 0.06, "travel_and_transportation": 0.057, "food_and_drink": 0.057}, "cluster": -1}}, {"type": "Feature", "geometry": {"type": "Polygon", "coordinates": [[[4.930948, 52.410536], [4.929362, 52.406241], [4.93478, 52.403713], [4.941784, 52.405481], [4.94337, 52.409775], [4.937952, 52.412303], [4.930948, 52.410536]]]}, "properties": {"h3": "881969c9ddfffff", "poi": 15, "richness": 6, "hill_q1": 5.749, "hill_q2": 5.488, "top_share": 0.267, "flagged": false, "dominant": "health_care", "dna": {"health_care": 0.267, "services_and_business": 0.2, "community_and_government": 0.133, "food_and_drink": 0.133, "lifestyle_services": 0.133, "sports_and_recreation": 0.133}, "tfidf": {"health_care": 0.325, "services_and_business": 0.204, "community_and_government": 0.174, "lifestyle_services": 0.158, "food_and_drink": 0.152, "sports_and_recreation": 0.152}, "cluster": -1}}, {"type": "Feature", "geometry": {"type": "Polygon", "coordinates": [[[4.881265, 52.413563], [4.879684, 52.409268], [4.885102, 52.406744], [4.892102, 52.408514], [4.893685, 52.412808], [4.888266, 52.415333], [4.881265, 52.413563]]]}, "properties": {"h3": "881969c9e1fffff", "poi": 131, "richness": 12, "hill_q1": 7.25, "hill_q2": 5.256, "top_share": 0.344, "flagged": false, "dominant": "services_and_business", "dna": {"services_and_business": 0.344, "shopping": 0.198, "travel_and_transportation": 0.13, "lifestyle_services": 0.069, "arts_and_entertainment": 0.061, "sports_and_recreation": 0.061, "food_and_drink": 0.038, "education": 0.031, "health_care": 0.031, "cultural_and_historic": 0.015, "lodging": 0.015, "community_and_government": 0.008}, "tfidf": {"services_and_business": 0.351, "shopping": 0.211, "travel_and_transportation": 0.148, "lifestyle_services": 0.081, "arts_and_entertainment": 0.078, "sports_and_recreation": 0.07, "food_and_drink": 0.043, "health_care": 0.037, "education": 0.037, "lodging": 0.024, "cultural_and_historic": 0.021, "community_and_government": 0.01}, "cluster": -1}}, {"type": "Feature", "geometry": {"type": "Polygon", "coordinates": [[[4.885102, 52.406744], [4.88352, 52.402449], [4.888938, 52.399924], [4.895938, 52.401693], [4.89752, 52.405988], [4.892102, 52.408514], [4.885102, 52.406744]]]}, "properties": {"h3": "881969c9e3fffff", "poi": 237, "richness": 13, "hill_q1": 7.338, "hill_q2": 4.692, "top_share": 0.409, "flagged": false, "dominant": "services_and_business", "dna": {"services_and_business": 0.409, "shopping": 0.127, "food_and_drink": 0.114, "travel_and_transportation": 0.089, "health_care": 0.042, "sports_and_recreation": 0.042, "arts_and_entertainment": 0.038, "education": 0.034, "lifestyle_services": 0.034, "community_and_government": 0.03, "geographic_entities": 0.017, "cultural_and_historic": 0.013, "lodging": 0.013}, "tfidf": {"services_and_business": 0.418, "shopping": 0.135, "food_and_drink": 0.13, "travel_and_transportation": 0.101, "health_care": 0.051, "arts_and_entertainment": 0.049, "sports_and_recreation": 0.048, "education": 0.041, "lifestyle_services": 0.04, "community_and_government": 0.038, "geographic_entities": 0.028, "lodging": 0.02, "cultural_and_historic": 0.018}, "cluster": -1}}, {"type": "Feature", "geometry": {"type": "Polygon", "coordinates": [[[4.868846, 52.414316], [4.867266, 52.410022], [4.872684, 52.407498], [4.879684, 52.409268], [4.881265, 52.413563], [4.875846, 52.416087], [4.868846, 52.414316]]]}, "properties": {"h3": "881969c9e5fffff", "poi": 74, "richness": 7, "hill_q1": 4.015, "hill_q2": 3.035, "top_share": 0.5, "flagged": true, "dominant": "services_and_business", "dna": {"services_and_business": 0.5, "shopping": 0.243, "travel_and_transportation": 0.122, "arts_and_entertainment": 0.054, "food_and_drink": 0.041, "education": 0.027, "lifestyle_services": 0.014}, "tfidf": {"services_and_business": 0.511, "shopping": 0.259, "travel_and_transportation": 0.139, "arts_and_entertainment": 0.069, "food_and_drink": 0.046, "education": 0.033, "lifestyle_services": 0.016}, "cluster": -1}}, {"type": "Feature", "geometry": {"type": "Polygon", "coordinates": [[[4.872684, 52.407498], [4.871103, 52.403203], [4.876521, 52.400679], [4.88352, 52.402449], [4.885102, 52.406744], [4.879684, 52.409268], [4.872684, 52.407498]]]}, "properties": {"h3": "881969c9e7fffff", "poi": 19, "richness": 4, "hill_q1": 2.692, "hill_q2": 2.27, "top_share": 0.579, "flagged": true, "dominant": "services_and_business", "dna": {"services_and_business": 0.579, "shopping": 0.316, "lifestyle_services": 0.053, "lodging": 0.053}, "tfidf": {"services_and_business": 0.592, "shopping": 0.336, "lodging": 0.082, "lifestyle_services": 0.062}, "cluster": -1}}, {"type": "Feature", "geometry": {"type": "Polygon", "coordinates": [[[4.889848, 52.419627], [4.888266, 52.415333], [4.893685, 52.412808], [4.900686, 52.414577], [4.90227, 52.418872], [4.89685, 52.421396], [4.889848, 52.419627]]]}, "properties": {"h3": "881969c9e9fffff", "poi": 58, "richness": 12, "hill_q1": 8.858, "hill_q2": 6.42, "top_share": 0.328, "flagged": false, "dominant": "shopping", "dna": {"shopping": 0.328, "health_care": 0.103, "services_and_business": 0.103, "arts_and_entertainment": 0.069, "community_and_government": 0.069, "education": 0.069, "lifestyle_services": 0.069, "food_and_drink": 0.052, "sports_and_recreation": 0.052, "cultural_and_historic": 0.034, "travel_and_transportation": 0.034, "lodging": 0.017}, "tfidf": {"shopping": 0.348, "health_care": 0.126, "services_and_business": 0.106, "community_and_government": 0.09, "arts_and_entertainment": 0.088, "education": 0.083, "lifestyle_services": 0.082, "food_and_drink": 0.059, "sports_and_recreation": 0.059, "cultural_and_historic": 0.049, "travel_and_transportation": 0.039, "lodging": 0.027}, "cluster": -1}}, {"type": "Feature", "geometry": {"type": "Polygon", "coordinates": [[[4.893685, 52.412808], [4.892102, 52.408514], [4.89752, 52.405988], [4.904522, 52.407757], [4.906105, 52.412052], [4.900686, 52.414577], [4.893685, 52.412808]]]}, "properties": {"h3": "881969c9ebfffff", "poi": 37, "richness": 10, "hill_q1": 8.029, "hill_q2": 6.744, "top_share": 0.27, "flagged": false, "dominant": "services_and_business", "dna": {"services_and_business": 0.27, "arts_and_entertainment": 0.135, "health_care": 0.135, "sports_and_recreation": 0.135, "education": 0.081, "lifestyle_services": 0.081, "shopping": 0.054, "travel_and_transportation": 0.054, "community_and_government": 0.027, "food_and_drink": 0.027}, "tfidf": {"services_and_business": 0.276, "arts_and_entertainment": 0.173, "health_care": 0.165, "sports_and_recreation": 0.154, "education": 0.098, "lifestyle_services": 0.096, "travel_and_transportation": 0.062, "shopping": 0.057, "community_and_government": 0.035, "food_and_drink": 0.031}, "cluster": -1}}, {"type": "Feature", "geometry": {"type": "Polygon", "coordinates": [[[4.877428, 52.420381], [4.875846, 52.416087], [4.881265, 52.413563], [4.888266, 52.415333], [4.889848, 52.419627], [4.884429, 52.422151], [4.877428, 52.420381]]]}, "properties": {"h3": "881969c9edfffff", "poi": 48, "richness": 12, "hill_q1": 9.573, "hill_q2": 7.837, "top_share": 0.25, "flagged": false, "dominant": "services_and_business", "dna": {"services_and_business": 0.25, "lifestyle_services": 0.125, "shopping": 0.125, "sports_and_recreation": 0.104, "food_and_drink": 0.083, "travel_and_transportation": 0.083, "arts_and_entertainment": 0.042, "community_and_government": 0.042, "education": 0.042, "geographic_entities": 0.042, "health_care": 0.042, "lodging": 0.021}, "tfidf": {"services_and_business": 0.256, "lifestyle_services": 0.148, "shopping": 0.133, "sports_and_recreation": 0.119, "travel_and_transportation": 0.095, "food_and_drink": 0.095, "geographic_entities": 0.068, "community_and_government": 0.054, "arts_and_entertainment": 0.053, "health_care": 0.051, "education": 0.05, "lodging": 0.032}, "cluster": -1}}, {"type": "Feature", "geometry": {"type": "Polygon", "coordinates": [[[4.943246, 52.495367], [4.941658, 52.491078], [4.947083, 52.488554], [4.954097, 52.490321], [4.955686, 52.49461], [4.950261, 52.497134], [4.943246, 52.495367]]]}, "properties": {"h3": "881969cb09fffff", "poi": 14, "richness": 7, "hill_q1": 5.883, "hill_q2": 5.158, "top_share": 0.286, "flagged": false, "dominant": "services_and_business", "dna": {"services_and_business": 0.286, "health_care": 0.214, "lifestyle_services": 0.214, "food_and_drink": 0.071, "shopping": 0.071, "sports_and_recreation": 0.071, "travel_and_transportation": 0.071}, "tfidf": {"services_and_business": 0.292, "health_care": 0.261, "lifestyle_services": 0.253, "travel_and_transportation": 0.082, "food_and_drink": 0.081, "sports_and_recreation": 0.081, "shopping": 0.076}, "cluster": -1}}, {"type": "Feature", "geometry": {"type": "Polygon", "coordinates": [[[4.947083, 52.488554], [4.945495, 52.484264], [4.950919, 52.48174], [4.957932, 52.483506], [4.959521, 52.487796], [4.954097, 52.490321], [4.947083, 52.488554]]]}, "properties": {"h3": "881969cb0bfffff", "poi": 18, "richness": 9, "hill_q1": 7.715, "hill_q2": 6.75, "top_share": 0.222, "flagged": false, "dominant": "lifestyle_services", "dna": {"lifestyle_services": 0.222, "travel_and_transportation": 0.222, "arts_and_entertainment": 0.111, "food_and_drink": 0.111, "sports_and_recreation": 0.111, "cultural_and_historic": 0.056, "education": 0.056, "health_care": 0.056, "services_and_business": 0.056}, "tfidf": {"lifestyle_services": 0.263, "travel_and_transportation": 0.254, "arts_and_entertainment": 0.142, "food_and_drink": 0.127, "sports_and_recreation": 0.127, "cultural_and_historic": 0.078, "health_care": 0.068, "education": 0.067, "services_and_business": 0.057}, "cluster": -1}}, {"type": "Feature", "geometry": {"type": "Polygon", "coordinates": [[[4.930808, 52.496123], [4.92922, 52.491834], [4.934645, 52.489311], [4.941658, 52.491078], [4.943246, 52.495367], [4.937821, 52.49789], [4.930808, 52.496123]]]}, "properties": {"h3": "881969cb0dfffff", "poi": 24, "richness": 8, "hill_q1": 6.594, "hill_q2": 5.76, "top_share": 0.25, "flagged": false, "dominant": "services_and_business", "dna": {"services_and_business": 0.25, "health_care": 0.208, "lifestyle_services": 0.208, "education": 0.083, "sports_and_recreation": 0.083, "travel_and_transportation": 0.083, "arts_and_entertainment": 0.042, "shopping": 0.042}, "tfidf": {"services_and_business": 0.256, "health_care": 0.254, "lifestyle_services": 0.246, "education": 0.1, "travel_and_transportation": 0.095, "sports_and_recreation": 0.095, "arts_and_entertainment": 0.053, "shopping": 0.044}, "cluster": -1}}, {"type": "Feature", "geometry": {"type": "Polygon", "coordinates": [[[4.946154, 52.468868], [4.944566, 52.464577], [4.949989, 52.462052], [4.957, 52.463818], [4.958589, 52.468109], [4.953165, 52.470634], [4.946154, 52.468868]]]}, "properties": {"h3": "881969cb17fffff", "poi": 37, "richness": 11, "hill_q1": 9.781, "hill_q2": 8.72, "top_share": 0.216, "flagged": false, "dominant": "services_and_business", "dna": {"services_and_business": 0.216, "arts_and_entertainment": 0.108, "education": 0.108, "travel_and_transportation": 0.108, "community_and_government": 0.081, "lifestyle_services": 0.081, "shopping": 0.081, "sports_and_recreation": 0.081, "geographic_entities": 0.054, "health_care": 0.054, "food_and_drink": 0.027}, "tfidf": {"services_and_business": 0.221, "arts_and_entertainment": 0.138, "education": 0.13, "travel_and_transportation": 0.124, "community_and_government": 0.106, "lifestyle_services": 0.096, "sports_and_recreation": 0.092, "geographic_entities": 0.088, "shopping": 0.086, "health_care": 0.066, "food_and_drink": 0.031}, "cluster": -1}}, {"type": "Feature", "geometry": {"type": "Polygon", "coordinates": [[[4.968126, 52.493852], [4.966536, 52.489562], [4.971961, 52.487037], [4.978976, 52.488802], [4.980567, 52.493092], [4.975142, 52.495617], [4.968126, 52.493852]]]}, "properties": {"h3": "881969cb51fffff", "poi": 16, "richness": 7, "hill_q1": 5.877, "hill_q2": 5.12, "top_share": 0.313, "flagged": false, "dominant": "services_and_business", "dna": {"services_and_business": 0.313, "lifestyle_services": 0.188, "shopping": 0.188, "sports_and_recreation": 0.125, "education": 0.063, "food_and_drink": 0.063, "health_care": 0.063}, "tfidf": {"services_and_business": 0.32, "lifestyle_services": 0.222, "shopping": 0.199, "sports_and_recreation": 0.142, "health_care": 0.076, "education": 0.075, "food_and_drink": 0.071}, "cluster": -1}}, {"type": "Feature", "geometry": {"type": "Polygon", "coordinates": [[[4.955686, 52.49461], [4.954097, 52.490321], [4.959521, 52.487796], [4.966536, 52.489562], [4.968126, 52.493852], [4.962701, 52.496376], [4.955686, 52.49461]]]}, "properties": {"h3": "881969cb55fffff", "poi": 10, "richness": 5, "hill_q1": 4.745, "hill_q2": 4.545, "top_share": 0.3, "flagged": false, "dominant": "shopping", "dna": {"shopping": 0.3, "education": 0.2, "health_care": 0.2, "lifestyle_services": 0.2, "services_and_business": 0.1}, "tfidf": {"shopping": 0.319, "health_care": 0.244, "education": 0.241, "lifestyle_services": 0.236, "services_and_business": 0.102}, "cluster": -1}}, {"type": "Feature", "geometry": {"type": "Polygon", "coordinates": [[[4.959521, 52.487796], [4.957932, 52.483506], [4.963356, 52.480982], [4.97037, 52.482747], [4.971961, 52.487037], [4.966536, 52.489562], [4.959521, 52.487796]]]}, "properties": {"h3": "881969cb57fffff", "poi": 23, "richness": 7, "hill_q1": 6.346, "hill_q2": 5.944, "top_share": 0.217, "flagged": false, "dominant": "lifestyle_services", "dna": {"lifestyle_services": 0.217, "travel_and_transportation": 0.217, "services_and_business": 0.174, "education": 0.13, "health_care": 0.13, "sports_and_recreation": 0.087, "shopping": 0.043}, "tfidf": {"lifestyle_services": 0.257, "travel_and_transportation": 0.248, "services_and_business": 0.178, "health_care": 0.159, "education": 0.157, "sports_and_recreation": 0.099, "shopping": 0.046}, "cluster": -1}}, {"type": "Feature", "geometry": {"type": "Polygon", "coordinates": [[[4.985479, 52.33467], [4.983891, 52.330371], [4.989302, 52.327836], [4.996302, 52.329601], [4.99789, 52.3339], [4.992479, 52.336434], [4.985479, 52.33467]]]}, "properties": {"h3": "881969cd23fffff", "poi": 29, "richness": 8, "hill_q1": 4.415, "hill_q2": 2.91, "top_share": 0.552, "flagged": true, "dominant": "services_and_business", "dna": {"services_and_business": 0.552, "shopping": 0.138, "food_and_drink": 0.103, "arts_and_entertainment": 0.069, "community_and_government": 0.034, "health_care": 0.034, "lifestyle_services": 0.034, "sports_and_recreation": 0.034}, "tfidf": {"services_and_business": 0.564, "shopping": 0.147, "food_and_drink": 0.118, "arts_and_entertainment": 0.088, "community_and_government": 0.045, "health_care": 0.042, "lifestyle_services": 0.041, "sports_and_recreation": 0.039}, "cluster": -1}}, {"type": "Feature", "geometry": {"type": "Polygon", "coordinates": [[[4.969242, 52.342271], [4.967655, 52.337972], [4.973067, 52.335439], [4.980067, 52.337204], [4.981654, 52.341503], [4.976241, 52.344036], [4.969242, 52.342271]]]}, "properties": {"h3": "881969cd25fffff", "poi": 36, "richness": 11, "hill_q1": 7.308, "hill_q2": 5.023, "top_share": 0.389, "flagged": false, "dominant": "sports_and_recreation", "dna": {"sports_and_recreation": 0.389, "education": 0.111, "services_and_business": 0.111, "community_and_government": 0.083, "travel_and_transportation": 0.083, "health_care": 0.056, "lifestyle_services": 0.056, "cultural_and_historic": 0.028, "food_and_drink": 0.028, "geographic_entities": 0.028, "shopping": 0.028}, "tfidf": {"sports_and_recreation": 0.443, "education": 0.134, "services_and_business": 0.114, "community_and_government": 0.108, "travel_and_transportation": 0.095, "health_care": 0.068, "lifestyle_services": 0.066, "geographic_entities": 0.045, "cultural_and_historic": 0.039, "food_and_drink": 0.032, "shopping": 0.03}, "cluster": -1}}, {"type": "Feature", "geometry": {"type": "Polygon", "coordinates": [[[4.973067, 52.335439], [4.971481, 52.33114], [4.976892, 52.328606], [4.983891, 52.330371], [4.985479, 52.33467], [4.980067, 52.337204], [4.973067, 52.335439]]]}, "properties": {"h3": "881969cd27fffff", "poi": 79, "richness": 9, "hill_q1": 4.354, "hill_q2": 3.019, "top_share": 0.506, "flagged": true, "dominant": "services_and_business", "dna": {"services_and_business": 0.506, "shopping": 0.253, "sports_and_recreation": 0.076, "community_and_government": 0.038, "lifestyle_services": 0.038, "arts_and_entertainment": 0.025, "food_and_drink": 0.025, "travel_and_transportation": 0.025, "cultural_and_historic": 0.013}, "tfidf": {"services_and_business": 0.518, "shopping": 0.269, "sports_and_recreation": 0.087, "community_and_government": 0.049, "lifestyle_services": 0.045, "arts_and_entertainment": 0.032, "travel_and_transportation": 0.029, "food_and_drink": 0.029, "cultural_and_historic": 0.018}, "cluster": -1}}, {"type": "Feature", "geometry": {"type": "Polygon", "coordinates": [[[4.977829, 52.348334], [4.976241, 52.344036], [4.981654, 52.341503], [4.988654, 52.343267], [4.990243, 52.347566], [4.98483, 52.350099], [4.977829, 52.348334]]]}, "properties": {"h3": "881969cd2dfffff", "poi": 32, "richness": 10, "hill_q1": 7.25, "hill_q2": 5.818, "top_share": 0.281, "flagged": false, "dominant": "services_and_business", "dna": {"services_and_business": 0.281, "lifestyle_services": 0.219, "sports_and_recreation": 0.156, "food_and_drink": 0.094, "geographic_entities": 0.063, "travel_and_transportation": 0.063, "arts_and_entertainment": 0.031, "community_and_government": 0.031, "health_care": 0.031, "shopping": 0.031}, "tfidf": {"services_and_business": 0.288, "lifestyle_services": 0.259, "sports_and_recreation": 0.178, "food_and_drink": 0.107, "geographic_entities": 0.102, "travel_and_transportation": 0.071, "community_and_government": 0.041, "arts_and_entertainment": 0.04, "health_care": 0.038, "shopping": 0.033}, "cluster": -1}}, {"type": "Feature", "geometry": {"type": "Polygon", "coordinates": [[[4.995009, 52.360459], [4.99342, 52.356162], [4.998833, 52.353628], [5.005836, 52.355392], [5.007426, 52.35969], [5.002012, 52.362223], [4.995009, 52.360459]]]}, "properties": {"h3": "881969cd61fffff", "poi": 98, "richness": 13, "hill_q1": 9.471, "hill_q2": 8.071, "top_share": 0.214, "flagged": false, "dominant": "services_and_business", "dna": {"services_and_business": 0.214, "lifestyle_services": 0.133, "shopping": 0.133, "health_care": 0.122, "sports_and_recreation": 0.102, "food_and_drink": 0.092, "education": 0.071, "travel_and_transportation": 0.041, "community_and_government": 0.031, "cultural_and_historic": 0.031, "arts_and_entertainment": 0.01, "geographic_entities": 0.01, "lodging": 0.01}, "tfidf": {"services_and_business": 0.219, "lifestyle_services": 0.157, "health_care": 0.149, "shopping": 0.141, "sports_and_recreation": 0.116, "food_and_drink": 0.105, "education": 0.086, "travel_and_transportation": 0.047, "cultural_and_historic": 0.043, "community_and_government": 0.04, "geographic_entities": 0.017, "lodging": 0.016, "arts_and_entertainment": 0.013}, "cluster": -1}}, {"type": "Feature", "geometry": {"type": "Polygon", "coordinates": [[[4.998833, 52.353628], [4.997244, 52.34933], [5.002657, 52.346796], [5.00966, 52.348559], [5.01125, 52.352858], [5.005836, 52.355392], [4.998833, 52.353628]]]}, "properties": {"h3": "881969cd63fffff", "poi": 10, "richness": 7, "hill_q1": 6.598, "hill_q2": 6.25, "top_share": 0.2, "flagged": false, "dominant": "food_and_drink", "dna": {"food_and_drink": 0.2, "services_and_business": 0.2, "shopping": 0.2, "education": 0.1, "lodging": 0.1, "sports_and_recreation": 0.1, "travel_and_transportation": 0.1}, "tfidf": {"food_and_drink": 0.228, "shopping": 0.213, "services_and_business": 0.204, "lodging": 0.156, "education": 0.121, "travel_and_transportation": 0.114, "sports_and_recreation": 0.114}, "cluster": -1}}, {"type": "Feature", "geometry": {"type": "Polygon", "coordinates": [[[4.982592, 52.361228], [4.981004, 52.35693], [4.986418, 52.354397], [4.99342, 52.356162], [4.995009, 52.360459], [4.989595, 52.362992], [4.982592, 52.361228]]]}, "properties": {"h3": "881969cd65fffff", "poi": 127, "richness": 13, "hill_q1": 9.129, "hill_q2": 7.429, "top_share": 0.22, "flagged": false, "dominant": "shopping", "dna": {"shopping": 0.22, "services_and_business": 0.205, "health_care": 0.118, "sports_and_recreation": 0.094, "lifestyle_services": 0.087, "food_and_drink": 0.079, "education": 0.055, "travel_and_transportation": 0.047, "arts_and_entertainment": 0.031, "geographic_entities": 0.024, "lodging": 0.024, "community_and_government": 0.008, "cultural_and_historic": 0.008}, "tfidf": {"shopping": 0.234, "services_and_business": 0.209, "health_care": 0.144, "sports_and_recreation": 0.108, "lifestyle_services": 0.102, "food_and_drink": 0.09, "education": 0.066, "travel_and_transportation": 0.054, "arts_and_entertainment": 0.04, "geographic_entities": 0.039, "lodging": 0.037, "cultural_and_historic": 0.011, "community_and_government": 0.01}, "cluster": -1}}, {"type": "Feature", "geometry": {"type": "Polygon", "coordinates": [[[4.986418, 52.354397], [4.98483, 52.350099], [4.990243, 52.347566], [4.997244, 52.34933], [4.998833, 52.353628], [4.99342, 52.356162], [4.986418, 52.354397]]]}, "properties": {"h3": "881969cd67fffff", "poi": 32, "richness": 12, "hill_q1": 8.395, "hill_q2": 5.565, "top_share": 0.375, "flagged": false, "dominant": "services_and_business", "dna": {"services_and_business": 0.375, "shopping": 0.094, "arts_and_entertainment": 0.063, "education": 0.063, "food_and_drink": 0.063, "geographic_entities": 0.063, "health_care": 0.063, "lifestyle_services": 0.063, "sports_and_recreation": 0.063, "community_and_government": 0.031, "cultural_and_historic": 0.031, "lodging": 0.031}, "tfidf": {"services_and_business": 0.383, "geographic_entities": 0.102, "shopping": 0.1, "arts_and_entertainment": 0.08, "health_care": 0.076, "education": 0.075, "lifestyle_services": 0.074, "food_and_drink": 0.071, "sports_and_recreation": 0.071, "lodging": 0.049, "cultural_and_historic": 0.044, "community_and_government": 0.041}, "cluster": -1}}]}