{"type": "FeatureCollection", "metadata": {"source": "2026-09-23.1", "bbox": [20.35, 44.7002, 20.55, 44.9098], "h3_res": 8, "taxonomy_level": 1, "min_poi": 10, "providers_pct": {"meta": 92.7, "Foursquare": 4.5, "Microsoft": 1.3, "AllThePlaces": 1.2, "PinMeTo": 0.2}}, "features": [{"type": "Feature", "geometry": {"type": "Polygon", "coordinates": [[[20.355542, 44.846418], [20.353117, 44.841861], [20.357682, 44.838203], [20.364673, 44.839102], [20.367098, 44.843658], [20.362533, 44.847316], [20.355542, 44.846418]]]}, "properties": {"h3": "881e1b2801fffff", "poi": 24, "richness": 9, "hill_q1": 7.31, "hill_q2": 6.128, "top_share": 0.292, "flagged": false, "dominant": "services_and_business", "dna": {"services_and_business": 0.292, "education": 0.167, "food_and_drink": 0.125, "lifestyle_services": 0.125, "cultural_and_historic": 0.083, "sports_and_recreation": 0.083, "health_care": 0.042, "shopping": 0.042, "travel_and_transportation": 0.042}, "tfidf": {"services_and_business": 0.303, "education": 0.208, "lifestyle_services": 0.145, "food_and_drink": 0.13, "cultural_and_historic": 0.108, "sports_and_recreation": 0.094, "health_care": 0.055, "travel_and_transportation": 0.047, "shopping": 0.044}, "cluster": -1}}, {"type": "Feature", "geometry": {"type": "Polygon", "coordinates": [[[20.367098, 44.843658], [20.364673, 44.839102], [20.369238, 44.835443], [20.376228, 44.836341], [20.378654, 44.840897], [20.374089, 44.844556], [20.367098, 44.843658]]]}, "properties": {"h3": "881e1b2803fffff", "poi": 89, "richness": 12, "hill_q1": 9.539, "hill_q2": 8.364, "top_share": 0.18, "flagged": false, "dominant": "services_and_business", "dna": {"services_and_business": 0.18, "shopping": 0.169, "travel_and_transportation": 0.124, "food_and_drink": 0.112, "sports_and_recreation": 0.112, "lifestyle_services": 0.101, "education": 0.056, "health_care": 0.045, "community_and_government": 0.034, "cultural_and_historic": 0.034, "arts_and_entertainment": 0.022, "lodging": 0.011}, "tfidf": {"services_and_business": 0.187, "shopping": 0.176, "travel_and_transportation": 0.14, "sports_and_recreation": 0.126, "lifestyle_services": 0.117, "food_and_drink": 0.117, "education": 0.07, "health_care": 0.06, "community_and_government": 0.044, "cultural_and_historic": 0.044, "arts_and_entertainment": 0.029, "lodging": 0.016}, "cluster": -1}}, {"type": "Feature", "geometry": {"type": "Polygon", "coordinates": [[[20.357682, 44.838203], [20.355258, 44.833646], [20.359823, 44.829988], [20.366812, 44.830886], [20.369238, 44.835443], [20.364673, 44.839102], [20.357682, 44.838203]]]}, "properties": {"h3": "881e1b2807fffff", "poi": 34, "richness": 5, "hill_q1": 2.497, "hill_q2": 1.778, "top_share": 0.735, "flagged": true, "dominant": "shopping", "dna": {"shopping": 0.735, "services_and_business": 0.118, "food_and_drink": 0.059, "sports_and_recreation": 0.059, "lifestyle_services": 0.029}, "tfidf": {"shopping": 0.77, "services_and_business": 0.122, "sports_and_recreation": 0.066, "food_and_drink": 0.061, "lifestyle_services": 0.034}, "cluster": -1}}, {"type": "Feature", "geometry": {"type": "Polygon", "coordinates": [[[20.353401, 44.854632], [20.350976, 44.850075], [20.355542, 44.846418], [20.362533, 44.847316], [20.364959, 44.851873], [20.360393, 44.85553], [20.353401, 44.854632]]]}, "properties": {"h3": "881e1b2809fffff", "poi": 58, "richness": 10, "hill_q1": 6.13, "hill_q2": 4.685, "top_share": 0.328, "flagged": false, "dominant": "shopping", "dna": {"shopping": 0.328, "services_and_business": 0.259, "food_and_drink": 0.172, "health_care": 0.052, "sports_and_recreation": 0.052, "lifestyle_services": 0.034, "lodging": 0.034, "travel_and_transportation": 0.034, "community_and_government": 0.017, "education": 0.017}, "tfidf": {"shopping": 0.343, "services_and_business": 0.268, "food_and_drink": 0.179, "health_care": 0.069, "sports_and_recreation": 0.058, "lodging": 0.05, "lifestyle_services": 0.04, "travel_and_transportation": 0.039, "community_and_government": 0.022, "education": 0.022}, "cluster": -1}}, {"type": "Feature", "geometry": {"type": "Polygon", "coordinates": [[[20.364959, 44.851873], [20.362533, 44.847316], [20.367098, 44.843658], [20.374089, 44.844556], [20.376516, 44.849112], [20.37195, 44.852771], [20.364959, 44.851873]]]}, "properties": {"h3": "881e1b280bfffff", "poi": 102, "richness": 11, "hill_q1": 7.995, "hill_q2": 6.552, "top_share": 0.245, "flagged": false, "dominant": "services_and_business", "dna": {"services_and_business": 0.245, "shopping": 0.216, "travel_and_transportation": 0.137, "food_and_drink": 0.108, "health_care": 0.078, "education": 0.059, "sports_and_recreation": 0.049, "lifestyle_services": 0.039, "lodging": 0.039, "cultural_and_historic": 0.02, "community_and_government": 0.01}, "tfidf": {"services_and_business": 0.254, "shopping": 0.226, "travel_and_transportation": 0.155, "food_and_drink": 0.112, "health_care": 0.104, "education": 0.074, "lodging": 0.057, "sports_and_recreation": 0.055, "lifestyle_services": 0.045, "cultural_and_historic": 0.025, "community_and_government": 0.013}, "cluster": -1}}, {"type": "Feature", "geometry": {"type": "Polygon", "coordinates": [[[20.388072, 44.846351], [20.385645, 44.841795], [20.390209, 44.838135], [20.3972, 44.839032], [20.399628, 44.843588], [20.395064, 44.847247], [20.388072, 44.846351]]]}, "properties": {"h3": "881e1b2811fffff", "poi": 219, "richness": 12, "hill_q1": 8.315, "hill_q2": 6.856, "top_share": 0.201, "flagged": false, "dominant": "shopping", "dna": {"shopping": 0.201, "services_and_business": 0.192, "lifestyle_services": 0.178, "food_and_drink": 0.16, "education": 0.068, "sports_and_recreation": 0.05, "arts_and_entertainment": 0.032, "cultural_and_historic": 0.032, "travel_and_transportation": 0.032, "health_care": 0.027, "lodging": 0.018, "community_and_government": 0.009}, "tfidf": {"shopping": 0.21, "lifestyle_services": 0.206, "services_and_business": 0.199, "food_and_drink": 0.166, "education": 0.086, "sports_and_recreation": 0.056, "cultural_and_historic": 0.042, "arts_and_entertainment": 0.041, "health_care": 0.036, "travel_and_transportation": 0.036, "lodging": 0.027, "community_and_government": 0.012}, "cluster": -1}}, {"type": "Feature", "geometry": {"type": "Polygon", "coordinates": [[[20.399628, 44.843588], [20.3972, 44.839032], [20.401764, 44.835372], [20.408755, 44.836268], [20.411183, 44.840823], [20.406619, 44.844484], [20.399628, 44.843588]]]}, "properties": {"h3": "881e1b2813fffff", "poi": 215, "richness": 12, "hill_q1": 9.183, "hill_q2": 7.713, "top_share": 0.233, "flagged": false, "dominant": "shopping", "dna": {"shopping": 0.233, "food_and_drink": 0.158, "services_and_business": 0.121, "health_care": 0.116, "education": 0.079, "sports_and_recreation": 0.079, "lifestyle_services": 0.065, "cultural_and_historic": 0.056, "arts_and_entertainment": 0.033, "travel_and_transportation": 0.033, "community_and_government": 0.019, "lodging": 0.009}, "tfidf": {"shopping": 0.244, "food_and_drink": 0.164, "health_care": 0.155, "services_and_business": 0.125, "education": 0.099, "sports_and_recreation": 0.089, "lifestyle_services": 0.076, "cultural_and_historic": 0.072, "arts_and_entertainment": 0.042, "travel_and_transportation": 0.037, "community_and_government": 0.024, "lodging": 0.014}, "cluster": -1}}, {"type": "Feature", "geometry": {"type": "Polygon", "coordinates": [[[20.378654, 44.840897], [20.376228, 44.836341], [20.380792, 44.832682], [20.387783, 44.833579], [20.390209, 44.838135], [20.385645, 44.841795], [20.378654, 44.840897]]]}, "properties": {"h3": "881e1b2815fffff", "poi": 53, "richness": 10, "hill_q1": 7.081, "hill_q2": 5.652, "top_share": 0.321, "flagged": false, "dominant": "services_and_business", "dna": {"services_and_business": 0.321, "shopping": 0.151, "food_and_drink": 0.132, "travel_and_transportation": 0.132, "lifestyle_services": 0.094, "cultural_and_historic": 0.057, "health_care": 0.057, "arts_and_entertainment": 0.019, "education": 0.019, "lodging": 0.019}, "tfidf": {"services_and_business": 0.333, "shopping": 0.158, "travel_and_transportation": 0.15, "food_and_drink": 0.137, "lifestyle_services": 0.109, "health_care": 0.075, "cultural_and_historic": 0.073, "lodging": 0.027, "arts_and_entertainment": 0.024, "education": 0.024}, "cluster": -1}}, {"type": "Feature", "geometry": {"type": "Polygon", "coordinates": [[[20.390209, 44.838135], [20.387783, 44.833579], [20.392346, 44.829919], [20.399336, 44.830815], [20.401764, 44.835372], [20.3972, 44.839032], [20.390209, 44.838135]]]}, "properties": {"h3": "881e1b2817fffff", "poi": 45, "richness": 10, "hill_q1": 8.738, "hill_q2": 7.819, "top_share": 0.2, "flagged": false, "dominant": "services_and_business", "dna": {"services_and_business": 0.2, "shopping": 0.178, "sports_and_recreation": 0.133, "education": 0.111, "lifestyle_services": 0.089, "travel_and_transportation": 0.089, "food_and_drink": 0.067, "arts_and_entertainment": 0.044, "cultural_and_historic": 0.044, "lodging": 0.044}, "tfidf": {"services_and_business": 0.208, "shopping": 0.186, "sports_and_recreation": 0.15, "education": 0.139, "lifestyle_services": 0.103, "travel_and_transportation": 0.101, "food_and_drink": 0.069, "lodging": 0.065, "cultural_and_historic": 0.058, "arts_and_entertainment": 0.057}, "cluster": -1}}, {"type": "Feature", "geometry": {"type": "Polygon", "coordinates": [[[20.385934, 44.854565], [20.383507, 44.850009], [20.388072, 44.846351], [20.395064, 44.847247], [20.397491, 44.851803], [20.392926, 44.855462], [20.385934, 44.854565]]]}, "properties": {"h3": "881e1b2819fffff", "poi": 149, "richness": 12, "hill_q1": 9.191, "hill_q2": 7.575, "top_share": 0.235, "flagged": false, "dominant": "services_and_business", "dna": {"services_and_business": 0.235, "shopping": 0.154, "lifestyle_services": 0.148, "sports_and_recreation": 0.107, "education": 0.087, "food_and_drink": 0.074, "community_and_government": 0.04, "health_care": 0.04, "arts_and_entertainment": 0.034, "lodging": 0.034, "travel_and_transportation": 0.027, "cultural_and_historic": 0.02}, "tfidf": {"services_and_business": 0.244, "lifestyle_services": 0.171, "shopping": 0.162, "sports_and_recreation": 0.121, "education": 0.109, "food_and_drink": 0.077, "health_care": 0.054, "community_and_government": 0.052, "lodging": 0.049, "arts_and_entertainment": 0.043, "travel_and_transportation": 0.03, "cultural_and_historic": 0.026}, "cluster": -1}}, {"type": "Feature", "geometry": {"type": "Polygon", "coordinates": [[[20.397491, 44.851803], [20.395064, 44.847247], [20.399628, 44.843588], [20.406619, 44.844484], [20.409047, 44.849039], [20.404483, 44.852699], [20.397491, 44.851803]]]}, "properties": {"h3": "881e1b281bfffff", "poi": 216, "richness": 13, "hill_q1": 9.911, "hill_q2": 8.406, "top_share": 0.194, "flagged": false, "dominant": "food_and_drink", "dna": {"food_and_drink": 0.194, "shopping": 0.157, "services_and_business": 0.153, "education": 0.102, "lifestyle_services": 0.093, "sports_and_recreation": 0.069, "community_and_government": 0.051, "travel_and_transportation": 0.051, "arts_and_entertainment": 0.037, "health_care": 0.037, "lodging": 0.028, "cultural_and_historic": 0.023, "geographic_entities": 0.005}, "tfidf": {"food_and_drink": 0.202, "shopping": 0.165, "services_and_business": 0.159, "education": 0.127, "lifestyle_services": 0.107, "sports_and_recreation": 0.078, "community_and_government": 0.066, "travel_and_transportation": 0.058, "health_care": 0.049, "arts_and_entertainment": 0.048, "lodging": 0.04, "cultural_and_historic": 0.03, "geographic_entities": 0.011}, "cluster": -1}}, {"type": "Feature", "geometry": {"type": "Polygon", "coordinates": [[[20.376516, 44.849112], [20.374089, 44.844556], [20.378654, 44.840897], [20.385645, 44.841795], [20.388072, 44.846351], [20.383507, 44.850009], [20.376516, 44.849112]]]}, "properties": {"h3": "881e1b281dfffff", "poi": 126, "richness": 12, "hill_q1": 8.626, "hill_q2": 7.269, "top_share": 0.206, "flagged": false, "dominant": "shopping", "dna": {"shopping": 0.206, "lifestyle_services": 0.175, "services_and_business": 0.167, "food_and_drink": 0.143, "travel_and_transportation": 0.071, "health_care": 0.063, "education": 0.056, "sports_and_recreation": 0.056, "arts_and_entertainment": 0.016, "community_and_government": 0.016, "cultural_and_historic": 0.016, "lodging": 0.016}, "tfidf": {"shopping": 0.216, "lifestyle_services": 0.202, "services_and_business": 0.173, "food_and_drink": 0.148, "health_care": 0.084, "travel_and_transportation": 0.081, "education": 0.069, "sports_and_recreation": 0.062, "lodging": 0.023, "community_and_government": 0.021, "cultural_and_historic": 0.021, "arts_and_entertainment": 0.021}, "cluster": -1}}, {"type": "Feature", "geometry": {"type": "Polygon", "coordinates": [[[20.371377, 44.827227], [20.368951, 44.82267], [20.373515, 44.819011], [20.380504, 44.819908], [20.38293, 44.824465], [20.378366, 44.828125], [20.371377, 44.827227]]]}, "properties": {"h3": "881e1b2831fffff", "poi": 11, "richness": 7, "hill_q1": 6.336, "hill_q2": 5.762, "top_share": 0.273, "flagged": false, "dominant": "sports_and_recreation", "dna": {"sports_and_recreation": 0.273, "services_and_business": 0.182, "shopping": 0.182, "arts_and_entertainment": 0.091, "food_and_drink": 0.091, "lifestyle_services": 0.091, "travel_and_transportation": 0.091}, "tfidf": {"sports_and_recreation": 0.306, "shopping": 0.19, "services_and_business": 0.189, "arts_and_entertainment": 0.117, "lifestyle_services": 0.105, "travel_and_transportation": 0.103, "food_and_drink": 0.094}, "cluster": -1}}, {"type": "Feature", "geometry": {"type": "Polygon", "coordinates": [[[20.38293, 44.824465], [20.380504, 44.819908], [20.385067, 44.816248], [20.392056, 44.817145], [20.394483, 44.821702], [20.38992, 44.825362], [20.38293, 44.824465]]]}, "properties": {"h3": "881e1b2833fffff", "poi": 144, "richness": 11, "hill_q1": 7.602, "hill_q2": 6.376, "top_share": 0.236, "flagged": false, "dominant": "shopping", "dna": {"shopping": 0.236, "services_and_business": 0.222, "lifestyle_services": 0.132, "food_and_drink": 0.111, "sports_and_recreation": 0.111, "education": 0.083, "arts_and_entertainment": 0.035, "health_care": 0.028, "travel_and_transportation": 0.021, "cultural_and_historic": 0.014, "community_and_government": 0.007}, "tfidf": {"shopping": 0.247, "services_and_business": 0.231, "lifestyle_services": 0.153, "sports_and_recreation": 0.125, "food_and_drink": 0.115, "education": 0.104, "arts_and_entertainment": 0.045, "health_care": 0.037, "travel_and_transportation": 0.024, "cultural_and_historic": 0.018, "community_and_government": 0.009}, "cluster": -1}}, {"type": "Feature", "geometry": {"type": "Polygon", "coordinates": [[[20.373515, 44.819011], [20.37109, 44.814453], [20.375653, 44.810793], [20.382641, 44.811691], [20.385067, 44.816248], [20.380504, 44.819908], [20.373515, 44.819011]]]}, "properties": {"h3": "881e1b2837fffff", "poi": 102, "richness": 12, "hill_q1": 8.645, "hill_q2": 7.379, "top_share": 0.196, "flagged": false, "dominant": "services_and_business", "dna": {"services_and_business": 0.196, "food_and_drink": 0.176, "lifestyle_services": 0.167, "shopping": 0.137, "health_care": 0.088, "education": 0.078, "travel_and_transportation": 0.049, "sports_and_recreation": 0.039, "community_and_government": 0.029, "arts_and_entertainment": 0.02, "cultural_and_historic": 0.01, "lodging": 0.01}, "tfidf": {"services_and_business": 0.203, "lifestyle_services": 0.193, "food_and_drink": 0.183, "shopping": 0.144, "health_care": 0.117, "education": 0.098, "travel_and_transportation": 0.056, "sports_and_recreation": 0.044, "community_and_government": 0.038, "arts_and_entertainment": 0.025, "lodging": 0.014, "cultural_and_historic": 0.013}, "cluster": -1}}, {"type": "Feature", "geometry": {"type": "Polygon", "coordinates": [[[20.369238, 44.835443], [20.366812, 44.830886], [20.371377, 44.827227], [20.378366, 44.828125], [20.380792, 44.832682], [20.376228, 44.836341], [20.369238, 44.835443]]]}, "properties": {"h3": "881e1b2839fffff", "poi": 26, "richness": 10, "hill_q1": 9.163, "hill_q2": 8.45, "top_share": 0.192, "flagged": false, "dominant": "shopping", "dna": {"shopping": 0.192, "food_and_drink": 0.154, "education": 0.115, "sports_and_recreation": 0.115, "arts_and_entertainment": 0.077, "community_and_government": 0.077, "lifestyle_services": 0.077, "services_and_business": 0.077, "travel_and_transportation": 0.077, "health_care": 0.038}, "tfidf": {"shopping": 0.201, "food_and_drink": 0.16, "education": 0.144, "sports_and_recreation": 0.13, "community_and_government": 0.1, "arts_and_entertainment": 0.099, "lifestyle_services": 0.089, "travel_and_transportation": 0.087, "services_and_business": 0.08, "health_care": 0.051}, "cluster": -1}}, {"type": "Feature", "geometry": {"type": "Polygon", "coordinates": [[[20.380792, 44.832682], [20.378366, 44.828125], [20.38293, 44.824465], [20.38992, 44.825362], [20.392346, 44.829919], [20.387783, 44.833579], [20.380792, 44.832682]]]}, "properties": {"h3": "881e1b283bfffff", "poi": 20, "richness": 7, "hill_q1": 5.356, "hill_q2": 4.444, "top_share": 0.35, "flagged": false, "dominant": "shopping", "dna": {"shopping": 0.35, "services_and_business": 0.25, "food_and_drink": 0.15, "travel_and_transportation": 0.1, "community_and_government": 0.05, "health_care": 0.05, "lodging": 0.05}, "tfidf": {"shopping": 0.367, "services_and_business": 0.259, "food_and_drink": 0.156, "travel_and_transportation": 0.113, "lodging": 0.073, "health_care": 0.067, "community_and_government": 0.065}, "cluster": -1}}, {"type": "Feature", "geometry": {"type": "Polygon", "coordinates": [[[20.359823, 44.829988], [20.357398, 44.82543], [20.361962, 44.821772], [20.368951, 44.82267], [20.371377, 44.827227], [20.366812, 44.830886], [20.359823, 44.829988]]]}, "properties": {"h3": "881e1b283dfffff", "poi": 12, "richness": 4, "hill_q1": 3.138, "hill_q2": 2.769, "top_share": 0.417, "flagged": false, "dominant": "services_and_business", "dna": {"services_and_business": 0.417, "shopping": 0.417, "food_and_drink": 0.083, "travel_and_transportation": 0.083}, "tfidf": {"shopping": 0.436, "services_and_business": 0.432, "travel_and_transportation": 0.094, "food_and_drink": 0.086}, "cluster": -1}}, {"type": "Feature", "geometry": {"type": "Polygon", "coordinates": [[[20.35126, 44.862845], [20.348834, 44.858289], [20.353401, 44.854632], [20.360393, 44.85553], [20.362818, 44.860086], [20.358252, 44.863743], [20.35126, 44.862845]]]}, "properties": {"h3": "881e1b2843fffff", "poi": 25, "richness": 8, "hill_q1": 5.89, "hill_q2": 4.699, "top_share": 0.36, "flagged": false, "dominant": "shopping", "dna": {"shopping": 0.36, "services_and_business": 0.2, "travel_and_transportation": 0.16, "food_and_drink": 0.08, "lodging": 0.08, "education": 0.04, "lifestyle_services": 0.04, "sports_and_recreation": 0.04}, "tfidf": {"shopping": 0.377, "services_and_business": 0.208, "travel_and_transportation": 0.181, "lodging": 0.116, "food_and_drink": 0.083, "education": 0.05, "lifestyle_services": 0.046, "sports_and_recreation": 0.045}, "cluster": -1}}, {"type": "Feature", "geometry": {"type": "Polygon", "coordinates": [[[20.349118, 44.871057], [20.346693, 44.866501], [20.35126, 44.862845], [20.358252, 44.863743], [20.360678, 44.868299], [20.356111, 44.871956], [20.349118, 44.871057]]]}, "properties": {"h3": "881e1b284bfffff", "poi": 18, "richness": 5, "hill_q1": 3.575, "hill_q2": 2.746, "top_share": 0.556, "flagged": true, "dominant": "services_and_business", "dna": {"services_and_business": 0.556, "shopping": 0.167, "food_and_drink": 0.111, "travel_and_transportation": 0.111, "lifestyle_services": 0.056}, "tfidf": {"services_and_business": 0.576, "shopping": 0.175, "travel_and_transportation": 0.126, "food_and_drink": 0.115, "lifestyle_services": 0.064}, "cluster": -1}}, {"type": "Feature", "geometry": {"type": "Polygon", "coordinates": [[[20.372237, 44.86554], [20.369811, 44.860984], [20.374377, 44.857326], [20.381369, 44.858224], [20.383796, 44.862779], [20.37923, 44.866437], [20.372237, 44.86554]]]}, "properties": {"h3": "881e1b2851fffff", "poi": 49, "richness": 10, "hill_q1": 5.863, "hill_q2": 4.265, "top_share": 0.388, "flagged": false, "dominant": "shopping", "dna": {"shopping": 0.388, "services_and_business": 0.245, "education": 0.102, "food_and_drink": 0.082, "travel_and_transportation": 0.061, "cultural_and_historic": 0.041, "arts_and_entertainment": 0.02, "community_and_government": 0.02, "geographic_entities": 0.02, "sports_and_recreation": 0.02}, "tfidf": {"shopping": 0.406, "services_and_business": 0.254, "education": 0.128, "food_and_drink": 0.085, "travel_and_transportation": 0.069, "cultural_and_historic": 0.053, "geographic_entities": 0.05, "community_and_government": 0.026, "arts_and_entertainment": 0.026, "sports_and_recreation": 0.023}, "cluster": -1}}, {"type": "Feature", "geometry": {"type": "Polygon", "coordinates": [[[20.383796, 44.862779], [20.381369, 44.858224], [20.385934, 44.854565], [20.392926, 44.855462], [20.395354, 44.860017], [20.390789, 44.863676], [20.383796, 44.862779]]]}, "properties": {"h3": "881e1b2853fffff", "poi": 29, "richness": 10, "hill_q1": 6.912, "hill_q2": 5.357, "top_share": 0.276, "flagged": false, "dominant": "services_and_business", "dna": {"services_and_business": 0.276, "shopping": 0.276, "education": 0.138, "community_and_government": 0.069, "lifestyle_services": 0.069, "arts_and_entertainment": 0.034, "cultural_and_historic": 0.034, "food_and_drink": 0.034, "sports_and_recreation": 0.034, "travel_and_transportation": 0.034}, "tfidf": {"shopping": 0.289, "services_and_business": 0.286, "education": 0.172, "community_and_government": 0.09, "lifestyle_services": 0.08, "cultural_and_historic": 0.045, "arts_and_entertainment": 0.045, "travel_and_transportation": 0.039, "sports_and_recreation": 0.039, "food_and_drink": 0.036}, "cluster": -1}}, {"type": "Feature", "geometry": {"type": "Polygon", "coordinates": [[[20.362818, 44.860086], [20.360393, 44.85553], [20.364959, 44.851873], [20.37195, 44.852771], [20.374377, 44.857326], [20.369811, 44.860984], [20.362818, 44.860086]]]}, "properties": {"h3": "881e1b2855fffff", "poi": 64, "richness": 10, "hill_q1": 6.958, "hill_q2": 5.52, "top_share": 0.297, "flagged": false, "dominant": "services_and_business", "dna": {"services_and_business": 0.297, "shopping": 0.234, "food_and_drink": 0.109, "travel_and_transportation": 0.109, "lifestyle_services": 0.094, "sports_and_recreation": 0.047, "education": 0.031, "health_care": 0.031, "lodging": 0.031, "cultural_and_historic": 0.016}, "tfidf": {"services_and_business": 0.308, "shopping": 0.245, "travel_and_transportation": 0.124, "food_and_drink": 0.113, "lifestyle_services": 0.109, "sports_and_recreation": 0.053, "lodging": 0.045, "health_care": 0.042, "education": 0.039, "cultural_and_historic": 0.02}, "cluster": -1}}, {"type": "Feature", "geometry": {"type": "Polygon", "coordinates": [[[20.374377, 44.857326], [20.37195, 44.852771], [20.376516, 44.849112], [20.383507, 44.850009], [20.385934, 44.854565], [20.381369, 44.858224], [20.374377, 44.857326]]]}, "properties": {"h3": "881e1b2857fffff", "poi": 100, "richness": 11, "hill_q1": 8.495, "hill_q2": 7.215, "top_share": 0.21, "flagged": false, "dominant": "services_and_business", "dna": {"services_and_business": 0.21, "food_and_drink": 0.2, "shopping": 0.16, "travel_and_transportation": 0.1, "education": 0.07, "health_care": 0.07, "lifestyle_services": 0.06, "sports_and_recreation": 0.06, "arts_and_entertainment": 0.03, "lodging": 0.03, "cultural_and_historic": 0.01}, "tfidf": {"services_and_business": 0.218, "food_and_drink": 0.208, "shopping": 0.168, "travel_and_transportation": 0.113, "health_care": 0.093, "education": 0.087, "lifestyle_services": 0.07, "sports_and_recreation": 0.067, "lodging": 0.044, "arts_and_entertainment": 0.039, "cultural_and_historic": 0.013}, "cluster": -1}}, {"type": "Feature", "geometry": {"type": "Polygon", "coordinates": [[[20.360678, 44.868299], [20.358252, 44.863743], [20.362818, 44.860086], [20.369811, 44.860984], [20.372237, 44.86554], [20.367671, 44.869197], [20.360678, 44.868299]]]}, "properties": {"h3": "881e1b285dfffff", "poi": 40, "richness": 8, "hill_q1": 5.054, "hill_q2": 3.571, "top_share": 0.475, "flagged": false, "dominant": "shopping", "dna": {"shopping": 0.475, "services_and_business": 0.175, "community_and_government": 0.075, "food_and_drink": 0.075, "sports_and_recreation": 0.075, "travel_and_transportation": 0.075, "health_care": 0.025, "lifestyle_services": 0.025}, "tfidf": {"shopping": 0.497, "services_and_business": 0.182, "community_and_government": 0.097, "travel_and_transportation": 0.085, "sports_and_recreation": 0.084, "food_and_drink": 0.078, "health_care": 0.033, "lifestyle_services": 0.029}, "cluster": -1}}, {"type": "Feature", "geometry": {"type": "Polygon", "coordinates": [[[20.436423, 44.827074], [20.433994, 44.822518], [20.438556, 44.818856], [20.445546, 44.819749], [20.447975, 44.824305], [20.443414, 44.827968], [20.436423, 44.827074]]]}, "properties": {"h3": "881e1b2881fffff", "poi": 40, "richness": 9, "hill_q1": 6.269, "hill_q2": 4.848, "top_share": 0.35, "flagged": false, "dominant": "food_and_drink", "dna": {"food_and_drink": 0.35, "arts_and_entertainment": 0.225, "travel_and_transportation": 0.125, "shopping": 0.075, "sports_and_recreation": 0.075, "community_and_government": 0.05, "geographic_entities": 0.05, "cultural_and_historic": 0.025, "services_and_business": 0.025}, "tfidf": {"food_and_drink": 0.363, "arts_and_entertainment": 0.291, "travel_and_transportation": 0.142, "geographic_entities": 0.122, "sports_and_recreation": 0.084, "shopping": 0.079, "community_and_government": 0.065, "cultural_and_historic": 0.032, "services_and_business": 0.026}, "cluster": -1}}, {"type": "Feature", "geometry": {"type": "Polygon", "coordinates": [[[20.447975, 44.824305], [20.445546, 44.819749], [20.450106, 44.816087], [20.457097, 44.81698], [20.459527, 44.821535], [20.454966, 44.825198], [20.447975, 44.824305]]]}, "properties": {"h3": "881e1b2883fffff", "poi": 1116, "richness": 13, "hill_q1": 9.033, "hill_q2": 7.183, "top_share": 0.22, "flagged": false, "dominant": "food_and_drink", "dna": {"food_and_drink": 0.22, "shopping": 0.213, "services_and_business": 0.14, "arts_and_entertainment": 0.112, "education": 0.065, "cultural_and_historic": 0.048, "lifestyle_services": 0.046, "community_and_government": 0.044, "lodging": 0.03, "sports_and_recreation": 0.029, "travel_and_transportation": 0.025, "health_care": 0.024, "geographic_entities": 0.005}, "tfidf": {"food_and_drink": 0.228, "shopping": 0.223, "services_and_business": 0.145, "arts_and_entertainment": 0.145, "education": 0.081, "cultural_and_historic": 0.063, "community_and_government": 0.057, "lifestyle_services": 0.053, "lodging": 0.043, "sports_and_recreation": 0.032, "health_care": 0.032, "travel_and_transportation": 0.028, "geographic_entities": 0.013}, "cluster": -1}}, {"type": "Feature", "geometry": {"type": "Polygon", "coordinates": [[[20.427004, 44.821623], [20.424576, 44.817067], [20.429137, 44.813405], [20.436127, 44.814299], [20.438556, 44.818856], [20.433994, 44.822518], [20.427004, 44.821623]]]}, "properties": {"h3": "881e1b2885fffff", "poi": 171, "richness": 12, "hill_q1": 7.519, "hill_q2": 5.679, "top_share": 0.281, "flagged": false, "dominant": "services_and_business", "dna": {"services_and_business": 0.281, "shopping": 0.24, "food_and_drink": 0.152, "community_and_government": 0.094, "health_care": 0.058, "arts_and_entertainment": 0.029, "cultural_and_historic": 0.029, "education": 0.029, "lifestyle_services": 0.023, "lodging": 0.023, "sports_and_recreation": 0.023, "travel_and_transportation": 0.018}, "tfidf": {"services_and_business": 0.291, "shopping": 0.251, "food_and_drink": 0.158, "community_and_government": 0.121, "health_care": 0.078, "cultural_and_historic": 0.038, "arts_and_entertainment": 0.038, "education": 0.037, "lodging": 0.034, "lifestyle_services": 0.027, "sports_and_recreation": 0.026, "travel_and_transportation": 0.02}, "cluster": -1}}, {"type": "Feature", "geometry": {"type": "Polygon", "coordinates": [[[20.438556, 44.818856], [20.436127, 44.814299], [20.440687, 44.810637], [20.447677, 44.81153], [20.450106, 44.816087], [20.445546, 44.819749], [20.438556, 44.818856]]]}, "properties": {"h3": "881e1b2887fffff", "poi": 156, "richness": 11, "hill_q1": 6.331, "hill_q2": 4.436, "top_share": 0.41, "flagged": false, "dominant": "shopping", "dna": {"shopping": 0.41, "food_and_drink": 0.147, "services_and_business": 0.128, "arts_and_entertainment": 0.096, "sports_and_recreation": 0.064, "travel_and_transportation": 0.058, "education": 0.032, "geographic_entities": 0.026, "community_and_government": 0.019, "cultural_and_historic": 0.013, "lifestyle_services": 0.006}, "tfidf": {"shopping": 0.43, "food_and_drink": 0.153, "services_and_business": 0.133, "arts_and_entertainment": 0.124, "sports_and_recreation": 0.072, "travel_and_transportation": 0.065, "geographic_entities": 0.063, "education": 0.04, "community_and_government": 0.025, "cultural_and_historic": 0.017, "lifestyle_services": 0.007}, "cluster": -1}}, {"type": "Feature", "geometry": {"type": "Polygon", "coordinates": [[[20.445844, 44.832523], [20.443414, 44.827968], [20.447975, 44.824305], [20.454966, 44.825198], [20.457397, 44.829754], [20.452836, 44.833416], [20.445844, 44.832523]]]}, "properties": {"h3": "881e1b288bfffff", "poi": 102, "richness": 12, "hill_q1": 8.103, "hill_q2": 6.313, "top_share": 0.255, "flagged": false, "dominant": "food_and_drink", "dna": {"food_and_drink": 0.255, "sports_and_recreation": 0.235, "arts_and_entertainment": 0.118, "cultural_and_historic": 0.108, "services_and_business": 0.059, "shopping": 0.059, "education": 0.049, "lifestyle_services": 0.039, "geographic_entities": 0.029, "community_and_government": 0.02, "travel_and_transportation": 0.02, "health_care": 0.01}, "tfidf": {"food_and_drink": 0.264, "sports_and_recreation": 0.264, "arts_and_entertainment": 0.152, "cultural_and_historic": 0.14, "geographic_entities": 0.072, "shopping": 0.062, "education": 0.061, "services_and_business": 0.061, "lifestyle_services": 0.045, "community_and_government": 0.025, "travel_and_transportation": 0.022, "health_care": 0.013}, "cluster": -1}}, {"type": "Feature", "geometry": {"type": "Polygon", "coordinates": [[[20.424871, 44.829841], [20.422442, 44.825285], [20.427004, 44.821623], [20.433994, 44.822518], [20.436423, 44.827074], [20.431862, 44.830736], [20.424871, 44.829841]]]}, "properties": {"h3": "881e1b288dfffff", "poi": 13, "richness": 3, "hill_q1": 2.88, "hill_q2": 2.77, "top_share": 0.462, "flagged": false, "dominant": "food_and_drink", "dna": {"food_and_drink": 0.462, "lodging": 0.308, "sports_and_recreation": 0.231}, "tfidf": {"food_and_drink": 0.479, "lodging": 0.447, "sports_and_recreation": 0.259}, "cluster": -1}}, {"type": "Feature", "geometry": {"type": "Polygon", "coordinates": [[[20.468949, 44.826983], [20.466518, 44.822428], [20.471077, 44.818764], [20.478068, 44.819656], [20.4805, 44.824211], [20.47594, 44.827875], [20.468949, 44.826983]]]}, "properties": {"h3": "881e1b2891fffff", "poi": 210, "richness": 13, "hill_q1": 8.244, "hill_q2": 5.989, "top_share": 0.314, "flagged": false, "dominant": "food_and_drink", "dna": {"food_and_drink": 0.314, "services_and_business": 0.176, "shopping": 0.143, "lifestyle_services": 0.071, "community_and_government": 0.052, "education": 0.052, "health_care": 0.043, "sports_and_recreation": 0.038, "arts_and_entertainment": 0.033, "cultural_and_historic": 0.029, "travel_and_transportation": 0.024, "lodging": 0.019, "geographic_entities": 0.005}, "tfidf": {"food_and_drink": 0.326, "services_and_business": 0.183, "shopping": 0.15, "lifestyle_services": 0.083, "community_and_government": 0.068, "education": 0.065, "health_care": 0.057, "arts_and_entertainment": 0.043, "sports_and_recreation": 0.043, "cultural_and_historic": 0.037, "lodging": 0.028, "travel_and_transportation": 0.027, "geographic_entities": 0.012}, "cluster": -1}}, {"type": "Feature", "geometry": {"type": "Polygon", "coordinates": [[[20.4805, 44.824211], [20.478068, 44.819656], [20.482627, 44.815992], [20.489618, 44.816883], [20.49205, 44.821438], [20.487491, 44.825103], [20.4805, 44.824211]]]}, "properties": {"h3": "881e1b2893fffff", "poi": 157, "richness": 11, "hill_q1": 9.022, "hill_q2": 7.933, "top_share": 0.204, "flagged": false, "dominant": "services_and_business", "dna": {"services_and_business": 0.204, "shopping": 0.172, "food_and_drink": 0.146, "travel_and_transportation": 0.096, "arts_and_entertainment": 0.076, "health_care": 0.07, "sports_and_recreation": 0.07, "education": 0.064, "lifestyle_services": 0.051, "community_and_government": 0.045, "cultural_and_historic": 0.006}, "tfidf": {"services_and_business": 0.211, "shopping": 0.18, "food_and_drink": 0.152, "travel_and_transportation": 0.108, "arts_and_entertainment": 0.099, "health_care": 0.093, "education": 0.08, "sports_and_recreation": 0.079, "lifestyle_services": 0.059, "community_and_government": 0.058, "cultural_and_historic": 0.008}, "cluster": -1}}, {"type": "Feature", "geometry": {"type": "Polygon", "coordinates": [[[20.459527, 44.821535], [20.457097, 44.81698], [20.461657, 44.813316], [20.468647, 44.814209], [20.471077, 44.818764], [20.466518, 44.822428], [20.459527, 44.821535]]]}, "properties": {"h3": "881e1b2895fffff", "poi": 2061, "richness": 13, "hill_q1": 9.256, "hill_q2": 7.422, "top_share": 0.236, "flagged": false, "dominant": "food_and_drink", "dna": {"food_and_drink": 0.236, "shopping": 0.186, "services_and_business": 0.147, "lifestyle_services": 0.078, "education": 0.058, "arts_and_entertainment": 0.057, "community_and_government": 0.055, "lodging": 0.051, "sports_and_recreation": 0.042, "travel_and_transportation": 0.032, "health_care": 0.03, "cultural_and_historic": 0.028, "geographic_entities": 0.0}, "tfidf": {"food_and_drink": 0.245, "shopping": 0.195, "services_and_business": 0.152, "lifestyle_services": 0.09, "lodging": 0.074, "arts_and_entertainment": 0.073, "education": 0.072, "community_and_government": 0.072, "sports_and_recreation": 0.047, "health_care": 0.04, "travel_and_transportation": 0.036, "cultural_and_historic": 0.036, "geographic_entities": 0.001}, "cluster": -1}}, {"type": "Feature", "geometry": {"type": "Polygon", "coordinates": [[[20.471077, 44.818764], [20.468647, 44.814209], [20.473206, 44.810545], [20.480196, 44.811436], [20.482627, 44.815992], [20.478068, 44.819656], [20.471077, 44.818764]]]}, "properties": {"h3": "881e1b2897fffff", "poi": 743, "richness": 13, "hill_q1": 9.532, "hill_q2": 8.111, "top_share": 0.187, "flagged": false, "dominant": "food_and_drink", "dna": {"food_and_drink": 0.187, "services_and_business": 0.184, "shopping": 0.136, "lifestyle_services": 0.112, "health_care": 0.094, "education": 0.077, "sports_and_recreation": 0.057, "community_and_government": 0.052, "lodging": 0.032, "arts_and_entertainment": 0.027, "travel_and_transportation": 0.027, "cultural_and_historic": 0.011, "geographic_entities": 0.004}, "tfidf": {"food_and_drink": 0.194, "services_and_business": 0.191, "shopping": 0.142, "lifestyle_services": 0.13, "health_care": 0.125, "education": 0.096, "community_and_government": 0.068, "sports_and_recreation": 0.063, "lodging": 0.047, "arts_and_entertainment": 0.035, "travel_and_transportation": 0.03, "cultural_and_historic": 0.014, "geographic_entities": 0.01}, "cluster": -1}}, {"type": "Feature", "geometry": {"type": "Polygon", "coordinates": [[[20.478372, 44.83243], [20.47594, 44.827875], [20.4805, 44.824211], [20.487491, 44.825103], [20.489923, 44.829657], [20.485364, 44.833321], [20.478372, 44.83243]]]}, "properties": {"h3": "881e1b289bfffff", "poi": 10, "richness": 5, "hill_q1": 4.503, "hill_q2": 4.167, "top_share": 0.3, "flagged": false, "dominant": "services_and_business", "dna": {"services_and_business": 0.3, "shopping": 0.3, "food_and_drink": 0.2, "arts_and_entertainment": 0.1, "travel_and_transportation": 0.1}, "tfidf": {"shopping": 0.314, "services_and_business": 0.311, "food_and_drink": 0.208, "arts_and_entertainment": 0.129, "travel_and_transportation": 0.113}, "cluster": -1}}, {"type": "Feature", "geometry": {"type": "Polygon", "coordinates": [[[20.457397, 44.829754], [20.454966, 44.825198], [20.459527, 44.821535], [20.466518, 44.822428], [20.468949, 44.826983], [20.464388, 44.830646], [20.457397, 44.829754]]]}, "properties": {"h3": "881e1b289dfffff", "poi": 408, "richness": 13, "hill_q1": 9.262, "hill_q2": 7.239, "top_share": 0.262, "flagged": false, "dominant": "food_and_drink", "dna": {"food_and_drink": 0.262, "services_and_business": 0.172, "shopping": 0.12, "lifestyle_services": 0.1, "health_care": 0.054, "education": 0.051, "lodging": 0.049, "arts_and_entertainment": 0.047, "sports_and_recreation": 0.047, "community_and_government": 0.037, "travel_and_transportation": 0.032, "cultural_and_historic": 0.027, "geographic_entities": 0.002}, "tfidf": {"food_and_drink": 0.272, "services_and_business": 0.178, "shopping": 0.126, "lifestyle_services": 0.117, "health_care": 0.072, "lodging": 0.071, "education": 0.064, "arts_and_entertainment": 0.06, "sports_and_recreation": 0.052, "community_and_government": 0.048, "travel_and_transportation": 0.036, "cultural_and_historic": 0.035, "geographic_entities": 0.006}, "cluster": -1}}, {"type": "Feature", "geometry": {"type": "Polygon", "coordinates": [[[20.41972, 44.807953], [20.417292, 44.803396], [20.421853, 44.799734], [20.428841, 44.800629], [20.43127, 44.805186], [20.426709, 44.808848], [20.41972, 44.807953]]]}, "properties": {"h3": "881e1b28a1fffff", "poi": 204, "richness": 13, "hill_q1": 7.338, "hill_q2": 4.875, "top_share": 0.392, "flagged": false, "dominant": "services_and_business", "dna": {"services_and_business": 0.392, "food_and_drink": 0.142, "shopping": 0.123, "education": 0.078, "sports_and_recreation": 0.054, "health_care": 0.044, "lifestyle_services": 0.044, "community_and_government": 0.034, "travel_and_transportation": 0.029, "cultural_and_historic": 0.025, "arts_and_entertainment": 0.02, "lodging": 0.01, "geographic_entities": 0.005}, "tfidf": {"services_and_business": 0.407, "food_and_drink": 0.147, "shopping": 0.128, "education": 0.098, "sports_and_recreation": 0.061, "health_care": 0.059, "lifestyle_services": 0.051, "community_and_government": 0.045, "travel_and_transportation": 0.033, "cultural_and_historic": 0.032, "arts_and_entertainment": 0.025, "lodging": 0.014, "geographic_entities": 0.012}, "cluster": -1}}, {"type": "Feature", "geometry": {"type": "Polygon", "coordinates": [[[20.43127, 44.805186], [20.428841, 44.800629], [20.433402, 44.796966], [20.44039, 44.79786], [20.442819, 44.802417], [20.438259, 44.80608], [20.43127, 44.805186]]]}, "properties": {"h3": "881e1b28a3fffff", "poi": 38, "richness": 8, "hill_q1": 6.466, "hill_q2": 5.73, "top_share": 0.263, "flagged": false, "dominant": "food_and_drink", "dna": {"food_and_drink": 0.263, "arts_and_entertainment": 0.211, "services_and_business": 0.158, "sports_and_recreation": 0.132, "geographic_entities": 0.105, "shopping": 0.079, "cultural_and_historic": 0.026, "travel_and_transportation": 0.026}, "tfidf": {"food_and_drink": 0.273, "arts_and_entertainment": 0.272, "geographic_entities": 0.258, "services_and_business": 0.164, "sports_and_recreation": 0.148, "shopping": 0.083, "cultural_and_historic": 0.034, "travel_and_transportation": 0.03}, "cluster": -1}}, {"type": "Feature", "geometry": {"type": "Polygon", "coordinates": [[[20.410304, 44.802501], [20.407877, 44.797943], [20.412438, 44.794281], [20.419426, 44.795176], [20.421853, 44.799734], [20.417292, 44.803396], [20.410304, 44.802501]]]}, "properties": {"h3": "881e1b28a5fffff", "poi": 21, "richness": 9, "hill_q1": 7.398, "hill_q2": 6.391, "top_share": 0.238, "flagged": false, "dominant": "services_and_business", "dna": {"services_and_business": 0.238, "food_and_drink": 0.19, "shopping": 0.19, "sports_and_recreation": 0.095, "travel_and_transportation": 0.095, "community_and_government": 0.048, "cultural_and_historic": 0.048, "lifestyle_services": 0.048, "lodging": 0.048}, "tfidf": {"services_and_business": 0.247, "shopping": 0.199, "food_and_drink": 0.198, "travel_and_transportation": 0.108, "sports_and_recreation": 0.107, "lodging": 0.069, "community_and_government": 0.062, "cultural_and_historic": 0.062, "lifestyle_services": 0.055}, "cluster": -1}}, {"type": "Feature", "geometry": {"type": "Polygon", "coordinates": [[[20.421853, 44.799734], [20.419426, 44.795176], [20.423986, 44.791514], [20.430974, 44.792408], [20.433402, 44.796966], [20.428841, 44.800629], [20.421853, 44.799734]]]}, "properties": {"h3": "881e1b28a7fffff", "poi": 34, "richness": 9, "hill_q1": 7.655, "hill_q2": 6.964, "top_share": 0.206, "flagged": false, "dominant": "food_and_drink", "dna": {"food_and_drink": 0.206, "arts_and_entertainment": 0.176, "shopping": 0.147, "sports_and_recreation": 0.147, "geographic_entities": 0.118, "lodging": 0.088, "services_and_business": 0.059, "community_and_government": 0.029, "travel_and_transportation": 0.029}, "tfidf": {"geographic_entities": 0.288, "arts_and_entertainment": 0.228, "food_and_drink": 0.214, "sports_and_recreation": 0.165, "shopping": 0.154, "lodging": 0.128, "services_and_business": 0.061, "community_and_government": 0.038, "travel_and_transportation": 0.033}, "cluster": -1}}, {"type": "Feature", "geometry": {"type": "Polygon", "coordinates": [[[20.417586, 44.816172], [20.415159, 44.811615], [20.41972, 44.807953], [20.426709, 44.808848], [20.429137, 44.813405], [20.424576, 44.817067], [20.417586, 44.816172]]]}, "properties": {"h3": "881e1b28a9fffff", "poi": 458, "richness": 12, "hill_q1": 7.845, "hill_q2": 6.45, "top_share": 0.245, "flagged": false, "dominant": "services_and_business", "dna": {"services_and_business": 0.245, "shopping": 0.175, "food_and_drink": 0.168, "lifestyle_services": 0.153, "health_care": 0.081, "sports_and_recreation": 0.061, "education": 0.035, "travel_and_transportation": 0.026, "community_and_government": 0.022, "lodging": 0.015, "arts_and_entertainment": 0.013, "cultural_and_historic": 0.007}, "tfidf": {"services_and_business": 0.254, "shopping": 0.183, "lifestyle_services": 0.177, "food_and_drink": 0.174, "health_care": 0.107, "sports_and_recreation": 0.069, "education": 0.044, "travel_and_transportation": 0.03, "community_and_government": 0.028, "lodging": 0.022, "arts_and_entertainment": 0.017, "cultural_and_historic": 0.009}, "cluster": -1}}, {"type": "Feature", "geometry": {"type": "Polygon", "coordinates": [[[20.429137, 44.813405], [20.426709, 44.808848], [20.43127, 44.805186], [20.438259, 44.80608], [20.440687, 44.810637], [20.436127, 44.814299], [20.429137, 44.813405]]]}, "properties": {"h3": "881e1b28abfffff", "poi": 246, "richness": 12, "hill_q1": 8.808, "hill_q2": 6.715, "top_share": 0.293, "flagged": false, "dominant": "services_and_business", "dna": {"services_and_business": 0.293, "food_and_drink": 0.15, "shopping": 0.13, "lifestyle_services": 0.081, "health_care": 0.073, "sports_and_recreation": 0.065, "community_and_government": 0.049, "education": 0.037, "travel_and_transportation": 0.037, "lodging": 0.033, "arts_and_entertainment": 0.028, "cultural_and_historic": 0.024}, "tfidf": {"services_and_business": 0.304, "food_and_drink": 0.156, "shopping": 0.136, "health_care": 0.097, "lifestyle_services": 0.094, "sports_and_recreation": 0.073, "community_and_government": 0.063, "lodging": 0.047, "education": 0.046, "travel_and_transportation": 0.041, "arts_and_entertainment": 0.037, "cultural_and_historic": 0.032}, "cluster": -1}}, {"type": "Feature", "geometry": {"type": "Polygon", "coordinates": [[[20.40817, 44.81072], [20.405743, 44.806162], [20.410304, 44.802501], [20.417292, 44.803396], [20.41972, 44.807953], [20.415159, 44.811615], [20.40817, 44.81072]]]}, "properties": {"h3": "881e1b28adfffff", "poi": 228, "richness": 12, "hill_q1": 7.801, "hill_q2": 6.469, "top_share": 0.202, "flagged": false, "dominant": "food_and_drink", "dna": {"food_and_drink": 0.202, "shopping": 0.197, "services_and_business": 0.189, "lifestyle_services": 0.171, "travel_and_transportation": 0.057, "education": 0.048, "sports_and_recreation": 0.048, "health_care": 0.039, "community_and_government": 0.018, "lodging": 0.013, "arts_and_entertainment": 0.009, "cultural_and_historic": 0.009}, "tfidf": {"food_and_drink": 0.209, "shopping": 0.207, "lifestyle_services": 0.198, "services_and_business": 0.196, "travel_and_transportation": 0.065, "education": 0.06, "sports_and_recreation": 0.054, "health_care": 0.053, "community_and_government": 0.023, "lodging": 0.019, "cultural_and_historic": 0.011, "arts_and_entertainment": 0.011}, "cluster": -1}}, {"type": "Feature", "geometry": {"type": "Polygon", "coordinates": [[[20.452237, 44.807867], [20.449807, 44.803311], [20.454367, 44.799647], [20.461356, 44.80054], [20.463786, 44.805096], [20.459226, 44.80876], [20.452237, 44.807867]]]}, "properties": {"h3": "881e1b28b1fffff", "poi": 652, "richness": 12, "hill_q1": 10.39, "hill_q2": 9.157, "top_share": 0.195, "flagged": false, "dominant": "services_and_business", "dna": {"services_and_business": 0.195, "food_and_drink": 0.138, "health_care": 0.107, "community_and_government": 0.101, "shopping": 0.097, "lifestyle_services": 0.094, "education": 0.055, "sports_and_recreation": 0.052, "arts_and_entertainment": 0.044, "cultural_and_historic": 0.044, "travel_and_transportation": 0.04, "lodging": 0.032}, "tfidf": {"services_and_business": 0.202, "food_and_drink": 0.143, "health_care": 0.143, "community_and_government": 0.131, "lifestyle_services": 0.108, "shopping": 0.101, "education": 0.069, "sports_and_recreation": 0.059, "cultural_and_historic": 0.058, "arts_and_entertainment": 0.057, "lodging": 0.047, "travel_and_transportation": 0.045}, "cluster": -1}}, {"type": "Feature", "geometry": {"type": "Polygon", "coordinates": [[[20.463786, 44.805096], [20.461356, 44.80054], [20.465915, 44.796876], [20.472904, 44.797768], [20.475334, 44.802324], [20.470775, 44.805989], [20.463786, 44.805096]]]}, "properties": {"h3": "881e1b28b3fffff", "poi": 1130, "richness": 13, "hill_q1": 9.547, "hill_q2": 8.226, "top_share": 0.176, "flagged": false, "dominant": "food_and_drink", "dna": {"food_and_drink": 0.176, "services_and_business": 0.175, "shopping": 0.14, "lifestyle_services": 0.124, "health_care": 0.112, "community_and_government": 0.065, "education": 0.055, "sports_and_recreation": 0.046, "travel_and_transportation": 0.036, "arts_and_entertainment": 0.03, "cultural_and_historic": 0.021, "lodging": 0.019, "geographic_entities": 0.001}, "tfidf": {"food_and_drink": 0.183, "services_and_business": 0.182, "health_care": 0.149, "shopping": 0.146, "lifestyle_services": 0.144, "community_and_government": 0.084, "education": 0.069, "sports_and_recreation": 0.052, "travel_and_transportation": 0.041, "arts_and_entertainment": 0.039, "cultural_and_historic": 0.028, "lodging": 0.027, "geographic_entities": 0.002}, "cluster": -1}}, {"type": "Feature", "geometry": {"type": "Polygon", "coordinates": [[[20.442819, 44.802417], [20.44039, 44.79786], [20.444949, 44.794197], [20.451938, 44.79509], [20.454367, 44.799647], [20.449807, 44.803311], [20.442819, 44.802417]]]}, "properties": {"h3": "881e1b28b5fffff", "poi": 207, "richness": 12, "hill_q1": 8.091, "hill_q2": 6.041, "top_share": 0.295, "flagged": false, "dominant": "shopping", "dna": {"shopping": 0.295, "services_and_business": 0.184, "food_and_drink": 0.174, "lifestyle_services": 0.063, "health_care": 0.053, "travel_and_transportation": 0.043, "arts_and_entertainment": 0.039, "education": 0.034, "lodging": 0.034, "sports_and_recreation": 0.034, "community_and_government": 0.024, "cultural_and_historic": 0.024}, "tfidf": {"shopping": 0.309, "services_and_business": 0.19, "food_and_drink": 0.18, "lifestyle_services": 0.073, "health_care": 0.071, "arts_and_entertainment": 0.05, "travel_and_transportation": 0.049, "lodging": 0.049, "education": 0.042, "sports_and_recreation": 0.038, "community_and_government": 0.031, "cultural_and_historic": 0.031}, "cluster": -1}}, {"type": "Feature", "geometry": {"type": "Polygon", "coordinates": [[[20.454367, 44.799647], [20.451938, 44.79509], [20.456497, 44.791426], [20.463485, 44.792319], [20.465915, 44.796876], [20.461356, 44.80054], [20.454367, 44.799647]]]}, "properties": {"h3": "881e1b28b7fffff", "poi": 126, "richness": 12, "hill_q1": 8.243, "hill_q2": 6.0, "top_share": 0.333, "flagged": false, "dominant": "health_care", "dna": {"health_care": 0.333, "education": 0.143, "food_and_drink": 0.095, "services_and_business": 0.087, "shopping": 0.087, "sports_and_recreation": 0.056, "community_and_government": 0.048, "lifestyle_services": 0.048, "cultural_and_historic": 0.04, "travel_and_transportation": 0.032, "arts_and_entertainment": 0.024, "lodging": 0.008}, "tfidf": {"health_care": 0.443, "education": 0.179, "food_and_drink": 0.099, "shopping": 0.091, "services_and_business": 0.091, "sports_and_recreation": 0.062, "community_and_government": 0.062, "lifestyle_services": 0.055, "cultural_and_historic": 0.052, "travel_and_transportation": 0.036, "arts_and_entertainment": 0.031, "lodging": 0.012}, "cluster": -1}}, {"type": "Feature", "geometry": {"type": "Polygon", "coordinates": [[[20.450106, 44.816087], [20.447677, 44.81153], [20.452237, 44.807867], [20.459226, 44.80876], [20.461657, 44.813316], [20.457097, 44.81698], [20.450106, 44.816087]]]}, "properties": {"h3": "881e1b28b9fffff", "poi": 1299, "richness": 13, "hill_q1": 9.372, "hill_q2": 7.574, "top_share": 0.236, "flagged": false, "dominant": "food_and_drink", "dna": {"food_and_drink": 0.236, "shopping": 0.172, "services_and_business": 0.151, "lifestyle_services": 0.076, "lodging": 0.057, "community_and_government": 0.056, "travel_and_transportation": 0.055, "arts_and_entertainment": 0.054, "education": 0.054, "health_care": 0.046, "sports_and_recreation": 0.022, "cultural_and_historic": 0.018, "geographic_entities": 0.002}, "tfidf": {"food_and_drink": 0.244, "shopping": 0.181, "services_and_business": 0.157, "lifestyle_services": 0.088, "lodging": 0.083, "community_and_government": 0.073, "arts_and_entertainment": 0.07, "education": 0.067, "travel_and_transportation": 0.063, "health_care": 0.061, "sports_and_recreation": 0.025, "cultural_and_historic": 0.023, "geographic_entities": 0.006}, "cluster": -1}}, {"type": "Feature", "geometry": {"type": "Polygon", "coordinates": [[[20.461657, 44.813316], [20.459226, 44.80876], [20.463786, 44.805096], [20.470775, 44.805989], [20.473206, 44.810545], [20.468647, 44.814209], [20.461657, 44.813316]]]}, "properties": {"h3": "881e1b28bbfffff", "poi": 1327, "richness": 12, "hill_q1": 9.668, "hill_q2": 8.2, "top_share": 0.194, "flagged": false, "dominant": "services_and_business", "dna": {"services_and_business": 0.194, "shopping": 0.169, "food_and_drink": 0.163, "community_and_government": 0.089, "education": 0.085, "lifestyle_services": 0.066, "arts_and_entertainment": 0.057, "health_care": 0.049, "sports_and_recreation": 0.041, "travel_and_transportation": 0.036, "cultural_and_historic": 0.028, "lodging": 0.024}, "tfidf": {"services_and_business": 0.201, "shopping": 0.177, "food_and_drink": 0.169, "community_and_government": 0.115, "education": 0.106, "lifestyle_services": 0.076, "arts_and_entertainment": 0.074, "health_care": 0.065, "sports_and_recreation": 0.046, "travel_and_transportation": 0.041, "cultural_and_historic": 0.036, "lodging": 0.035}, "cluster": -1}}, {"type": "Feature", "geometry": {"type": "Polygon", "coordinates": [[[20.440687, 44.810637], [20.438259, 44.80608], [20.442819, 44.802417], [20.449807, 44.803311], [20.452237, 44.807867], [20.447677, 44.81153], [20.440687, 44.810637]]]}, "properties": {"h3": "881e1b28bdfffff", "poi": 204, "richness": 13, "hill_q1": 7.605, "hill_q2": 5.772, "top_share": 0.26, "flagged": false, "dominant": "food_and_drink", "dna": {"food_and_drink": 0.26, "shopping": 0.26, "services_and_business": 0.142, "lifestyle_services": 0.088, "arts_and_entertainment": 0.064, "health_care": 0.054, "education": 0.034, "sports_and_recreation": 0.034, "geographic_entities": 0.02, "lodging": 0.015, "travel_and_transportation": 0.015, "community_and_government": 0.01, "cultural_and_historic": 0.005}, "tfidf": {"shopping": 0.272, "food_and_drink": 0.27, "services_and_business": 0.147, "lifestyle_services": 0.102, "arts_and_entertainment": 0.082, "health_care": 0.072, "geographic_entities": 0.048, "education": 0.043, "sports_and_recreation": 0.039, "lodging": 0.021, "travel_and_transportation": 0.017, "community_and_government": 0.013, "cultural_and_historic": 0.006}, "cluster": -1}}, {"type": "Feature", "geometry": {"type": "Polygon", "coordinates": [[[20.411183, 44.840823], [20.408755, 44.836268], [20.413318, 44.832607], [20.420309, 44.833502], [20.422737, 44.838058], [20.418174, 44.841719], [20.411183, 44.840823]]]}, "properties": {"h3": "881e1b28c5fffff", "poi": 311, "richness": 13, "hill_q1": 9.376, "hill_q2": 7.626, "top_share": 0.238, "flagged": false, "dominant": "food_and_drink", "dna": {"food_and_drink": 0.238, "services_and_business": 0.148, "shopping": 0.145, "lifestyle_services": 0.1, "sports_and_recreation": 0.1, "education": 0.061, "health_care": 0.061, "arts_and_entertainment": 0.042, "travel_and_transportation": 0.035, "community_and_government": 0.023, "cultural_and_historic": 0.023, "lodging": 0.016, "geographic_entities": 0.01}, "tfidf": {"food_and_drink": 0.247, "services_and_business": 0.153, "shopping": 0.152, "lifestyle_services": 0.116, "sports_and_recreation": 0.112, "health_care": 0.081, "education": 0.076, "arts_and_entertainment": 0.054, "travel_and_transportation": 0.04, "community_and_government": 0.029, "cultural_and_historic": 0.029, "geographic_entities": 0.024, "lodging": 0.023}, "cluster": -1}}, {"type": "Feature", "geometry": {"type": "Polygon", "coordinates": [[[20.409047, 44.849039], [20.406619, 44.844484], [20.411183, 44.840823], [20.418174, 44.841719], [20.420603, 44.846274], [20.41604, 44.849934], [20.409047, 44.849039]]]}, "properties": {"h3": "881e1b28cdfffff", "poi": 604, "richness": 12, "hill_q1": 8.346, "hill_q2": 6.309, "top_share": 0.275, "flagged": false, "dominant": "food_and_drink", "dna": {"food_and_drink": 0.275, "shopping": 0.224, "services_and_business": 0.119, "lifestyle_services": 0.075, "arts_and_entertainment": 0.058, "community_and_government": 0.056, "cultural_and_historic": 0.048, "education": 0.04, "health_care": 0.03, "lodging": 0.028, "sports_and_recreation": 0.026, "travel_and_transportation": 0.022}, "tfidf": {"food_and_drink": 0.285, "shopping": 0.234, "services_and_business": 0.124, "lifestyle_services": 0.086, "arts_and_entertainment": 0.075, "community_and_government": 0.073, "cultural_and_historic": 0.062, "education": 0.05, "lodging": 0.041, "health_care": 0.04, "sports_and_recreation": 0.03, "travel_and_transportation": 0.024}, "cluster": -1}}, {"type": "Feature", "geometry": {"type": "Polygon", "coordinates": [[[20.462559, 44.851635], [20.460128, 44.847081], [20.464689, 44.843419], [20.471682, 44.844311], [20.474114, 44.848865], [20.469553, 44.852527], [20.462559, 44.851635]]]}, "properties": {"h3": "881e1b28dbfffff", "poi": 24, "richness": 11, "hill_q1": 9.319, "hill_q2": 8.229, "top_share": 0.167, "flagged": false, "dominant": "lifestyle_services", "dna": {"lifestyle_services": 0.167, "services_and_business": 0.167, "shopping": 0.167, "cultural_and_historic": 0.125, "education": 0.083, "food_and_drink": 0.083, "arts_and_entertainment": 0.042, "community_and_government": 0.042, "health_care": 0.042, "sports_and_recreation": 0.042, "travel_and_transportation": 0.042}, "tfidf": {"lifestyle_services": 0.193, "shopping": 0.175, "services_and_business": 0.173, "cultural_and_historic": 0.162, "education": 0.104, "food_and_drink": 0.086, "health_care": 0.055, "community_and_government": 0.054, "arts_and_entertainment": 0.054, "travel_and_transportation": 0.047, "sports_and_recreation": 0.047}, "cluster": -1}}, {"type": "Feature", "geometry": {"type": "Polygon", "coordinates": [[[20.4039, 44.827155], [20.401472, 44.822598], [20.406035, 44.818938], [20.413024, 44.819833], [20.415452, 44.82439], [20.41089, 44.828051], [20.4039, 44.827155]]]}, "properties": {"h3": "881e1b28e1fffff", "poi": 249, "richness": 13, "hill_q1": 9.42, "hill_q2": 8.239, "top_share": 0.193, "flagged": false, "dominant": "services_and_business", "dna": {"services_and_business": 0.193, "food_and_drink": 0.169, "shopping": 0.116, "lifestyle_services": 0.112, "education": 0.092, "community_and_government": 0.084, "health_care": 0.08, "sports_and_recreation": 0.076, "cultural_and_historic": 0.028, "arts_and_entertainment": 0.02, "travel_and_transportation": 0.02, "geographic_entities": 0.004, "lodging": 0.004}, "tfidf": {"services_and_business": 0.2, "food_and_drink": 0.175, "lifestyle_services": 0.13, "shopping": 0.122, "education": 0.115, "community_and_government": 0.11, "health_care": 0.107, "sports_and_recreation": 0.086, "cultural_and_historic": 0.037, "arts_and_entertainment": 0.026, "travel_and_transportation": 0.023, "geographic_entities": 0.01, "lodging": 0.006}, "cluster": -1}}, {"type": "Feature", "geometry": {"type": "Polygon", "coordinates": [[[20.415452, 44.82439], [20.413024, 44.819833], [20.417586, 44.816172], [20.424576, 44.817067], [20.427004, 44.821623], [20.422442, 44.825285], [20.415452, 44.82439]]]}, "properties": {"h3": "881e1b28e3fffff", "poi": 559, "richness": 12, "hill_q1": 7.694, "hill_q2": 5.85, "top_share": 0.299, "flagged": false, "dominant": "services_and_business", "dna": {"services_and_business": 0.299, "shopping": 0.216, "food_and_drink": 0.104, "lifestyle_services": 0.104, "health_care": 0.073, "travel_and_transportation": 0.055, "education": 0.05, "sports_and_recreation": 0.032, "community_and_government": 0.029, "arts_and_entertainment": 0.014, "lodging": 0.014, "cultural_and_historic": 0.009}, "tfidf": {"services_and_business": 0.31, "shopping": 0.227, "lifestyle_services": 0.12, "food_and_drink": 0.108, "health_care": 0.098, "travel_and_transportation": 0.063, "education": 0.063, "community_and_government": 0.037, "sports_and_recreation": 0.036, "lodging": 0.021, "arts_and_entertainment": 0.018, "cultural_and_historic": 0.012}, "cluster": -1}}, {"type": "Feature", "geometry": {"type": "Polygon", "coordinates": [[[20.394483, 44.821702], [20.392056, 44.817145], [20.396619, 44.813484], [20.403608, 44.814381], [20.406035, 44.818938], [20.401472, 44.822598], [20.394483, 44.821702]]]}, "properties": {"h3": "881e1b28e5fffff", "poi": 152, "richness": 12, "hill_q1": 9.01, "hill_q2": 7.41, "top_share": 0.257, "flagged": false, "dominant": "services_and_business", "dna": {"services_and_business": 0.257, "sports_and_recreation": 0.138, "food_and_drink": 0.125, "shopping": 0.105, "health_care": 0.092, "lifestyle_services": 0.066, "travel_and_transportation": 0.066, "education": 0.059, "arts_and_entertainment": 0.039, "community_and_government": 0.026, "cultural_and_historic": 0.02, "lodging": 0.007}, "tfidf": {"services_and_business": 0.266, "sports_and_recreation": 0.155, "food_and_drink": 0.13, "health_care": 0.123, "shopping": 0.11, "lifestyle_services": 0.076, "travel_and_transportation": 0.075, "education": 0.074, "arts_and_entertainment": 0.051, "community_and_government": 0.034, "cultural_and_historic": 0.026, "lodging": 0.01}, "cluster": -1}}, {"type": "Feature", "geometry": {"type": "Polygon", "coordinates": [[[20.406035, 44.818938], [20.403608, 44.814381], [20.40817, 44.81072], [20.415159, 44.811615], [20.417586, 44.816172], [20.413024, 44.819833], [20.406035, 44.818938]]]}, "properties": {"h3": "881e1b28e7fffff", "poi": 238, "richness": 12, "hill_q1": 7.48, "hill_q2": 5.304, "top_share": 0.357, "flagged": false, "dominant": "services_and_business", "dna": {"services_and_business": 0.357, "shopping": 0.185, "food_and_drink": 0.071, "education": 0.067, "health_care": 0.067, "lifestyle_services": 0.067, "community_and_government": 0.063, "sports_and_recreation": 0.046, "travel_and_transportation": 0.038, "cultural_and_historic": 0.021, "arts_and_entertainment": 0.013, "lodging": 0.004}, "tfidf": {"services_and_business": 0.371, "shopping": 0.194, "health_care": 0.089, "education": 0.084, "community_and_government": 0.082, "lifestyle_services": 0.078, "food_and_drink": 0.074, "sports_and_recreation": 0.052, "travel_and_transportation": 0.043, "cultural_and_historic": 0.027, "arts_and_entertainment": 0.016, "lodging": 0.006}, "cluster": -1}}, {"type": "Feature", "geometry": {"type": "Polygon", "coordinates": [[[20.401764, 44.835372], [20.399336, 44.830815], [20.4039, 44.827155], [20.41089, 44.828051], [20.413318, 44.832607], [20.408755, 44.836268], [20.401764, 44.835372]]]}, "properties": {"h3": "881e1b28e9fffff", "poi": 222, "richness": 12, "hill_q1": 9.058, "hill_q2": 7.908, "top_share": 0.176, "flagged": false, "dominant": "services_and_business", "dna": {"services_and_business": 0.176, "shopping": 0.176, "food_and_drink": 0.162, "health_care": 0.108, "lifestyle_services": 0.108, "sports_and_recreation": 0.086, "education": 0.059, "travel_and_transportation": 0.05, "arts_and_entertainment": 0.032, "community_and_government": 0.023, "cultural_and_historic": 0.018, "lodging": 0.005}, "tfidf": {"shopping": 0.184, "services_and_business": 0.182, "food_and_drink": 0.168, "health_care": 0.144, "lifestyle_services": 0.125, "sports_and_recreation": 0.096, "education": 0.073, "travel_and_transportation": 0.056, "arts_and_entertainment": 0.041, "community_and_government": 0.029, "cultural_and_historic": 0.023, "lodging": 0.007}, "cluster": -1}}, {"type": "Feature", "geometry": {"type": "Polygon", "coordinates": [[[20.413318, 44.832607], [20.41089, 44.828051], [20.415452, 44.82439], [20.422442, 44.825285], [20.424871, 44.829841], [20.420309, 44.833502], [20.413318, 44.832607]]]}, "properties": {"h3": "881e1b28ebfffff", "poi": 249, "richness": 13, "hill_q1": 8.395, "hill_q2": 6.478, "top_share": 0.289, "flagged": false, "dominant": "food_and_drink", "dna": {"food_and_drink": 0.289, "shopping": 0.157, "services_and_business": 0.149, "education": 0.084, "sports_and_recreation": 0.076, "lifestyle_services": 0.064, "arts_and_entertainment": 0.06, "health_care": 0.044, "community_and_government": 0.024, "travel_and_transportation": 0.024, "lodging": 0.016, "geographic_entities": 0.008, "cultural_and_historic": 0.004}, "tfidf": {"food_and_drink": 0.3, "shopping": 0.164, "services_and_business": 0.154, "education": 0.105, "sports_and_recreation": 0.086, "arts_and_entertainment": 0.078, "lifestyle_services": 0.075, "health_care": 0.059, "community_and_government": 0.031, "travel_and_transportation": 0.027, "lodging": 0.023, "geographic_entities": 0.02, "cultural_and_historic": 0.005}, "cluster": -1}}, {"type": "Feature", "geometry": {"type": "Polygon", "coordinates": [[[20.392346, 44.829919], [20.38992, 44.825362], [20.394483, 44.821702], [20.401472, 44.822598], [20.4039, 44.827155], [20.399336, 44.830815], [20.392346, 44.829919]]]}, "properties": {"h3": "881e1b28edfffff", "poi": 184, "richness": 12, "hill_q1": 8.905, "hill_q2": 7.284, "top_share": 0.217, "flagged": false, "dominant": "food_and_drink", "dna": {"food_and_drink": 0.217, "shopping": 0.19, "services_and_business": 0.168, "education": 0.087, "sports_and_recreation": 0.087, "lifestyle_services": 0.065, "travel_and_transportation": 0.043, "arts_and_entertainment": 0.033, "community_and_government": 0.033, "lodging": 0.033, "health_care": 0.027, "cultural_and_historic": 0.016}, "tfidf": {"food_and_drink": 0.226, "shopping": 0.199, "services_and_business": 0.175, "education": 0.109, "sports_and_recreation": 0.098, "lifestyle_services": 0.076, "travel_and_transportation": 0.049, "lodging": 0.047, "community_and_government": 0.042, "arts_and_entertainment": 0.042, "health_care": 0.036, "cultural_and_historic": 0.021}, "cluster": -1}}, {"type": "Feature", "geometry": {"type": "Polygon", "coordinates": [[[20.382065, 44.786136], [20.37964, 44.781577], [20.384201, 44.777916], [20.391187, 44.778813], [20.393612, 44.783372], [20.389051, 44.787034], [20.382065, 44.786136]]]}, "properties": {"h3": "881e1b2983fffff", "poi": 29, "richness": 7, "hill_q1": 3.418, "hill_q2": 2.207, "top_share": 0.655, "flagged": true, "dominant": "food_and_drink", "dna": {"food_and_drink": 0.655, "geographic_entities": 0.103, "services_and_business": 0.069, "sports_and_recreation": 0.069, "community_and_government": 0.034, "cultural_and_historic": 0.034, "lodging": 0.034}, "tfidf": {"food_and_drink": 0.68, "geographic_entities": 0.253, "sports_and_recreation": 0.077, "services_and_business": 0.072, "lodging": 0.05, "community_and_government": 0.045, "cultural_and_historic": 0.045}, "cluster": -1}}, {"type": "Feature", "geometry": {"type": "Polygon", "coordinates": [[[20.372654, 44.780679], [20.37023, 44.77612], [20.374791, 44.772459], [20.381776, 44.773357], [20.384201, 44.777916], [20.37964, 44.781577], [20.372654, 44.780679]]]}, "properties": {"h3": "881e1b2987fffff", "poi": 12, "richness": 5, "hill_q1": 4.339, "hill_q2": 3.789, "top_share": 0.417, "flagged": false, "dominant": "food_and_drink", "dna": {"food_and_drink": 0.417, "arts_and_entertainment": 0.167, "geographic_entities": 0.167, "sports_and_recreation": 0.167, "travel_and_transportation": 0.083}, "tfidf": {"food_and_drink": 0.432, "geographic_entities": 0.408, "arts_and_entertainment": 0.215, "sports_and_recreation": 0.187, "travel_and_transportation": 0.094}, "cluster": -1}}, {"type": "Feature", "geometry": {"type": "Polygon", "coordinates": [[[20.368379, 44.797119], [20.365954, 44.79256], [20.370517, 44.788899], [20.377503, 44.789797], [20.379928, 44.794356], [20.375366, 44.798017], [20.368379, 44.797119]]]}, "properties": {"h3": "881e1b2989fffff", "poi": 37, "richness": 8, "hill_q1": 6.641, "hill_q2": 5.876, "top_share": 0.243, "flagged": false, "dominant": "food_and_drink", "dna": {"food_and_drink": 0.243, "services_and_business": 0.216, "shopping": 0.189, "sports_and_recreation": 0.108, "health_care": 0.081, "lifestyle_services": 0.081, "travel_and_transportation": 0.054, "arts_and_entertainment": 0.027}, "tfidf": {"food_and_drink": 0.252, "services_and_business": 0.224, "shopping": 0.198, "sports_and_recreation": 0.121, "health_care": 0.108, "lifestyle_services": 0.094, "travel_and_transportation": 0.061, "arts_and_entertainment": 0.035}, "cluster": -1}}, {"type": "Feature", "geometry": {"type": "Polygon", "coordinates": [[[20.379928, 44.794356], [20.377503, 44.789797], [20.382065, 44.786136], [20.389051, 44.787034], [20.391477, 44.791592], [20.386915, 44.795253], [20.379928, 44.794356]]]}, "properties": {"h3": "881e1b298bfffff", "poi": 16, "richness": 6, "hill_q1": 3.909, "hill_q2": 2.783, "top_share": 0.563, "flagged": true, "dominant": "food_and_drink", "dna": {"food_and_drink": 0.563, "lodging": 0.125, "sports_and_recreation": 0.125, "arts_and_entertainment": 0.063, "cultural_and_historic": 0.063, "geographic_entities": 0.063}, "tfidf": {"food_and_drink": 0.584, "lodging": 0.182, "geographic_entities": 0.153, "sports_and_recreation": 0.14, "cultural_and_historic": 0.081, "arts_and_entertainment": 0.081}, "cluster": -1}}, {"type": "Feature", "geometry": {"type": "Polygon", "coordinates": [[[20.403024, 44.788827], [20.400598, 44.784269], [20.405159, 44.780606], [20.412145, 44.781502], [20.414572, 44.78606], [20.410011, 44.789723], [20.403024, 44.788827]]]}, "properties": {"h3": "881e1b2991fffff", "poi": 71, "richness": 12, "hill_q1": 7.342, "hill_q2": 5.202, "top_share": 0.352, "flagged": false, "dominant": "food_and_drink", "dna": {"food_and_drink": 0.352, "shopping": 0.197, "travel_and_transportation": 0.113, "sports_and_recreation": 0.085, "services_and_business": 0.056, "arts_and_entertainment": 0.042, "geographic_entities": 0.042, "community_and_government": 0.028, "health_care": 0.028, "lifestyle_services": 0.028, "cultural_and_historic": 0.014, "lodging": 0.014}, "tfidf": {"food_and_drink": 0.365, "shopping": 0.206, "travel_and_transportation": 0.128, "geographic_entities": 0.103, "sports_and_recreation": 0.095, "services_and_business": 0.058, "arts_and_entertainment": 0.055, "health_care": 0.037, "community_and_government": 0.037, "lifestyle_services": 0.033, "lodging": 0.02, "cultural_and_historic": 0.018}, "cluster": -1}}, {"type": "Feature", "geometry": {"type": "Polygon", "coordinates": [[[20.414572, 44.78606], [20.412145, 44.781502], [20.416705, 44.777839], [20.423691, 44.778735], [20.426118, 44.783293], [20.421559, 44.786956], [20.414572, 44.78606]]]}, "properties": {"h3": "881e1b2993fffff", "poi": 332, "richness": 13, "hill_q1": 9.098, "hill_q2": 7.628, "top_share": 0.193, "flagged": false, "dominant": "food_and_drink", "dna": {"food_and_drink": 0.193, "services_and_business": 0.175, "shopping": 0.175, "lifestyle_services": 0.117, "education": 0.084, "sports_and_recreation": 0.072, "health_care": 0.06, "community_and_government": 0.033, "travel_and_transportation": 0.03, "arts_and_entertainment": 0.021, "cultural_and_historic": 0.021, "lodging": 0.015, "geographic_entities": 0.003}, "tfidf": {"food_and_drink": 0.2, "shopping": 0.183, "services_and_business": 0.181, "lifestyle_services": 0.136, "education": 0.105, "sports_and_recreation": 0.081, "health_care": 0.08, "community_and_government": 0.043, "travel_and_transportation": 0.034, "cultural_and_historic": 0.027, "arts_and_entertainment": 0.027, "lodging": 0.022, "geographic_entities": 0.007}, "cluster": -1}}, {"type": "Feature", "geometry": {"type": "Polygon", "coordinates": [[[20.405159, 44.780606], [20.402733, 44.776047], [20.407293, 44.772385], [20.414279, 44.773281], [20.416705, 44.777839], [20.412145, 44.781502], [20.405159, 44.780606]]]}, "properties": {"h3": "881e1b2997fffff", "poi": 342, "richness": 12, "hill_q1": 8.27, "hill_q2": 6.905, "top_share": 0.225, "flagged": false, "dominant": "services_and_business", "dna": {"services_and_business": 0.225, "shopping": 0.193, "food_and_drink": 0.152, "lifestyle_services": 0.135, "education": 0.079, "health_care": 0.058, "sports_and_recreation": 0.053, "community_and_government": 0.044, "travel_and_transportation": 0.032, "arts_and_entertainment": 0.012, "cultural_and_historic": 0.012, "lodging": 0.006}, "tfidf": {"services_and_business": 0.234, "shopping": 0.202, "food_and_drink": 0.158, "lifestyle_services": 0.156, "education": 0.099, "health_care": 0.078, "sports_and_recreation": 0.059, "community_and_government": 0.057, "travel_and_transportation": 0.036, "cultural_and_historic": 0.015, "arts_and_entertainment": 0.015, "lodging": 0.008}, "cluster": -1}}, {"type": "Feature", "geometry": {"type": "Polygon", "coordinates": [[[20.40089, 44.797047], [20.398464, 44.792489], [20.403024, 44.788827], [20.410011, 44.789723], [20.412438, 44.794281], [20.407877, 44.797943], [20.40089, 44.797047]]]}, "properties": {"h3": "881e1b2999fffff", "poi": 34, "richness": 7, "hill_q1": 4.438, "hill_q2": 3.482, "top_share": 0.382, "flagged": false, "dominant": "sports_and_recreation", "dna": {"sports_and_recreation": 0.382, "food_and_drink": 0.353, "services_and_business": 0.088, "geographic_entities": 0.059, "lodging": 0.059, "community_and_government": 0.029, "education": 0.029}, "tfidf": {"sports_and_recreation": 0.429, "food_and_drink": 0.366, "geographic_entities": 0.144, "services_and_business": 0.092, "lodging": 0.085, "community_and_government": 0.038, "education": 0.037}, "cluster": -1}}, {"type": "Feature", "geometry": {"type": "Polygon", "coordinates": [[[20.412438, 44.794281], [20.410011, 44.789723], [20.414572, 44.78606], [20.421559, 44.786956], [20.423986, 44.791514], [20.419426, 44.795176], [20.412438, 44.794281]]]}, "properties": {"h3": "881e1b299bfffff", "poi": 115, "richness": 11, "hill_q1": 6.628, "hill_q2": 4.955, "top_share": 0.33, "flagged": false, "dominant": "shopping", "dna": {"shopping": 0.33, "food_and_drink": 0.252, "arts_and_entertainment": 0.104, "sports_and_recreation": 0.087, "services_and_business": 0.078, "education": 0.043, "travel_and_transportation": 0.035, "lifestyle_services": 0.026, "geographic_entities": 0.017, "lodging": 0.017, "cultural_and_historic": 0.009}, "tfidf": {"shopping": 0.346, "food_and_drink": 0.262, "arts_and_entertainment": 0.135, "sports_and_recreation": 0.098, "services_and_business": 0.081, "education": 0.054, "geographic_entities": 0.043, "travel_and_transportation": 0.039, "lifestyle_services": 0.03, "lodging": 0.025, "cultural_and_historic": 0.011}, "cluster": -1}}, {"type": "Feature", "geometry": {"type": "Polygon", "coordinates": [[[20.391477, 44.791592], [20.389051, 44.787034], [20.393612, 44.783372], [20.400598, 44.784269], [20.403024, 44.788827], [20.398464, 44.792489], [20.391477, 44.791592]]]}, "properties": {"h3": "881e1b299dfffff", "poi": 26, "richness": 5, "hill_q1": 2.443, "hill_q2": 1.779, "top_share": 0.731, "flagged": true, "dominant": "food_and_drink", "dna": {"food_and_drink": 0.731, "sports_and_recreation": 0.154, "arts_and_entertainment": 0.038, "lodging": 0.038, "services_and_business": 0.038}, "tfidf": {"food_and_drink": 0.758, "sports_and_recreation": 0.173, "lodging": 0.056, "arts_and_entertainment": 0.05, "services_and_business": 0.04}, "cluster": -1}}, {"type": "Feature", "geometry": {"type": "Polygon", "coordinates": [[[20.351698, 44.777983], [20.349276, 44.773423], [20.353837, 44.769763], [20.360822, 44.770662], [20.363245, 44.775222], [20.358683, 44.778882], [20.351698, 44.777983]]]}, "properties": {"h3": "881e1b29a9fffff", "poi": 12, "richness": 5, "hill_q1": 3.436, "hill_q2": 2.571, "top_share": 0.583, "flagged": true, "dominant": "food_and_drink", "dna": {"food_and_drink": 0.583, "lodging": 0.167, "community_and_government": 0.083, "geographic_entities": 0.083, "sports_and_recreation": 0.083}, "tfidf": {"food_and_drink": 0.605, "lodging": 0.242, "geographic_entities": 0.204, "community_and_government": 0.108, "sports_and_recreation": 0.094}, "cluster": -1}}, {"type": "Feature", "geometry": {"type": "Polygon", "coordinates": [[[20.397882, 44.766929], [20.395457, 44.76237], [20.400016, 44.758707], [20.407001, 44.759603], [20.409426, 44.764163], [20.404867, 44.767826], [20.397882, 44.766929]]]}, "properties": {"h3": "881e1b29b3fffff", "poi": 18, "richness": 5, "hill_q1": 3.78, "hill_q2": 3.057, "top_share": 0.5, "flagged": true, "dominant": "services_and_business", "dna": {"services_and_business": 0.5, "shopping": 0.222, "lifestyle_services": 0.111, "travel_and_transportation": 0.111, "food_and_drink": 0.056}, "tfidf": {"services_and_business": 0.519, "shopping": 0.233, "lifestyle_services": 0.129, "travel_and_transportation": 0.126, "food_and_drink": 0.058}, "cluster": -1}}, {"type": "Feature", "geometry": {"type": "Polygon", "coordinates": [[[20.354689, 44.808098], [20.352265, 44.803539], [20.356829, 44.79988], [20.363816, 44.800779], [20.36624, 44.805337], [20.361677, 44.808997], [20.354689, 44.808098]]]}, "properties": {"h3": "881e1b29c1fffff", "poi": 62, "richness": 10, "hill_q1": 6.156, "hill_q2": 4.891, "top_share": 0.306, "flagged": false, "dominant": "shopping", "dna": {"shopping": 0.306, "services_and_business": 0.242, "travel_and_transportation": 0.194, "food_and_drink": 0.097, "lifestyle_services": 0.048, "arts_and_entertainment": 0.032, "lodging": 0.032, "community_and_government": 0.016, "cultural_and_historic": 0.016, "education": 0.016}, "tfidf": {"shopping": 0.321, "services_and_business": 0.251, "travel_and_transportation": 0.219, "food_and_drink": 0.1, "lifestyle_services": 0.056, "lodging": 0.047, "arts_and_entertainment": 0.042, "community_and_government": 0.021, "cultural_and_historic": 0.021, "education": 0.02}, "cluster": -1}}, {"type": "Feature", "geometry": {"type": "Polygon", "coordinates": [[[20.36624, 44.805337], [20.363816, 44.800779], [20.368379, 44.797119], [20.375366, 44.798017], [20.377791, 44.802575], [20.373228, 44.806235], [20.36624, 44.805337]]]}, "properties": {"h3": "881e1b29c3fffff", "poi": 220, "richness": 13, "hill_q1": 7.987, "hill_q2": 6.181, "top_share": 0.259, "flagged": false, "dominant": "shopping", "dna": {"shopping": 0.259, "services_and_business": 0.232, "lifestyle_services": 0.123, "food_and_drink": 0.118, "education": 0.077, "community_and_government": 0.041, "health_care": 0.041, "sports_and_recreation": 0.032, "travel_and_transportation": 0.027, "cultural_and_historic": 0.023, "arts_and_entertainment": 0.014, "lodging": 0.009, "geographic_entities": 0.005}, "tfidf": {"shopping": 0.271, "services_and_business": 0.241, "lifestyle_services": 0.142, "food_and_drink": 0.123, "education": 0.097, "health_care": 0.054, "community_and_government": 0.053, "sports_and_recreation": 0.036, "travel_and_transportation": 0.031, "cultural_and_historic": 0.03, "arts_and_entertainment": 0.018, "lodging": 0.013, "geographic_entities": 0.011}, "cluster": -1}}, {"type": "Feature", "geometry": {"type": "Polygon", "coordinates": [[[20.356829, 44.79988], [20.354405, 44.795321], [20.358968, 44.791661], [20.365954, 44.79256], [20.368379, 44.797119], [20.363816, 44.800779], [20.356829, 44.79988]]]}, "properties": {"h3": "881e1b29c7fffff", "poi": 13, "richness": 7, "hill_q1": 5.539, "hill_q2": 4.568, "top_share": 0.308, "flagged": false, "dominant": "services_and_business", "dna": {"services_and_business": 0.308, "shopping": 0.308, "arts_and_entertainment": 0.077, "food_and_drink": 0.077, "lifestyle_services": 0.077, "lodging": 0.077, "sports_and_recreation": 0.077}, "tfidf": {"shopping": 0.322, "services_and_business": 0.319, "lodging": 0.112, "arts_and_entertainment": 0.099, "lifestyle_services": 0.089, "sports_and_recreation": 0.086, "food_and_drink": 0.08}, "cluster": -1}}, {"type": "Feature", "geometry": {"type": "Polygon", "coordinates": [[[20.364101, 44.813555], [20.361677, 44.808997], [20.36624, 44.805337], [20.373228, 44.806235], [20.375653, 44.810793], [20.37109, 44.814453], [20.364101, 44.813555]]]}, "properties": {"h3": "881e1b29cbfffff", "poi": 99, "richness": 12, "hill_q1": 9.277, "hill_q2": 7.988, "top_share": 0.202, "flagged": false, "dominant": "shopping", "dna": {"shopping": 0.202, "food_and_drink": 0.162, "lifestyle_services": 0.131, "services_and_business": 0.131, "education": 0.101, "sports_and_recreation": 0.071, "travel_and_transportation": 0.061, "health_care": 0.051, "community_and_government": 0.03, "cultural_and_historic": 0.03, "arts_and_entertainment": 0.02, "lodging": 0.01}, "tfidf": {"shopping": 0.212, "food_and_drink": 0.168, "lifestyle_services": 0.152, "services_and_business": 0.136, "education": 0.126, "sports_and_recreation": 0.079, "travel_and_transportation": 0.069, "health_care": 0.067, "community_and_government": 0.039, "cultural_and_historic": 0.039, "arts_and_entertainment": 0.026, "lodging": 0.015}, "cluster": -1}}, {"type": "Feature", "geometry": {"type": "Polygon", "coordinates": [[[20.343138, 44.810857], [20.340714, 44.806299], [20.345278, 44.80264], [20.352265, 44.803539], [20.354689, 44.808098], [20.350125, 44.811757], [20.343138, 44.810857]]]}, "properties": {"h3": "881e1b29cdfffff", "poi": 19, "richness": 6, "hill_q1": 4.214, "hill_q2": 3.312, "top_share": 0.474, "flagged": false, "dominant": "shopping", "dna": {"shopping": 0.474, "services_and_business": 0.211, "travel_and_transportation": 0.158, "food_and_drink": 0.053, "lodging": 0.053, "sports_and_recreation": 0.053}, "tfidf": {"shopping": 0.496, "services_and_business": 0.218, "travel_and_transportation": 0.179, "lodging": 0.076, "sports_and_recreation": 0.059, "food_and_drink": 0.055}, "cluster": -1}}, {"type": "Feature", "geometry": {"type": "Polygon", "coordinates": [[[20.387204, 44.80803], [20.384778, 44.803472], [20.389341, 44.799812], [20.396328, 44.800708], [20.398754, 44.805266], [20.394192, 44.808927], [20.387204, 44.80803]]]}, "properties": {"h3": "881e1b29d1fffff", "poi": 283, "richness": 12, "hill_q1": 6.637, "hill_q2": 5.053, "top_share": 0.346, "flagged": false, "dominant": "shopping", "dna": {"shopping": 0.346, "services_and_business": 0.166, "food_and_drink": 0.155, "lifestyle_services": 0.138, "health_care": 0.046, "sports_and_recreation": 0.046, "education": 0.042, "travel_and_transportation": 0.032, "cultural_and_historic": 0.011, "community_and_government": 0.007, "lodging": 0.007, "arts_and_entertainment": 0.004}, "tfidf": {"shopping": 0.363, "services_and_business": 0.172, "food_and_drink": 0.161, "lifestyle_services": 0.16, "health_care": 0.061, "education": 0.053, "sports_and_recreation": 0.052, "travel_and_transportation": 0.036, "cultural_and_historic": 0.014, "lodging": 0.01, "community_and_government": 0.009, "arts_and_entertainment": 0.005}, "cluster": -1}}, {"type": "Feature", "geometry": {"type": "Polygon", "coordinates": [[[20.398754, 44.805266], [20.396328, 44.800708], [20.40089, 44.797047], [20.407877, 44.797943], [20.410304, 44.802501], [20.405743, 44.806162], [20.398754, 44.805266]]]}, "properties": {"h3": "881e1b29d3fffff", "poi": 220, "richness": 13, "hill_q1": 5.929, "hill_q2": 3.778, "top_share": 0.468, "flagged": false, "dominant": "shopping", "dna": {"shopping": 0.468, "food_and_drink": 0.141, "services_and_business": 0.114, "lifestyle_services": 0.073, "sports_and_recreation": 0.055, "education": 0.045, "health_care": 0.036, "travel_and_transportation": 0.023, "cultural_and_historic": 0.018, "arts_and_entertainment": 0.014, "community_and_government": 0.005, "geographic_entities": 0.005, "lodging": 0.005}, "tfidf": {"shopping": 0.49, "food_and_drink": 0.146, "services_and_business": 0.118, "lifestyle_services": 0.084, "sports_and_recreation": 0.061, "education": 0.057, "health_care": 0.048, "travel_and_transportation": 0.026, "cultural_and_historic": 0.024, "arts_and_entertainment": 0.018, "geographic_entities": 0.011, "lodging": 0.007, "community_and_government": 0.006}, "cluster": -1}}, {"type": "Feature", "geometry": {"type": "Polygon", "coordinates": [[[20.377791, 44.802575], [20.375366, 44.798017], [20.379928, 44.794356], [20.386915, 44.795253], [20.389341, 44.799812], [20.384778, 44.803472], [20.377791, 44.802575]]]}, "properties": {"h3": "881e1b29d5fffff", "poi": 225, "richness": 12, "hill_q1": 8.279, "hill_q2": 6.44, "top_share": 0.293, "flagged": false, "dominant": "shopping", "dna": {"shopping": 0.293, "services_and_business": 0.151, "food_and_drink": 0.129, "lifestyle_services": 0.12, "sports_and_recreation": 0.067, "education": 0.062, "health_care": 0.058, "travel_and_transportation": 0.049, "arts_and_entertainment": 0.022, "community_and_government": 0.022, "cultural_and_historic": 0.013, "lodging": 0.013}, "tfidf": {"shopping": 0.307, "services_and_business": 0.157, "lifestyle_services": 0.139, "food_and_drink": 0.134, "education": 0.078, "health_care": 0.077, "sports_and_recreation": 0.075, "travel_and_transportation": 0.055, "community_and_government": 0.029, "arts_and_entertainment": 0.029, "lodging": 0.019, "cultural_and_historic": 0.017}, "cluster": -1}}, {"type": "Feature", "geometry": {"type": "Polygon", "coordinates": [[[20.389341, 44.799812], [20.386915, 44.795253], [20.391477, 44.791592], [20.398464, 44.792489], [20.40089, 44.797047], [20.396328, 44.800708], [20.389341, 44.799812]]]}, "properties": {"h3": "881e1b29d7fffff", "poi": 65, "richness": 12, "hill_q1": 6.476, "hill_q2": 4.13, "top_share": 0.446, "flagged": false, "dominant": "food_and_drink", "dna": {"food_and_drink": 0.446, "sports_and_recreation": 0.123, "education": 0.092, "services_and_business": 0.092, "arts_and_entertainment": 0.077, "community_and_government": 0.046, "cultural_and_historic": 0.031, "shopping": 0.031, "geographic_entities": 0.015, "lifestyle_services": 0.015, "lodging": 0.015, "travel_and_transportation": 0.015}, "tfidf": {"food_and_drink": 0.463, "sports_and_recreation": 0.138, "education": 0.115, "arts_and_entertainment": 0.099, "services_and_business": 0.096, "community_and_government": 0.06, "cultural_and_historic": 0.04, "geographic_entities": 0.038, "shopping": 0.032, "lodging": 0.022, "lifestyle_services": 0.018, "travel_and_transportation": 0.017}, "cluster": -1}}, {"type": "Feature", "geometry": {"type": "Polygon", "coordinates": [[[20.385067, 44.816248], [20.382641, 44.811691], [20.387204, 44.80803], [20.394192, 44.808927], [20.396619, 44.813484], [20.392056, 44.817145], [20.385067, 44.816248]]]}, "properties": {"h3": "881e1b29d9fffff", "poi": 116, "richness": 12, "hill_q1": 7.005, "hill_q2": 4.809, "top_share": 0.379, "flagged": false, "dominant": "services_and_business", "dna": {"services_and_business": 0.379, "shopping": 0.19, "sports_and_recreation": 0.103, "travel_and_transportation": 0.103, "food_and_drink": 0.043, "lifestyle_services": 0.034, "community_and_government": 0.026, "cultural_and_historic": 0.026, "education": 0.026, "health_care": 0.026, "lodging": 0.026, "arts_and_entertainment": 0.017}, "tfidf": {"services_and_business": 0.394, "shopping": 0.199, "travel_and_transportation": 0.117, "sports_and_recreation": 0.116, "food_and_drink": 0.045, "lifestyle_services": 0.04, "lodging": 0.038, "health_care": 0.034, "community_and_government": 0.034, "cultural_and_historic": 0.034, "education": 0.032, "arts_and_entertainment": 0.022}, "cluster": -1}}, {"type": "Feature", "geometry": {"type": "Polygon", "coordinates": [[[20.396619, 44.813484], [20.394192, 44.808927], [20.398754, 44.805266], [20.405743, 44.806162], [20.40817, 44.81072], [20.403608, 44.814381], [20.396619, 44.813484]]]}, "properties": {"h3": "881e1b29dbfffff", "poi": 367, "richness": 12, "hill_q1": 7.915, "hill_q2": 6.389, "top_share": 0.259, "flagged": false, "dominant": "services_and_business", "dna": {"services_and_business": 0.259, "shopping": 0.202, "food_and_drink": 0.139, "lifestyle_services": 0.123, "health_care": 0.082, "education": 0.057, "travel_and_transportation": 0.049, "sports_and_recreation": 0.038, "arts_and_entertainment": 0.016, "community_and_government": 0.014, "lodging": 0.014, "cultural_and_historic": 0.008}, "tfidf": {"services_and_business": 0.269, "shopping": 0.211, "food_and_drink": 0.144, "lifestyle_services": 0.142, "health_care": 0.109, "education": 0.072, "travel_and_transportation": 0.056, "sports_and_recreation": 0.043, "arts_and_entertainment": 0.021, "lodging": 0.02, "community_and_government": 0.018, "cultural_and_historic": 0.011}, "cluster": -1}}, {"type": "Feature", "geometry": {"type": "Polygon", "coordinates": [[[20.375653, 44.810793], [20.373228, 44.806235], [20.377791, 44.802575], [20.384778, 44.803472], [20.387204, 44.80803], [20.382641, 44.811691], [20.375653, 44.810793]]]}, "properties": {"h3": "881e1b29ddfffff", "poi": 228, "richness": 12, "hill_q1": 8.401, "hill_q2": 6.961, "top_share": 0.219, "flagged": false, "dominant": "services_and_business", "dna": {"services_and_business": 0.219, "shopping": 0.211, "lifestyle_services": 0.149, "sports_and_recreation": 0.101, "food_and_drink": 0.088, "health_care": 0.07, "education": 0.061, "community_and_government": 0.031, "arts_and_entertainment": 0.026, "cultural_and_historic": 0.022, "travel_and_transportation": 0.018, "lodging": 0.004}, "tfidf": {"services_and_business": 0.228, "shopping": 0.22, "lifestyle_services": 0.173, "sports_and_recreation": 0.113, "health_care": 0.093, "food_and_drink": 0.091, "education": 0.077, "community_and_government": 0.04, "arts_and_entertainment": 0.034, "cultural_and_historic": 0.028, "travel_and_transportation": 0.02, "lodging": 0.006}, "cluster": -1}}, {"type": "Feature", "geometry": {"type": "Polygon", "coordinates": [[[20.454034, 44.884494], [20.451602, 44.879941], [20.456166, 44.876281], [20.463161, 44.877173], [20.465594, 44.881726], [20.46103, 44.885387], [20.454034, 44.884494]]]}, "properties": {"h3": "881e1b2a91fffff", "poi": 126, "richness": 10, "hill_q1": 6.975, "hill_q2": 5.811, "top_share": 0.238, "flagged": false, "dominant": "shopping", "dna": {"shopping": 0.238, "services_and_business": 0.222, "food_and_drink": 0.206, "lifestyle_services": 0.119, "sports_and_recreation": 0.056, "education": 0.048, "health_care": 0.048, "arts_and_entertainment": 0.032, "cultural_and_historic": 0.024, "travel_and_transportation": 0.008}, "tfidf": {"shopping": 0.249, "services_and_business": 0.231, "food_and_drink": 0.214, "lifestyle_services": 0.138, "health_care": 0.063, "sports_and_recreation": 0.062, "education": 0.06, "arts_and_entertainment": 0.041, "cultural_and_historic": 0.031, "travel_and_transportation": 0.009}, "cluster": -1}}, {"type": "Feature", "geometry": {"type": "Polygon", "coordinates": [[[20.465594, 44.881726], [20.463161, 44.877173], [20.467724, 44.873512], [20.47472, 44.874403], [20.477153, 44.878956], [20.47259, 44.882618], [20.465594, 44.881726]]]}, "properties": {"h3": "881e1b2a93fffff", "poi": 45, "richness": 10, "hill_q1": 6.287, "hill_q2": 4.833, "top_share": 0.333, "flagged": false, "dominant": "shopping", "dna": {"shopping": 0.333, "services_and_business": 0.244, "food_and_drink": 0.133, "travel_and_transportation": 0.111, "community_and_government": 0.044, "sports_and_recreation": 0.044, "arts_and_entertainment": 0.022, "education": 0.022, "health_care": 0.022, "lodging": 0.022}, "tfidf": {"shopping": 0.349, "services_and_business": 0.254, "food_and_drink": 0.138, "travel_and_transportation": 0.126, "community_and_government": 0.058, "sports_and_recreation": 0.05, "lodging": 0.032, "health_care": 0.03, "arts_and_entertainment": 0.029, "education": 0.028}, "cluster": -1}}, {"type": "Feature", "geometry": {"type": "Polygon", "coordinates": [[[20.444607, 44.879048], [20.442176, 44.874495], [20.44674, 44.870834], [20.453734, 44.871727], [20.456166, 44.876281], [20.451602, 44.879941], [20.444607, 44.879048]]]}, "properties": {"h3": "881e1b2a95fffff", "poi": 48, "richness": 10, "hill_q1": 7.683, "hill_q2": 6.4, "top_share": 0.271, "flagged": false, "dominant": "food_and_drink", "dna": {"food_and_drink": 0.271, "education": 0.188, "shopping": 0.125, "services_and_business": 0.104, "sports_and_recreation": 0.104, "health_care": 0.063, "lifestyle_services": 0.063, "arts_and_entertainment": 0.042, "community_and_government": 0.021, "cultural_and_historic": 0.021}, "tfidf": {"food_and_drink": 0.281, "education": 0.234, "shopping": 0.131, "sports_and_recreation": 0.117, "services_and_business": 0.108, "health_care": 0.083, "lifestyle_services": 0.072, "arts_and_entertainment": 0.054, "community_and_government": 0.027, "cultural_and_historic": 0.027}, "cluster": -1}}, {"type": "Feature", "geometry": {"type": "Polygon", "coordinates": [[[20.456166, 44.876281], [20.453734, 44.871727], [20.458297, 44.868066], [20.465292, 44.868959], [20.467724, 44.873512], [20.463161, 44.877173], [20.456166, 44.876281]]]}, "properties": {"h3": "881e1b2a97fffff", "poi": 68, "richness": 11, "hill_q1": 7.863, "hill_q2": 6.663, "top_share": 0.206, "flagged": false, "dominant": "shopping", "dna": {"shopping": 0.206, "services_and_business": 0.191, "food_and_drink": 0.176, "sports_and_recreation": 0.147, "lifestyle_services": 0.118, "arts_and_entertainment": 0.029, "community_and_government": 0.029, "cultural_and_historic": 0.029, "education": 0.029, "health_care": 0.029, "travel_and_transportation": 0.015}, "tfidf": {"shopping": 0.216, "services_and_business": 0.198, "food_and_drink": 0.183, "sports_and_recreation": 0.165, "lifestyle_services": 0.136, "health_care": 0.039, "community_and_government": 0.038, "cultural_and_historic": 0.038, "arts_and_entertainment": 0.038, "education": 0.037, "travel_and_transportation": 0.017}, "cluster": -1}}, {"type": "Feature", "geometry": {"type": "Polygon", "coordinates": [[[20.451902, 44.892707], [20.44947, 44.888154], [20.454034, 44.884494], [20.46103, 44.885387], [20.463463, 44.889939], [20.458898, 44.8936], [20.451902, 44.892707]]]}, "properties": {"h3": "881e1b2a99fffff", "poi": 68, "richness": 11, "hill_q1": 6.964, "hill_q2": 5.291, "top_share": 0.279, "flagged": false, "dominant": "food_and_drink", "dna": {"food_and_drink": 0.279, "shopping": 0.279, "services_and_business": 0.132, "lifestyle_services": 0.074, "sports_and_recreation": 0.059, "travel_and_transportation": 0.059, "arts_and_entertainment": 0.029, "community_and_government": 0.029, "education": 0.029, "health_care": 0.015, "lodging": 0.015}, "tfidf": {"shopping": 0.293, "food_and_drink": 0.29, "services_and_business": 0.137, "lifestyle_services": 0.085, "travel_and_transportation": 0.067, "sports_and_recreation": 0.066, "community_and_government": 0.038, "arts_and_entertainment": 0.038, "education": 0.037, "lodging": 0.021, "health_care": 0.02}, "cluster": -1}}, {"type": "Feature", "geometry": {"type": "Polygon", "coordinates": [[[20.463463, 44.889939], [20.46103, 44.885387], [20.465594, 44.881726], [20.47259, 44.882618], [20.475023, 44.88717], [20.470459, 44.890831], [20.463463, 44.889939]]]}, "properties": {"h3": "881e1b2a9bfffff", "poi": 20, "richness": 7, "hill_q1": 4.937, "hill_q2": 3.922, "top_share": 0.4, "flagged": false, "dominant": "services_and_business", "dna": {"services_and_business": 0.4, "shopping": 0.25, "travel_and_transportation": 0.15, "education": 0.05, "food_and_drink": 0.05, "lifestyle_services": 0.05, "lodging": 0.05}, "tfidf": {"services_and_business": 0.415, "shopping": 0.262, "travel_and_transportation": 0.17, "lodging": 0.073, "education": 0.062, "lifestyle_services": 0.058, "food_and_drink": 0.052}, "cluster": -1}}, {"type": "Feature", "geometry": {"type": "Polygon", "coordinates": [[[20.395354, 44.860017], [20.392926, 44.855462], [20.397491, 44.851803], [20.404483, 44.852699], [20.406912, 44.857254], [20.402347, 44.860913], [20.395354, 44.860017]]]}, "properties": {"h3": "881e1b2aa5fffff", "poi": 13, "richness": 7, "hill_q1": 5.919, "hill_q2": 5.121, "top_share": 0.308, "flagged": false, "dominant": "food_and_drink", "dna": {"food_and_drink": 0.308, "services_and_business": 0.231, "shopping": 0.154, "community_and_government": 0.077, "health_care": 0.077, "lifestyle_services": 0.077, "sports_and_recreation": 0.077}, "tfidf": {"food_and_drink": 0.319, "services_and_business": 0.239, "shopping": 0.161, "health_care": 0.102, "community_and_government": 0.1, "lifestyle_services": 0.089, "sports_and_recreation": 0.086}, "cluster": -1}}, {"type": "Feature", "geometry": {"type": "Polygon", "coordinates": [[[20.517274, 44.807667], [20.514841, 44.803112], [20.519398, 44.799446], [20.526387, 44.800334], [20.528821, 44.80489], [20.524264, 44.808556], [20.517274, 44.807667]]]}, "properties": {"h3": "881e1b2d01fffff", "poi": 88, "richness": 11, "hill_q1": 9.333, "hill_q2": 8.473, "top_share": 0.17, "flagged": false, "dominant": "services_and_business", "dna": {"services_and_business": 0.17, "shopping": 0.17, "food_and_drink": 0.125, "lifestyle_services": 0.102, "sports_and_recreation": 0.102, "travel_and_transportation": 0.102, "education": 0.08, "health_care": 0.057, "cultural_and_historic": 0.045, "arts_and_entertainment": 0.034, "lodging": 0.011}, "tfidf": {"shopping": 0.178, "services_and_business": 0.177, "food_and_drink": 0.13, "lifestyle_services": 0.119, "travel_and_transportation": 0.116, "sports_and_recreation": 0.115, "education": 0.099, "health_care": 0.076, "cultural_and_historic": 0.059, "arts_and_entertainment": 0.044, "lodging": 0.017}, "cluster": -1}}, {"type": "Feature", "geometry": {"type": "Polygon", "coordinates": [[[20.528821, 44.80489], [20.526387, 44.800334], [20.530944, 44.796668], [20.537934, 44.797556], [20.540368, 44.802111], [20.535812, 44.805778], [20.528821, 44.80489]]]}, "properties": {"h3": "881e1b2d03fffff", "poi": 14, "richness": 6, "hill_q1": 5.532, "hill_q2": 5.158, "top_share": 0.286, "flagged": false, "dominant": "shopping", "dna": {"shopping": 0.286, "education": 0.214, "food_and_drink": 0.143, "services_and_business": 0.143, "travel_and_transportation": 0.143, "cultural_and_historic": 0.071}, "tfidf": {"shopping": 0.299, "education": 0.268, "travel_and_transportation": 0.162, "food_and_drink": 0.148, "services_and_business": 0.148, "cultural_and_historic": 0.093}, "cluster": -1}}, {"type": "Feature", "geometry": {"type": "Polygon", "coordinates": [[[20.507851, 44.802222], [20.505418, 44.797666], [20.509975, 44.794], [20.516964, 44.79489], [20.519398, 44.799446], [20.514841, 44.803112], [20.507851, 44.802222]]]}, "properties": {"h3": "881e1b2d05fffff", "poi": 39, "richness": 11, "hill_q1": 9.468, "hill_q2": 8.222, "top_share": 0.231, "flagged": false, "dominant": "shopping", "dna": {"shopping": 0.231, "food_and_drink": 0.128, "education": 0.103, "health_care": 0.103, "travel_and_transportation": 0.103, "lodging": 0.077, "sports_and_recreation": 0.077, "arts_and_entertainment": 0.051, "community_and_government": 0.051, "services_and_business": 0.051, "lifestyle_services": 0.026}, "tfidf": {"shopping": 0.242, "health_care": 0.136, "food_and_drink": 0.133, "education": 0.128, "travel_and_transportation": 0.116, "lodging": 0.112, "sports_and_recreation": 0.086, "community_and_government": 0.067, "arts_and_entertainment": 0.066, "services_and_business": 0.053, "lifestyle_services": 0.03}, "cluster": -1}}, {"type": "Feature", "geometry": {"type": "Polygon", "coordinates": [[[20.519398, 44.799446], [20.516964, 44.79489], [20.521521, 44.791223], [20.52851, 44.792112], [20.530944, 44.796668], [20.526387, 44.800334], [20.519398, 44.799446]]]}, "properties": {"h3": "881e1b2d07fffff", "poi": 126, "richness": 12, "hill_q1": 9.172, "hill_q2": 7.64, "top_share": 0.246, "flagged": false, "dominant": "services_and_business", "dna": {"services_and_business": 0.246, "lifestyle_services": 0.143, "education": 0.119, "shopping": 0.111, "food_and_drink": 0.087, "travel_and_transportation": 0.071, "sports_and_recreation": 0.063, "health_care": 0.056, "cultural_and_historic": 0.048, "arts_and_entertainment": 0.032, "community_and_government": 0.016, "lodging": 0.008}, "tfidf": {"services_and_business": 0.255, "lifestyle_services": 0.166, "education": 0.149, "shopping": 0.116, "food_and_drink": 0.091, "travel_and_transportation": 0.081, "health_care": 0.074, "sports_and_recreation": 0.071, "cultural_and_historic": 0.062, "arts_and_entertainment": 0.041, "community_and_government": 0.021, "lodging": 0.012}, "cluster": -1}}, {"type": "Feature", "geometry": {"type": "Polygon", "coordinates": [[[20.51515, 44.815888], [20.512716, 44.811333], [20.517274, 44.807667], [20.524264, 44.808556], [20.526698, 44.813111], [20.522141, 44.816777], [20.51515, 44.815888]]]}, "properties": {"h3": "881e1b2d09fffff", "poi": 124, "richness": 12, "hill_q1": 8.302, "hill_q2": 6.504, "top_share": 0.274, "flagged": false, "dominant": "shopping", "dna": {"shopping": 0.274, "food_and_drink": 0.153, "lifestyle_services": 0.153, "services_and_business": 0.145, "health_care": 0.048, "sports_and_recreation": 0.048, "arts_and_entertainment": 0.04, "education": 0.04, "cultural_and_historic": 0.032, "travel_and_transportation": 0.032, "community_and_government": 0.016, "lodging": 0.016}, "tfidf": {"shopping": 0.287, "lifestyle_services": 0.178, "food_and_drink": 0.159, "services_and_business": 0.151, "health_care": 0.064, "sports_and_recreation": 0.054, "arts_and_entertainment": 0.052, "education": 0.05, "cultural_and_historic": 0.042, "travel_and_transportation": 0.037, "lodging": 0.023, "community_and_government": 0.021}, "cluster": -1}}, {"type": "Feature", "geometry": {"type": "Polygon", "coordinates": [[[20.505726, 44.810443], [20.503293, 44.805888], [20.507851, 44.802222], [20.514841, 44.803112], [20.517274, 44.807667], [20.512716, 44.811333], [20.505726, 44.810443]]]}, "properties": {"h3": "881e1b2d0dfffff", "poi": 28, "richness": 11, "hill_q1": 7.919, "hill_q2": 6.125, "top_share": 0.286, "flagged": false, "dominant": "services_and_business", "dna": {"services_and_business": 0.286, "arts_and_entertainment": 0.214, "food_and_drink": 0.107, "shopping": 0.107, "lifestyle_services": 0.071, "community_and_government": 0.036, "cultural_and_historic": 0.036, "education": 0.036, "health_care": 0.036, "sports_and_recreation": 0.036, "travel_and_transportation": 0.036}, "tfidf": {"services_and_business": 0.296, "arts_and_entertainment": 0.277, "shopping": 0.112, "food_and_drink": 0.111, "lifestyle_services": 0.083, "health_care": 0.048, "community_and_government": 0.046, "cultural_and_historic": 0.046, "education": 0.045, "travel_and_transportation": 0.04, "sports_and_recreation": 0.04}, "cluster": -1}}, {"type": "Feature", "geometry": {"type": "Polygon", "coordinates": [[[20.500554, 44.788554], [20.498122, 44.783997], [20.502679, 44.780331], [20.509667, 44.781221], [20.512099, 44.785778], [20.507543, 44.789444], [20.500554, 44.788554]]]}, "properties": {"h3": "881e1b2d21fffff", "poi": 261, "richness": 13, "hill_q1": 6.896, "hill_q2": 5.052, "top_share": 0.337, "flagged": false, "dominant": "shopping", "dna": {"shopping": 0.337, "services_and_business": 0.218, "food_and_drink": 0.138, "lifestyle_services": 0.107, "health_care": 0.042, "travel_and_transportation": 0.038, "sports_and_recreation": 0.034, "education": 0.031, "arts_and_entertainment": 0.015, "community_and_government": 0.015, "cultural_and_historic": 0.011, "geographic_entities": 0.008, "lodging": 0.004}, "tfidf": {"shopping": 0.353, "services_and_business": 0.227, "food_and_drink": 0.143, "lifestyle_services": 0.124, "health_care": 0.056, "travel_and_transportation": 0.043, "sports_and_recreation": 0.039, "education": 0.038, "community_and_government": 0.02, "arts_and_entertainment": 0.02, "geographic_entities": 0.019, "cultural_and_historic": 0.015, "lodging": 0.006}, "cluster": -1}}, {"type": "Feature", "geometry": {"type": "Polygon", "coordinates": [[[20.512099, 44.785778], [20.509667, 44.781221], [20.514223, 44.777554], [20.521211, 44.778443], [20.523644, 44.783], [20.519088, 44.786667], [20.512099, 44.785778]]]}, "properties": {"h3": "881e1b2d23fffff", "poi": 194, "richness": 12, "hill_q1": 8.598, "hill_q2": 7.001, "top_share": 0.242, "flagged": false, "dominant": "shopping", "dna": {"shopping": 0.242, "services_and_business": 0.186, "food_and_drink": 0.149, "lifestyle_services": 0.098, "travel_and_transportation": 0.088, "sports_and_recreation": 0.062, "education": 0.046, "health_care": 0.046, "community_and_government": 0.031, "arts_and_entertainment": 0.026, "lodging": 0.015, "cultural_and_historic": 0.01}, "tfidf": {"shopping": 0.254, "services_and_business": 0.193, "food_and_drink": 0.155, "lifestyle_services": 0.114, "travel_and_transportation": 0.099, "sports_and_recreation": 0.069, "health_care": 0.062, "education": 0.058, "community_and_government": 0.04, "arts_and_entertainment": 0.033, "lodging": 0.022, "cultural_and_historic": 0.013}, "cluster": -1}}, {"type": "Feature", "geometry": {"type": "Polygon", "coordinates": [[[20.491134, 44.783107], [20.488703, 44.77855], [20.49326, 44.774883], [20.500247, 44.775774], [20.502679, 44.780331], [20.498122, 44.783997], [20.491134, 44.783107]]]}, "properties": {"h3": "881e1b2d25fffff", "poi": 71, "richness": 13, "hill_q1": 9.723, "hill_q2": 8.066, "top_share": 0.197, "flagged": false, "dominant": "services_and_business", "dna": {"services_and_business": 0.197, "travel_and_transportation": 0.183, "shopping": 0.141, "lifestyle_services": 0.113, "food_and_drink": 0.085, "community_and_government": 0.056, "health_care": 0.056, "arts_and_entertainment": 0.042, "sports_and_recreation": 0.042, "education": 0.028, "lodging": 0.028, "cultural_and_historic": 0.014, "geographic_entities": 0.014}, "tfidf": {"travel_and_transportation": 0.207, "services_and_business": 0.205, "shopping": 0.147, "lifestyle_services": 0.131, "food_and_drink": 0.088, "health_care": 0.075, "community_and_government": 0.073, "arts_and_entertainment": 0.055, "sports_and_recreation": 0.047, "lodging": 0.041, "education": 0.035, "geographic_entities": 0.034, "cultural_and_historic": 0.018}, "cluster": -1}}, {"type": "Feature", "geometry": {"type": "Polygon", "coordinates": [[[20.502679, 44.780331], [20.500247, 44.775774], [20.504803, 44.772107], [20.511791, 44.772997], [20.514223, 44.777554], [20.509667, 44.781221], [20.502679, 44.780331]]]}, "properties": {"h3": "881e1b2d27fffff", "poi": 90, "richness": 12, "hill_q1": 8.576, "hill_q2": 6.739, "top_share": 0.278, "flagged": false, "dominant": "shopping", "dna": {"shopping": 0.278, "services_and_business": 0.167, "food_and_drink": 0.133, "travel_and_transportation": 0.089, "lifestyle_services": 0.078, "sports_and_recreation": 0.067, "education": 0.056, "health_care": 0.044, "community_and_government": 0.033, "arts_and_entertainment": 0.022, "cultural_and_historic": 0.022, "lodging": 0.011}, "tfidf": {"shopping": 0.291, "services_and_business": 0.173, "food_and_drink": 0.138, "travel_and_transportation": 0.101, "lifestyle_services": 0.09, "sports_and_recreation": 0.075, "education": 0.069, "health_care": 0.059, "community_and_government": 0.043, "cultural_and_historic": 0.029, "arts_and_entertainment": 0.029, "lodging": 0.016}, "cluster": -1}}, {"type": "Feature", "geometry": {"type": "Polygon", "coordinates": [[[20.498429, 44.796776], [20.495997, 44.79222], [20.500554, 44.788554], [20.507543, 44.789444], [20.509975, 44.794], [20.505418, 44.797666], [20.498429, 44.796776]]]}, "properties": {"h3": "881e1b2d29fffff", "poi": 313, "richness": 13, "hill_q1": 9.464, "hill_q2": 8.049, "top_share": 0.179, "flagged": false, "dominant": "shopping", "dna": {"shopping": 0.179, "services_and_business": 0.173, "food_and_drink": 0.163, "lifestyle_services": 0.121, "sports_and_recreation": 0.093, "education": 0.067, "health_care": 0.061, "community_and_government": 0.045, "arts_and_entertainment": 0.029, "travel_and_transportation": 0.029, "cultural_and_historic": 0.019, "lodging": 0.019, "geographic_entities": 0.003}, "tfidf": {"shopping": 0.187, "services_and_business": 0.179, "food_and_drink": 0.169, "lifestyle_services": 0.141, "sports_and_recreation": 0.104, "education": 0.084, "health_care": 0.081, "community_and_government": 0.058, "arts_and_entertainment": 0.037, "travel_and_transportation": 0.033, "lodging": 0.028, "cultural_and_historic": 0.025, "geographic_entities": 0.008}, "cluster": -1}}, {"type": "Feature", "geometry": {"type": "Polygon", "coordinates": [[[20.509975, 44.794], [20.507543, 44.789444], [20.512099, 44.785778], [20.519088, 44.786667], [20.521521, 44.791223], [20.516964, 44.79489], [20.509975, 44.794]]]}, "properties": {"h3": "881e1b2d2bfffff", "poi": 194, "richness": 12, "hill_q1": 8.528, "hill_q2": 7.155, "top_share": 0.206, "flagged": false, "dominant": "shopping", "dna": {"shopping": 0.206, "services_and_business": 0.201, "food_and_drink": 0.16, "sports_and_recreation": 0.108, "lifestyle_services": 0.088, "education": 0.077, "health_care": 0.057, "arts_and_entertainment": 0.041, "community_and_government": 0.021, "lodging": 0.015, "travel_and_transportation": 0.015, "cultural_and_historic": 0.01}, "tfidf": {"shopping": 0.216, "services_and_business": 0.209, "food_and_drink": 0.166, "sports_and_recreation": 0.121, "lifestyle_services": 0.102, "education": 0.097, "health_care": 0.075, "arts_and_entertainment": 0.053, "community_and_government": 0.027, "lodging": 0.022, "travel_and_transportation": 0.018, "cultural_and_historic": 0.013}, "cluster": -1}}, {"type": "Feature", "geometry": {"type": "Polygon", "coordinates": [[[20.489008, 44.791329], [20.486577, 44.786772], [20.491134, 44.783107], [20.498122, 44.783997], [20.500554, 44.788554], [20.495997, 44.79222], [20.489008, 44.791329]]]}, "properties": {"h3": "881e1b2d2dfffff", "poi": 177, "richness": 13, "hill_q1": 9.317, "hill_q2": 7.826, "top_share": 0.203, "flagged": false, "dominant": "services_and_business", "dna": {"services_and_business": 0.203, "food_and_drink": 0.175, "shopping": 0.158, "sports_and_recreation": 0.096, "lifestyle_services": 0.085, "education": 0.073, "travel_and_transportation": 0.056, "health_care": 0.051, "arts_and_entertainment": 0.045, "community_and_government": 0.028, "cultural_and_historic": 0.011, "lodging": 0.011, "geographic_entities": 0.006}, "tfidf": {"services_and_business": 0.211, "food_and_drink": 0.182, "shopping": 0.166, "sports_and_recreation": 0.108, "lifestyle_services": 0.098, "education": 0.092, "health_care": 0.068, "travel_and_transportation": 0.064, "arts_and_entertainment": 0.058, "community_and_government": 0.037, "lodging": 0.016, "cultural_and_historic": 0.015, "geographic_entities": 0.014}, "cluster": -1}}, {"type": "Feature", "geometry": {"type": "Polygon", "coordinates": [[[20.533066, 44.788445], [20.530632, 44.783889], [20.535188, 44.780221], [20.542176, 44.781109], [20.54461, 44.785665], [20.540055, 44.789333], [20.533066, 44.788445]]]}, "properties": {"h3": "881e1b2d31fffff", "poi": 44, "richness": 10, "hill_q1": 7.837, "hill_q2": 6.722, "top_share": 0.227, "flagged": false, "dominant": "shopping", "dna": {"shopping": 0.227, "sports_and_recreation": 0.205, "lifestyle_services": 0.136, "services_and_business": 0.136, "health_care": 0.091, "food_and_drink": 0.068, "education": 0.045, "travel_and_transportation": 0.045, "community_and_government": 0.023, "lodging": 0.023}, "tfidf": {"shopping": 0.238, "sports_and_recreation": 0.23, "lifestyle_services": 0.158, "services_and_business": 0.141, "health_care": 0.121, "food_and_drink": 0.071, "education": 0.057, "travel_and_transportation": 0.051, "lodging": 0.033, "community_and_government": 0.03}, "cluster": -1}}, {"type": "Feature", "geometry": {"type": "Polygon", "coordinates": [[[20.54461, 44.785665], [20.542176, 44.781109], [20.546731, 44.777441], [20.553719, 44.778328], [20.556154, 44.782884], [20.5516, 44.786552], [20.54461, 44.785665]]]}, "properties": {"h3": "881e1b2d33fffff", "poi": 11, "richness": 6, "hill_q1": 5.586, "hill_q2": 5.261, "top_share": 0.273, "flagged": false, "dominant": "food_and_drink", "dna": {"food_and_drink": 0.273, "lifestyle_services": 0.182, "services_and_business": 0.182, "sports_and_recreation": 0.182, "shopping": 0.091, "travel_and_transportation": 0.091}, "tfidf": {"food_and_drink": 0.283, "lifestyle_services": 0.211, "sports_and_recreation": 0.204, "services_and_business": 0.189, "travel_and_transportation": 0.103, "shopping": 0.095}, "cluster": -1}}, {"type": "Feature", "geometry": {"type": "Polygon", "coordinates": [[[20.523644, 44.783], [20.521211, 44.778443], [20.525766, 44.774776], [20.532754, 44.775665], [20.535188, 44.780221], [20.530632, 44.783889], [20.523644, 44.783]]]}, "properties": {"h3": "881e1b2d35fffff", "poi": 51, "richness": 9, "hill_q1": 5.021, "hill_q2": 3.742, "top_share": 0.412, "flagged": false, "dominant": "shopping", "dna": {"shopping": 0.412, "services_and_business": 0.275, "travel_and_transportation": 0.118, "food_and_drink": 0.059, "lifestyle_services": 0.059, "arts_and_entertainment": 0.02, "education": 0.02, "health_care": 0.02, "sports_and_recreation": 0.02}, "tfidf": {"shopping": 0.431, "services_and_business": 0.285, "travel_and_transportation": 0.133, "lifestyle_services": 0.068, "food_and_drink": 0.061, "health_care": 0.026, "arts_and_entertainment": 0.025, "education": 0.025, "sports_and_recreation": 0.022}, "cluster": -1}}, {"type": "Feature", "geometry": {"type": "Polygon", "coordinates": [[[20.535188, 44.780221], [20.532754, 44.775665], [20.537309, 44.771996], [20.544297, 44.772884], [20.546731, 44.777441], [20.542176, 44.781109], [20.535188, 44.780221]]]}, "properties": {"h3": "881e1b2d37fffff", "poi": 40, "richness": 9, "hill_q1": 5.794, "hill_q2": 4.469, "top_share": 0.325, "flagged": false, "dominant": "shopping", "dna": {"shopping": 0.325, "services_and_business": 0.3, "travel_and_transportation": 0.125, "sports_and_recreation": 0.075, "education": 0.05, "lifestyle_services": 0.05, "arts_and_entertainment": 0.025, "food_and_drink": 0.025, "lodging": 0.025}, "tfidf": {"shopping": 0.34, "services_and_business": 0.311, "travel_and_transportation": 0.142, "sports_and_recreation": 0.084, "education": 0.062, "lifestyle_services": 0.058, "lodging": 0.036, "arts_and_entertainment": 0.032, "food_and_drink": 0.026}, "cluster": -1}}, {"type": "Feature", "geometry": {"type": "Polygon", "coordinates": [[[20.530944, 44.796668], [20.52851, 44.792112], [20.533066, 44.788445], [20.540055, 44.789333], [20.542489, 44.793888], [20.537934, 44.797556], [20.530944, 44.796668]]]}, "properties": {"h3": "881e1b2d39fffff", "poi": 158, "richness": 12, "hill_q1": 8.842, "hill_q2": 7.169, "top_share": 0.247, "flagged": false, "dominant": "shopping", "dna": {"shopping": 0.247, "lifestyle_services": 0.158, "food_and_drink": 0.152, "services_and_business": 0.12, "sports_and_recreation": 0.076, "travel_and_transportation": 0.063, "education": 0.051, "cultural_and_historic": 0.032, "health_care": 0.032, "arts_and_entertainment": 0.025, "community_and_government": 0.025, "lodging": 0.019}, "tfidf": {"shopping": 0.258, "lifestyle_services": 0.183, "food_and_drink": 0.158, "services_and_business": 0.125, "sports_and_recreation": 0.085, "travel_and_transportation": 0.072, "education": 0.063, "health_care": 0.042, "cultural_and_historic": 0.041, "community_and_government": 0.033, "arts_and_entertainment": 0.033, "lodging": 0.028}, "cluster": -1}}, {"type": "Feature", "geometry": {"type": "Polygon", "coordinates": [[[20.542489, 44.793888], [20.540055, 44.789333], [20.54461, 44.785665], [20.5516, 44.786552], [20.554034, 44.791108], [20.549479, 44.794776], [20.542489, 44.793888]]]}, "properties": {"h3": "881e1b2d3bfffff", "poi": 43, "richness": 11, "hill_q1": 9.046, "hill_q2": 7.802, "top_share": 0.233, "flagged": false, "dominant": "services_and_business", "dna": {"services_and_business": 0.233, "lifestyle_services": 0.14, "shopping": 0.116, "sports_and_recreation": 0.116, "food_and_drink": 0.093, "travel_and_transportation": 0.093, "health_care": 0.07, "cultural_and_historic": 0.047, "education": 0.047, "arts_and_entertainment": 0.023, "community_and_government": 0.023}, "tfidf": {"services_and_business": 0.241, "lifestyle_services": 0.162, "sports_and_recreation": 0.131, "shopping": 0.122, "travel_and_transportation": 0.105, "food_and_drink": 0.097, "health_care": 0.093, "cultural_and_historic": 0.06, "education": 0.058, "community_and_government": 0.03, "arts_and_entertainment": 0.03}, "cluster": -1}}, {"type": "Feature", "geometry": {"type": "Polygon", "coordinates": [[[20.521521, 44.791223], [20.519088, 44.786667], [20.523644, 44.783], [20.530632, 44.783889], [20.533066, 44.788445], [20.52851, 44.792112], [20.521521, 44.791223]]]}, "properties": {"h3": "881e1b2d3dfffff", "poi": 70, "richness": 12, "hill_q1": 10.13, "hill_q2": 9.007, "top_share": 0.171, "flagged": false, "dominant": "services_and_business", "dna": {"services_and_business": 0.171, "shopping": 0.143, "food_and_drink": 0.129, "lifestyle_services": 0.129, "sports_and_recreation": 0.1, "travel_and_transportation": 0.086, "education": 0.057, "lodging": 0.057, "arts_and_entertainment": 0.043, "community_and_government": 0.029, "cultural_and_historic": 0.029, "health_care": 0.029}, "tfidf": {"services_and_business": 0.178, "shopping": 0.15, "lifestyle_services": 0.149, "food_and_drink": 0.133, "sports_and_recreation": 0.112, "travel_and_transportation": 0.097, "lodging": 0.083, "education": 0.071, "arts_and_entertainment": 0.055, "health_care": 0.038, "community_and_government": 0.037, "cultural_and_historic": 0.037}, "cluster": -1}}, {"type": "Feature", "geometry": {"type": "Polygon", "coordinates": [[[20.513025, 44.824108], [20.510592, 44.819554], [20.51515, 44.815888], [20.522141, 44.816777], [20.524575, 44.821332], [20.520017, 44.824997], [20.513025, 44.824108]]]}, "properties": {"h3": "881e1b2d43fffff", "poi": 37, "richness": 9, "hill_q1": 6.658, "hill_q2": 5.411, "top_share": 0.324, "flagged": false, "dominant": "shopping", "dna": {"shopping": 0.324, "food_and_drink": 0.162, "services_and_business": 0.162, "travel_and_transportation": 0.108, "lifestyle_services": 0.081, "sports_and_recreation": 0.081, "arts_and_entertainment": 0.027, "cultural_and_historic": 0.027, "health_care": 0.027}, "tfidf": {"shopping": 0.34, "food_and_drink": 0.168, "services_and_business": 0.168, "travel_and_transportation": 0.122, "lifestyle_services": 0.094, "sports_and_recreation": 0.091, "health_care": 0.036, "cultural_and_historic": 0.035, "arts_and_entertainment": 0.035}, "cluster": -1}}, {"type": "Feature", "geometry": {"type": "Polygon", "coordinates": [[[20.49205, 44.821438], [20.489618, 44.816883], [20.494177, 44.813218], [20.501168, 44.814109], [20.5036, 44.818664], [20.499042, 44.822329], [20.49205, 44.821438]]]}, "properties": {"h3": "881e1b2d45fffff", "poi": 98, "richness": 12, "hill_q1": 8.488, "hill_q2": 6.87, "top_share": 0.224, "flagged": false, "dominant": "services_and_business", "dna": {"services_and_business": 0.224, "shopping": 0.224, "food_and_drink": 0.133, "sports_and_recreation": 0.102, "lifestyle_services": 0.071, "travel_and_transportation": 0.071, "health_care": 0.061, "community_and_government": 0.031, "education": 0.031, "arts_and_entertainment": 0.02, "cultural_and_historic": 0.02, "lodging": 0.01}, "tfidf": {"shopping": 0.235, "services_and_business": 0.233, "food_and_drink": 0.138, "sports_and_recreation": 0.115, "lifestyle_services": 0.083, "health_care": 0.081, "travel_and_transportation": 0.081, "community_and_government": 0.04, "education": 0.038, "cultural_and_historic": 0.026, "arts_and_entertainment": 0.026, "lodging": 0.015}, "cluster": -1}}, {"type": "Feature", "geometry": {"type": "Polygon", "coordinates": [[[20.5036, 44.818664], [20.501168, 44.814109], [20.505726, 44.810443], [20.512716, 44.811333], [20.51515, 44.815888], [20.510592, 44.819554], [20.5036, 44.818664]]]}, "properties": {"h3": "881e1b2d47fffff", "poi": 191, "richness": 12, "hill_q1": 6.179, "hill_q2": 4.297, "top_share": 0.403, "flagged": false, "dominant": "shopping", "dna": {"shopping": 0.403, "services_and_business": 0.209, "food_and_drink": 0.115, "sports_and_recreation": 0.073, "lifestyle_services": 0.068, "arts_and_entertainment": 0.031, "travel_and_transportation": 0.031, "education": 0.021, "community_and_government": 0.016, "health_care": 0.016, "lodging": 0.01, "cultural_and_historic": 0.005}, "tfidf": {"shopping": 0.422, "services_and_business": 0.217, "food_and_drink": 0.12, "sports_and_recreation": 0.082, "lifestyle_services": 0.079, "arts_and_entertainment": 0.041, "travel_and_transportation": 0.036, "education": 0.026, "health_care": 0.021, "community_and_government": 0.02, "lodging": 0.015, "cultural_and_historic": 0.007}, "cluster": -1}}, {"type": "Feature", "geometry": {"type": "Polygon", "coordinates": [[[20.534002, 44.826774], [20.531567, 44.82222], [20.536124, 44.818554], [20.543116, 44.819442], [20.545551, 44.823996], [20.540994, 44.827662], [20.534002, 44.826774]]]}, "properties": {"h3": "881e1b2d51fffff", "poi": 21, "richness": 11, "hill_q1": 9.51, "hill_q2": 8.321, "top_share": 0.19, "flagged": false, "dominant": "services_and_business", "dna": {"services_and_business": 0.19, "travel_and_transportation": 0.19, "community_and_government": 0.095, "food_and_drink": 0.095, "lifestyle_services": 0.095, "shopping": 0.095, "arts_and_entertainment": 0.048, "cultural_and_historic": 0.048, "education": 0.048, "geographic_entities": 0.048, "sports_and_recreation": 0.048}, "tfidf": {"travel_and_transportation": 0.216, "services_and_business": 0.198, "community_and_government": 0.124, "geographic_entities": 0.117, "lifestyle_services": 0.11, "shopping": 0.1, "food_and_drink": 0.099, "cultural_and_historic": 0.062, "arts_and_entertainment": 0.062, "education": 0.06, "sports_and_recreation": 0.053}, "cluster": -1}}, {"type": "Feature", "geometry": {"type": "Polygon", "coordinates": [[[20.524575, 44.821332], [20.522141, 44.816777], [20.526698, 44.813111], [20.53369, 44.814], [20.536124, 44.818554], [20.531567, 44.82222], [20.524575, 44.821332]]]}, "properties": {"h3": "881e1b2d55fffff", "poi": 52, "richness": 11, "hill_q1": 8.345, "hill_q2": 6.794, "top_share": 0.25, "flagged": false, "dominant": "shopping", "dna": {"shopping": 0.25, "food_and_drink": 0.212, "lifestyle_services": 0.096, "services_and_business": 0.096, "travel_and_transportation": 0.096, "arts_and_entertainment": 0.058, "education": 0.058, "sports_and_recreation": 0.058, "community_and_government": 0.038, "cultural_and_historic": 0.019, "geographic_entities": 0.019}, "tfidf": {"shopping": 0.262, "food_and_drink": 0.219, "lifestyle_services": 0.111, "travel_and_transportation": 0.109, "services_and_business": 0.1, "arts_and_entertainment": 0.075, "education": 0.072, "sports_and_recreation": 0.065, "community_and_government": 0.05, "geographic_entities": 0.047, "cultural_and_historic": 0.025}, "cluster": -1}}, {"type": "Feature", "geometry": {"type": "Polygon", "coordinates": [[[20.536124, 44.818554], [20.53369, 44.814], [20.538246, 44.810333], [20.545238, 44.811221], [20.547673, 44.815775], [20.543116, 44.819442], [20.536124, 44.818554]]]}, "properties": {"h3": "881e1b2d57fffff", "poi": 62, "richness": 11, "hill_q1": 8.664, "hill_q2": 7.75, "top_share": 0.177, "flagged": false, "dominant": "education", "dna": {"education": 0.177, "shopping": 0.161, "food_and_drink": 0.129, "lifestyle_services": 0.129, "services_and_business": 0.129, "sports_and_recreation": 0.129, "community_and_government": 0.048, "health_care": 0.032, "travel_and_transportation": 0.032, "cultural_and_historic": 0.016, "lodging": 0.016}, "tfidf": {"education": 0.222, "shopping": 0.169, "lifestyle_services": 0.15, "sports_and_recreation": 0.145, "food_and_drink": 0.134, "services_and_business": 0.134, "community_and_government": 0.063, "health_care": 0.043, "travel_and_transportation": 0.037, "lodging": 0.023, "cultural_and_historic": 0.021}, "cluster": -1}}, {"type": "Feature", "geometry": {"type": "Polygon", "coordinates": [[[20.543429, 44.832216], [20.540994, 44.827662], [20.545551, 44.823996], [20.552544, 44.824883], [20.55498, 44.829437], [20.550423, 44.833103], [20.543429, 44.832216]]]}, "properties": {"h3": "881e1b2d5bfffff", "poi": 17, "richness": 7, "hill_q1": 5.074, "hill_q2": 3.959, "top_share": 0.412, "flagged": false, "dominant": "food_and_drink", "dna": {"food_and_drink": 0.412, "services_and_business": 0.235, "shopping": 0.118, "cultural_and_historic": 0.059, "education": 0.059, "health_care": 0.059, "lifestyle_services": 0.059}, "tfidf": {"food_and_drink": 0.427, "services_and_business": 0.244, "shopping": 0.123, "health_care": 0.078, "cultural_and_historic": 0.076, "education": 0.074, "lifestyle_services": 0.068}, "cluster": -1}}, {"type": "Feature", "geometry": {"type": "Polygon", "coordinates": [[[20.484755, 44.807772], [20.482324, 44.803216], [20.486882, 44.799551], [20.493871, 44.800442], [20.496303, 44.804998], [20.491745, 44.808663], [20.484755, 44.807772]]]}, "properties": {"h3": "881e1b2d61fffff", "poi": 429, "richness": 12, "hill_q1": 8.224, "hill_q2": 6.848, "top_share": 0.221, "flagged": false, "dominant": "shopping", "dna": {"shopping": 0.221, "food_and_drink": 0.175, "lifestyle_services": 0.175, "services_and_business": 0.152, "health_care": 0.065, "education": 0.056, "sports_and_recreation": 0.054, "arts_and_entertainment": 0.033, "community_and_government": 0.028, "cultural_and_historic": 0.021, "lodging": 0.019, "travel_and_transportation": 0.002}, "tfidf": {"shopping": 0.232, "lifestyle_services": 0.203, "food_and_drink": 0.181, "services_and_business": 0.157, "health_care": 0.087, "education": 0.07, "sports_and_recreation": 0.06, "arts_and_entertainment": 0.042, "community_and_government": 0.036, "cultural_and_historic": 0.027, "lodging": 0.027, "travel_and_transportation": 0.003}, "cluster": -1}}, {"type": "Feature", "geometry": {"type": "Polygon", "coordinates": [[[20.496303, 44.804998], [20.493871, 44.800442], [20.498429, 44.796776], [20.505418, 44.797666], [20.507851, 44.802222], [20.503293, 44.805888], [20.496303, 44.804998]]]}, "properties": {"h3": "881e1b2d63fffff", "poi": 96, "richness": 12, "hill_q1": 8.88, "hill_q2": 7.291, "top_share": 0.25, "flagged": false, "dominant": "services_and_business", "dna": {"services_and_business": 0.25, "shopping": 0.177, "food_and_drink": 0.094, "sports_and_recreation": 0.094, "education": 0.083, "health_care": 0.083, "lifestyle_services": 0.083, "lodging": 0.052, "cultural_and_historic": 0.031, "travel_and_transportation": 0.031, "arts_and_entertainment": 0.01, "community_and_government": 0.01}, "tfidf": {"services_and_business": 0.259, "shopping": 0.185, "health_care": 0.111, "sports_and_recreation": 0.105, "education": 0.104, "food_and_drink": 0.097, "lifestyle_services": 0.097, "lodging": 0.076, "cultural_and_historic": 0.041, "travel_and_transportation": 0.035, "community_and_government": 0.014, "arts_and_entertainment": 0.013}, "cluster": -1}}, {"type": "Feature", "geometry": {"type": "Polygon", "coordinates": [[[20.475334, 44.802324], [20.472904, 44.797768], [20.477462, 44.794103], [20.484451, 44.794995], [20.486882, 44.799551], [20.482324, 44.803216], [20.475334, 44.802324]]]}, "properties": {"h3": "881e1b2d65fffff", "poi": 852, "richness": 12, "hill_q1": 8.737, "hill_q2": 7.245, "top_share": 0.225, "flagged": false, "dominant": "food_and_drink", "dna": {"food_and_drink": 0.225, "shopping": 0.167, "lifestyle_services": 0.16, "services_and_business": 0.135, "health_care": 0.079, "sports_and_recreation": 0.054, "education": 0.049, "community_and_government": 0.047, "arts_and_entertainment": 0.033, "lodging": 0.022, "travel_and_transportation": 0.018, "cultural_and_historic": 0.012}, "tfidf": {"food_and_drink": 0.234, "lifestyle_services": 0.185, "shopping": 0.175, "services_and_business": 0.14, "health_care": 0.105, "education": 0.062, "community_and_government": 0.061, "sports_and_recreation": 0.061, "arts_and_entertainment": 0.042, "lodging": 0.032, "travel_and_transportation": 0.02, "cultural_and_historic": 0.015}, "cluster": -1}}, {"type": "Feature", "geometry": {"type": "Polygon", "coordinates": [[[20.486882, 44.799551], [20.484451, 44.794995], [20.489008, 44.791329], [20.495997, 44.79222], [20.498429, 44.796776], [20.493871, 44.800442], [20.486882, 44.799551]]]}, "properties": {"h3": "881e1b2d67fffff", "poi": 523, "richness": 12, "hill_q1": 8.64, "hill_q2": 7.246, "top_share": 0.212, "flagged": false, "dominant": "shopping", "dna": {"shopping": 0.212, "food_and_drink": 0.164, "lifestyle_services": 0.159, "services_and_business": 0.147, "health_care": 0.105, "sports_and_recreation": 0.063, "education": 0.04, "community_and_government": 0.027, "arts_and_entertainment": 0.023, "lodging": 0.021, "cultural_and_historic": 0.019, "travel_and_transportation": 0.019}, "tfidf": {"shopping": 0.222, "lifestyle_services": 0.184, "food_and_drink": 0.171, "services_and_business": 0.153, "health_care": 0.14, "sports_and_recreation": 0.071, "education": 0.05, "community_and_government": 0.035, "lodging": 0.031, "arts_and_entertainment": 0.03, "cultural_and_historic": 0.025, "travel_and_transportation": 0.022}, "cluster": -1}}, {"type": "Feature", "geometry": {"type": "Polygon", "coordinates": [[[20.482627, 44.815992], [20.480196, 44.811436], [20.484755, 44.807772], [20.491745, 44.808663], [20.494177, 44.813218], [20.489618, 44.816883], [20.482627, 44.815992]]]}, "properties": {"h3": "881e1b2d69fffff", "poi": 167, "richness": 12, "hill_q1": 9.976, "hill_q2": 8.823, "top_share": 0.174, "flagged": false, "dominant": "food_and_drink", "dna": {"food_and_drink": 0.174, "sports_and_recreation": 0.156, "shopping": 0.132, "services_and_business": 0.126, "education": 0.084, "travel_and_transportation": 0.084, "community_and_government": 0.066, "arts_and_entertainment": 0.054, "health_care": 0.048, "lifestyle_services": 0.036, "lodging": 0.024, "cultural_and_historic": 0.018}, "tfidf": {"food_and_drink": 0.18, "sports_and_recreation": 0.175, "shopping": 0.138, "services_and_business": 0.13, "education": 0.105, "travel_and_transportation": 0.095, "community_and_government": 0.086, "arts_and_entertainment": 0.07, "health_care": 0.064, "lifestyle_services": 0.042, "lodging": 0.035, "cultural_and_historic": 0.023}, "cluster": -1}}, {"type": "Feature", "geometry": {"type": "Polygon", "coordinates": [[[20.494177, 44.813218], [20.491745, 44.808663], [20.496303, 44.804998], [20.503293, 44.805888], [20.505726, 44.810443], [20.501168, 44.814109], [20.494177, 44.813218]]]}, "properties": {"h3": "881e1b2d6bfffff", "poi": 74, "richness": 12, "hill_q1": 9.168, "hill_q2": 7.34, "top_share": 0.257, "flagged": false, "dominant": "food_and_drink", "dna": {"food_and_drink": 0.257, "services_and_business": 0.176, "shopping": 0.108, "health_care": 0.081, "sports_and_recreation": 0.081, "cultural_and_historic": 0.068, "lifestyle_services": 0.054, "travel_and_transportation": 0.054, "community_and_government": 0.041, "education": 0.041, "arts_and_entertainment": 0.027, "lodging": 0.014}, "tfidf": {"food_and_drink": 0.266, "services_and_business": 0.182, "shopping": 0.113, "health_care": 0.108, "sports_and_recreation": 0.091, "cultural_and_historic": 0.088, "lifestyle_services": 0.063, "travel_and_transportation": 0.061, "community_and_government": 0.053, "education": 0.051, "arts_and_entertainment": 0.035, "lodging": 0.02}, "cluster": -1}}, {"type": "Feature", "geometry": {"type": "Polygon", "coordinates": [[[20.473206, 44.810545], [20.470775, 44.805989], [20.475334, 44.802324], [20.482324, 44.803216], [20.484755, 44.807772], [20.480196, 44.811436], [20.473206, 44.810545]]]}, "properties": {"h3": "881e1b2d6dfffff", "poi": 869, "richness": 13, "hill_q1": 9.297, "hill_q2": 7.828, "top_share": 0.197, "flagged": false, "dominant": "food_and_drink", "dna": {"food_and_drink": 0.197, "shopping": 0.177, "services_and_business": 0.163, "lifestyle_services": 0.1, "education": 0.084, "health_care": 0.076, "community_and_government": 0.054, "sports_and_recreation": 0.054, "arts_and_entertainment": 0.026, "travel_and_transportation": 0.026, "cultural_and_historic": 0.021, "lodging": 0.02, "geographic_entities": 0.001}, "tfidf": {"food_and_drink": 0.204, "shopping": 0.186, "services_and_business": 0.17, "lifestyle_services": 0.116, "education": 0.105, "health_care": 0.101, "community_and_government": 0.07, "sports_and_recreation": 0.061, "arts_and_entertainment": 0.034, "travel_and_transportation": 0.03, "lodging": 0.028, "cultural_and_historic": 0.027, "geographic_entities": 0.003}, "cluster": -1}}, {"type": "Feature", "geometry": {"type": "Polygon", "coordinates": [[[20.485668, 44.846093], [20.483236, 44.841539], [20.487796, 44.837876], [20.494789, 44.838766], [20.497222, 44.84332], [20.492661, 44.846984], [20.485668, 44.846093]]]}, "properties": {"h3": "881e1b2f21fffff", "poi": 55, "richness": 11, "hill_q1": 7.161, "hill_q2": 5.279, "top_share": 0.345, "flagged": false, "dominant": "shopping", "dna": {"shopping": 0.345, "food_and_drink": 0.164, "lifestyle_services": 0.164, "services_and_business": 0.073, "travel_and_transportation": 0.073, "arts_and_entertainment": 0.036, "cultural_and_historic": 0.036, "education": 0.036, "health_care": 0.036, "community_and_government": 0.018, "lodging": 0.018}, "tfidf": {"shopping": 0.362, "lifestyle_services": 0.19, "food_and_drink": 0.17, "travel_and_transportation": 0.082, "services_and_business": 0.075, "health_care": 0.048, "cultural_and_historic": 0.047, "arts_and_entertainment": 0.047, "education": 0.045, "lodging": 0.026, "community_and_government": 0.024}, "cluster": -1}}, {"type": "Feature", "geometry": {"type": "Polygon", "coordinates": [[[20.497222, 44.84332], [20.494789, 44.838766], [20.499348, 44.835102], [20.506341, 44.835992], [20.508775, 44.840546], [20.504215, 44.84421], [20.497222, 44.84332]]]}, "properties": {"h3": "881e1b2f23fffff", "poi": 16, "richness": 9, "hill_q1": 7.221, "hill_q2": 5.818, "top_share": 0.313, "flagged": false, "dominant": "travel_and_transportation", "dna": {"travel_and_transportation": 0.313, "services_and_business": 0.188, "food_and_drink": 0.125, "arts_and_entertainment": 0.063, "cultural_and_historic": 0.063, "education": 0.063, "health_care": 0.063, "lifestyle_services": 0.063, "shopping": 0.063}, "tfidf": {"travel_and_transportation": 0.354, "services_and_business": 0.195, "food_and_drink": 0.13, "health_care": 0.083, "cultural_and_historic": 0.081, "arts_and_entertainment": 0.081, "education": 0.078, "lifestyle_services": 0.072, "shopping": 0.065}, "cluster": -1}}, {"type": "Feature", "geometry": {"type": "Polygon", "coordinates": [[[20.48354, 44.85431], [20.481107, 44.849756], [20.485668, 44.846093], [20.492661, 44.846984], [20.495095, 44.851538], [20.490534, 44.855201], [20.48354, 44.85431]]]}, "properties": {"h3": "881e1b2f29fffff", "poi": 46, "richness": 8, "hill_q1": 5.747, "hill_q2": 4.744, "top_share": 0.304, "flagged": false, "dominant": "services_and_business", "dna": {"services_and_business": 0.304, "shopping": 0.283, "travel_and_transportation": 0.13, "food_and_drink": 0.109, "lifestyle_services": 0.065, "sports_and_recreation": 0.065, "community_and_government": 0.022, "health_care": 0.022}, "tfidf": {"services_and_business": 0.316, "shopping": 0.296, "travel_and_transportation": 0.148, "food_and_drink": 0.113, "lifestyle_services": 0.076, "sports_and_recreation": 0.073, "health_care": 0.029, "community_and_government": 0.028}, "cluster": -1}}, {"type": "Feature", "geometry": {"type": "Polygon", "coordinates": [[[20.486582, 44.8844], [20.484149, 44.879847], [20.488711, 44.876185], [20.495707, 44.877076], [20.498141, 44.881628], [20.493579, 44.88529], [20.486582, 44.8844]]]}, "properties": {"h3": "881e1b2f41fffff", "poi": 11, "richness": 4, "hill_q1": 3.538, "hill_q2": 3.27, "top_share": 0.364, "flagged": false, "dominant": "food_and_drink", "dna": {"food_and_drink": 0.364, "travel_and_transportation": 0.364, "shopping": 0.182, "services_and_business": 0.091}, "tfidf": {"travel_and_transportation": 0.412, "food_and_drink": 0.377, "shopping": 0.19, "services_and_business": 0.094}, "cluster": -1}}, {"type": "Feature", "geometry": {"type": "Polygon", "coordinates": [[[20.469855, 44.865297], [20.467423, 44.860743], [20.471985, 44.857081], [20.478979, 44.857973], [20.481411, 44.862526], [20.476849, 44.866189], [20.469855, 44.865297]]]}, "properties": {"h3": "881e1b2f61fffff", "poi": 36, "richness": 9, "hill_q1": 6.119, "hill_q2": 4.872, "top_share": 0.333, "flagged": false, "dominant": "shopping", "dna": {"shopping": 0.333, "services_and_business": 0.222, "travel_and_transportation": 0.167, "food_and_drink": 0.083, "sports_and_recreation": 0.083, "arts_and_entertainment": 0.028, "education": 0.028, "lifestyle_services": 0.028, "lodging": 0.028}, "tfidf": {"shopping": 0.349, "services_and_business": 0.231, "travel_and_transportation": 0.189, "sports_and_recreation": 0.094, "food_and_drink": 0.086, "lodging": 0.04, "arts_and_entertainment": 0.036, "education": 0.035, "lifestyle_services": 0.032}, "cluster": -1}}, {"type": "Feature", "geometry": {"type": "Polygon", "coordinates": [[[20.481411, 44.862526], [20.478979, 44.857973], [20.48354, 44.85431], [20.490534, 44.855201], [20.492967, 44.859754], [20.488406, 44.863417], [20.481411, 44.862526]]]}, "properties": {"h3": "881e1b2f63fffff", "poi": 16, "richness": 6, "hill_q1": 4.92, "hill_q2": 4.267, "top_share": 0.313, "flagged": false, "dominant": "services_and_business", "dna": {"services_and_business": 0.313, "shopping": 0.313, "education": 0.125, "sports_and_recreation": 0.125, "lifestyle_services": 0.063, "lodging": 0.063}, "tfidf": {"shopping": 0.327, "services_and_business": 0.324, "education": 0.156, "sports_and_recreation": 0.14, "lodging": 0.091, "lifestyle_services": 0.072}, "cluster": -1}}, {"type": "Feature", "geometry": {"type": "Polygon", "coordinates": [[[20.471985, 44.857081], [20.469553, 44.852527], [20.474114, 44.848865], [20.481107, 44.849756], [20.48354, 44.85431], [20.478979, 44.857973], [20.471985, 44.857081]]]}, "properties": {"h3": "881e1b2f67fffff", "poi": 29, "richness": 8, "hill_q1": 6.169, "hill_q2": 5.16, "top_share": 0.276, "flagged": false, "dominant": "food_and_drink", "dna": {"food_and_drink": 0.276, "shopping": 0.276, "services_and_business": 0.138, "lifestyle_services": 0.103, "lodging": 0.069, "travel_and_transportation": 0.069, "education": 0.034, "health_care": 0.034}, "tfidf": {"shopping": 0.289, "food_and_drink": 0.286, "services_and_business": 0.143, "lifestyle_services": 0.12, "lodging": 0.1, "travel_and_transportation": 0.078, "health_care": 0.046, "education": 0.043}, "cluster": -1}}, {"type": "Feature", "geometry": {"type": "Polygon", "coordinates": [[[20.467724, 44.873512], [20.465292, 44.868959], [20.469855, 44.865297], [20.476849, 44.866189], [20.479282, 44.870742], [20.47472, 44.874403], [20.467724, 44.873512]]]}, "properties": {"h3": "881e1b2f69fffff", "poi": 29, "richness": 7, "hill_q1": 5.684, "hill_q2": 5.16, "top_share": 0.241, "flagged": false, "dominant": "shopping", "dna": {"shopping": 0.241, "food_and_drink": 0.207, "services_and_business": 0.207, "travel_and_transportation": 0.207, "sports_and_recreation": 0.069, "community_and_government": 0.034, "cultural_and_historic": 0.034}, "tfidf": {"shopping": 0.253, "travel_and_transportation": 0.234, "food_and_drink": 0.215, "services_and_business": 0.215, "sports_and_recreation": 0.077, "community_and_government": 0.045, "cultural_and_historic": 0.045}, "cluster": -1}}, {"type": "Feature", "geometry": {"type": "Polygon", "coordinates": [[[20.454699, 44.714725], [20.452272, 44.710164], [20.456827, 44.706496], [20.463808, 44.70739], [20.466235, 44.71195], [20.461681, 44.715618], [20.454699, 44.714725]]]}, "properties": {"h3": "881ef5900dfffff", "poi": 45, "richness": 13, "hill_q1": 8.955, "hill_q2": 6.959, "top_share": 0.244, "flagged": false, "dominant": "shopping", "dna": {"shopping": 0.244, "food_and_drink": 0.178, "services_and_business": 0.178, "sports_and_recreation": 0.089, "travel_and_transportation": 0.067, "education": 0.044, "geographic_entities": 0.044, "lifestyle_services": 0.044, "arts_and_entertainment": 0.022, "community_and_government": 0.022, "cultural_and_historic": 0.022, "health_care": 0.022, "lodging": 0.022}, "tfidf": {"shopping": 0.256, "food_and_drink": 0.184, "services_and_business": 0.184, "geographic_entities": 0.109, "sports_and_recreation": 0.1, "travel_and_transportation": 0.076, "education": 0.056, "lifestyle_services": 0.052, "lodging": 0.032, "health_care": 0.03, "community_and_government": 0.029, "cultural_and_historic": 0.029, "arts_and_entertainment": 0.029}, "cluster": -1}}, {"type": "Feature", "geometry": {"type": "Polygon", "coordinates": [[[20.496592, 44.720078], [20.494163, 44.715518], [20.498716, 44.711849], [20.505698, 44.71274], [20.508128, 44.7173], [20.503575, 44.720969], [20.496592, 44.720078]]]}, "properties": {"h3": "881ef59019fffff", "poi": 11, "richness": 6, "hill_q1": 5.164, "hill_q2": 4.481, "top_share": 0.364, "flagged": false, "dominant": "services_and_business", "dna": {"services_and_business": 0.364, "lodging": 0.182, "shopping": 0.182, "food_and_drink": 0.091, "sports_and_recreation": 0.091, "travel_and_transportation": 0.091}, "tfidf": {"services_and_business": 0.377, "lodging": 0.264, "shopping": 0.19, "travel_and_transportation": 0.103, "sports_and_recreation": 0.102, "food_and_drink": 0.094}, "cluster": -1}}, {"type": "Feature", "geometry": {"type": "Polygon", "coordinates": [[[20.452571, 44.722952], [20.450144, 44.718392], [20.454699, 44.714725], [20.461681, 44.715618], [20.464108, 44.720178], [20.459554, 44.723846], [20.452571, 44.722952]]]}, "properties": {"h3": "881ef59047fffff", "poi": 10, "richness": 5, "hill_q1": 4.131, "hill_q2": 3.571, "top_share": 0.4, "flagged": false, "dominant": "shopping", "dna": {"shopping": 0.4, "services_and_business": 0.3, "cultural_and_historic": 0.1, "food_and_drink": 0.1, "lifestyle_services": 0.1}, "tfidf": {"shopping": 0.419, "services_and_business": 0.311, "cultural_and_historic": 0.13, "lifestyle_services": 0.116, "food_and_drink": 0.104}, "cluster": -1}}, {"type": "Feature", "geometry": {"type": "Polygon", "coordinates": [[[20.459854, 44.736632], [20.457426, 44.732072], [20.461981, 44.728406], [20.468964, 44.729298], [20.471393, 44.733858], [20.466837, 44.737525], [20.459854, 44.736632]]]}, "properties": {"h3": "881ef5904bfffff", "poi": 15, "richness": 7, "hill_q1": 5.853, "hill_q2": 5.0, "top_share": 0.333, "flagged": false, "dominant": "services_and_business", "dna": {"services_and_business": 0.333, "food_and_drink": 0.2, "lifestyle_services": 0.133, "shopping": 0.133, "cultural_and_historic": 0.067, "sports_and_recreation": 0.067, "travel_and_transportation": 0.067}, "tfidf": {"services_and_business": 0.346, "food_and_drink": 0.208, "lifestyle_services": 0.155, "shopping": 0.14, "cultural_and_historic": 0.087, "travel_and_transportation": 0.076, "sports_and_recreation": 0.075}, "cluster": -1}}, {"type": "Feature", "geometry": {"type": "Polygon", "coordinates": [[[20.482931, 44.731083], [20.480502, 44.726523], [20.485056, 44.722855], [20.492039, 44.723747], [20.494468, 44.728306], [20.489914, 44.731974], [20.482931, 44.731083]]]}, "properties": {"h3": "881ef59051fffff", "poi": 15, "richness": 8, "hill_q1": 6.529, "hill_q2": 5.488, "top_share": 0.267, "flagged": false, "dominant": "sports_and_recreation", "dna": {"sports_and_recreation": 0.267, "travel_and_transportation": 0.267, "lodging": 0.133, "arts_and_entertainment": 0.067, "cultural_and_historic": 0.067, "health_care": 0.067, "services_and_business": 0.067, "shopping": 0.067}, "tfidf": {"travel_and_transportation": 0.302, "sports_and_recreation": 0.299, "lodging": 0.194, "health_care": 0.089, "cultural_and_historic": 0.087, "arts_and_entertainment": 0.086, "shopping": 0.07, "services_and_business": 0.069}, "cluster": -1}}, {"type": "Feature", "geometry": {"type": "Polygon", "coordinates": [[[20.480805, 44.73931], [20.478376, 44.73475], [20.482931, 44.731083], [20.489914, 44.731974], [20.492344, 44.736533], [20.487789, 44.740201], [20.480805, 44.73931]]]}, "properties": {"h3": "881ef59059fffff", "poi": 12, "richness": 5, "hill_q1": 4.364, "hill_q2": 4.0, "top_share": 0.333, "flagged": false, "dominant": "services_and_business", "dna": {"services_and_business": 0.333, "education": 0.25, "shopping": 0.25, "community_and_government": 0.083, "cultural_and_historic": 0.083}, "tfidf": {"services_and_business": 0.346, "education": 0.312, "shopping": 0.262, "community_and_government": 0.108, "cultural_and_historic": 0.108}, "cluster": -1}}, {"type": "Feature", "geometry": {"type": "Polygon", "coordinates": [[[20.471393, 44.733858], [20.468964, 44.729298], [20.473519, 44.725631], [20.480502, 44.726523], [20.482931, 44.731083], [20.478376, 44.73475], [20.471393, 44.733858]]]}, "properties": {"h3": "881ef5905dfffff", "poi": 11, "richness": 5, "hill_q1": 4.553, "hill_q2": 4.172, "top_share": 0.364, "flagged": false, "dominant": "shopping", "dna": {"shopping": 0.364, "lifestyle_services": 0.182, "services_and_business": 0.182, "sports_and_recreation": 0.182, "food_and_drink": 0.091}, "tfidf": {"shopping": 0.381, "lifestyle_services": 0.211, "sports_and_recreation": 0.204, "services_and_business": 0.189, "food_and_drink": 0.094}, "cluster": -1}}, {"type": "Feature", "geometry": {"type": "Polygon", "coordinates": [[[20.445291, 44.70927], [20.442865, 44.704709], [20.44742, 44.701041], [20.4544, 44.701935], [20.456827, 44.706496], [20.452272, 44.710164], [20.445291, 44.70927]]]}, "properties": {"h3": "881ef59063fffff", "poi": 14, "richness": 7, "hill_q1": 5.133, "hill_q2": 3.92, "top_share": 0.429, "flagged": false, "dominant": "travel_and_transportation", "dna": {"travel_and_transportation": 0.429, "shopping": 0.214, "community_and_government": 0.071, "education": 0.071, "food_and_drink": 0.071, "services_and_business": 0.071, "sports_and_recreation": 0.071}, "tfidf": {"travel_and_transportation": 0.486, "shopping": 0.224, "community_and_government": 0.093, "education": 0.089, "sports_and_recreation": 0.08, "food_and_drink": 0.074, "services_and_business": 0.074}, "cluster": -1}}, {"type": "Feature", "geometry": {"type": "Polygon", "coordinates": [[[20.45134, 44.769531], [20.448911, 44.764972], [20.453469, 44.761307], [20.460454, 44.7622], [20.462883, 44.766759], [20.458326, 44.770424], [20.45134, 44.769531]]]}, "properties": {"h3": "881ef59201fffff", "poi": 62, "richness": 9, "hill_q1": 7.055, "hill_q2": 5.878, "top_share": 0.306, "flagged": false, "dominant": "services_and_business", "dna": {"services_and_business": 0.306, "health_care": 0.145, "food_and_drink": 0.129, "shopping": 0.129, "lifestyle_services": 0.113, "sports_and_recreation": 0.065, "cultural_and_historic": 0.048, "education": 0.048, "travel_and_transportation": 0.016}, "tfidf": {"services_and_business": 0.318, "health_care": 0.193, "shopping": 0.135, "food_and_drink": 0.134, "lifestyle_services": 0.131, "sports_and_recreation": 0.072, "cultural_and_historic": 0.063, "education": 0.06, "travel_and_transportation": 0.018}, "cluster": -1}}, {"type": "Feature", "geometry": {"type": "Polygon", "coordinates": [[[20.462883, 44.766759], [20.460454, 44.7622], [20.465011, 44.758535], [20.471997, 44.759427], [20.474426, 44.763985], [20.469869, 44.767651], [20.462883, 44.766759]]]}, "properties": {"h3": "881ef59203fffff", "poi": 29, "richness": 10, "hill_q1": 7.326, "hill_q2": 5.224, "top_share": 0.379, "flagged": false, "dominant": "sports_and_recreation", "dna": {"sports_and_recreation": 0.379, "food_and_drink": 0.103, "shopping": 0.103, "arts_and_entertainment": 0.069, "community_and_government": 0.069, "education": 0.069, "health_care": 0.069, "services_and_business": 0.069, "lifestyle_services": 0.034, "travel_and_transportation": 0.034}, "tfidf": {"sports_and_recreation": 0.426, "shopping": 0.108, "food_and_drink": 0.107, "health_care": 0.092, "community_and_government": 0.09, "arts_and_entertainment": 0.089, "education": 0.086, "services_and_business": 0.072, "lifestyle_services": 0.04, "travel_and_transportation": 0.039}, "cluster": -1}}, {"type": "Feature", "geometry": {"type": "Polygon", "coordinates": [[[20.441926, 44.764079], [20.439498, 44.75952], [20.444056, 44.755855], [20.451041, 44.756748], [20.453469, 44.761307], [20.448911, 44.764972], [20.441926, 44.764079]]]}, "properties": {"h3": "881ef59205fffff", "poi": 18, "richness": 9, "hill_q1": 7.862, "hill_q2": 7.043, "top_share": 0.222, "flagged": false, "dominant": "food_and_drink", "dna": {"food_and_drink": 0.222, "shopping": 0.167, "travel_and_transportation": 0.167, "health_care": 0.111, "services_and_business": 0.111, "community_and_government": 0.056, "cultural_and_historic": 0.056, "lifestyle_services": 0.056, "sports_and_recreation": 0.056}, "tfidf": {"food_and_drink": 0.231, "travel_and_transportation": 0.189, "shopping": 0.175, "health_care": 0.148, "services_and_business": 0.115, "community_and_government": 0.072, "cultural_and_historic": 0.072, "lifestyle_services": 0.064, "sports_and_recreation": 0.062}, "cluster": -1}}, {"type": "Feature", "geometry": {"type": "Polygon", "coordinates": [[[20.453469, 44.761307], [20.451041, 44.756748], [20.455598, 44.753083], [20.462582, 44.753976], [20.465011, 44.758535], [20.460454, 44.7622], [20.453469, 44.761307]]]}, "properties": {"h3": "881ef59207fffff", "poi": 86, "richness": 11, "hill_q1": 8.536, "hill_q2": 7.532, "top_share": 0.174, "flagged": false, "dominant": "food_and_drink", "dna": {"food_and_drink": 0.174, "services_and_business": 0.174, "shopping": 0.174, "health_care": 0.116, "sports_and_recreation": 0.116, "lifestyle_services": 0.093, "education": 0.058, "cultural_and_historic": 0.035, "community_and_government": 0.023, "travel_and_transportation": 0.023, "lodging": 0.012}, "tfidf": {"shopping": 0.183, "food_and_drink": 0.181, "services_and_business": 0.181, "health_care": 0.155, "sports_and_recreation": 0.131, "lifestyle_services": 0.108, "education": 0.073, "cultural_and_historic": 0.045, "community_and_government": 0.03, "travel_and_transportation": 0.026, "lodging": 0.017}, "cluster": -1}}, {"type": "Feature", "geometry": {"type": "Polygon", "coordinates": [[[20.44921, 44.777753], [20.446782, 44.773195], [20.45134, 44.769531], [20.458326, 44.770424], [20.460755, 44.774982], [20.456197, 44.778647], [20.44921, 44.777753]]]}, "properties": {"h3": "881ef59209fffff", "poi": 68, "richness": 11, "hill_q1": 9.185, "hill_q2": 7.837, "top_share": 0.235, "flagged": false, "dominant": "services_and_business", "dna": {"services_and_business": 0.235, "food_and_drink": 0.147, "lifestyle_services": 0.118, "community_and_government": 0.103, "shopping": 0.103, "education": 0.074, "health_care": 0.059, "arts_and_entertainment": 0.044, "cultural_and_historic": 0.044, "sports_and_recreation": 0.044, "lodging": 0.029}, "tfidf": {"services_and_business": 0.244, "food_and_drink": 0.153, "lifestyle_services": 0.136, "community_and_government": 0.134, "shopping": 0.108, "education": 0.092, "health_care": 0.078, "cultural_and_historic": 0.057, "arts_and_entertainment": 0.057, "sports_and_recreation": 0.05, "lodging": 0.043}, "cluster": -1}}, {"type": "Feature", "geometry": {"type": "Polygon", "coordinates": [[[20.460755, 44.774982], [20.458326, 44.770424], [20.462883, 44.766759], [20.469869, 44.767651], [20.472299, 44.772209], [20.467742, 44.775874], [20.460755, 44.774982]]]}, "properties": {"h3": "881ef5920bfffff", "poi": 63, "richness": 10, "hill_q1": 8.393, "hill_q2": 7.56, "top_share": 0.19, "flagged": false, "dominant": "community_and_government", "dna": {"community_and_government": 0.19, "education": 0.175, "services_and_business": 0.159, "shopping": 0.111, "sports_and_recreation": 0.111, "health_care": 0.079, "food_and_drink": 0.063, "lifestyle_services": 0.063, "arts_and_entertainment": 0.032, "lodging": 0.016}, "tfidf": {"community_and_government": 0.247, "education": 0.218, "services_and_business": 0.165, "sports_and_recreation": 0.125, "shopping": 0.116, "health_care": 0.106, "lifestyle_services": 0.074, "food_and_drink": 0.066, "arts_and_entertainment": 0.041, "lodging": 0.023}, "cluster": -1}}, {"type": "Feature", "geometry": {"type": "Polygon", "coordinates": [[[20.439795, 44.772301], [20.437368, 44.767743], [20.441926, 44.764079], [20.448911, 44.764972], [20.45134, 44.769531], [20.446782, 44.773195], [20.439795, 44.772301]]]}, "properties": {"h3": "881ef5920dfffff", "poi": 10, "richness": 6, "hill_q1": 5.173, "hill_q2": 4.545, "top_share": 0.3, "flagged": false, "dominant": "community_and_government", "dna": {"community_and_government": 0.3, "travel_and_transportation": 0.3, "cultural_and_historic": 0.1, "lodging": 0.1, "services_and_business": 0.1, "sports_and_recreation": 0.1}, "tfidf": {"community_and_government": 0.39, "travel_and_transportation": 0.34, "lodging": 0.145, "cultural_and_historic": 0.13, "sports_and_recreation": 0.112, "services_and_business": 0.104}, "cluster": -1}}, {"type": "Feature", "geometry": {"type": "Polygon", "coordinates": [[[20.483842, 44.769435], [20.481412, 44.764877], [20.485968, 44.761211], [20.492955, 44.762102], [20.495385, 44.76666], [20.490829, 44.770326], [20.483842, 44.769435]]]}, "properties": {"h3": "881ef59211fffff", "poi": 138, "richness": 11, "hill_q1": 7.888, "hill_q2": 6.478, "top_share": 0.232, "flagged": false, "dominant": "services_and_business", "dna": {"services_and_business": 0.232, "shopping": 0.217, "food_and_drink": 0.174, "health_care": 0.08, "lifestyle_services": 0.072, "sports_and_recreation": 0.072, "travel_and_transportation": 0.065, "cultural_and_historic": 0.029, "arts_and_entertainment": 0.022, "education": 0.022, "community_and_government": 0.014}, "tfidf": {"services_and_business": 0.241, "shopping": 0.228, "food_and_drink": 0.18, "health_care": 0.106, "lifestyle_services": 0.084, "sports_and_recreation": 0.081, "travel_and_transportation": 0.074, "cultural_and_historic": 0.038, "arts_and_entertainment": 0.028, "education": 0.027, "community_and_government": 0.019}, "cluster": -1}}, {"type": "Feature", "geometry": {"type": "Polygon", "coordinates": [[[20.495385, 44.76666], [20.492955, 44.762102], [20.49751, 44.758435], [20.504496, 44.759325], [20.506927, 44.763883], [20.502372, 44.76755], [20.495385, 44.76666]]]}, "properties": {"h3": "881ef59213fffff", "poi": 85, "richness": 11, "hill_q1": 8.639, "hill_q2": 7.38, "top_share": 0.247, "flagged": false, "dominant": "services_and_business", "dna": {"services_and_business": 0.247, "shopping": 0.141, "food_and_drink": 0.118, "lifestyle_services": 0.118, "travel_and_transportation": 0.094, "education": 0.082, "health_care": 0.071, "sports_and_recreation": 0.071, "arts_and_entertainment": 0.024, "cultural_and_historic": 0.024, "community_and_government": 0.012}, "tfidf": {"services_and_business": 0.256, "shopping": 0.148, "lifestyle_services": 0.136, "food_and_drink": 0.122, "travel_and_transportation": 0.107, "education": 0.103, "health_care": 0.094, "sports_and_recreation": 0.079, "cultural_and_historic": 0.031, "arts_and_entertainment": 0.03, "community_and_government": 0.015}, "cluster": -1}}, {"type": "Feature", "geometry": {"type": "Polygon", "coordinates": [[[20.474426, 44.763985], [20.471997, 44.759427], [20.476553, 44.755761], [20.483538, 44.756653], [20.485968, 44.761211], [20.481412, 44.764877], [20.474426, 44.763985]]]}, "properties": {"h3": "881ef59215fffff", "poi": 231, "richness": 13, "hill_q1": 8.407, "hill_q2": 6.643, "top_share": 0.268, "flagged": false, "dominant": "shopping", "dna": {"shopping": 0.268, "services_and_business": 0.173, "food_and_drink": 0.143, "lifestyle_services": 0.113, "sports_and_recreation": 0.074, "travel_and_transportation": 0.069, "education": 0.048, "health_care": 0.043, "arts_and_entertainment": 0.017, "cultural_and_historic": 0.017, "lodging": 0.017, "community_and_government": 0.013, "geographic_entities": 0.004}, "tfidf": {"shopping": 0.281, "services_and_business": 0.18, "food_and_drink": 0.148, "lifestyle_services": 0.131, "sports_and_recreation": 0.083, "travel_and_transportation": 0.078, "education": 0.06, "health_care": 0.058, "lodging": 0.025, "cultural_and_historic": 0.022, "arts_and_entertainment": 0.022, "community_and_government": 0.017, "geographic_entities": 0.011}, "cluster": -1}}, {"type": "Feature", "geometry": {"type": "Polygon", "coordinates": [[[20.485968, 44.761211], [20.483538, 44.756653], [20.488094, 44.752986], [20.495079, 44.753877], [20.49751, 44.758435], [20.492955, 44.762102], [20.485968, 44.761211]]]}, "properties": {"h3": "881ef59217fffff", "poi": 113, "richness": 11, "hill_q1": 8.269, "hill_q2": 7.154, "top_share": 0.23, "flagged": false, "dominant": "shopping", "dna": {"shopping": 0.23, "services_and_business": 0.15, "education": 0.133, "food_and_drink": 0.133, "health_care": 0.115, "lifestyle_services": 0.106, "sports_and_recreation": 0.053, "travel_and_transportation": 0.027, "arts_and_entertainment": 0.018, "community_and_government": 0.018, "lodging": 0.018}, "tfidf": {"shopping": 0.241, "education": 0.166, "services_and_business": 0.156, "health_care": 0.153, "food_and_drink": 0.138, "lifestyle_services": 0.123, "sports_and_recreation": 0.06, "travel_and_transportation": 0.03, "lodging": 0.026, "community_and_government": 0.023, "arts_and_entertainment": 0.023}, "cluster": -1}}, {"type": "Feature", "geometry": {"type": "Polygon", "coordinates": [[[20.481716, 44.777658], [20.479286, 44.773101], [20.483842, 44.769435], [20.490829, 44.770326], [20.49326, 44.774883], [20.488703, 44.77855], [20.481716, 44.777658]]]}, "properties": {"h3": "881ef59219fffff", "poi": 228, "richness": 12, "hill_q1": 7.92, "hill_q2": 6.014, "top_share": 0.307, "flagged": false, "dominant": "shopping", "dna": {"shopping": 0.307, "services_and_business": 0.162, "food_and_drink": 0.158, "lifestyle_services": 0.096, "health_care": 0.053, "travel_and_transportation": 0.048, "arts_and_entertainment": 0.044, "sports_and_recreation": 0.044, "education": 0.035, "cultural_and_historic": 0.031, "community_and_government": 0.018, "lodging": 0.004}, "tfidf": {"shopping": 0.322, "services_and_business": 0.168, "food_and_drink": 0.164, "lifestyle_services": 0.112, "health_care": 0.07, "arts_and_entertainment": 0.057, "travel_and_transportation": 0.055, "sports_and_recreation": 0.049, "education": 0.044, "cultural_and_historic": 0.04, "community_and_government": 0.023, "lodging": 0.006}, "cluster": -1}}, {"type": "Feature", "geometry": {"type": "Polygon", "coordinates": [[[20.49326, 44.774883], [20.490829, 44.770326], [20.495385, 44.76666], [20.502372, 44.76755], [20.504803, 44.772107], [20.500247, 44.775774], [20.49326, 44.774883]]]}, "properties": {"h3": "881ef5921bfffff", "poi": 84, "richness": 12, "hill_q1": 9.574, "hill_q2": 8.36, "top_share": 0.19, "flagged": false, "dominant": "food_and_drink", "dna": {"food_and_drink": 0.19, "shopping": 0.179, "lifestyle_services": 0.107, "services_and_business": 0.107, "travel_and_transportation": 0.095, "education": 0.083, "community_and_government": 0.071, "health_care": 0.06, "cultural_and_historic": 0.048, "sports_and_recreation": 0.036, "arts_and_entertainment": 0.012, "lodging": 0.012}, "tfidf": {"food_and_drink": 0.198, "shopping": 0.187, "lifestyle_services": 0.124, "services_and_business": 0.111, "travel_and_transportation": 0.108, "education": 0.104, "community_and_government": 0.093, "health_care": 0.079, "cultural_and_historic": 0.062, "sports_and_recreation": 0.04, "lodging": 0.017, "arts_and_entertainment": 0.015}, "cluster": -1}}, {"type": "Feature", "geometry": {"type": "Polygon", "coordinates": [[[20.472299, 44.772209], [20.469869, 44.767651], [20.474426, 44.763985], [20.481412, 44.764877], [20.483842, 44.769435], [20.479286, 44.773101], [20.472299, 44.772209]]]}, "properties": {"h3": "881ef5921dfffff", "poi": 188, "richness": 12, "hill_q1": 8.809, "hill_q2": 7.758, "top_share": 0.17, "flagged": false, "dominant": "food_and_drink", "dna": {"food_and_drink": 0.17, "lifestyle_services": 0.16, "services_and_business": 0.154, "sports_and_recreation": 0.138, "shopping": 0.128, "health_care": 0.101, "education": 0.053, "travel_and_transportation": 0.032, "lodging": 0.027, "community_and_government": 0.016, "arts_and_entertainment": 0.011, "cultural_and_historic": 0.011}, "tfidf": {"lifestyle_services": 0.185, "food_and_drink": 0.177, "services_and_business": 0.16, "sports_and_recreation": 0.155, "health_care": 0.134, "shopping": 0.134, "education": 0.066, "lodging": 0.039, "travel_and_transportation": 0.036, "community_and_government": 0.021, "cultural_and_historic": 0.014, "arts_and_entertainment": 0.014}, "cluster": -1}}, {"type": "Feature", "geometry": {"type": "Polygon", "coordinates": [[[20.434644, 44.750401], [20.432217, 44.745842], [20.436774, 44.742177], [20.443758, 44.743071], [20.446185, 44.74763], [20.441628, 44.751296], [20.434644, 44.750401]]]}, "properties": {"h3": "881ef59221fffff", "poi": 66, "richness": 10, "hill_q1": 8.033, "hill_q2": 7.236, "top_share": 0.182, "flagged": false, "dominant": "services_and_business", "dna": {"services_and_business": 0.182, "shopping": 0.182, "food_and_drink": 0.167, "lifestyle_services": 0.136, "health_care": 0.106, "sports_and_recreation": 0.091, "education": 0.061, "travel_and_transportation": 0.045, "arts_and_entertainment": 0.015, "community_and_government": 0.015}, "tfidf": {"shopping": 0.19, "services_and_business": 0.189, "food_and_drink": 0.173, "lifestyle_services": 0.158, "health_care": 0.141, "sports_and_recreation": 0.102, "education": 0.076, "travel_and_transportation": 0.051, "community_and_government": 0.02, "arts_and_entertainment": 0.02}, "cluster": -1}}, {"type": "Feature", "geometry": {"type": "Polygon", "coordinates": [[[20.446185, 44.74763], [20.443758, 44.743071], [20.448314, 44.739405], [20.455298, 44.740299], [20.457726, 44.744858], [20.45317, 44.748524], [20.446185, 44.74763]]]}, "properties": {"h3": "881ef59223fffff", "poi": 84, "richness": 13, "hill_q1": 10.334, "hill_q2": 8.842, "top_share": 0.202, "flagged": false, "dominant": "services_and_business", "dna": {"services_and_business": 0.202, "lifestyle_services": 0.143, "education": 0.107, "sports_and_recreation": 0.107, "food_and_drink": 0.095, "shopping": 0.095, "community_and_government": 0.06, "cultural_and_historic": 0.048, "health_care": 0.048, "arts_and_entertainment": 0.036, "lodging": 0.024, "travel_and_transportation": 0.024, "geographic_entities": 0.012}, "tfidf": {"services_and_business": 0.21, "lifestyle_services": 0.166, "education": 0.134, "sports_and_recreation": 0.12, "shopping": 0.1, "food_and_drink": 0.099, "community_and_government": 0.077, "health_care": 0.063, "cultural_and_historic": 0.062, "arts_and_entertainment": 0.046, "lodging": 0.035, "geographic_entities": 0.029, "travel_and_transportation": 0.027}, "cluster": -1}}, {"type": "Feature", "geometry": {"type": "Polygon", "coordinates": [[[20.425234, 44.744947], [20.422808, 44.740387], [20.427365, 44.736722], [20.434348, 44.737617], [20.436774, 44.742177], [20.432217, 44.745842], [20.425234, 44.744947]]]}, "properties": {"h3": "881ef59225fffff", "poi": 136, "richness": 12, "hill_q1": 8.095, "hill_q2": 6.526, "top_share": 0.257, "flagged": false, "dominant": "shopping", "dna": {"shopping": 0.257, "services_and_business": 0.199, "food_and_drink": 0.132, "lifestyle_services": 0.125, "sports_and_recreation": 0.074, "travel_and_transportation": 0.059, "health_care": 0.051, "education": 0.044, "community_and_government": 0.022, "cultural_and_historic": 0.015, "lodging": 0.015, "arts_and_entertainment": 0.007}, "tfidf": {"shopping": 0.269, "services_and_business": 0.206, "lifestyle_services": 0.145, "food_and_drink": 0.137, "sports_and_recreation": 0.083, "health_care": 0.068, "travel_and_transportation": 0.067, "education": 0.055, "community_and_government": 0.029, "lodging": 0.021, "cultural_and_historic": 0.019, "arts_and_entertainment": 0.01}, "cluster": -1}}, {"type": "Feature", "geometry": {"type": "Polygon", "coordinates": [[[20.436774, 44.742177], [20.434348, 44.737617], [20.438904, 44.733951], [20.445887, 44.734845], [20.448314, 44.739405], [20.443758, 44.743071], [20.436774, 44.742177]]]}, "properties": {"h3": "881ef59227fffff", "poi": 60, "richness": 9, "hill_q1": 4.802, "hill_q2": 3.261, "top_share": 0.5, "flagged": true, "dominant": "shopping", "dna": {"shopping": 0.5, "services_and_business": 0.2, "food_and_drink": 0.083, "travel_and_transportation": 0.067, "sports_and_recreation": 0.05, "community_and_government": 0.033, "cultural_and_historic": 0.033, "arts_and_entertainment": 0.017, "geographic_entities": 0.017}, "tfidf": {"shopping": 0.524, "services_and_business": 0.208, "food_and_drink": 0.086, "travel_and_transportation": 0.076, "sports_and_recreation": 0.056, "community_and_government": 0.043, "cultural_and_historic": 0.043, "geographic_entities": 0.041, "arts_and_entertainment": 0.022}, "cluster": -1}}, {"type": "Feature", "geometry": {"type": "Polygon", "coordinates": [[[20.432513, 44.758625], [20.430086, 44.754066], [20.434644, 44.750401], [20.441628, 44.751296], [20.444056, 44.755855], [20.439498, 44.75952], [20.432513, 44.758625]]]}, "properties": {"h3": "881ef59229fffff", "poi": 29, "richness": 8, "hill_q1": 4.467, "hill_q2": 2.93, "top_share": 0.552, "flagged": true, "dominant": "services_and_business", "dna": {"services_and_business": 0.552, "arts_and_entertainment": 0.103, "food_and_drink": 0.103, "sports_and_recreation": 0.103, "community_and_government": 0.034, "lifestyle_services": 0.034, "shopping": 0.034, "travel_and_transportation": 0.034}, "tfidf": {"services_and_business": 0.572, "arts_and_entertainment": 0.134, "sports_and_recreation": 0.116, "food_and_drink": 0.107, "community_and_government": 0.045, "lifestyle_services": 0.04, "travel_and_transportation": 0.039, "shopping": 0.036}, "cluster": -1}}, {"type": "Feature", "geometry": {"type": "Polygon", "coordinates": [[[20.444056, 44.755855], [20.441628, 44.751296], [20.446185, 44.74763], [20.45317, 44.748524], [20.455598, 44.753083], [20.451041, 44.756748], [20.444056, 44.755855]]]}, "properties": {"h3": "881ef5922bfffff", "poi": 77, "richness": 10, "hill_q1": 8.167, "hill_q2": 7.275, "top_share": 0.182, "flagged": false, "dominant": "food_and_drink", "dna": {"food_and_drink": 0.182, "services_and_business": 0.182, "shopping": 0.182, "sports_and_recreation": 0.117, "health_care": 0.091, "lifestyle_services": 0.091, "education": 0.078, "arts_and_entertainment": 0.026, "community_and_government": 0.026, "travel_and_transportation": 0.026}, "tfidf": {"shopping": 0.19, "food_and_drink": 0.189, "services_and_business": 0.189, "sports_and_recreation": 0.131, "health_care": 0.121, "lifestyle_services": 0.105, "education": 0.097, "community_and_government": 0.034, "arts_and_entertainment": 0.034, "travel_and_transportation": 0.029}, "cluster": -1}}, {"type": "Feature", "geometry": {"type": "Polygon", "coordinates": [[[20.423102, 44.753171], [20.420676, 44.748611], [20.425234, 44.744947], [20.432217, 44.745842], [20.434644, 44.750401], [20.430086, 44.754066], [20.423102, 44.753171]]]}, "properties": {"h3": "881ef5922dfffff", "poi": 194, "richness": 12, "hill_q1": 7.778, "hill_q2": 6.482, "top_share": 0.216, "flagged": false, "dominant": "food_and_drink", "dna": {"food_and_drink": 0.216, "services_and_business": 0.186, "shopping": 0.18, "lifestyle_services": 0.17, "sports_and_recreation": 0.072, "health_care": 0.052, "education": 0.041, "travel_and_transportation": 0.036, "arts_and_entertainment": 0.015, "cultural_and_historic": 0.015, "community_and_government": 0.01, "lodging": 0.005}, "tfidf": {"food_and_drink": 0.225, "lifestyle_services": 0.197, "services_and_business": 0.193, "shopping": 0.189, "sports_and_recreation": 0.081, "health_care": 0.069, "education": 0.052, "travel_and_transportation": 0.041, "cultural_and_historic": 0.02, "arts_and_entertainment": 0.02, "community_and_government": 0.013, "lodging": 0.007}, "cluster": -1}}, {"type": "Feature", "geometry": {"type": "Polygon", "coordinates": [[[20.467139, 44.75031], [20.46471, 44.745751], [20.469266, 44.742084], [20.47625, 44.742977], [20.478679, 44.747536], [20.474124, 44.751202], [20.467139, 44.75031]]]}, "properties": {"h3": "881ef59231fffff", "poi": 14, "richness": 7, "hill_q1": 6.107, "hill_q2": 5.444, "top_share": 0.286, "flagged": false, "dominant": "shopping", "dna": {"shopping": 0.286, "lodging": 0.214, "education": 0.143, "services_and_business": 0.143, "cultural_and_historic": 0.071, "food_and_drink": 0.071, "sports_and_recreation": 0.071}, "tfidf": {"lodging": 0.311, "shopping": 0.299, "education": 0.179, "services_and_business": 0.148, "cultural_and_historic": 0.093, "sports_and_recreation": 0.08, "food_and_drink": 0.074}, "cluster": -1}}, {"type": "Feature", "geometry": {"type": "Polygon", "coordinates": [[[20.478679, 44.747536], [20.47625, 44.742977], [20.480805, 44.73931], [20.487789, 44.740201], [20.490219, 44.74476], [20.485664, 44.748427], [20.478679, 44.747536]]]}, "properties": {"h3": "881ef59233fffff", "poi": 36, "richness": 8, "hill_q1": 6.496, "hill_q2": 5.684, "top_share": 0.25, "flagged": false, "dominant": "services_and_business", "dna": {"services_and_business": 0.25, "shopping": 0.222, "lifestyle_services": 0.194, "food_and_drink": 0.111, "travel_and_transportation": 0.083, "lodging": 0.056, "sports_and_recreation": 0.056, "health_care": 0.028}, "tfidf": {"services_and_business": 0.259, "shopping": 0.233, "lifestyle_services": 0.225, "food_and_drink": 0.115, "travel_and_transportation": 0.094, "lodging": 0.081, "sports_and_recreation": 0.062, "health_care": 0.037}, "cluster": -1}}, {"type": "Feature", "geometry": {"type": "Polygon", "coordinates": [[[20.465011, 44.758535], [20.462582, 44.753976], [20.467139, 44.75031], [20.474124, 44.751202], [20.476553, 44.755761], [20.471997, 44.759427], [20.465011, 44.758535]]]}, "properties": {"h3": "881ef59239fffff", "poi": 18, "richness": 7, "hill_q1": 6.124, "hill_q2": 5.586, "top_share": 0.222, "flagged": false, "dominant": "food_and_drink", "dna": {"food_and_drink": 0.222, "lodging": 0.222, "services_and_business": 0.222, "arts_and_entertainment": 0.111, "sports_and_recreation": 0.111, "shopping": 0.056, "travel_and_transportation": 0.056}, "tfidf": {"lodging": 0.323, "food_and_drink": 0.231, "services_and_business": 0.231, "arts_and_entertainment": 0.144, "sports_and_recreation": 0.125, "travel_and_transportation": 0.063, "shopping": 0.058}, "cluster": -1}}, {"type": "Feature", "geometry": {"type": "Polygon", "coordinates": [[[20.476553, 44.755761], [20.474124, 44.751202], [20.478679, 44.747536], [20.485664, 44.748427], [20.488094, 44.752986], [20.483538, 44.756653], [20.476553, 44.755761]]]}, "properties": {"h3": "881ef5923bfffff", "poi": 70, "richness": 12, "hill_q1": 9.713, "hill_q2": 8.167, "top_share": 0.214, "flagged": false, "dominant": "services_and_business", "dna": {"services_and_business": 0.214, "shopping": 0.186, "food_and_drink": 0.1, "travel_and_transportation": 0.086, "education": 0.071, "health_care": 0.071, "sports_and_recreation": 0.071, "cultural_and_historic": 0.057, "lodging": 0.057, "lifestyle_services": 0.043, "arts_and_entertainment": 0.029, "community_and_government": 0.014}, "tfidf": {"services_and_business": 0.222, "shopping": 0.194, "food_and_drink": 0.104, "travel_and_transportation": 0.097, "health_care": 0.095, "education": 0.089, "lodging": 0.083, "sports_and_recreation": 0.08, "cultural_and_historic": 0.074, "lifestyle_services": 0.05, "arts_and_entertainment": 0.037, "community_and_government": 0.019}, "cluster": -1}}, {"type": "Feature", "geometry": {"type": "Polygon", "coordinates": [[[20.455598, 44.753083], [20.45317, 44.748524], [20.457726, 44.744858], [20.46471, 44.745751], [20.467139, 44.75031], [20.462582, 44.753976], [20.455598, 44.753083]]]}, "properties": {"h3": "881ef5923dfffff", "poi": 55, "richness": 11, "hill_q1": 8.9, "hill_q2": 7.94, "top_share": 0.182, "flagged": false, "dominant": "education", "dna": {"education": 0.182, "shopping": 0.164, "services_and_business": 0.145, "sports_and_recreation": 0.127, "lifestyle_services": 0.109, "food_and_drink": 0.091, "arts_and_entertainment": 0.073, "community_and_government": 0.036, "travel_and_transportation": 0.036, "cultural_and_historic": 0.018, "health_care": 0.018}, "tfidf": {"education": 0.227, "shopping": 0.171, "services_and_business": 0.151, "sports_and_recreation": 0.143, "lifestyle_services": 0.126, "food_and_drink": 0.094, "arts_and_entertainment": 0.094, "community_and_government": 0.047, "travel_and_transportation": 0.041, "health_care": 0.024, "cultural_and_historic": 0.024}, "cluster": -1}}, {"type": "Feature", "geometry": {"type": "Polygon", "coordinates": [[[20.435533, 44.788745], [20.433105, 44.784187], [20.437665, 44.780524], [20.444651, 44.781418], [20.44708, 44.785975], [20.442521, 44.789639], [20.435533, 44.788745]]]}, "properties": {"h3": "881ef59241fffff", "poi": 67, "richness": 12, "hill_q1": 8.984, "hill_q2": 7.205, "top_share": 0.269, "flagged": false, "dominant": "food_and_drink", "dna": {"food_and_drink": 0.269, "education": 0.149, "shopping": 0.104, "sports_and_recreation": 0.104, "services_and_business": 0.09, "community_and_government": 0.075, "arts_and_entertainment": 0.06, "lifestyle_services": 0.045, "travel_and_transportation": 0.045, "cultural_and_historic": 0.03, "health_care": 0.015, "lodging": 0.015}, "tfidf": {"food_and_drink": 0.279, "education": 0.187, "sports_and_recreation": 0.117, "shopping": 0.109, "community_and_government": 0.097, "services_and_business": 0.093, "arts_and_entertainment": 0.077, "lifestyle_services": 0.052, "travel_and_transportation": 0.051, "cultural_and_historic": 0.039, "lodging": 0.022, "health_care": 0.02}, "cluster": -1}}, {"type": "Feature", "geometry": {"type": "Polygon", "coordinates": [[[20.44708, 44.785975], [20.444651, 44.781418], [20.44921, 44.777753], [20.456197, 44.778647], [20.458626, 44.783204], [20.454067, 44.786869], [20.44708, 44.785975]]]}, "properties": {"h3": "881ef59243fffff", "poi": 51, "richness": 11, "hill_q1": 8.067, "hill_q2": 6.863, "top_share": 0.216, "flagged": false, "dominant": "services_and_business", "dna": {"services_and_business": 0.216, "community_and_government": 0.196, "education": 0.157, "health_care": 0.137, "arts_and_entertainment": 0.078, "shopping": 0.078, "food_and_drink": 0.059, "cultural_and_historic": 0.02, "geographic_entities": 0.02, "lifestyle_services": 0.02, "lodging": 0.02}, "tfidf": {"community_and_government": 0.255, "services_and_business": 0.224, "education": 0.196, "health_care": 0.183, "arts_and_entertainment": 0.101, "shopping": 0.082, "food_and_drink": 0.061, "geographic_entities": 0.048, "lodging": 0.028, "cultural_and_historic": 0.025, "lifestyle_services": 0.023}, "cluster": -1}}, {"type": "Feature", "geometry": {"type": "Polygon", "coordinates": [[[20.426118, 44.783293], [20.423691, 44.778735], [20.42825, 44.775071], [20.435237, 44.775966], [20.437665, 44.780524], [20.433105, 44.784187], [20.426118, 44.783293]]]}, "properties": {"h3": "881ef59245fffff", "poi": 13, "richness": 6, "hill_q1": 5.321, "hill_q2": 4.829, "top_share": 0.308, "flagged": false, "dominant": "food_and_drink", "dna": {"food_and_drink": 0.308, "sports_and_recreation": 0.231, "arts_and_entertainment": 0.154, "lifestyle_services": 0.154, "community_and_government": 0.077, "cultural_and_historic": 0.077}, "tfidf": {"food_and_drink": 0.319, "sports_and_recreation": 0.259, "arts_and_entertainment": 0.199, "lifestyle_services": 0.178, "community_and_government": 0.1, "cultural_and_historic": 0.1}, "cluster": -1}}, {"type": "Feature", "geometry": {"type": "Polygon", "coordinates": [[[20.437665, 44.780524], [20.435237, 44.775966], [20.439795, 44.772301], [20.446782, 44.773195], [20.44921, 44.777753], [20.444651, 44.781418], [20.437665, 44.780524]]]}, "properties": {"h3": "881ef59247fffff", "poi": 13, "richness": 6, "hill_q1": 5.686, "hill_q2": 5.452, "top_share": 0.231, "flagged": false, "dominant": "arts_and_entertainment", "dna": {"arts_and_entertainment": 0.231, "food_and_drink": 0.231, "community_and_government": 0.154, "cultural_and_historic": 0.154, "travel_and_transportation": 0.154, "sports_and_recreation": 0.077}, "tfidf": {"arts_and_entertainment": 0.298, "food_and_drink": 0.239, "community_and_government": 0.2, "cultural_and_historic": 0.2, "travel_and_transportation": 0.174, "sports_and_recreation": 0.086}, "cluster": -1}}, {"type": "Feature", "geometry": {"type": "Polygon", "coordinates": [[[20.433402, 44.796966], [20.430974, 44.792408], [20.435533, 44.788745], [20.442521, 44.789639], [20.444949, 44.794197], [20.44039, 44.79786], [20.433402, 44.796966]]]}, "properties": {"h3": "881ef59249fffff", "poi": 150, "richness": 12, "hill_q1": 9.53, "hill_q2": 7.9, "top_share": 0.247, "flagged": false, "dominant": "services_and_business", "dna": {"services_and_business": 0.247, "food_and_drink": 0.133, "shopping": 0.107, "education": 0.093, "sports_and_recreation": 0.093, "community_and_government": 0.08, "health_care": 0.073, "arts_and_entertainment": 0.067, "travel_and_transportation": 0.033, "lifestyle_services": 0.027, "lodging": 0.027, "cultural_and_historic": 0.02}, "tfidf": {"services_and_business": 0.256, "food_and_drink": 0.138, "education": 0.117, "shopping": 0.112, "sports_and_recreation": 0.105, "community_and_government": 0.104, "health_care": 0.098, "arts_and_entertainment": 0.086, "lodging": 0.039, "travel_and_transportation": 0.038, "lifestyle_services": 0.031, "cultural_and_historic": 0.026}, "cluster": -1}}, {"type": "Feature", "geometry": {"type": "Polygon", "coordinates": [[[20.444949, 44.794197], [20.442521, 44.789639], [20.44708, 44.785975], [20.454067, 44.786869], [20.456497, 44.791426], [20.451938, 44.79509], [20.444949, 44.794197]]]}, "properties": {"h3": "881ef5924bfffff", "poi": 63, "richness": 12, "hill_q1": 9.806, "hill_q2": 8.647, "top_share": 0.19, "flagged": false, "dominant": "education", "dna": {"education": 0.19, "food_and_drink": 0.143, "services_and_business": 0.143, "health_care": 0.095, "sports_and_recreation": 0.095, "arts_and_entertainment": 0.079, "community_and_government": 0.079, "shopping": 0.063, "travel_and_transportation": 0.048, "cultural_and_historic": 0.032, "geographic_entities": 0.016, "lifestyle_services": 0.016}, "tfidf": {"education": 0.238, "food_and_drink": 0.148, "services_and_business": 0.148, "health_care": 0.127, "sports_and_recreation": 0.107, "community_and_government": 0.103, "arts_and_entertainment": 0.103, "shopping": 0.066, "travel_and_transportation": 0.054, "cultural_and_historic": 0.041, "geographic_entities": 0.039, "lifestyle_services": 0.018}, "cluster": -1}}, {"type": "Feature", "geometry": {"type": "Polygon", "coordinates": [[[20.423986, 44.791514], [20.421559, 44.786956], [20.426118, 44.783293], [20.433105, 44.784187], [20.435533, 44.788745], [20.430974, 44.792408], [20.423986, 44.791514]]]}, "properties": {"h3": "881ef5924dfffff", "poi": 39, "richness": 10, "hill_q1": 8.235, "hill_q2": 6.945, "top_share": 0.256, "flagged": false, "dominant": "sports_and_recreation", "dna": {"sports_and_recreation": 0.256, "services_and_business": 0.179, "food_and_drink": 0.128, "arts_and_entertainment": 0.077, "community_and_government": 0.077, "cultural_and_historic": 0.077, "education": 0.077, "shopping": 0.051, "travel_and_transportation": 0.051, "lifestyle_services": 0.026}, "tfidf": {"sports_and_recreation": 0.288, "services_and_business": 0.186, "food_and_drink": 0.133, "community_and_government": 0.1, "cultural_and_historic": 0.1, "arts_and_entertainment": 0.099, "education": 0.096, "travel_and_transportation": 0.058, "shopping": 0.054, "lifestyle_services": 0.03}, "cluster": -1}}, {"type": "Feature", "geometry": {"type": "Polygon", "coordinates": [[[20.468043, 44.788654], [20.465613, 44.784097], [20.470171, 44.780432], [20.477159, 44.781324], [20.479589, 44.785881], [20.475031, 44.789546], [20.468043, 44.788654]]]}, "properties": {"h3": "881ef59251fffff", "poi": 254, "richness": 12, "hill_q1": 9.416, "hill_q2": 8.127, "top_share": 0.205, "flagged": false, "dominant": "services_and_business", "dna": {"services_and_business": 0.205, "shopping": 0.181, "health_care": 0.11, "education": 0.098, "food_and_drink": 0.087, "sports_and_recreation": 0.075, "lifestyle_services": 0.067, "travel_and_transportation": 0.063, "community_and_government": 0.059, "arts_and_entertainment": 0.035, "lodging": 0.012, "cultural_and_historic": 0.008}, "tfidf": {"services_and_business": 0.212, "shopping": 0.19, "health_care": 0.147, "education": 0.123, "food_and_drink": 0.09, "sports_and_recreation": 0.084, "lifestyle_services": 0.078, "community_and_government": 0.077, "travel_and_transportation": 0.071, "arts_and_entertainment": 0.046, "lodging": 0.017, "cultural_and_historic": 0.01}, "cluster": -1}}, {"type": "Feature", "geometry": {"type": "Polygon", "coordinates": [[[20.479589, 44.785881], [20.477159, 44.781324], [20.481716, 44.777658], [20.488703, 44.77855], [20.491134, 44.783107], [20.486577, 44.786772], [20.479589, 44.785881]]]}, "properties": {"h3": "881ef59253fffff", "poi": 178, "richness": 11, "hill_q1": 8.58, "hill_q2": 7.079, "top_share": 0.258, "flagged": false, "dominant": "services_and_business", "dna": {"services_and_business": 0.258, "shopping": 0.157, "food_and_drink": 0.135, "travel_and_transportation": 0.112, "community_and_government": 0.079, "lifestyle_services": 0.067, "education": 0.056, "health_care": 0.045, "lodging": 0.045, "cultural_and_historic": 0.022, "sports_and_recreation": 0.022}, "tfidf": {"services_and_business": 0.268, "shopping": 0.165, "food_and_drink": 0.14, "travel_and_transportation": 0.127, "community_and_government": 0.102, "lifestyle_services": 0.078, "education": 0.07, "lodging": 0.065, "health_care": 0.06, "cultural_and_historic": 0.029, "sports_and_recreation": 0.025}, "cluster": -1}}, {"type": "Feature", "geometry": {"type": "Polygon", "coordinates": [[[20.458626, 44.783204], [20.456197, 44.778647], [20.460755, 44.774982], [20.467742, 44.775874], [20.470171, 44.780432], [20.465613, 44.784097], [20.458626, 44.783204]]]}, "properties": {"h3": "881ef59255fffff", "poi": 163, "richness": 11, "hill_q1": 8.972, "hill_q2": 7.708, "top_share": 0.227, "flagged": false, "dominant": "services_and_business", "dna": {"services_and_business": 0.227, "health_care": 0.166, "community_and_government": 0.123, "shopping": 0.11, "education": 0.08, "sports_and_recreation": 0.08, "food_and_drink": 0.061, "arts_and_entertainment": 0.055, "lifestyle_services": 0.055, "travel_and_transportation": 0.025, "cultural_and_historic": 0.018}, "tfidf": {"services_and_business": 0.236, "health_care": 0.22, "community_and_government": 0.159, "shopping": 0.116, "education": 0.1, "sports_and_recreation": 0.09, "arts_and_entertainment": 0.071, "lifestyle_services": 0.064, "food_and_drink": 0.064, "travel_and_transportation": 0.028, "cultural_and_historic": 0.024}, "cluster": -1}}, {"type": "Feature", "geometry": {"type": "Polygon", "coordinates": [[[20.470171, 44.780432], [20.467742, 44.775874], [20.472299, 44.772209], [20.479286, 44.773101], [20.481716, 44.777658], [20.477159, 44.781324], [20.470171, 44.780432]]]}, "properties": {"h3": "881ef59257fffff", "poi": 278, "richness": 12, "hill_q1": 9.316, "hill_q2": 8.052, "top_share": 0.191, "flagged": false, "dominant": "shopping", "dna": {"shopping": 0.191, "services_and_business": 0.158, "food_and_drink": 0.151, "lifestyle_services": 0.126, "health_care": 0.101, "education": 0.083, "sports_and_recreation": 0.05, "community_and_government": 0.047, "arts_and_entertainment": 0.032, "travel_and_transportation": 0.029, "lodging": 0.018, "cultural_and_historic": 0.014}, "tfidf": {"shopping": 0.2, "services_and_business": 0.164, "food_and_drink": 0.157, "lifestyle_services": 0.146, "health_care": 0.134, "education": 0.103, "community_and_government": 0.061, "sports_and_recreation": 0.057, "arts_and_entertainment": 0.042, "travel_and_transportation": 0.033, "lodging": 0.026, "cultural_and_historic": 0.019}, "cluster": -1}}, {"type": "Feature", "geometry": {"type": "Polygon", "coordinates": [[[20.465915, 44.796876], [20.463485, 44.792319], [20.468043, 44.788654], [20.475031, 44.789546], [20.477462, 44.794103], [20.472904, 44.797768], [20.465915, 44.796876]]]}, "properties": {"h3": "881ef59259fffff", "poi": 499, "richness": 13, "hill_q1": 9.184, "hill_q2": 7.911, "top_share": 0.168, "flagged": false, "dominant": "services_and_business", "dna": {"services_and_business": 0.168, "food_and_drink": 0.162, "health_care": 0.152, "lifestyle_services": 0.152, "shopping": 0.122, "education": 0.066, "sports_and_recreation": 0.052, "community_and_government": 0.03, "cultural_and_historic": 0.03, "travel_and_transportation": 0.03, "arts_and_entertainment": 0.022, "lodging": 0.01, "geographic_entities": 0.002}, "tfidf": {"health_care": 0.203, "lifestyle_services": 0.177, "services_and_business": 0.175, "food_and_drink": 0.168, "shopping": 0.128, "education": 0.083, "sports_and_recreation": 0.058, "community_and_government": 0.039, "cultural_and_historic": 0.039, "travel_and_transportation": 0.034, "arts_and_entertainment": 0.028, "lodging": 0.015, "geographic_entities": 0.005}, "cluster": -1}}, {"type": "Feature", "geometry": {"type": "Polygon", "coordinates": [[[20.477462, 44.794103], [20.475031, 44.789546], [20.479589, 44.785881], [20.486577, 44.786772], [20.489008, 44.791329], [20.484451, 44.794995], [20.477462, 44.794103]]]}, "properties": {"h3": "881ef5925bfffff", "poi": 429, "richness": 12, "hill_q1": 8.477, "hill_q2": 7.308, "top_share": 0.196, "flagged": false, "dominant": "services_and_business", "dna": {"services_and_business": 0.196, "shopping": 0.175, "lifestyle_services": 0.168, "food_and_drink": 0.135, "health_care": 0.1, "education": 0.07, "sports_and_recreation": 0.068, "arts_and_entertainment": 0.03, "cultural_and_historic": 0.026, "lodging": 0.014, "travel_and_transportation": 0.014, "community_and_government": 0.005}, "tfidf": {"services_and_business": 0.203, "lifestyle_services": 0.195, "shopping": 0.183, "food_and_drink": 0.14, "health_care": 0.133, "education": 0.087, "sports_and_recreation": 0.076, "arts_and_entertainment": 0.039, "cultural_and_historic": 0.033, "lodging": 0.02, "travel_and_transportation": 0.016, "community_and_government": 0.006}, "cluster": -1}}, {"type": "Feature", "geometry": {"type": "Polygon", "coordinates": [[[20.456497, 44.791426], [20.454067, 44.786869], [20.458626, 44.783204], [20.465613, 44.784097], [20.468043, 44.788654], [20.463485, 44.792319], [20.456497, 44.791426]]]}, "properties": {"h3": "881ef5925dfffff", "poi": 175, "richness": 12, "hill_q1": 9.439, "hill_q2": 8.186, "top_share": 0.177, "flagged": false, "dominant": "sports_and_recreation", "dna": {"sports_and_recreation": 0.177, "services_and_business": 0.171, "food_and_drink": 0.143, "shopping": 0.137, "health_care": 0.091, "community_and_government": 0.069, "education": 0.057, "arts_and_entertainment": 0.051, "lifestyle_services": 0.046, "travel_and_transportation": 0.023, "cultural_and_historic": 0.017, "lodging": 0.017}, "tfidf": {"sports_and_recreation": 0.199, "services_and_business": 0.178, "food_and_drink": 0.148, "shopping": 0.144, "health_care": 0.122, "community_and_government": 0.089, "education": 0.071, "arts_and_entertainment": 0.066, "lifestyle_services": 0.053, "travel_and_transportation": 0.026, "lodging": 0.025, "cultural_and_historic": 0.022}, "cluster": -1}}, {"type": "Feature", "geometry": {"type": "Polygon", "coordinates": [[[20.418838, 44.769617], [20.416411, 44.765058], [20.42097, 44.761395], [20.427955, 44.76229], [20.430382, 44.766849], [20.425823, 44.770512], [20.418838, 44.769617]]]}, "properties": {"h3": "881ef59261fffff", "poi": 108, "richness": 11, "hill_q1": 7.217, "hill_q2": 6.1, "top_share": 0.25, "flagged": false, "dominant": "sports_and_recreation", "dna": {"sports_and_recreation": 0.25, "services_and_business": 0.204, "food_and_drink": 0.167, "education": 0.111, "lifestyle_services": 0.111, "health_care": 0.074, "shopping": 0.037, "community_and_government": 0.019, "arts_and_entertainment": 0.009, "cultural_and_historic": 0.009, "travel_and_transportation": 0.009}, "tfidf": {"sports_and_recreation": 0.281, "services_and_business": 0.211, "food_and_drink": 0.173, "education": 0.139, "lifestyle_services": 0.129, "health_care": 0.099, "shopping": 0.039, "community_and_government": 0.024, "cultural_and_historic": 0.012, "arts_and_entertainment": 0.012, "travel_and_transportation": 0.01}, "cluster": -1}}, {"type": "Feature", "geometry": {"type": "Polygon", "coordinates": [[[20.430382, 44.766849], [20.427955, 44.76229], [20.432513, 44.758625], [20.439498, 44.75952], [20.441926, 44.764079], [20.437368, 44.767743], [20.430382, 44.766849]]]}, "properties": {"h3": "881ef59263fffff", "poi": 24, "richness": 8, "hill_q1": 4.236, "hill_q2": 2.692, "top_share": 0.583, "flagged": true, "dominant": "sports_and_recreation", "dna": {"sports_and_recreation": 0.583, "food_and_drink": 0.125, "arts_and_entertainment": 0.083, "community_and_government": 0.042, "cultural_and_historic": 0.042, "education": 0.042, "services_and_business": 0.042, "shopping": 0.042}, "tfidf": {"sports_and_recreation": 0.655, "food_and_drink": 0.13, "arts_and_entertainment": 0.108, "community_and_government": 0.054, "cultural_and_historic": 0.054, "education": 0.052, "shopping": 0.044, "services_and_business": 0.043}, "cluster": -1}}, {"type": "Feature", "geometry": {"type": "Polygon", "coordinates": [[[20.409426, 44.764163], [20.407001, 44.759603], [20.41156, 44.75594], [20.418544, 44.756835], [20.42097, 44.761395], [20.416411, 44.765058], [20.409426, 44.764163]]]}, "properties": {"h3": "881ef59265fffff", "poi": 231, "richness": 11, "hill_q1": 7.85, "hill_q2": 6.755, "top_share": 0.212, "flagged": false, "dominant": "shopping", "dna": {"shopping": 0.212, "services_and_business": 0.182, "lifestyle_services": 0.169, "food_and_drink": 0.16, "health_care": 0.082, "sports_and_recreation": 0.061, "travel_and_transportation": 0.061, "education": 0.03, "arts_and_entertainment": 0.022, "community_and_government": 0.017, "geographic_entities": 0.004}, "tfidf": {"shopping": 0.222, "lifestyle_services": 0.196, "services_and_business": 0.189, "food_and_drink": 0.166, "health_care": 0.109, "travel_and_transportation": 0.069, "sports_and_recreation": 0.068, "education": 0.038, "arts_and_entertainment": 0.028, "community_and_government": 0.022, "geographic_entities": 0.011}, "cluster": -1}}, {"type": "Feature", "geometry": {"type": "Polygon", "coordinates": [[[20.42097, 44.761395], [20.418544, 44.756835], [20.423102, 44.753171], [20.430086, 44.754066], [20.432513, 44.758625], [20.427955, 44.76229], [20.42097, 44.761395]]]}, "properties": {"h3": "881ef59267fffff", "poi": 83, "richness": 12, "hill_q1": 8.942, "hill_q2": 7.595, "top_share": 0.217, "flagged": false, "dominant": "services_and_business", "dna": {"services_and_business": 0.217, "lifestyle_services": 0.169, "sports_and_recreation": 0.133, "shopping": 0.12, "health_care": 0.096, "education": 0.084, "food_and_drink": 0.072, "arts_and_entertainment": 0.024, "community_and_government": 0.024, "lodging": 0.024, "travel_and_transportation": 0.024, "cultural_and_historic": 0.012}, "tfidf": {"services_and_business": 0.225, "lifestyle_services": 0.196, "sports_and_recreation": 0.149, "health_care": 0.128, "shopping": 0.126, "education": 0.105, "food_and_drink": 0.075, "lodging": 0.035, "community_and_government": 0.031, "arts_and_entertainment": 0.031, "travel_and_transportation": 0.027, "cultural_and_historic": 0.016}, "cluster": -1}}, {"type": "Feature", "geometry": {"type": "Polygon", "coordinates": [[[20.416705, 44.777839], [20.414279, 44.773281], [20.418838, 44.769617], [20.425823, 44.770512], [20.42825, 44.775071], [20.423691, 44.778735], [20.416705, 44.777839]]]}, "properties": {"h3": "881ef59269fffff", "poi": 134, "richness": 13, "hill_q1": 10.227, "hill_q2": 8.907, "top_share": 0.179, "flagged": false, "dominant": "food_and_drink", "dna": {"food_and_drink": 0.179, "lifestyle_services": 0.134, "services_and_business": 0.134, "shopping": 0.134, "sports_and_recreation": 0.09, "health_care": 0.082, "education": 0.075, "arts_and_entertainment": 0.045, "community_and_government": 0.037, "cultural_and_historic": 0.03, "lodging": 0.03, "travel_and_transportation": 0.022, "geographic_entities": 0.007}, "tfidf": {"food_and_drink": 0.186, "lifestyle_services": 0.156, "shopping": 0.141, "services_and_business": 0.139, "health_care": 0.109, "sports_and_recreation": 0.101, "education": 0.093, "arts_and_entertainment": 0.058, "community_and_government": 0.048, "lodging": 0.043, "cultural_and_historic": 0.039, "travel_and_transportation": 0.025, "geographic_entities": 0.018}, "cluster": -1}}, {"type": "Feature", "geometry": {"type": "Polygon", "coordinates": [[[20.407293, 44.772385], [20.404867, 44.767826], [20.409426, 44.764163], [20.416411, 44.765058], [20.418838, 44.769617], [20.414279, 44.773281], [20.407293, 44.772385]]]}, "properties": {"h3": "881ef5926dfffff", "poi": 122, "richness": 13, "hill_q1": 9.597, "hill_q2": 8.214, "top_share": 0.189, "flagged": false, "dominant": "services_and_business", "dna": {"services_and_business": 0.189, "shopping": 0.164, "food_and_drink": 0.156, "lifestyle_services": 0.098, "sports_and_recreation": 0.098, "education": 0.074, "health_care": 0.074, "community_and_government": 0.041, "travel_and_transportation": 0.041, "arts_and_entertainment": 0.033, "geographic_entities": 0.016, "cultural_and_historic": 0.008, "lodging": 0.008}, "tfidf": {"services_and_business": 0.196, "shopping": 0.172, "food_and_drink": 0.162, "lifestyle_services": 0.114, "sports_and_recreation": 0.11, "health_care": 0.098, "education": 0.092, "community_and_government": 0.053, "travel_and_transportation": 0.046, "arts_and_entertainment": 0.042, "geographic_entities": 0.04, "lodging": 0.012, "cultural_and_historic": 0.011}, "cluster": -1}}, {"type": "Feature", "geometry": {"type": "Polygon", "coordinates": [[[20.516346, 44.76933], [20.513914, 44.764773], [20.518469, 44.761105], [20.525456, 44.761994], [20.527888, 44.766551], [20.523334, 44.770219], [20.516346, 44.76933]]]}, "properties": {"h3": "881ef592c1fffff", "poi": 24, "richness": 8, "hill_q1": 6.068, "hill_q2": 4.966, "top_share": 0.333, "flagged": false, "dominant": "services_and_business", "dna": {"services_and_business": 0.333, "shopping": 0.208, "sports_and_recreation": 0.167, "food_and_drink": 0.083, "travel_and_transportation": 0.083, "arts_and_entertainment": 0.042, "community_and_government": 0.042, "lifestyle_services": 0.042}, "tfidf": {"services_and_business": 0.346, "shopping": 0.218, "sports_and_recreation": 0.187, "travel_and_transportation": 0.094, "food_and_drink": 0.086, "community_and_government": 0.054, "arts_and_entertainment": 0.054, "lifestyle_services": 0.048}, "cluster": -1}}, {"type": "Feature", "geometry": {"type": "Polygon", "coordinates": [[[20.527888, 44.766551], [20.525456, 44.761994], [20.53001, 44.758326], [20.536997, 44.759214], [20.53943, 44.763771], [20.534876, 44.76744], [20.527888, 44.766551]]]}, "properties": {"h3": "881ef592c3fffff", "poi": 22, "richness": 8, "hill_q1": 6.159, "hill_q2": 5.149, "top_share": 0.318, "flagged": false, "dominant": "shopping", "dna": {"shopping": 0.318, "services_and_business": 0.182, "travel_and_transportation": 0.182, "food_and_drink": 0.136, "cultural_and_historic": 0.045, "health_care": 0.045, "lifestyle_services": 0.045, "lodging": 0.045}, "tfidf": {"shopping": 0.333, "travel_and_transportation": 0.206, "services_and_business": 0.189, "food_and_drink": 0.141, "lodging": 0.066, "health_care": 0.06, "cultural_and_historic": 0.059, "lifestyle_services": 0.053}, "cluster": -1}}, {"type": "Feature", "geometry": {"type": "Polygon", "coordinates": [[[20.506927, 44.763883], [20.504496, 44.759325], [20.509051, 44.755658], [20.516037, 44.756547], [20.518469, 44.761105], [20.513914, 44.764773], [20.506927, 44.763883]]]}, "properties": {"h3": "881ef592c5fffff", "poi": 30, "richness": 10, "hill_q1": 8.395, "hill_q2": 7.5, "top_share": 0.2, "flagged": false, "dominant": "lifestyle_services", "dna": {"lifestyle_services": 0.2, "food_and_drink": 0.167, "education": 0.133, "health_care": 0.133, "shopping": 0.133, "services_and_business": 0.067, "sports_and_recreation": 0.067, "community_and_government": 0.033, "cultural_and_historic": 0.033, "lodging": 0.033}, "tfidf": {"lifestyle_services": 0.232, "health_care": 0.177, "food_and_drink": 0.173, "education": 0.167, "shopping": 0.14, "sports_and_recreation": 0.075, "services_and_business": 0.069, "lodging": 0.048, "community_and_government": 0.043, "cultural_and_historic": 0.043}, "cluster": -1}}, {"type": "Feature", "geometry": {"type": "Polygon", "coordinates": [[[20.514223, 44.777554], [20.511791, 44.772997], [20.516346, 44.76933], [20.523334, 44.770219], [20.525766, 44.774776], [20.521211, 44.778443], [20.514223, 44.777554]]]}, "properties": {"h3": "881ef592c9fffff", "poi": 16, "richness": 7, "hill_q1": 5.877, "hill_q2": 5.12, "top_share": 0.313, "flagged": false, "dominant": "shopping", "dna": {"shopping": 0.313, "community_and_government": 0.188, "travel_and_transportation": 0.188, "services_and_business": 0.125, "cultural_and_historic": 0.063, "education": 0.063, "food_and_drink": 0.063}, "tfidf": {"shopping": 0.327, "community_and_government": 0.243, "travel_and_transportation": 0.212, "services_and_business": 0.13, "cultural_and_historic": 0.081, "education": 0.078, "food_and_drink": 0.065}, "cluster": -1}}, {"type": "Feature", "geometry": {"type": "Polygon", "coordinates": [[[20.525766, 44.774776], [20.523334, 44.770219], [20.527888, 44.766551], [20.534876, 44.76744], [20.537309, 44.771996], [20.532754, 44.775665], [20.525766, 44.774776]]]}, "properties": {"h3": "881ef592cbfffff", "poi": 20, "richness": 9, "hill_q1": 7.127, "hill_q2": 5.882, "top_share": 0.3, "flagged": false, "dominant": "services_and_business", "dna": {"services_and_business": 0.3, "cultural_and_historic": 0.15, "food_and_drink": 0.15, "lifestyle_services": 0.15, "arts_and_entertainment": 0.05, "education": 0.05, "health_care": 0.05, "shopping": 0.05, "travel_and_transportation": 0.05}, "tfidf": {"services_and_business": 0.311, "cultural_and_historic": 0.195, "lifestyle_services": 0.174, "food_and_drink": 0.156, "health_care": 0.067, "arts_and_entertainment": 0.065, "education": 0.062, "travel_and_transportation": 0.057, "shopping": 0.052}, "cluster": -1}}, {"type": "Feature", "geometry": {"type": "Polygon", "coordinates": [[[20.504803, 44.772107], [20.502372, 44.76755], [20.506927, 44.763883], [20.513914, 44.764773], [20.516346, 44.76933], [20.511791, 44.772997], [20.504803, 44.772107]]]}, "properties": {"h3": "881ef592cdfffff", "poi": 53, "richness": 11, "hill_q1": 8.881, "hill_q2": 7.111, "top_share": 0.283, "flagged": false, "dominant": "services_and_business", "dna": {"services_and_business": 0.283, "shopping": 0.132, "food_and_drink": 0.094, "health_care": 0.094, "sports_and_recreation": 0.094, "lifestyle_services": 0.075, "community_and_government": 0.057, "cultural_and_historic": 0.057, "arts_and_entertainment": 0.038, "education": 0.038, "travel_and_transportation": 0.038}, "tfidf": {"services_and_business": 0.294, "shopping": 0.138, "health_care": 0.125, "sports_and_recreation": 0.106, "food_and_drink": 0.098, "lifestyle_services": 0.088, "community_and_government": 0.073, "cultural_and_historic": 0.073, "arts_and_entertainment": 0.049, "education": 0.047, "travel_and_transportation": 0.043}, "cluster": -1}}, {"type": "Feature", "geometry": {"type": "Polygon", "coordinates": [[[20.53943, 44.763771], [20.536997, 44.759214], [20.54155, 44.755545], [20.548537, 44.756433], [20.550971, 44.76099], [20.546417, 44.764659], [20.53943, 44.763771]]]}, "properties": {"h3": "881ef592d5fffff", "poi": 11, "richness": 6, "hill_q1": 5.326, "hill_q2": 4.84, "top_share": 0.273, "flagged": false, "dominant": "services_and_business", "dna": {"services_and_business": 0.273, "shopping": 0.273, "education": 0.182, "arts_and_entertainment": 0.091, "lifestyle_services": 0.091, "lodging": 0.091}, "tfidf": {"shopping": 0.286, "services_and_business": 0.283, "education": 0.227, "lodging": 0.132, "arts_and_entertainment": 0.117, "lifestyle_services": 0.105}, "cluster": -1}}, {"type": "Feature", "geometry": {"type": "Polygon", "coordinates": [[[20.499634, 44.750209], [20.497204, 44.745651], [20.501758, 44.741983], [20.508743, 44.742873], [20.511174, 44.747432], [20.50662, 44.7511], [20.499634, 44.750209]]]}, "properties": {"h3": "881ef592e1fffff", "poi": 17, "richness": 7, "hill_q1": 6.321, "hill_q2": 5.898, "top_share": 0.235, "flagged": false, "dominant": "services_and_business", "dna": {"services_and_business": 0.235, "food_and_drink": 0.176, "lifestyle_services": 0.176, "shopping": 0.176, "travel_and_transportation": 0.118, "arts_and_entertainment": 0.059, "health_care": 0.059}, "tfidf": {"services_and_business": 0.244, "lifestyle_services": 0.205, "shopping": 0.185, "food_and_drink": 0.183, "travel_and_transportation": 0.133, "health_care": 0.078, "arts_and_entertainment": 0.076}, "cluster": -1}}, {"type": "Feature", "geometry": {"type": "Polygon", "coordinates": [[[20.501758, 44.741983], [20.499328, 44.737424], [20.503882, 44.733756], [20.510866, 44.734646], [20.513297, 44.739205], [20.508743, 44.742873], [20.501758, 44.741983]]]}, "properties": {"h3": "881ef592e7fffff", "poi": 31, "richness": 12, "hill_q1": 9.863, "hill_q2": 8.658, "top_share": 0.161, "flagged": false, "dominant": "community_and_government", "dna": {"community_and_government": 0.161, "sports_and_recreation": 0.161, "food_and_drink": 0.129, "services_and_business": 0.129, "shopping": 0.129, "cultural_and_historic": 0.065, "education": 0.065, "arts_and_entertainment": 0.032, "geographic_entities": 0.032, "health_care": 0.032, "lifestyle_services": 0.032, "travel_and_transportation": 0.032}, "tfidf": {"community_and_government": 0.209, "sports_and_recreation": 0.181, "shopping": 0.135, "food_and_drink": 0.134, "services_and_business": 0.134, "cultural_and_historic": 0.084, "education": 0.081, "geographic_entities": 0.079, "health_care": 0.043, "arts_and_entertainment": 0.042, "lifestyle_services": 0.037, "travel_and_transportation": 0.037}, "cluster": -1}}, {"type": "Feature", "geometry": {"type": "Polygon", "coordinates": [[[20.49751, 44.758435], [20.495079, 44.753877], [20.499634, 44.750209], [20.50662, 44.7511], [20.509051, 44.755658], [20.504496, 44.759325], [20.49751, 44.758435]]]}, "properties": {"h3": "881ef592e9fffff", "poi": 24, "richness": 8, "hill_q1": 6.015, "hill_q2": 5.053, "top_share": 0.292, "flagged": false, "dominant": "services_and_business", "dna": {"services_and_business": 0.292, "food_and_drink": 0.25, "education": 0.167, "shopping": 0.125, "health_care": 0.042, "lifestyle_services": 0.042, "lodging": 0.042, "sports_and_recreation": 0.042}, "tfidf": {"services_and_business": 0.303, "food_and_drink": 0.259, "education": 0.208, "shopping": 0.131, "lodging": 0.061, "health_care": 0.055, "lifestyle_services": 0.048, "sports_and_recreation": 0.047}, "cluster": -1}}, {"type": "Feature", "geometry": {"type": "Polygon", "coordinates": [[[20.488094, 44.752986], [20.485664, 44.748427], [20.490219, 44.74476], [20.497204, 44.745651], [20.499634, 44.750209], [20.495079, 44.753877], [20.488094, 44.752986]]]}, "properties": {"h3": "881ef592edfffff", "poi": 29, "richness": 10, "hill_q1": 7.108, "hill_q2": 5.357, "top_share": 0.345, "flagged": false, "dominant": "services_and_business", "dna": {"services_and_business": 0.345, "education": 0.172, "shopping": 0.138, "community_and_government": 0.069, "sports_and_recreation": 0.069, "travel_and_transportation": 0.069, "cultural_and_historic": 0.034, "geographic_entities": 0.034, "health_care": 0.034, "lifestyle_services": 0.034}, "tfidf": {"services_and_business": 0.358, "education": 0.216, "shopping": 0.144, "community_and_government": 0.09, "geographic_entities": 0.084, "travel_and_transportation": 0.078, "sports_and_recreation": 0.077, "health_care": 0.046, "cultural_and_historic": 0.045, "lifestyle_services": 0.04}, "cluster": -1}}, {"type": "Feature", "geometry": {"type": "Polygon", "coordinates": [[[20.385471, 44.731344], [20.383047, 44.726782], [20.387605, 44.723119], [20.394587, 44.724016], [20.39701, 44.728577], [20.392453, 44.732241], [20.385471, 44.731344]]]}, "properties": {"h3": "881ef59301fffff", "poi": 12, "richness": 7, "hill_q1": 6.172, "hill_q2": 5.538, "top_share": 0.25, "flagged": false, "dominant": "shopping", "dna": {"shopping": 0.25, "travel_and_transportation": 0.25, "arts_and_entertainment": 0.167, "community_and_government": 0.083, "food_and_drink": 0.083, "lifestyle_services": 0.083, "sports_and_recreation": 0.083}, "tfidf": {"travel_and_transportation": 0.283, "shopping": 0.262, "arts_and_entertainment": 0.215, "community_and_government": 0.108, "lifestyle_services": 0.097, "sports_and_recreation": 0.094, "food_and_drink": 0.086}, "cluster": -1}}, {"type": "Feature", "geometry": {"type": "Polygon", "coordinates": [[[20.376066, 44.725884], [20.373644, 44.721323], [20.378202, 44.717659], [20.385182, 44.718557], [20.387605, 44.723119], [20.383047, 44.726782], [20.376066, 44.725884]]]}, "properties": {"h3": "881ef59305fffff", "poi": 10, "richness": 5, "hill_q1": 4.353, "hill_q2": 3.846, "top_share": 0.4, "flagged": false, "dominant": "shopping", "dna": {"shopping": 0.4, "cultural_and_historic": 0.2, "services_and_business": 0.2, "food_and_drink": 0.1, "lifestyle_services": 0.1}, "tfidf": {"shopping": 0.419, "cultural_and_historic": 0.26, "services_and_business": 0.208, "lifestyle_services": 0.116, "food_and_drink": 0.104}, "cluster": -1}}, {"type": "Feature", "geometry": {"type": "Polygon", "coordinates": [[[20.373931, 44.734109], [20.371508, 44.729548], [20.376066, 44.725884], [20.383047, 44.726782], [20.385471, 44.731344], [20.380912, 44.735007], [20.373931, 44.734109]]]}, "properties": {"h3": "881ef5930dfffff", "poi": 60, "richness": 9, "hill_q1": 6.87, "hill_q2": 5.882, "top_share": 0.25, "flagged": false, "dominant": "food_and_drink", "dna": {"food_and_drink": 0.25, "shopping": 0.233, "lifestyle_services": 0.15, "sports_and_recreation": 0.117, "education": 0.1, "services_and_business": 0.067, "arts_and_entertainment": 0.033, "travel_and_transportation": 0.033, "health_care": 0.017}, "tfidf": {"food_and_drink": 0.259, "shopping": 0.244, "lifestyle_services": 0.174, "sports_and_recreation": 0.131, "education": 0.125, "services_and_business": 0.069, "arts_and_entertainment": 0.043, "travel_and_transportation": 0.038, "health_care": 0.022}, "cluster": -1}}, {"type": "Feature", "geometry": {"type": "Polygon", "coordinates": [[[20.417956, 44.731266], [20.415531, 44.726705], [20.420088, 44.72304], [20.42707, 44.723935], [20.429495, 44.728496], [20.424939, 44.732161], [20.417956, 44.731266]]]}, "properties": {"h3": "881ef59311fffff", "poi": 91, "richness": 11, "hill_q1": 8.723, "hill_q2": 7.494, "top_share": 0.231, "flagged": false, "dominant": "shopping", "dna": {"shopping": 0.231, "services_and_business": 0.165, "food_and_drink": 0.132, "travel_and_transportation": 0.11, "sports_and_recreation": 0.088, "education": 0.077, "lifestyle_services": 0.066, "cultural_and_historic": 0.055, "health_care": 0.044, "arts_and_entertainment": 0.022, "lodging": 0.011}, "tfidf": {"shopping": 0.242, "services_and_business": 0.171, "food_and_drink": 0.137, "travel_and_transportation": 0.124, "sports_and_recreation": 0.099, "education": 0.096, "lifestyle_services": 0.076, "cultural_and_historic": 0.071, "health_care": 0.058, "arts_and_entertainment": 0.028, "lodging": 0.016}, "cluster": -1}}, {"type": "Feature", "geometry": {"type": "Polygon", "coordinates": [[[20.429495, 44.728496], [20.42707, 44.723935], [20.431626, 44.720269], [20.438607, 44.721164], [20.441034, 44.725725], [20.436478, 44.729391], [20.429495, 44.728496]]]}, "properties": {"h3": "881ef59313fffff", "poi": 22, "richness": 9, "hill_q1": 7.366, "hill_q2": 6.368, "top_share": 0.227, "flagged": false, "dominant": "lifestyle_services", "dna": {"lifestyle_services": 0.227, "shopping": 0.227, "cultural_and_historic": 0.136, "travel_and_transportation": 0.136, "sports_and_recreation": 0.091, "community_and_government": 0.045, "education": 0.045, "food_and_drink": 0.045, "health_care": 0.045}, "tfidf": {"lifestyle_services": 0.264, "shopping": 0.238, "cultural_and_historic": 0.177, "travel_and_transportation": 0.154, "sports_and_recreation": 0.102, "health_care": 0.06, "community_and_government": 0.059, "education": 0.057, "food_and_drink": 0.047}, "cluster": -1}}, {"type": "Feature", "geometry": {"type": "Polygon", "coordinates": [[[20.420088, 44.72304], [20.417663, 44.718479], [20.422219, 44.714813], [20.4292, 44.715708], [20.431626, 44.720269], [20.42707, 44.723935], [20.420088, 44.72304]]]}, "properties": {"h3": "881ef59317fffff", "poi": 54, "richness": 10, "hill_q1": 8.066, "hill_q2": 7.043, "top_share": 0.241, "flagged": false, "dominant": "services_and_business", "dna": {"services_and_business": 0.241, "lifestyle_services": 0.148, "shopping": 0.148, "travel_and_transportation": 0.13, "education": 0.093, "food_and_drink": 0.074, "lodging": 0.074, "sports_and_recreation": 0.056, "community_and_government": 0.019, "health_care": 0.019}, "tfidf": {"services_and_business": 0.25, "lifestyle_services": 0.172, "shopping": 0.155, "travel_and_transportation": 0.147, "education": 0.116, "lodging": 0.108, "food_and_drink": 0.077, "sports_and_recreation": 0.062, "health_care": 0.025, "community_and_government": 0.024}, "cluster": -1}}, {"type": "Feature", "geometry": {"type": "Polygon", "coordinates": [[[20.415825, 44.739491], [20.413399, 44.734931], [20.417956, 44.731266], [20.424939, 44.732161], [20.427365, 44.736722], [20.422808, 44.740387], [20.415825, 44.739491]]]}, "properties": {"h3": "881ef59319fffff", "poi": 101, "richness": 11, "hill_q1": 8.355, "hill_q2": 6.869, "top_share": 0.257, "flagged": false, "dominant": "shopping", "dna": {"shopping": 0.257, "services_and_business": 0.158, "food_and_drink": 0.149, "lifestyle_services": 0.109, "sports_and_recreation": 0.109, "cultural_and_historic": 0.05, "education": 0.05, "arts_and_entertainment": 0.03, "community_and_government": 0.03, "health_care": 0.03, "travel_and_transportation": 0.03}, "tfidf": {"shopping": 0.27, "services_and_business": 0.164, "food_and_drink": 0.154, "lifestyle_services": 0.126, "sports_and_recreation": 0.122, "cultural_and_historic": 0.064, "education": 0.062, "health_care": 0.04, "community_and_government": 0.039, "arts_and_entertainment": 0.038, "travel_and_transportation": 0.034}, "cluster": -1}}, {"type": "Feature", "geometry": {"type": "Polygon", "coordinates": [[[20.427365, 44.736722], [20.424939, 44.732161], [20.429495, 44.728496], [20.436478, 44.729391], [20.438904, 44.733951], [20.434348, 44.737617], [20.427365, 44.736722]]]}, "properties": {"h3": "881ef5931bfffff", "poi": 31, "richness": 9, "hill_q1": 7.043, "hill_q2": 6.121, "top_share": 0.226, "flagged": false, "dominant": "shopping", "dna": {"shopping": 0.226, "services_and_business": 0.194, "travel_and_transportation": 0.194, "food_and_drink": 0.161, "community_and_government": 0.065, "lifestyle_services": 0.065, "arts_and_entertainment": 0.032, "cultural_and_historic": 0.032, "education": 0.032}, "tfidf": {"shopping": 0.236, "travel_and_transportation": 0.219, "services_and_business": 0.201, "food_and_drink": 0.167, "community_and_government": 0.084, "lifestyle_services": 0.075, "cultural_and_historic": 0.042, "arts_and_entertainment": 0.042, "education": 0.04}, "cluster": -1}}, {"type": "Feature", "geometry": {"type": "Polygon", "coordinates": [[[20.366663, 44.720424], [20.364241, 44.715862], [20.368799, 44.712198], [20.375779, 44.713097], [20.378202, 44.717659], [20.373644, 44.721323], [20.366663, 44.720424]]]}, "properties": {"h3": "881ef59329fffff", "poi": 11, "richness": 5, "hill_q1": 4.553, "hill_q2": 4.172, "top_share": 0.364, "flagged": false, "dominant": "travel_and_transportation", "dna": {"travel_and_transportation": 0.364, "education": 0.182, "shopping": 0.182, "sports_and_recreation": 0.182, "services_and_business": 0.091}, "tfidf": {"travel_and_transportation": 0.412, "education": 0.227, "sports_and_recreation": 0.204, "shopping": 0.19, "services_and_business": 0.094}, "cluster": -1}}, {"type": "Feature", "geometry": {"type": "Polygon", "coordinates": [[[20.40215, 44.750483], [20.399725, 44.745923], [20.404284, 44.742259], [20.411267, 44.743156], [20.413692, 44.747716], [20.409134, 44.75138], [20.40215, 44.750483]]]}, "properties": {"h3": "881ef59351fffff", "poi": 28, "richness": 9, "hill_q1": 7.172, "hill_q2": 6.323, "top_share": 0.214, "flagged": false, "dominant": "services_and_business", "dna": {"services_and_business": 0.214, "shopping": 0.214, "health_care": 0.143, "lifestyle_services": 0.143, "sports_and_recreation": 0.143, "community_and_government": 0.036, "cultural_and_historic": 0.036, "education": 0.036, "food_and_drink": 0.036}, "tfidf": {"shopping": 0.224, "services_and_business": 0.222, "health_care": 0.19, "lifestyle_services": 0.166, "sports_and_recreation": 0.16, "community_and_government": 0.046, "cultural_and_historic": 0.046, "education": 0.045, "food_and_drink": 0.037}, "cluster": -1}}, {"type": "Feature", "geometry": {"type": "Polygon", "coordinates": [[[20.413692, 44.747716], [20.411267, 44.743156], [20.415825, 44.739491], [20.422808, 44.740387], [20.425234, 44.744947], [20.420676, 44.748611], [20.413692, 44.747716]]]}, "properties": {"h3": "881ef59353fffff", "poi": 88, "richness": 12, "hill_q1": 8.937, "hill_q2": 7.533, "top_share": 0.216, "flagged": false, "dominant": "shopping", "dna": {"shopping": 0.216, "food_and_drink": 0.182, "lifestyle_services": 0.125, "services_and_business": 0.125, "sports_and_recreation": 0.102, "travel_and_transportation": 0.068, "community_and_government": 0.045, "education": 0.045, "arts_and_entertainment": 0.034, "health_care": 0.034, "geographic_entities": 0.011, "lodging": 0.011}, "tfidf": {"shopping": 0.226, "food_and_drink": 0.189, "lifestyle_services": 0.145, "services_and_business": 0.13, "sports_and_recreation": 0.115, "travel_and_transportation": 0.077, "community_and_government": 0.059, "education": 0.057, "health_care": 0.045, "arts_and_entertainment": 0.044, "geographic_entities": 0.028, "lodging": 0.017}, "cluster": -1}}, {"type": "Feature", "geometry": {"type": "Polygon", "coordinates": [[[20.392742, 44.745026], [20.390318, 44.740466], [20.394877, 44.736802], [20.401859, 44.737699], [20.404284, 44.742259], [20.399725, 44.745923], [20.392742, 44.745026]]]}, "properties": {"h3": "881ef59355fffff", "poi": 15, "richness": 8, "hill_q1": 6.679, "hill_q2": 5.769, "top_share": 0.267, "flagged": false, "dominant": "travel_and_transportation", "dna": {"travel_and_transportation": 0.267, "services_and_business": 0.2, "shopping": 0.2, "cultural_and_historic": 0.067, "food_and_drink": 0.067, "health_care": 0.067, "lifestyle_services": 0.067, "sports_and_recreation": 0.067}, "tfidf": {"travel_and_transportation": 0.302, "shopping": 0.209, "services_and_business": 0.208, "health_care": 0.089, "cultural_and_historic": 0.087, "lifestyle_services": 0.077, "sports_and_recreation": 0.075, "food_and_drink": 0.069}, "cluster": -1}}, {"type": "Feature", "geometry": {"type": "Polygon", "coordinates": [[[20.400016, 44.758707], [20.397591, 44.754147], [20.40215, 44.750483], [20.409134, 44.75138], [20.41156, 44.75594], [20.407001, 44.759603], [20.400016, 44.758707]]]}, "properties": {"h3": "881ef59359fffff", "poi": 52, "richness": 10, "hill_q1": 7.915, "hill_q2": 6.794, "top_share": 0.212, "flagged": false, "dominant": "shopping", "dna": {"shopping": 0.212, "food_and_drink": 0.192, "services_and_business": 0.192, "lifestyle_services": 0.096, "sports_and_recreation": 0.096, "education": 0.058, "travel_and_transportation": 0.058, "cultural_and_historic": 0.038, "health_care": 0.038, "arts_and_entertainment": 0.019}, "tfidf": {"shopping": 0.222, "food_and_drink": 0.2, "services_and_business": 0.2, "lifestyle_services": 0.111, "sports_and_recreation": 0.108, "education": 0.072, "travel_and_transportation": 0.065, "health_care": 0.051, "cultural_and_historic": 0.05, "arts_and_entertainment": 0.025}, "cluster": -1}}, {"type": "Feature", "geometry": {"type": "Polygon", "coordinates": [[[20.41156, 44.75594], [20.409134, 44.75138], [20.413692, 44.747716], [20.420676, 44.748611], [20.423102, 44.753171], [20.418544, 44.756835], [20.41156, 44.75594]]]}, "properties": {"h3": "881ef5935bfffff", "poi": 104, "richness": 12, "hill_q1": 9.065, "hill_q2": 7.715, "top_share": 0.221, "flagged": false, "dominant": "services_and_business", "dna": {"services_and_business": 0.221, "shopping": 0.163, "food_and_drink": 0.125, "sports_and_recreation": 0.125, "lifestyle_services": 0.096, "travel_and_transportation": 0.067, "cultural_and_historic": 0.058, "education": 0.048, "health_care": 0.048, "lodging": 0.029, "arts_and_entertainment": 0.01, "community_and_government": 0.01}, "tfidf": {"services_and_business": 0.229, "shopping": 0.171, "sports_and_recreation": 0.14, "food_and_drink": 0.13, "lifestyle_services": 0.111, "travel_and_transportation": 0.076, "cultural_and_historic": 0.075, "health_care": 0.064, "education": 0.06, "lodging": 0.042, "community_and_government": 0.012, "arts_and_entertainment": 0.012}, "cluster": -1}}, {"type": "Feature", "geometry": {"type": "Polygon", "coordinates": [[[20.390608, 44.75325], [20.388183, 44.74869], [20.392742, 44.745026], [20.399725, 44.745923], [20.40215, 44.750483], [20.397591, 44.754147], [20.390608, 44.75325]]]}, "properties": {"h3": "881ef5935dfffff", "poi": 18, "richness": 6, "hill_q1": 4.926, "hill_q2": 4.154, "top_share": 0.389, "flagged": false, "dominant": "services_and_business", "dna": {"services_and_business": 0.389, "food_and_drink": 0.222, "shopping": 0.111, "sports_and_recreation": 0.111, "travel_and_transportation": 0.111, "lifestyle_services": 0.056}, "tfidf": {"services_and_business": 0.403, "food_and_drink": 0.231, "travel_and_transportation": 0.126, "sports_and_recreation": 0.125, "shopping": 0.116, "lifestyle_services": 0.064}, "cluster": -1}}, {"type": "Feature", "geometry": {"type": "Polygon", "coordinates": [[[20.364527, 44.728649], [20.362105, 44.724087], [20.366663, 44.720424], [20.373644, 44.721323], [20.376066, 44.725884], [20.371508, 44.729548], [20.364527, 44.728649]]]}, "properties": {"h3": "881ef59363fffff", "poi": 37, "richness": 9, "hill_q1": 5.905, "hill_q2": 4.704, "top_share": 0.324, "flagged": false, "dominant": "services_and_business", "dna": {"services_and_business": 0.324, "food_and_drink": 0.243, "shopping": 0.189, "arts_and_entertainment": 0.081, "cultural_and_historic": 0.054, "community_and_government": 0.027, "education": 0.027, "lifestyle_services": 0.027, "sports_and_recreation": 0.027}, "tfidf": {"services_and_business": 0.337, "food_and_drink": 0.252, "shopping": 0.198, "arts_and_entertainment": 0.105, "cultural_and_historic": 0.07, "community_and_government": 0.035, "education": 0.034, "lifestyle_services": 0.031, "sports_and_recreation": 0.03}, "cluster": -1}}, {"type": "Feature", "geometry": {"type": "Polygon", "coordinates": [[[20.36239, 44.736873], [20.359967, 44.732312], [20.364527, 44.728649], [20.371508, 44.729548], [20.373931, 44.734109], [20.369371, 44.737772], [20.36239, 44.736873]]]}, "properties": {"h3": "881ef5936bfffff", "poi": 17, "richness": 8, "hill_q1": 6.321, "hill_q2": 5.07, "top_share": 0.353, "flagged": false, "dominant": "services_and_business", "dna": {"services_and_business": 0.353, "health_care": 0.176, "lodging": 0.118, "shopping": 0.118, "community_and_government": 0.059, "cultural_and_historic": 0.059, "education": 0.059, "travel_and_transportation": 0.059}, "tfidf": {"services_and_business": 0.366, "health_care": 0.235, "lodging": 0.171, "shopping": 0.123, "community_and_government": 0.076, "cultural_and_historic": 0.076, "education": 0.074, "travel_and_transportation": 0.067}, "cluster": -1}}]}