{"type": "FeatureCollection", "metadata": {"source": "2026-09-23.1", "bbox": [132.35, 34.2999, 132.55, 34.4801], "h3_res": 8, "taxonomy_level": 1, "min_poi": 10, "providers_pct": {"meta": 74.3, "AllThePlaces": 12.8, "Foursquare": 9.2, "Microsoft": 3.6, "PinMeTo": 0.0, "DAC": 0.0}}, "features": [{"type": "Feature", "geometry": {"type": "Polygon", "coordinates": [[[132.491, 34.429873], [132.490821, 34.434404], [132.486572, 34.43674], [132.482503, 34.434545], [132.482682, 34.430015], [132.486931, 34.427679], [132.491, 34.429873]]]}, "properties": {"h3": "882e69a011fffff", "poi": 73, "richness": 10, "hill_q1": 7.128, "hill_q2": 6.049, "top_share": 0.233, "flagged": false, "dominant": "services_and_business", "dna": {"services_and_business": 0.233, "shopping": 0.205, "food_and_drink": 0.192, "lifestyle_services": 0.137, "education": 0.096, "health_care": 0.041, "community_and_government": 0.027, "cultural_and_historic": 0.027, "travel_and_transportation": 0.027, "sports_and_recreation": 0.014}, "tfidf": {"services_and_business": 0.233, "shopping": 0.211, "food_and_drink": 0.205, "lifestyle_services": 0.166, "education": 0.118, "health_care": 0.051, "cultural_and_historic": 0.04, "community_and_government": 0.038, "travel_and_transportation": 0.033, "sports_and_recreation": 0.018}, "cluster": -1}}, {"type": "Feature", "geometry": {"type": "Polygon", "coordinates": [[[132.482682, 34.430015], [132.482503, 34.434545], [132.478254, 34.436881], [132.474185, 34.434686], [132.474365, 34.430156], [132.478613, 34.42782], [132.482682, 34.430015]]]}, "properties": {"h3": "882e69a013fffff", "poi": 19, "richness": 7, "hill_q1": 4.097, "hill_q2": 2.714, "top_share": 0.579, "flagged": true, "dominant": "services_and_business", "dna": {"services_and_business": 0.579, "shopping": 0.105, "sports_and_recreation": 0.105, "cultural_and_historic": 0.053, "food_and_drink": 0.053, "health_care": 0.053, "lifestyle_services": 0.053}, "tfidf": {"services_and_business": 0.579, "sports_and_recreation": 0.135, "shopping": 0.108, "cultural_and_historic": 0.077, "health_care": 0.066, "lifestyle_services": 0.064, "food_and_drink": 0.056}, "cluster": -1}}, {"type": "Feature", "geometry": {"type": "Polygon", "coordinates": [[[132.494892, 34.436598], [132.494713, 34.441129], [132.490464, 34.443465], [132.486393, 34.44127], [132.486572, 34.43674], [132.490821, 34.434404], [132.494892, 34.436598]]]}, "properties": {"h3": "882e69a015fffff", "poi": 16, "richness": 9, "hill_q1": 8.172, "hill_q2": 7.529, "top_share": 0.188, "flagged": false, "dominant": "education", "dna": {"education": 0.188, "services_and_business": 0.188, "cultural_and_historic": 0.125, "shopping": 0.125, "sports_and_recreation": 0.125, "community_and_government": 0.063, "food_and_drink": 0.063, "lifestyle_services": 0.063, "travel_and_transportation": 0.063}, "tfidf": {"education": 0.232, "services_and_business": 0.188, "cultural_and_historic": 0.183, "sports_and_recreation": 0.16, "shopping": 0.129, "community_and_government": 0.088, "lifestyle_services": 0.076, "travel_and_transportation": 0.076, "food_and_drink": 0.067}, "cluster": -1}}, {"type": "Feature", "geometry": {"type": "Polygon", "coordinates": [[[132.486572, 34.43674], [132.486393, 34.44127], [132.482144, 34.443606], [132.478074, 34.441411], [132.478254, 34.436881], [132.482503, 34.434545], [132.486572, 34.43674]]]}, "properties": {"h3": "882e69a017fffff", "poi": 36, "richness": 10, "hill_q1": 7.676, "hill_q2": 6.48, "top_share": 0.222, "flagged": false, "dominant": "services_and_business", "dna": {"services_and_business": 0.222, "shopping": 0.222, "health_care": 0.167, "food_and_drink": 0.111, "travel_and_transportation": 0.083, "cultural_and_historic": 0.056, "education": 0.056, "lifestyle_services": 0.028, "lodging": 0.028, "sports_and_recreation": 0.028}, "tfidf": {"shopping": 0.228, "services_and_business": 0.222, "health_care": 0.208, "food_and_drink": 0.119, "travel_and_transportation": 0.101, "cultural_and_historic": 0.081, "education": 0.069, "lodging": 0.062, "sports_and_recreation": 0.036, "lifestyle_services": 0.034}, "cluster": -1}}, {"type": "Feature", "geometry": {"type": "Polygon", "coordinates": [[[132.495428, 34.423006], [132.495249, 34.427536], [132.491, 34.429873], [132.486931, 34.427679], [132.48711, 34.423148], [132.491358, 34.420812], [132.495428, 34.423006]]]}, "properties": {"h3": "882e69a019fffff", "poi": 20, "richness": 7, "hill_q1": 6.427, "hill_q2": 6.061, "top_share": 0.2, "flagged": false, "dominant": "services_and_business", "dna": {"services_and_business": 0.2, "shopping": 0.2, "travel_and_transportation": 0.2, "food_and_drink": 0.15, "community_and_government": 0.1, "health_care": 0.1, "lifestyle_services": 0.05}, "tfidf": {"travel_and_transportation": 0.242, "shopping": 0.206, "services_and_business": 0.2, "food_and_drink": 0.16, "community_and_government": 0.14, "health_care": 0.125, "lifestyle_services": 0.061}, "cluster": -1}}, {"type": "Feature", "geometry": {"type": "Polygon", "coordinates": [[[132.49932, 34.429731], [132.499141, 34.434262], [132.494892, 34.436598], [132.490821, 34.434404], [132.491, 34.429873], [132.495249, 34.427536], [132.49932, 34.429731]]]}, "properties": {"h3": "882e69a01dfffff", "poi": 10, "richness": 7, "hill_q1": 6.261, "hill_q2": 5.556, "top_share": 0.3, "flagged": false, "dominant": "services_and_business", "dna": {"services_and_business": 0.3, "sports_and_recreation": 0.2, "community_and_government": 0.1, "food_and_drink": 0.1, "geographic_entities": 0.1, "shopping": 0.1, "travel_and_transportation": 0.1}, "tfidf": {"services_and_business": 0.3, "sports_and_recreation": 0.256, "geographic_entities": 0.206, "community_and_government": 0.14, "travel_and_transportation": 0.121, "food_and_drink": 0.107, "shopping": 0.103}, "cluster": -1}}, {"type": "Feature", "geometry": {"type": "Polygon", "coordinates": [[[132.506572, 34.456777], [132.506394, 34.461309], [132.502143, 34.463645], [132.49807, 34.461449], [132.498249, 34.456918], [132.5025, 34.454582], [132.506572, 34.456777]]]}, "properties": {"h3": "882e69a023fffff", "poi": 16, "richness": 8, "hill_q1": 5.743, "hill_q2": 4.129, "top_share": 0.438, "flagged": false, "dominant": "services_and_business", "dna": {"services_and_business": 0.438, "education": 0.125, "lifestyle_services": 0.125, "cultural_and_historic": 0.063, "food_and_drink": 0.063, "health_care": 0.063, "sports_and_recreation": 0.063, "travel_and_transportation": 0.063}, "tfidf": {"services_and_business": 0.438, "education": 0.154, "lifestyle_services": 0.151, "cultural_and_historic": 0.092, "sports_and_recreation": 0.08, "health_care": 0.078, "travel_and_transportation": 0.076, "food_and_drink": 0.067}, "cluster": -1}}, {"type": "Feature", "geometry": {"type": "Polygon", "coordinates": [[[132.510468, 34.463504], [132.51029, 34.468036], [132.506038, 34.470373], [132.501965, 34.468177], [132.502143, 34.463645], [132.506394, 34.461309], [132.510468, 34.463504]]]}, "properties": {"h3": "882e69a027fffff", "poi": 104, "richness": 10, "hill_q1": 7.557, "hill_q2": 6.37, "top_share": 0.231, "flagged": false, "dominant": "shopping", "dna": {"shopping": 0.231, "food_and_drink": 0.202, "services_and_business": 0.183, "health_care": 0.135, "lifestyle_services": 0.058, "community_and_government": 0.048, "education": 0.048, "travel_and_transportation": 0.048, "arts_and_entertainment": 0.029, "sports_and_recreation": 0.019}, "tfidf": {"shopping": 0.237, "food_and_drink": 0.216, "services_and_business": 0.183, "health_care": 0.168, "lifestyle_services": 0.07, "community_and_government": 0.067, "education": 0.059, "travel_and_transportation": 0.058, "arts_and_entertainment": 0.046, "sports_and_recreation": 0.025}, "cluster": -1}}, {"type": "Feature", "geometry": {"type": "Polygon", "coordinates": [[[132.486035, 34.450332], [132.485855, 34.454863], [132.481605, 34.457198], [132.477535, 34.455003], [132.477715, 34.450472], [132.481964, 34.448137], [132.486035, 34.450332]]]}, "properties": {"h3": "882e69a033fffff", "poi": 56, "richness": 9, "hill_q1": 5.782, "hill_q2": 4.9, "top_share": 0.286, "flagged": false, "dominant": "shopping", "dna": {"shopping": 0.286, "services_and_business": 0.232, "food_and_drink": 0.196, "health_care": 0.161, "lifestyle_services": 0.054, "arts_and_entertainment": 0.018, "cultural_and_historic": 0.018, "education": 0.018, "travel_and_transportation": 0.018}, "tfidf": {"shopping": 0.294, "services_and_business": 0.232, "food_and_drink": 0.21, "health_care": 0.2, "lifestyle_services": 0.065, "arts_and_entertainment": 0.029, "cultural_and_historic": 0.026, "education": 0.022, "travel_and_transportation": 0.022}, "cluster": -1}}, {"type": "Feature", "geometry": {"type": "Polygon", "coordinates": [[[132.498249, 34.456918], [132.49807, 34.461449], [132.493819, 34.463785], [132.489748, 34.46159], [132.489927, 34.457058], [132.494177, 34.454723], [132.498249, 34.456918]]]}, "properties": {"h3": "882e69a035fffff", "poi": 36, "richness": 10, "hill_q1": 8.432, "hill_q2": 7.448, "top_share": 0.222, "flagged": false, "dominant": "services_and_business", "dna": {"services_and_business": 0.222, "shopping": 0.167, "health_care": 0.139, "food_and_drink": 0.111, "community_and_government": 0.083, "lifestyle_services": 0.083, "travel_and_transportation": 0.083, "cultural_and_historic": 0.056, "education": 0.028, "geographic_entities": 0.028}, "tfidf": {"services_and_business": 0.222, "health_care": 0.173, "shopping": 0.171, "food_and_drink": 0.119, "community_and_government": 0.117, "lifestyle_services": 0.101, "travel_and_transportation": 0.101, "cultural_and_historic": 0.081, "geographic_entities": 0.057, "education": 0.034}, "cluster": -1}}, {"type": "Feature", "geometry": {"type": "Polygon", "coordinates": [[[132.489927, 34.457058], [132.489748, 34.46159], [132.485497, 34.463925], [132.481426, 34.461729], [132.481605, 34.457198], [132.485855, 34.454863], [132.489927, 34.457058]]]}, "properties": {"h3": "882e69a037fffff", "poi": 27, "richness": 7, "hill_q1": 5.904, "hill_q2": 5.245, "top_share": 0.296, "flagged": false, "dominant": "services_and_business", "dna": {"services_and_business": 0.296, "lifestyle_services": 0.185, "shopping": 0.185, "food_and_drink": 0.148, "community_and_government": 0.074, "health_care": 0.074, "cultural_and_historic": 0.037}, "tfidf": {"services_and_business": 0.296, "lifestyle_services": 0.224, "shopping": 0.19, "food_and_drink": 0.158, "community_and_government": 0.104, "health_care": 0.092, "cultural_and_historic": 0.054}, "cluster": -1}}, {"type": "Feature", "geometry": {"type": "Polygon", "coordinates": [[[132.490464, 34.443465], [132.490285, 34.447996], [132.486035, 34.450332], [132.481964, 34.448137], [132.482144, 34.443606], [132.486393, 34.44127], [132.490464, 34.443465]]]}, "properties": {"h3": "882e69a03bfffff", "poi": 11, "richness": 5, "hill_q1": 3.922, "hill_q2": 3.27, "top_share": 0.455, "flagged": false, "dominant": "services_and_business", "dna": {"services_and_business": 0.455, "shopping": 0.273, "community_and_government": 0.091, "education": 0.091, "health_care": 0.091}, "tfidf": {"services_and_business": 0.455, "shopping": 0.28, "community_and_government": 0.128, "health_care": 0.113, "education": 0.112}, "cluster": -1}}, {"type": "Feature", "geometry": {"type": "Polygon", "coordinates": [[[132.520388, 34.422574], [132.520211, 34.427106], [132.515962, 34.429444], [132.511889, 34.42725], [132.512067, 34.422719], [132.516316, 34.420381], [132.520388, 34.422574]]]}, "properties": {"h3": "882e69a043fffff", "poi": 10, "richness": 5, "hill_q1": 4.503, "hill_q2": 4.167, "top_share": 0.3, "flagged": false, "dominant": "education", "dna": {"education": 0.3, "food_and_drink": 0.3, "services_and_business": 0.2, "lifestyle_services": 0.1, "shopping": 0.1}, "tfidf": {"education": 0.371, "food_and_drink": 0.321, "services_and_business": 0.2, "lifestyle_services": 0.121, "shopping": 0.103}, "cluster": -1}}, {"type": "Feature", "geometry": {"type": "Polygon", "coordinates": [[[132.503747, 34.422862], [132.503569, 34.427394], [132.49932, 34.429731], [132.495249, 34.427536], [132.495428, 34.423006], [132.499676, 34.420669], [132.503747, 34.422862]]]}, "properties": {"h3": "882e69a057fffff", "poi": 13, "richness": 5, "hill_q1": 3.966, "hill_q2": 3.314, "top_share": 0.462, "flagged": false, "dominant": "services_and_business", "dna": {"services_and_business": 0.462, "education": 0.231, "arts_and_entertainment": 0.154, "shopping": 0.077, "travel_and_transportation": 0.077}, "tfidf": {"services_and_business": 0.462, "education": 0.285, "arts_and_entertainment": 0.246, "travel_and_transportation": 0.093, "shopping": 0.079}, "cluster": -1}}, {"type": "Feature", "geometry": {"type": "Polygon", "coordinates": [[[132.5126, 34.409125], [132.512422, 34.413656], [132.508174, 34.415994], [132.504103, 34.4138], [132.504281, 34.409269], [132.508529, 34.406932], [132.5126, 34.409125]]]}, "properties": {"h3": "882e69a059fffff", "poi": 61, "richness": 9, "hill_q1": 6.252, "hill_q2": 5.19, "top_share": 0.311, "flagged": false, "dominant": "services_and_business", "dna": {"services_and_business": 0.311, "shopping": 0.213, "health_care": 0.131, "lifestyle_services": 0.131, "food_and_drink": 0.115, "community_and_government": 0.033, "travel_and_transportation": 0.033, "arts_and_entertainment": 0.016, "education": 0.016}, "tfidf": {"services_and_business": 0.311, "shopping": 0.219, "health_care": 0.163, "lifestyle_services": 0.159, "food_and_drink": 0.123, "community_and_government": 0.046, "travel_and_transportation": 0.04, "arts_and_entertainment": 0.026, "education": 0.02}, "cluster": -1}}, {"type": "Feature", "geometry": {"type": "Polygon", "coordinates": [[[132.504281, 34.409269], [132.504103, 34.4138], [132.499855, 34.416138], [132.495785, 34.413944], [132.495963, 34.409413], [132.500211, 34.407076], [132.504281, 34.409269]]]}, "properties": {"h3": "882e69a05bfffff", "poi": 26, "richness": 8, "hill_q1": 6.608, "hill_q2": 5.828, "top_share": 0.231, "flagged": false, "dominant": "food_and_drink", "dna": {"food_and_drink": 0.231, "services_and_business": 0.231, "shopping": 0.192, "health_care": 0.115, "education": 0.077, "lifestyle_services": 0.077, "arts_and_entertainment": 0.038, "cultural_and_historic": 0.038}, "tfidf": {"food_and_drink": 0.247, "services_and_business": 0.231, "shopping": 0.198, "health_care": 0.144, "education": 0.095, "lifestyle_services": 0.093, "arts_and_entertainment": 0.061, "cultural_and_historic": 0.056}, "cluster": -1}}, {"type": "Feature", "geometry": {"type": "Polygon", "coordinates": [[[132.516494, 34.415849], [132.516316, 34.420381], [132.512067, 34.422719], [132.507996, 34.420525], [132.508174, 34.415994], [132.512422, 34.413656], [132.516494, 34.415849]]]}, "properties": {"h3": "882e69a05dfffff", "poi": 12, "richness": 8, "hill_q1": 7.237, "hill_q2": 6.545, "top_share": 0.25, "flagged": false, "dominant": "food_and_drink", "dna": {"food_and_drink": 0.25, "health_care": 0.167, "services_and_business": 0.167, "community_and_government": 0.083, "cultural_and_historic": 0.083, "education": 0.083, "lifestyle_services": 0.083, "shopping": 0.083}, "tfidf": {"food_and_drink": 0.267, "health_care": 0.208, "services_and_business": 0.167, "cultural_and_historic": 0.122, "community_and_government": 0.117, "education": 0.103, "lifestyle_services": 0.101, "shopping": 0.086}, "cluster": -1}}, {"type": "Feature", "geometry": {"type": "Polygon", "coordinates": [[[132.536506, 34.435882], [132.53633, 34.440414], [132.532079, 34.442753], [132.528004, 34.440558], [132.528181, 34.436026], [132.532432, 34.433688], [132.536506, 34.435882]]]}, "properties": {"h3": "882e69a069fffff", "poi": 13, "richness": 6, "hill_q1": 4.883, "hill_q2": 4.122, "top_share": 0.385, "flagged": false, "dominant": "services_and_business", "dna": {"services_and_business": 0.385, "food_and_drink": 0.231, "shopping": 0.154, "education": 0.077, "lifestyle_services": 0.077, "sports_and_recreation": 0.077}, "tfidf": {"services_and_business": 0.385, "food_and_drink": 0.247, "shopping": 0.158, "sports_and_recreation": 0.099, "education": 0.095, "lifestyle_services": 0.093}, "cluster": -1}}, {"type": "Feature", "geometry": {"type": "Polygon", "coordinates": [[[132.540405, 34.442608], [132.540229, 34.447141], [132.535978, 34.44948], [132.531902, 34.447285], [132.532079, 34.442753], [132.53633, 34.440414], [132.540405, 34.442608]]]}, "properties": {"h3": "882e69a06dfffff", "poi": 17, "richness": 9, "hill_q1": 7.072, "hill_q2": 5.453, "top_share": 0.353, "flagged": false, "dominant": "services_and_business", "dna": {"services_and_business": 0.353, "education": 0.118, "lifestyle_services": 0.118, "shopping": 0.118, "community_and_government": 0.059, "cultural_and_historic": 0.059, "food_and_drink": 0.059, "sports_and_recreation": 0.059, "travel_and_transportation": 0.059}, "tfidf": {"services_and_business": 0.353, "education": 0.145, "lifestyle_services": 0.142, "shopping": 0.121, "cultural_and_historic": 0.086, "community_and_government": 0.083, "sports_and_recreation": 0.075, "travel_and_transportation": 0.071, "food_and_drink": 0.063}, "cluster": -1}}, {"type": "Feature", "geometry": {"type": "Polygon", "coordinates": [[[132.453305, 34.4373], [132.453124, 34.44183], [132.448876, 34.444163], [132.444809, 34.441968], [132.444991, 34.437439], [132.449239, 34.435105], [132.453305, 34.4373]]]}, "properties": {"h3": "882e69a081fffff", "poi": 28, "richness": 7, "hill_q1": 5.934, "hill_q2": 5.37, "top_share": 0.25, "flagged": false, "dominant": "food_and_drink", "dna": {"food_and_drink": 0.25, "services_and_business": 0.214, "shopping": 0.214, "health_care": 0.143, "education": 0.071, "lifestyle_services": 0.071, "cultural_and_historic": 0.036}, "tfidf": {"food_and_drink": 0.267, "shopping": 0.22, "services_and_business": 0.214, "health_care": 0.178, "education": 0.088, "lifestyle_services": 0.086, "cultural_and_historic": 0.052}, "cluster": -1}}, {"type": "Feature", "geometry": {"type": "Polygon", "coordinates": [[[132.457734, 34.430436], [132.457553, 34.434966], [132.453305, 34.4373], [132.449239, 34.435105], [132.44942, 34.430576], [132.453667, 34.428241], [132.457734, 34.430436]]]}, "properties": {"h3": "882e69a089fffff", "poi": 69, "richness": 9, "hill_q1": 6.31, "hill_q2": 5.249, "top_share": 0.304, "flagged": false, "dominant": "services_and_business", "dna": {"services_and_business": 0.304, "food_and_drink": 0.217, "shopping": 0.159, "travel_and_transportation": 0.116, "health_care": 0.072, "lifestyle_services": 0.072, "cultural_and_historic": 0.029, "community_and_government": 0.014, "sports_and_recreation": 0.014}, "tfidf": {"services_and_business": 0.304, "food_and_drink": 0.233, "shopping": 0.164, "travel_and_transportation": 0.14, "health_care": 0.09, "lifestyle_services": 0.088, "cultural_and_historic": 0.042, "community_and_government": 0.02, "sports_and_recreation": 0.019}, "cluster": -1}}, {"type": "Feature", "geometry": {"type": "Polygon", "coordinates": [[[132.46162, 34.437161], [132.46144, 34.441691], [132.457191, 34.444025], [132.453124, 34.44183], [132.453305, 34.4373], [132.457553, 34.434966], [132.46162, 34.437161]]]}, "properties": {"h3": "882e69a08dfffff", "poi": 114, "richness": 10, "hill_q1": 6.56, "hill_q2": 5.516, "top_share": 0.246, "flagged": false, "dominant": "services_and_business", "dna": {"services_and_business": 0.246, "food_and_drink": 0.219, "shopping": 0.219, "health_care": 0.105, "lifestyle_services": 0.105, "education": 0.035, "travel_and_transportation": 0.026, "community_and_government": 0.018, "sports_and_recreation": 0.018, "cultural_and_historic": 0.009}, "tfidf": {"services_and_business": 0.246, "food_and_drink": 0.235, "shopping": 0.225, "health_care": 0.131, "lifestyle_services": 0.127, "education": 0.043, "travel_and_transportation": 0.032, "community_and_government": 0.025, "sports_and_recreation": 0.022, "cultural_and_historic": 0.013}, "cluster": -1}}, {"type": "Feature", "geometry": {"type": "Polygon", "coordinates": [[[132.460536, 34.46434], [132.460355, 34.468871], [132.456105, 34.471204], [132.452036, 34.469008], [132.452218, 34.464478], [132.456467, 34.462144], [132.460536, 34.46434]]]}, "properties": {"h3": "882e69a0a5fffff", "poi": 29, "richness": 7, "hill_q1": 5.131, "hill_q2": 4.184, "top_share": 0.379, "flagged": false, "dominant": "shopping", "dna": {"shopping": 0.379, "food_and_drink": 0.241, "arts_and_entertainment": 0.138, "services_and_business": 0.103, "health_care": 0.069, "lifestyle_services": 0.034, "sports_and_recreation": 0.034}, "tfidf": {"shopping": 0.39, "food_and_drink": 0.258, "arts_and_entertainment": 0.221, "services_and_business": 0.103, "health_care": 0.086, "sports_and_recreation": 0.044, "lifestyle_services": 0.042}, "cluster": -1}}, {"type": "Feature", "geometry": {"type": "Polygon", "coordinates": [[[132.470477, 34.423431], [132.470297, 34.427961], [132.466049, 34.430296], [132.461981, 34.428102], [132.462162, 34.423572], [132.466409, 34.421237], [132.470477, 34.423431]]]}, "properties": {"h3": "882e69a0c1fffff", "poi": 33, "richness": 12, "hill_q1": 7.069, "hill_q2": 4.205, "top_share": 0.455, "flagged": false, "dominant": "services_and_business", "dna": {"services_and_business": 0.455, "shopping": 0.091, "cultural_and_historic": 0.061, "food_and_drink": 0.061, "health_care": 0.061, "lifestyle_services": 0.061, "travel_and_transportation": 0.061, "community_and_government": 0.03, "education": 0.03, "geographic_entities": 0.03, "lodging": 0.03, "sports_and_recreation": 0.03}, "tfidf": {"services_and_business": 0.455, "shopping": 0.093, "cultural_and_historic": 0.089, "health_care": 0.075, "lifestyle_services": 0.073, "travel_and_transportation": 0.073, "lodging": 0.068, "food_and_drink": 0.065, "geographic_entities": 0.062, "community_and_government": 0.043, "sports_and_recreation": 0.039, "education": 0.037}, "cluster": -1}}, {"type": "Feature", "geometry": {"type": "Polygon", "coordinates": [[[132.462162, 34.423572], [132.461981, 34.428102], [132.457734, 34.430436], [132.453667, 34.428241], [132.453848, 34.423712], [132.458096, 34.421378], [132.462162, 34.423572]]]}, "properties": {"h3": "882e69a0c3fffff", "poi": 75, "richness": 13, "hill_q1": 8.208, "hill_q2": 6.399, "top_share": 0.267, "flagged": false, "dominant": "services_and_business", "dna": {"services_and_business": 0.267, "shopping": 0.187, "food_and_drink": 0.147, "lifestyle_services": 0.133, "travel_and_transportation": 0.067, "sports_and_recreation": 0.053, "health_care": 0.04, "arts_and_entertainment": 0.027, "cultural_and_historic": 0.027, "community_and_government": 0.013, "education": 0.013, "geographic_entities": 0.013, "lodging": 0.013}, "tfidf": {"services_and_business": 0.267, "shopping": 0.192, "lifestyle_services": 0.161, "food_and_drink": 0.157, "travel_and_transportation": 0.081, "sports_and_recreation": 0.068, "health_care": 0.05, "arts_and_entertainment": 0.043, "cultural_and_historic": 0.039, "lodging": 0.03, "geographic_entities": 0.027, "community_and_government": 0.019, "education": 0.016}, "cluster": -1}}, {"type": "Feature", "geometry": {"type": "Polygon", "coordinates": [[[132.474365, 34.430156], [132.474185, 34.434686], [132.469936, 34.437021], [132.465868, 34.434826], [132.466049, 34.430296], [132.470297, 34.427961], [132.474365, 34.430156]]]}, "properties": {"h3": "882e69a0c5fffff", "poi": 41, "richness": 10, "hill_q1": 6.65, "hill_q2": 5.109, "top_share": 0.317, "flagged": false, "dominant": "services_and_business", "dna": {"services_and_business": 0.317, "food_and_drink": 0.244, "shopping": 0.146, "lifestyle_services": 0.073, "cultural_and_historic": 0.049, "education": 0.049, "travel_and_transportation": 0.049, "arts_and_entertainment": 0.024, "geographic_entities": 0.024, "sports_and_recreation": 0.024}, "tfidf": {"services_and_business": 0.317, "food_and_drink": 0.261, "shopping": 0.15, "lifestyle_services": 0.089, "cultural_and_historic": 0.071, "education": 0.06, "travel_and_transportation": 0.059, "geographic_entities": 0.05, "arts_and_entertainment": 0.039, "sports_and_recreation": 0.031}, "cluster": -1}}, {"type": "Feature", "geometry": {"type": "Polygon", "coordinates": [[[132.466049, 34.430296], [132.465868, 34.434826], [132.46162, 34.437161], [132.457553, 34.434966], [132.457734, 34.430436], [132.461981, 34.428102], [132.466049, 34.430296]]]}, "properties": {"h3": "882e69a0c7fffff", "poi": 94, "richness": 9, "hill_q1": 5.913, "hill_q2": 4.828, "top_share": 0.277, "flagged": false, "dominant": "services_and_business", "dna": {"services_and_business": 0.277, "shopping": 0.277, "food_and_drink": 0.202, "travel_and_transportation": 0.085, "arts_and_entertainment": 0.043, "health_care": 0.043, "lifestyle_services": 0.043, "community_and_government": 0.021, "cultural_and_historic": 0.011}, "tfidf": {"shopping": 0.284, "services_and_business": 0.277, "food_and_drink": 0.216, "travel_and_transportation": 0.103, "arts_and_entertainment": 0.068, "health_care": 0.053, "lifestyle_services": 0.052, "community_and_government": 0.03, "cultural_and_historic": 0.016}, "cluster": -1}}, {"type": "Feature", "geometry": {"type": "Polygon", "coordinates": [[[132.474904, 34.416566], [132.474725, 34.421096], [132.470477, 34.423431], [132.466409, 34.421237], [132.46659, 34.416707], [132.470837, 34.414372], [132.474904, 34.416566]]]}, "properties": {"h3": "882e69a0c9fffff", "poi": 24, "richness": 9, "hill_q1": 6.88, "hill_q2": 5.647, "top_share": 0.292, "flagged": false, "dominant": "sports_and_recreation", "dna": {"sports_and_recreation": 0.292, "services_and_business": 0.208, "education": 0.167, "community_and_government": 0.083, "lodging": 0.083, "arts_and_entertainment": 0.042, "cultural_and_historic": 0.042, "geographic_entities": 0.042, "health_care": 0.042}, "tfidf": {"sports_and_recreation": 0.374, "services_and_business": 0.208, "education": 0.206, "lodging": 0.187, "community_and_government": 0.117, "geographic_entities": 0.086, "arts_and_entertainment": 0.067, "cultural_and_historic": 0.061, "health_care": 0.052}, "cluster": -1}}, {"type": "Feature", "geometry": {"type": "Polygon", "coordinates": [[[132.46659, 34.416707], [132.466409, 34.421237], [132.462162, 34.423572], [132.458096, 34.421378], [132.458276, 34.416848], [132.462523, 34.414513], [132.46659, 34.416707]]]}, "properties": {"h3": "882e69a0cbfffff", "poi": 65, "richness": 12, "hill_q1": 7.506, "hill_q2": 5.686, "top_share": 0.292, "flagged": false, "dominant": "services_and_business", "dna": {"services_and_business": 0.292, "shopping": 0.215, "food_and_drink": 0.169, "sports_and_recreation": 0.077, "travel_and_transportation": 0.062, "education": 0.046, "arts_and_entertainment": 0.031, "health_care": 0.031, "lifestyle_services": 0.031, "community_and_government": 0.015, "geographic_entities": 0.015, "lodging": 0.015}, "tfidf": {"services_and_business": 0.292, "shopping": 0.221, "food_and_drink": 0.181, "sports_and_recreation": 0.099, "travel_and_transportation": 0.074, "education": 0.057, "arts_and_entertainment": 0.049, "health_care": 0.038, "lifestyle_services": 0.037, "lodging": 0.035, "geographic_entities": 0.032, "community_and_government": 0.022}, "cluster": -1}}, {"type": "Feature", "geometry": {"type": "Polygon", "coordinates": [[[132.478793, 34.42329], [132.478613, 34.42782], [132.474365, 34.430156], [132.470297, 34.427961], [132.470477, 34.423431], [132.474725, 34.421096], [132.478793, 34.42329]]]}, "properties": {"h3": "882e69a0cdfffff", "poi": 13, "richness": 7, "hill_q1": 5.919, "hill_q2": 5.121, "top_share": 0.308, "flagged": false, "dominant": "services_and_business", "dna": {"services_and_business": 0.308, "education": 0.231, "health_care": 0.154, "cultural_and_historic": 0.077, "food_and_drink": 0.077, "geographic_entities": 0.077, "travel_and_transportation": 0.077}, "tfidf": {"services_and_business": 0.308, "education": 0.285, "health_care": 0.192, "geographic_entities": 0.158, "cultural_and_historic": 0.113, "travel_and_transportation": 0.093, "food_and_drink": 0.082}, "cluster": -1}}, {"type": "Feature", "geometry": {"type": "Polygon", "coordinates": [[[132.449964, 34.416989], [132.449783, 34.421518], [132.445536, 34.423852], [132.441471, 34.421657], [132.441653, 34.417128], [132.445899, 34.414794], [132.449964, 34.416989]]]}, "properties": {"h3": "882e69a0d1fffff", "poi": 19, "richness": 9, "hill_q1": 7.701, "hill_q2": 6.811, "top_share": 0.211, "flagged": false, "dominant": "cultural_and_historic", "dna": {"cultural_and_historic": 0.211, "services_and_business": 0.211, "shopping": 0.158, "food_and_drink": 0.105, "sports_and_recreation": 0.105, "community_and_government": 0.053, "geographic_entities": 0.053, "health_care": 0.053, "travel_and_transportation": 0.053}, "tfidf": {"cultural_and_historic": 0.308, "services_and_business": 0.211, "shopping": 0.162, "sports_and_recreation": 0.135, "food_and_drink": 0.113, "geographic_entities": 0.108, "community_and_government": 0.074, "health_care": 0.066, "travel_and_transportation": 0.064}, "cluster": -1}}, {"type": "Feature", "geometry": {"type": "Polygon", "coordinates": [[[132.453848, 34.423712], [132.453667, 34.428241], [132.44942, 34.430576], [132.445354, 34.428381], [132.445536, 34.423852], [132.449783, 34.421518], [132.453848, 34.423712]]]}, "properties": {"h3": "882e69a0d5fffff", "poi": 25, "richness": 9, "hill_q1": 6.98, "hill_q2": 5.841, "top_share": 0.28, "flagged": false, "dominant": "services_and_business", "dna": {"services_and_business": 0.28, "shopping": 0.2, "food_and_drink": 0.16, "education": 0.12, "sports_and_recreation": 0.08, "community_and_government": 0.04, "cultural_and_historic": 0.04, "geographic_entities": 0.04, "health_care": 0.04}, "tfidf": {"services_and_business": 0.28, "shopping": 0.206, "food_and_drink": 0.171, "education": 0.148, "sports_and_recreation": 0.102, "geographic_entities": 0.082, "cultural_and_historic": 0.059, "community_and_government": 0.056, "health_care": 0.05}, "cluster": -1}}, {"type": "Feature", "geometry": {"type": "Polygon", "coordinates": [[[132.454392, 34.410125], [132.454211, 34.414654], [132.449964, 34.416989], [132.445899, 34.414794], [132.446081, 34.410266], [132.450327, 34.407931], [132.454392, 34.410125]]]}, "properties": {"h3": "882e69a0d9fffff", "poi": 427, "richness": 13, "hill_q1": 6.534, "hill_q2": 4.467, "top_share": 0.41, "flagged": false, "dominant": "food_and_drink", "dna": {"food_and_drink": 0.41, "services_and_business": 0.138, "shopping": 0.131, "lifestyle_services": 0.11, "travel_and_transportation": 0.052, "health_care": 0.044, "education": 0.033, "arts_and_entertainment": 0.03, "sports_and_recreation": 0.021, "community_and_government": 0.019, "cultural_and_historic": 0.007, "geographic_entities": 0.002, "lodging": 0.002}, "tfidf": {"food_and_drink": 0.438, "services_and_business": 0.138, "shopping": 0.135, "lifestyle_services": 0.133, "travel_and_transportation": 0.062, "health_care": 0.055, "arts_and_entertainment": 0.049, "education": 0.04, "sports_and_recreation": 0.027, "community_and_government": 0.026, "cultural_and_historic": 0.01, "lodging": 0.005, "geographic_entities": 0.005}, "cluster": -1}}, {"type": "Feature", "geometry": {"type": "Polygon", "coordinates": [[[132.458276, 34.416848], [132.458096, 34.421378], [132.453848, 34.423712], [132.449783, 34.421518], [132.449964, 34.416989], [132.454211, 34.414654], [132.458276, 34.416848]]]}, "properties": {"h3": "882e69a0ddfffff", "poi": 116, "richness": 9, "hill_q1": 6.82, "hill_q2": 5.616, "top_share": 0.293, "flagged": false, "dominant": "shopping", "dna": {"shopping": 0.293, "food_and_drink": 0.207, "services_and_business": 0.164, "travel_and_transportation": 0.103, "health_care": 0.069, "education": 0.052, "lifestyle_services": 0.043, "sports_and_recreation": 0.043, "community_and_government": 0.026}, "tfidf": {"shopping": 0.301, "food_and_drink": 0.221, "services_and_business": 0.164, "travel_and_transportation": 0.125, "health_care": 0.086, "education": 0.064, "sports_and_recreation": 0.055, "lifestyle_services": 0.052, "community_and_government": 0.036}, "cluster": -1}}, {"type": "Feature", "geometry": {"type": "Polygon", "coordinates": [[[132.473825, 34.443746], [132.473645, 34.448277], [132.469396, 34.450611], [132.465327, 34.448416], [132.465508, 34.443886], [132.469756, 34.441551], [132.473825, 34.443746]]]}, "properties": {"h3": "882e69a0e1fffff", "poi": 103, "richness": 9, "hill_q1": 6.299, "hill_q2": 5.255, "top_share": 0.252, "flagged": false, "dominant": "shopping", "dna": {"shopping": 0.252, "food_and_drink": 0.243, "services_and_business": 0.223, "health_care": 0.097, "lifestyle_services": 0.068, "education": 0.039, "travel_and_transportation": 0.039, "arts_and_entertainment": 0.019, "community_and_government": 0.019}, "tfidf": {"food_and_drink": 0.26, "shopping": 0.26, "services_and_business": 0.223, "health_care": 0.121, "lifestyle_services": 0.082, "education": 0.048, "travel_and_transportation": 0.047, "arts_and_entertainment": 0.031, "community_and_government": 0.027}, "cluster": -1}}, {"type": "Feature", "geometry": {"type": "Polygon", "coordinates": [[[132.465508, 34.443886], [132.465327, 34.448416], [132.461078, 34.45075], [132.45701, 34.448555], [132.457191, 34.444025], [132.46144, 34.441691], [132.465508, 34.443886]]]}, "properties": {"h3": "882e69a0e3fffff", "poi": 119, "richness": 10, "hill_q1": 5.728, "hill_q2": 4.337, "top_share": 0.336, "flagged": false, "dominant": "shopping", "dna": {"shopping": 0.336, "food_and_drink": 0.303, "services_and_business": 0.118, "health_care": 0.076, "lifestyle_services": 0.059, "education": 0.042, "arts_and_entertainment": 0.025, "community_and_government": 0.017, "travel_and_transportation": 0.017, "cultural_and_historic": 0.008}, "tfidf": {"shopping": 0.346, "food_and_drink": 0.324, "services_and_business": 0.118, "health_care": 0.094, "lifestyle_services": 0.071, "education": 0.052, "arts_and_entertainment": 0.04, "community_and_government": 0.024, "travel_and_transportation": 0.02, "cultural_and_historic": 0.012}, "cluster": -1}}, {"type": "Feature", "geometry": {"type": "Polygon", "coordinates": [[[132.477715, 34.450472], [132.477535, 34.455003], [132.473285, 34.457338], [132.469216, 34.455142], [132.469396, 34.450611], [132.473645, 34.448277], [132.477715, 34.450472]]]}, "properties": {"h3": "882e69a0e5fffff", "poi": 100, "richness": 11, "hill_q1": 8.064, "hill_q2": 6.878, "top_share": 0.21, "flagged": false, "dominant": "food_and_drink", "dna": {"food_and_drink": 0.21, "services_and_business": 0.19, "shopping": 0.18, "lifestyle_services": 0.13, "education": 0.08, "travel_and_transportation": 0.06, "cultural_and_historic": 0.05, "community_and_government": 0.04, "health_care": 0.04, "arts_and_entertainment": 0.01, "sports_and_recreation": 0.01}, "tfidf": {"food_and_drink": 0.225, "services_and_business": 0.19, "shopping": 0.185, "lifestyle_services": 0.157, "education": 0.099, "cultural_and_historic": 0.073, "travel_and_transportation": 0.073, "community_and_government": 0.056, "health_care": 0.05, "arts_and_entertainment": 0.016, "sports_and_recreation": 0.013}, "cluster": -1}}, {"type": "Feature", "geometry": {"type": "Polygon", "coordinates": [[[132.469396, 34.450611], [132.469216, 34.455142], [132.464966, 34.457476], [132.460897, 34.45528], [132.461078, 34.45075], [132.465327, 34.448416], [132.469396, 34.450611]]]}, "properties": {"h3": "882e69a0e7fffff", "poi": 54, "richness": 10, "hill_q1": 7.157, "hill_q2": 5.879, "top_share": 0.241, "flagged": false, "dominant": "services_and_business", "dna": {"services_and_business": 0.241, "shopping": 0.222, "food_and_drink": 0.204, "lifestyle_services": 0.111, "health_care": 0.056, "community_and_government": 0.037, "cultural_and_historic": 0.037, "geographic_entities": 0.037, "travel_and_transportation": 0.037, "sports_and_recreation": 0.019}, "tfidf": {"services_and_business": 0.241, "shopping": 0.228, "food_and_drink": 0.218, "lifestyle_services": 0.134, "geographic_entities": 0.076, "health_care": 0.069, "cultural_and_historic": 0.054, "community_and_government": 0.052, "travel_and_transportation": 0.045, "sports_and_recreation": 0.024}, "cluster": -1}}, {"type": "Feature", "geometry": {"type": "Polygon", "coordinates": [[[132.478254, 34.436881], [132.478074, 34.441411], [132.473825, 34.443746], [132.469756, 34.441551], [132.469936, 34.437021], [132.474185, 34.434686], [132.478254, 34.436881]]]}, "properties": {"h3": "882e69a0e9fffff", "poi": 79, "richness": 10, "hill_q1": 6.559, "hill_q2": 5.276, "top_share": 0.304, "flagged": false, "dominant": "shopping", "dna": {"shopping": 0.304, "services_and_business": 0.215, "food_and_drink": 0.177, "education": 0.089, "health_care": 0.089, "lifestyle_services": 0.038, "travel_and_transportation": 0.038, "sports_and_recreation": 0.025, "cultural_and_historic": 0.013, "geographic_entities": 0.013}, "tfidf": {"shopping": 0.312, "services_and_business": 0.215, "food_and_drink": 0.19, "health_care": 0.11, "education": 0.109, "lifestyle_services": 0.046, "travel_and_transportation": 0.046, "sports_and_recreation": 0.032, "geographic_entities": 0.026, "cultural_and_historic": 0.019}, "cluster": -1}}, {"type": "Feature", "geometry": {"type": "Polygon", "coordinates": [[[132.469936, 34.437021], [132.469756, 34.441551], [132.465508, 34.443886], [132.46144, 34.441691], [132.46162, 34.437161], [132.465868, 34.434826], [132.469936, 34.437021]]]}, "properties": {"h3": "882e69a0ebfffff", "poi": 153, "richness": 11, "hill_q1": 6.91, "hill_q2": 5.599, "top_share": 0.261, "flagged": false, "dominant": "services_and_business", "dna": {"services_and_business": 0.261, "food_and_drink": 0.242, "shopping": 0.157, "lifestyle_services": 0.131, "health_care": 0.085, "cultural_and_historic": 0.026, "education": 0.026, "travel_and_transportation": 0.026, "arts_and_entertainment": 0.02, "community_and_government": 0.02, "geographic_entities": 0.007}, "tfidf": {"services_and_business": 0.261, "food_and_drink": 0.259, "shopping": 0.161, "lifestyle_services": 0.158, "health_care": 0.106, "cultural_and_historic": 0.038, "education": 0.032, "travel_and_transportation": 0.032, "arts_and_entertainment": 0.031, "community_and_government": 0.028, "geographic_entities": 0.013}, "cluster": -1}}, {"type": "Feature", "geometry": {"type": "Polygon", "coordinates": [[[132.482144, 34.443606], [132.481964, 34.448137], [132.477715, 34.450472], [132.473645, 34.448277], [132.473825, 34.443746], [132.478074, 34.441411], [132.482144, 34.443606]]]}, "properties": {"h3": "882e69a0edfffff", "poi": 55, "richness": 9, "hill_q1": 6.994, "hill_q2": 6.237, "top_share": 0.218, "flagged": false, "dominant": "services_and_business", "dna": {"services_and_business": 0.218, "shopping": 0.2, "health_care": 0.164, "lifestyle_services": 0.164, "food_and_drink": 0.109, "education": 0.073, "arts_and_entertainment": 0.036, "cultural_and_historic": 0.018, "lodging": 0.018}, "tfidf": {"services_and_business": 0.218, "shopping": 0.206, "health_care": 0.204, "lifestyle_services": 0.198, "food_and_drink": 0.117, "education": 0.09, "arts_and_entertainment": 0.058, "lodging": 0.041, "cultural_and_historic": 0.027}, "cluster": -1}}, {"type": "Feature", "geometry": {"type": "Polygon", "coordinates": [[[132.53492, 34.476678], [132.534743, 34.481211], [132.53049, 34.483548], [132.526413, 34.481352], [132.52659, 34.476819], [132.530843, 34.474482], [132.53492, 34.476678]]]}, "properties": {"h3": "882e69a10bfffff", "poi": 13, "richness": 6, "hill_q1": 5.321, "hill_q2": 4.829, "top_share": 0.308, "flagged": false, "dominant": "food_and_drink", "dna": {"food_and_drink": 0.308, "travel_and_transportation": 0.231, "services_and_business": 0.154, "sports_and_recreation": 0.154, "community_and_government": 0.077, "shopping": 0.077}, "tfidf": {"food_and_drink": 0.329, "travel_and_transportation": 0.279, "sports_and_recreation": 0.197, "services_and_business": 0.154, "community_and_government": 0.108, "shopping": 0.079}, "cluster": -1}}, {"type": "Feature", "geometry": {"type": "Polygon", "coordinates": [[[132.518262, 34.47696], [132.518084, 34.481493], [132.513832, 34.483829], [132.509757, 34.481633], [132.509934, 34.477101], [132.514187, 34.474764], [132.518262, 34.47696]]]}, "properties": {"h3": "882e69a111fffff", "poi": 19, "richness": 8, "hill_q1": 6.366, "hill_q2": 5.388, "top_share": 0.263, "flagged": false, "dominant": "food_and_drink", "dna": {"food_and_drink": 0.263, "services_and_business": 0.263, "travel_and_transportation": 0.158, "lifestyle_services": 0.105, "cultural_and_historic": 0.053, "education": 0.053, "shopping": 0.053, "sports_and_recreation": 0.053}, "tfidf": {"food_and_drink": 0.281, "services_and_business": 0.263, "travel_and_transportation": 0.191, "lifestyle_services": 0.127, "cultural_and_historic": 0.077, "sports_and_recreation": 0.067, "education": 0.065, "shopping": 0.054}, "cluster": -1}}, {"type": "Feature", "geometry": {"type": "Polygon", "coordinates": [[[132.509934, 34.477101], [132.509757, 34.481633], [132.505504, 34.483969], [132.50143, 34.481772], [132.501608, 34.477241], [132.50586, 34.474905], [132.509934, 34.477101]]]}, "properties": {"h3": "882e69a113fffff", "poi": 11, "richness": 5, "hill_q1": 3.649, "hill_q2": 2.814, "top_share": 0.545, "flagged": true, "dominant": "shopping", "dna": {"shopping": 0.545, "services_and_business": 0.182, "health_care": 0.091, "lifestyle_services": 0.091, "travel_and_transportation": 0.091}, "tfidf": {"shopping": 0.561, "services_and_business": 0.182, "health_care": 0.113, "lifestyle_services": 0.11, "travel_and_transportation": 0.11}, "cluster": -1}}, {"type": "Feature", "geometry": {"type": "Polygon", "coordinates": [[[132.522692, 34.470091], [132.522514, 34.474623], [132.518262, 34.47696], [132.514187, 34.474764], [132.514364, 34.470232], [132.518616, 34.467895], [132.522692, 34.470091]]]}, "properties": {"h3": "882e69a119fffff", "poi": 18, "richness": 10, "hill_q1": 9.172, "hill_q2": 8.526, "top_share": 0.167, "flagged": false, "dominant": "food_and_drink", "dna": {"food_and_drink": 0.167, "services_and_business": 0.167, "cultural_and_historic": 0.111, "lifestyle_services": 0.111, "shopping": 0.111, "sports_and_recreation": 0.111, "community_and_government": 0.056, "education": 0.056, "geographic_entities": 0.056, "health_care": 0.056}, "tfidf": {"food_and_drink": 0.178, "services_and_business": 0.167, "cultural_and_historic": 0.163, "sports_and_recreation": 0.142, "lifestyle_services": 0.134, "shopping": 0.114, "geographic_entities": 0.114, "community_and_government": 0.078, "health_care": 0.069, "education": 0.069}, "cluster": -1}}, {"type": "Feature", "geometry": {"type": "Polygon", "coordinates": [[[132.514364, 34.470232], [132.514187, 34.474764], [132.509934, 34.477101], [132.50586, 34.474905], [132.506038, 34.470373], [132.51029, 34.468036], [132.514364, 34.470232]]]}, "properties": {"h3": "882e69a11bfffff", "poi": 44, "richness": 8, "hill_q1": 6.069, "hill_q2": 5.29, "top_share": 0.273, "flagged": false, "dominant": "food_and_drink", "dna": {"food_and_drink": 0.273, "shopping": 0.227, "services_and_business": 0.182, "lifestyle_services": 0.136, "education": 0.091, "health_care": 0.045, "arts_and_entertainment": 0.023, "community_and_government": 0.023}, "tfidf": {"food_and_drink": 0.292, "shopping": 0.234, "services_and_business": 0.182, "lifestyle_services": 0.165, "education": 0.112, "health_care": 0.057, "arts_and_entertainment": 0.036, "community_and_government": 0.032}, "cluster": -1}}, {"type": "Feature", "geometry": {"type": "Polygon", "coordinates": [[[132.52659, 34.476819], [132.526413, 34.481352], [132.52216, 34.483689], [132.518084, 34.481493], [132.518262, 34.47696], [132.522514, 34.474623], [132.52659, 34.476819]]]}, "properties": {"h3": "882e69a11dfffff", "poi": 24, "richness": 8, "hill_q1": 7.027, "hill_q2": 6.4, "top_share": 0.25, "flagged": false, "dominant": "shopping", "dna": {"shopping": 0.25, "food_and_drink": 0.167, "education": 0.125, "health_care": 0.125, "lifestyle_services": 0.125, "services_and_business": 0.125, "arts_and_entertainment": 0.042, "travel_and_transportation": 0.042}, "tfidf": {"shopping": 0.257, "food_and_drink": 0.178, "health_care": 0.156, "education": 0.154, "lifestyle_services": 0.151, "services_and_business": 0.125, "arts_and_entertainment": 0.067, "travel_and_transportation": 0.05}, "cluster": -1}}, {"type": "Feature", "geometry": {"type": "Polygon", "coordinates": [[[132.451674, 34.478067], [132.451492, 34.482597], [132.447242, 34.48493], [132.443173, 34.482733], [132.443355, 34.478203], [132.447605, 34.47587], [132.451674, 34.478067]]]}, "properties": {"h3": "882e69a193fffff", "poi": 11, "richness": 7, "hill_q1": 6.336, "hill_q2": 5.762, "top_share": 0.273, "flagged": false, "dominant": "lifestyle_services", "dna": {"lifestyle_services": 0.273, "services_and_business": 0.182, "shopping": 0.182, "community_and_government": 0.091, "health_care": 0.091, "lodging": 0.091, "travel_and_transportation": 0.091}, "tfidf": {"lifestyle_services": 0.33, "lodging": 0.204, "shopping": 0.187, "services_and_business": 0.182, "community_and_government": 0.128, "health_care": 0.113, "travel_and_transportation": 0.11}, "cluster": -1}}, {"type": "Feature", "geometry": {"type": "Polygon", "coordinates": [[[132.464424, 34.471067], [132.464244, 34.475597], [132.459993, 34.477931], [132.455924, 34.475734], [132.456105, 34.471204], [132.460355, 34.468871], [132.464424, 34.471067]]]}, "properties": {"h3": "882e69a199fffff", "poi": 39, "richness": 9, "hill_q1": 5.852, "hill_q2": 4.623, "top_share": 0.308, "flagged": false, "dominant": "food_and_drink", "dna": {"food_and_drink": 0.308, "services_and_business": 0.282, "shopping": 0.179, "education": 0.051, "health_care": 0.051, "lifestyle_services": 0.051, "community_and_government": 0.026, "cultural_and_historic": 0.026, "travel_and_transportation": 0.026}, "tfidf": {"food_and_drink": 0.329, "services_and_business": 0.282, "shopping": 0.185, "health_care": 0.064, "education": 0.063, "lifestyle_services": 0.062, "cultural_and_historic": 0.038, "community_and_government": 0.036, "travel_and_transportation": 0.031}, "cluster": -1}}, {"type": "Feature", "geometry": {"type": "Polygon", "coordinates": [[[132.456105, 34.471204], [132.455924, 34.475734], [132.451674, 34.478067], [132.447605, 34.47587], [132.447787, 34.471341], [132.452036, 34.469008], [132.456105, 34.471204]]]}, "properties": {"h3": "882e69a19bfffff", "poi": 103, "richness": 10, "hill_q1": 7.212, "hill_q2": 6.208, "top_share": 0.243, "flagged": false, "dominant": "shopping", "dna": {"shopping": 0.243, "services_and_business": 0.204, "lifestyle_services": 0.155, "food_and_drink": 0.126, "health_care": 0.117, "travel_and_transportation": 0.068, "cultural_and_historic": 0.039, "arts_and_entertainment": 0.019, "education": 0.019, "sports_and_recreation": 0.01}, "tfidf": {"shopping": 0.25, "services_and_business": 0.204, "lifestyle_services": 0.188, "health_care": 0.145, "food_and_drink": 0.135, "travel_and_transportation": 0.082, "cultural_and_historic": 0.057, "arts_and_entertainment": 0.031, "education": 0.024, "sports_and_recreation": 0.012}, "cluster": -1}}, {"type": "Feature", "geometry": {"type": "Polygon", "coordinates": [[[132.468314, 34.477794], [132.468134, 34.482325], [132.463883, 34.484658], [132.459812, 34.482461], [132.459993, 34.477931], [132.464244, 34.475597], [132.468314, 34.477794]]]}, "properties": {"h3": "882e69a19dfffff", "poi": 14, "richness": 7, "hill_q1": 6.496, "hill_q2": 6.125, "top_share": 0.214, "flagged": false, "dominant": "education", "dna": {"education": 0.214, "shopping": 0.214, "community_and_government": 0.143, "food_and_drink": 0.143, "services_and_business": 0.143, "health_care": 0.071, "lifestyle_services": 0.071}, "tfidf": {"education": 0.265, "shopping": 0.22, "community_and_government": 0.2, "food_and_drink": 0.153, "services_and_business": 0.143, "health_care": 0.089, "lifestyle_services": 0.086}, "cluster": -1}}, {"type": "Feature", "geometry": {"type": "Polygon", "coordinates": [[[132.497713, 34.470513], [132.497535, 34.475044], [132.493283, 34.47738], [132.48921, 34.475183], [132.489389, 34.470652], [132.493641, 34.468317], [132.497713, 34.470513]]]}, "properties": {"h3": "882e69a1c1fffff", "poi": 60, "richness": 9, "hill_q1": 5.82, "hill_q2": 4.749, "top_share": 0.283, "flagged": false, "dominant": "services_and_business", "dna": {"services_and_business": 0.283, "food_and_drink": 0.267, "shopping": 0.217, "education": 0.083, "sports_and_recreation": 0.05, "health_care": 0.033, "lifestyle_services": 0.033, "arts_and_entertainment": 0.017, "travel_and_transportation": 0.017}, "tfidf": {"food_and_drink": 0.285, "services_and_business": 0.283, "shopping": 0.223, "education": 0.103, "sports_and_recreation": 0.064, "health_care": 0.042, "lifestyle_services": 0.04, "arts_and_entertainment": 0.027, "travel_and_transportation": 0.02}, "cluster": -1}}, {"type": "Feature", "geometry": {"type": "Polygon", "coordinates": [[[132.489389, 34.470652], [132.48921, 34.475183], [132.484959, 34.477518], [132.480887, 34.475322], [132.481067, 34.470791], [132.485318, 34.468456], [132.489389, 34.470652]]]}, "properties": {"h3": "882e69a1c3fffff", "poi": 111, "richness": 12, "hill_q1": 7.778, "hill_q2": 6.17, "top_share": 0.252, "flagged": false, "dominant": "food_and_drink", "dna": {"food_and_drink": 0.252, "shopping": 0.234, "services_and_business": 0.144, "health_care": 0.099, "sports_and_recreation": 0.063, "travel_and_transportation": 0.063, "lifestyle_services": 0.054, "arts_and_entertainment": 0.036, "community_and_government": 0.018, "education": 0.018, "geographic_entities": 0.009, "lodging": 0.009}, "tfidf": {"food_and_drink": 0.27, "shopping": 0.241, "services_and_business": 0.144, "health_care": 0.123, "sports_and_recreation": 0.081, "travel_and_transportation": 0.076, "lifestyle_services": 0.065, "arts_and_entertainment": 0.058, "community_and_government": 0.025, "education": 0.022, "lodging": 0.02, "geographic_entities": 0.019}, "cluster": -1}}, {"type": "Feature", "geometry": {"type": "Polygon", "coordinates": [[[132.501608, 34.477241], [132.50143, 34.481772], [132.497178, 34.484108], [132.493104, 34.481911], [132.493283, 34.47738], [132.497535, 34.475044], [132.501608, 34.477241]]]}, "properties": {"h3": "882e69a1c5fffff", "poi": 28, "richness": 10, "hill_q1": 5.955, "hill_q2": 4.041, "top_share": 0.429, "flagged": false, "dominant": "shopping", "dna": {"shopping": 0.429, "services_and_business": 0.214, "food_and_drink": 0.071, "health_care": 0.071, "arts_and_entertainment": 0.036, "community_and_government": 0.036, "geographic_entities": 0.036, "lifestyle_services": 0.036, "sports_and_recreation": 0.036, "travel_and_transportation": 0.036}, "tfidf": {"shopping": 0.441, "services_and_business": 0.214, "health_care": 0.089, "food_and_drink": 0.076, "geographic_entities": 0.073, "arts_and_entertainment": 0.057, "community_and_government": 0.05, "sports_and_recreation": 0.046, "lifestyle_services": 0.043, "travel_and_transportation": 0.043}, "cluster": -1}}, {"type": "Feature", "geometry": {"type": "Polygon", "coordinates": [[[132.493283, 34.47738], [132.493104, 34.481911], [132.488852, 34.484246], [132.48478, 34.48205], [132.484959, 34.477518], [132.48921, 34.475183], [132.493283, 34.47738]]]}, "properties": {"h3": "882e69a1c7fffff", "poi": 48, "richness": 9, "hill_q1": 5.055, "hill_q2": 3.777, "top_share": 0.417, "flagged": false, "dominant": "shopping", "dna": {"shopping": 0.417, "food_and_drink": 0.25, "services_and_business": 0.146, "education": 0.063, "lifestyle_services": 0.042, "cultural_and_historic": 0.021, "health_care": 0.021, "lodging": 0.021, "travel_and_transportation": 0.021}, "tfidf": {"shopping": 0.428, "food_and_drink": 0.267, "services_and_business": 0.146, "education": 0.077, "lifestyle_services": 0.05, "lodging": 0.047, "cultural_and_historic": 0.031, "health_care": 0.026, "travel_and_transportation": 0.025}, "cluster": -1}}, {"type": "Feature", "geometry": {"type": "Polygon", "coordinates": [[[132.502143, 34.463645], [132.501965, 34.468177], [132.497713, 34.470513], [132.493641, 34.468317], [132.493819, 34.463785], [132.49807, 34.461449], [132.502143, 34.463645]]]}, "properties": {"h3": "882e69a1c9fffff", "poi": 32, "richness": 11, "hill_q1": 6.719, "hill_q2": 4.303, "top_share": 0.438, "flagged": false, "dominant": "shopping", "dna": {"shopping": 0.438, "lifestyle_services": 0.125, "food_and_drink": 0.094, "health_care": 0.063, "services_and_business": 0.063, "travel_and_transportation": 0.063, "arts_and_entertainment": 0.031, "cultural_and_historic": 0.031, "geographic_entities": 0.031, "lodging": 0.031, "sports_and_recreation": 0.031}, "tfidf": {"shopping": 0.45, "lifestyle_services": 0.151, "food_and_drink": 0.1, "health_care": 0.078, "travel_and_transportation": 0.076, "lodging": 0.07, "geographic_entities": 0.064, "services_and_business": 0.063, "arts_and_entertainment": 0.05, "cultural_and_historic": 0.046, "sports_and_recreation": 0.04}, "cluster": -1}}, {"type": "Feature", "geometry": {"type": "Polygon", "coordinates": [[[132.493819, 34.463785], [132.493641, 34.468317], [132.489389, 34.470652], [132.485318, 34.468456], [132.485497, 34.463925], [132.489748, 34.46159], [132.493819, 34.463785]]]}, "properties": {"h3": "882e69a1cbfffff", "poi": 27, "richness": 8, "hill_q1": 6.531, "hill_q2": 5.74, "top_share": 0.222, "flagged": false, "dominant": "food_and_drink", "dna": {"food_and_drink": 0.222, "services_and_business": 0.222, "shopping": 0.222, "geographic_entities": 0.111, "health_care": 0.074, "lifestyle_services": 0.074, "community_and_government": 0.037, "cultural_and_historic": 0.037}, "tfidf": {"food_and_drink": 0.238, "shopping": 0.228, "geographic_entities": 0.228, "services_and_business": 0.222, "health_care": 0.092, "lifestyle_services": 0.09, "cultural_and_historic": 0.054, "community_and_government": 0.052}, "cluster": -1}}, {"type": "Feature", "geometry": {"type": "Polygon", "coordinates": [[[132.506038, 34.470373], [132.50586, 34.474905], [132.501608, 34.477241], [132.497535, 34.475044], [132.497713, 34.470513], [132.501965, 34.468177], [132.506038, 34.470373]]]}, "properties": {"h3": "882e69a1cdfffff", "poi": 14, "richness": 6, "hill_q1": 5.01, "hill_q2": 4.455, "top_share": 0.286, "flagged": false, "dominant": "education", "dna": {"education": 0.286, "services_and_business": 0.286, "shopping": 0.214, "cultural_and_historic": 0.071, "lifestyle_services": 0.071, "sports_and_recreation": 0.071}, "tfidf": {"education": 0.353, "services_and_business": 0.286, "shopping": 0.22, "cultural_and_historic": 0.105, "sports_and_recreation": 0.092, "lifestyle_services": 0.086}, "cluster": -1}}, {"type": "Feature", "geometry": {"type": "Polygon", "coordinates": [[[132.477175, 34.464064], [132.476996, 34.468595], [132.472745, 34.470929], [132.468675, 34.468733], [132.468855, 34.464202], [132.473105, 34.461868], [132.477175, 34.464064]]]}, "properties": {"h3": "882e69a1d1fffff", "poi": 193, "richness": 13, "hill_q1": 6.946, "hill_q2": 5.628, "top_share": 0.301, "flagged": false, "dominant": "food_and_drink", "dna": {"food_and_drink": 0.301, "services_and_business": 0.161, "shopping": 0.155, "lifestyle_services": 0.14, "health_care": 0.114, "education": 0.062, "travel_and_transportation": 0.026, "community_and_government": 0.01, "sports_and_recreation": 0.01, "arts_and_entertainment": 0.005, "cultural_and_historic": 0.005, "geographic_entities": 0.005, "lodging": 0.005}, "tfidf": {"food_and_drink": 0.321, "lifestyle_services": 0.169, "services_and_business": 0.161, "shopping": 0.16, "health_care": 0.142, "education": 0.077, "travel_and_transportation": 0.031, "community_and_government": 0.015, "sports_and_recreation": 0.013, "lodging": 0.012, "geographic_entities": 0.011, "arts_and_entertainment": 0.008, "cultural_and_historic": 0.008}, "cluster": -1}}, {"type": "Feature", "geometry": {"type": "Polygon", "coordinates": [[[132.468855, 34.464202], [132.468675, 34.468733], [132.464424, 34.471067], [132.460355, 34.468871], [132.460536, 34.46434], [132.464786, 34.462006], [132.468855, 34.464202]]]}, "properties": {"h3": "882e69a1d3fffff", "poi": 95, "richness": 9, "hill_q1": 6.938, "hill_q2": 5.864, "top_share": 0.274, "flagged": false, "dominant": "food_and_drink", "dna": {"food_and_drink": 0.274, "services_and_business": 0.2, "shopping": 0.158, "lifestyle_services": 0.137, "arts_and_entertainment": 0.063, "health_care": 0.063, "sports_and_recreation": 0.042, "travel_and_transportation": 0.042, "education": 0.021}, "tfidf": {"food_and_drink": 0.293, "services_and_business": 0.2, "lifestyle_services": 0.166, "shopping": 0.162, "arts_and_entertainment": 0.101, "health_care": 0.079, "sports_and_recreation": 0.054, "travel_and_transportation": 0.051, "education": 0.026}, "cluster": -1}}, {"type": "Feature", "geometry": {"type": "Polygon", "coordinates": [[[132.481067, 34.470791], [132.480887, 34.475322], [132.476636, 34.477657], [132.472565, 34.47546], [132.472745, 34.470929], [132.476996, 34.468595], [132.481067, 34.470791]]]}, "properties": {"h3": "882e69a1d5fffff", "poi": 15, "richness": 7, "hill_q1": 5.552, "hill_q2": 4.412, "top_share": 0.4, "flagged": false, "dominant": "services_and_business", "dna": {"services_and_business": 0.4, "cultural_and_historic": 0.133, "education": 0.133, "food_and_drink": 0.133, "lifestyle_services": 0.067, "shopping": 0.067, "travel_and_transportation": 0.067}, "tfidf": {"services_and_business": 0.4, "cultural_and_historic": 0.195, "education": 0.165, "food_and_drink": 0.143, "lifestyle_services": 0.081, "travel_and_transportation": 0.081, "shopping": 0.069}, "cluster": -1}}, {"type": "Feature", "geometry": {"type": "Polygon", "coordinates": [[[132.472745, 34.470929], [132.472565, 34.47546], [132.468314, 34.477794], [132.464244, 34.475597], [132.464424, 34.471067], [132.468675, 34.468733], [132.472745, 34.470929]]]}, "properties": {"h3": "882e69a1d7fffff", "poi": 14, "richness": 6, "hill_q1": 5.01, "hill_q2": 4.455, "top_share": 0.286, "flagged": false, "dominant": "food_and_drink", "dna": {"food_and_drink": 0.286, "shopping": 0.286, "services_and_business": 0.214, "community_and_government": 0.071, "cultural_and_historic": 0.071, "lifestyle_services": 0.071}, "tfidf": {"food_and_drink": 0.306, "shopping": 0.294, "services_and_business": 0.214, "cultural_and_historic": 0.105, "community_and_government": 0.1, "lifestyle_services": 0.086}, "cluster": -1}}, {"type": "Feature", "geometry": {"type": "Polygon", "coordinates": [[[132.481605, 34.457198], [132.481426, 34.461729], [132.477175, 34.464064], [132.473105, 34.461868], [132.473285, 34.457338], [132.477535, 34.455003], [132.481605, 34.457198]]]}, "properties": {"h3": "882e69a1d9fffff", "poi": 55, "richness": 11, "hill_q1": 7.604, "hill_q2": 6.161, "top_share": 0.236, "flagged": false, "dominant": "food_and_drink", "dna": {"food_and_drink": 0.236, "shopping": 0.236, "services_and_business": 0.164, "health_care": 0.109, "travel_and_transportation": 0.073, "lifestyle_services": 0.055, "community_and_government": 0.036, "cultural_and_historic": 0.036, "arts_and_entertainment": 0.018, "education": 0.018, "sports_and_recreation": 0.018}, "tfidf": {"food_and_drink": 0.253, "shopping": 0.243, "services_and_business": 0.164, "health_care": 0.136, "travel_and_transportation": 0.088, "lifestyle_services": 0.066, "cultural_and_historic": 0.053, "community_and_government": 0.051, "arts_and_entertainment": 0.029, "sports_and_recreation": 0.023, "education": 0.022}, "cluster": -1}}, {"type": "Feature", "geometry": {"type": "Polygon", "coordinates": [[[132.473285, 34.457338], [132.473105, 34.461868], [132.468855, 34.464202], [132.464786, 34.462006], [132.464966, 34.457476], [132.469216, 34.455142], [132.473285, 34.457338]]]}, "properties": {"h3": "882e69a1dbfffff", "poi": 107, "richness": 11, "hill_q1": 7.914, "hill_q2": 6.676, "top_share": 0.215, "flagged": false, "dominant": "shopping", "dna": {"shopping": 0.215, "services_and_business": 0.196, "food_and_drink": 0.178, "health_care": 0.14, "lifestyle_services": 0.075, "education": 0.065, "community_and_government": 0.037, "travel_and_transportation": 0.037, "sports_and_recreation": 0.028, "arts_and_entertainment": 0.019, "cultural_and_historic": 0.009}, "tfidf": {"shopping": 0.221, "services_and_business": 0.196, "food_and_drink": 0.19, "health_care": 0.175, "lifestyle_services": 0.09, "education": 0.081, "community_and_government": 0.052, "travel_and_transportation": 0.045, "sports_and_recreation": 0.036, "arts_and_entertainment": 0.03, "cultural_and_historic": 0.014}, "cluster": -1}}, {"type": "Feature", "geometry": {"type": "Polygon", "coordinates": [[[132.485497, 34.463925], [132.485318, 34.468456], [132.481067, 34.470791], [132.476996, 34.468595], [132.477175, 34.464064], [132.481426, 34.461729], [132.485497, 34.463925]]]}, "properties": {"h3": "882e69a1ddfffff", "poi": 70, "richness": 10, "hill_q1": 6.121, "hill_q2": 4.96, "top_share": 0.286, "flagged": false, "dominant": "shopping", "dna": {"shopping": 0.286, "food_and_drink": 0.229, "services_and_business": 0.229, "lifestyle_services": 0.1, "travel_and_transportation": 0.057, "education": 0.029, "health_care": 0.029, "arts_and_entertainment": 0.014, "geographic_entities": 0.014, "lodging": 0.014}, "tfidf": {"shopping": 0.294, "food_and_drink": 0.244, "services_and_business": 0.229, "lifestyle_services": 0.121, "travel_and_transportation": 0.069, "health_care": 0.036, "education": 0.035, "lodging": 0.032, "geographic_entities": 0.029, "arts_and_entertainment": 0.023}, "cluster": -1}}, {"type": "Feature", "geometry": {"type": "Polygon", "coordinates": [[[132.521981, 34.381792], [132.521804, 34.386323], [132.517557, 34.388662], [132.513487, 34.38647], [132.513665, 34.381939], [132.517911, 34.3796], [132.521981, 34.381792]]]}, "properties": {"h3": "882e69a211fffff", "poi": 18, "richness": 7, "hill_q1": 4.626, "hill_q2": 3.306, "top_share": 0.5, "flagged": true, "dominant": "services_and_business", "dna": {"services_and_business": 0.5, "food_and_drink": 0.167, "education": 0.111, "community_and_government": 0.056, "lifestyle_services": 0.056, "shopping": 0.056, "sports_and_recreation": 0.056}, "tfidf": {"services_and_business": 0.5, "food_and_drink": 0.178, "education": 0.137, "community_and_government": 0.078, "sports_and_recreation": 0.071, "lifestyle_services": 0.067, "shopping": 0.057}, "cluster": -1}}, {"type": "Feature", "geometry": {"type": "Polygon", "coordinates": [[[132.513665, 34.381939], [132.513487, 34.38647], [132.50924, 34.388808], [132.505171, 34.386616], [132.505349, 34.382085], [132.509595, 34.379747], [132.513665, 34.381939]]]}, "properties": {"h3": "882e69a213fffff", "poi": 43, "richness": 10, "hill_q1": 7.722, "hill_q2": 6.534, "top_share": 0.233, "flagged": false, "dominant": "shopping", "dna": {"shopping": 0.233, "services_and_business": 0.209, "lifestyle_services": 0.163, "food_and_drink": 0.116, "education": 0.07, "health_care": 0.07, "community_and_government": 0.047, "cultural_and_historic": 0.047, "arts_and_entertainment": 0.023, "sports_and_recreation": 0.023}, "tfidf": {"shopping": 0.239, "services_and_business": 0.209, "lifestyle_services": 0.197, "food_and_drink": 0.124, "health_care": 0.087, "education": 0.086, "cultural_and_historic": 0.068, "community_and_government": 0.065, "arts_and_entertainment": 0.037, "sports_and_recreation": 0.03}, "cluster": -1}}, {"type": "Feature", "geometry": {"type": "Polygon", "coordinates": [[[132.517557, 34.388662], [132.51738, 34.393193], [132.513132, 34.395531], [132.509062, 34.393339], [132.50924, 34.388808], [132.513487, 34.38647], [132.517557, 34.388662]]]}, "properties": {"h3": "882e69a217fffff", "poi": 30, "richness": 9, "hill_q1": 4.486, "hill_q2": 2.813, "top_share": 0.567, "flagged": true, "dominant": "services_and_business", "dna": {"services_and_business": 0.567, "food_and_drink": 0.133, "shopping": 0.1, "community_and_government": 0.033, "cultural_and_historic": 0.033, "education": 0.033, "health_care": 0.033, "lifestyle_services": 0.033, "travel_and_transportation": 0.033}, "tfidf": {"services_and_business": 0.567, "food_and_drink": 0.143, "shopping": 0.103, "cultural_and_historic": 0.049, "community_and_government": 0.047, "health_care": 0.042, "education": 0.041, "lifestyle_services": 0.04, "travel_and_transportation": 0.04}, "cluster": -1}}, {"type": "Feature", "geometry": {"type": "Polygon", "coordinates": [[[132.526405, 34.374921], [132.526228, 34.379452], [132.521981, 34.381792], [132.517911, 34.3796], [132.518088, 34.375069], [132.522335, 34.372729], [132.526405, 34.374921]]]}, "properties": {"h3": "882e69a219fffff", "poi": 24, "richness": 9, "hill_q1": 6.928, "hill_q2": 5.76, "top_share": 0.25, "flagged": false, "dominant": "services_and_business", "dna": {"services_and_business": 0.25, "shopping": 0.25, "lifestyle_services": 0.167, "arts_and_entertainment": 0.083, "cultural_and_historic": 0.083, "community_and_government": 0.042, "food_and_drink": 0.042, "health_care": 0.042, "travel_and_transportation": 0.042}, "tfidf": {"shopping": 0.257, "services_and_business": 0.25, "lifestyle_services": 0.202, "arts_and_entertainment": 0.133, "cultural_and_historic": 0.122, "community_and_government": 0.058, "health_care": 0.052, "travel_and_transportation": 0.05, "food_and_drink": 0.045}, "cluster": -1}}, {"type": "Feature", "geometry": {"type": "Polygon", "coordinates": [[[132.518088, 34.375069], [132.517911, 34.3796], [132.513665, 34.381939], [132.509595, 34.379747], [132.509773, 34.375216], [132.514019, 34.372877], [132.518088, 34.375069]]]}, "properties": {"h3": "882e69a21bfffff", "poi": 31, "richness": 7, "hill_q1": 5.47, "hill_q2": 4.643, "top_share": 0.323, "flagged": false, "dominant": "food_and_drink", "dna": {"food_and_drink": 0.323, "services_and_business": 0.258, "shopping": 0.161, "health_care": 0.097, "arts_and_entertainment": 0.065, "education": 0.065, "cultural_and_historic": 0.032}, "tfidf": {"food_and_drink": 0.345, "services_and_business": 0.258, "shopping": 0.166, "health_care": 0.12, "arts_and_entertainment": 0.103, "education": 0.08, "cultural_and_historic": 0.047}, "cluster": -1}}, {"type": "Feature", "geometry": {"type": "Polygon", "coordinates": [[[132.517025, 34.402255], [132.516848, 34.406787], [132.5126, 34.409125], [132.508529, 34.406932], [132.508707, 34.402401], [132.512955, 34.400062], [132.517025, 34.402255]]]}, "properties": {"h3": "882e69a233fffff", "poi": 12, "richness": 5, "hill_q1": 4.154, "hill_q2": 3.6, "top_share": 0.417, "flagged": false, "dominant": "services_and_business", "dna": {"services_and_business": 0.417, "sports_and_recreation": 0.25, "lifestyle_services": 0.167, "food_and_drink": 0.083, "health_care": 0.083}, "tfidf": {"services_and_business": 0.417, "sports_and_recreation": 0.32, "lifestyle_services": 0.202, "health_care": 0.104, "food_and_drink": 0.089}, "cluster": -1}}, {"type": "Feature", "geometry": {"type": "Polygon", "coordinates": [[[132.551362, 34.374474], [132.551186, 34.379006], [132.546938, 34.381347], [132.542866, 34.379155], [132.543042, 34.374623], [132.547289, 34.372283], [132.551362, 34.374474]]]}, "properties": {"h3": "882e69a243fffff", "poi": 17, "richness": 8, "hill_q1": 6.518, "hill_q2": 5.255, "top_share": 0.353, "flagged": false, "dominant": "services_and_business", "dna": {"services_and_business": 0.353, "community_and_government": 0.118, "education": 0.118, "geographic_entities": 0.118, "shopping": 0.118, "food_and_drink": 0.059, "health_care": 0.059, "sports_and_recreation": 0.059}, "tfidf": {"services_and_business": 0.353, "geographic_entities": 0.242, "community_and_government": 0.165, "education": 0.145, "shopping": 0.121, "sports_and_recreation": 0.075, "health_care": 0.073, "food_and_drink": 0.063}, "cluster": -1}}, {"type": "Feature", "geometry": {"type": "Polygon", "coordinates": [[[132.539146, 34.367901], [132.53897, 34.372432], [132.534723, 34.374772], [132.530652, 34.372581], [132.530828, 34.36805], [132.535075, 34.36571], [132.539146, 34.367901]]]}, "properties": {"h3": "882e69a251fffff", "poi": 128, "richness": 13, "hill_q1": 7.962, "hill_q2": 6.44, "top_share": 0.219, "flagged": false, "dominant": "food_and_drink", "dna": {"food_and_drink": 0.219, "shopping": 0.211, "services_and_business": 0.195, "health_care": 0.109, "lifestyle_services": 0.078, "community_and_government": 0.055, "cultural_and_historic": 0.039, "education": 0.031, "travel_and_transportation": 0.031, "arts_and_entertainment": 0.008, "geographic_entities": 0.008, "lodging": 0.008, "sports_and_recreation": 0.008}, "tfidf": {"food_and_drink": 0.234, "shopping": 0.217, "services_and_business": 0.195, "health_care": 0.136, "lifestyle_services": 0.095, "community_and_government": 0.077, "cultural_and_historic": 0.057, "education": 0.039, "travel_and_transportation": 0.038, "lodging": 0.018, "geographic_entities": 0.016, "arts_and_entertainment": 0.012, "sports_and_recreation": 0.01}, "cluster": -1}}, {"type": "Feature", "geometry": {"type": "Polygon", "coordinates": [[[132.530828, 34.36805], [132.530652, 34.372581], [132.526405, 34.374921], [132.522335, 34.372729], [132.522512, 34.368198], [132.526758, 34.365859], [132.530828, 34.36805]]]}, "properties": {"h3": "882e69a253fffff", "poi": 121, "richness": 11, "hill_q1": 7.795, "hill_q2": 6.319, "top_share": 0.264, "flagged": false, "dominant": "food_and_drink", "dna": {"food_and_drink": 0.264, "services_and_business": 0.182, "shopping": 0.174, "lifestyle_services": 0.099, "health_care": 0.091, "community_and_government": 0.05, "education": 0.05, "arts_and_entertainment": 0.025, "sports_and_recreation": 0.025, "travel_and_transportation": 0.025, "lodging": 0.017}, "tfidf": {"food_and_drink": 0.283, "services_and_business": 0.182, "shopping": 0.178, "lifestyle_services": 0.12, "health_care": 0.113, "community_and_government": 0.07, "education": 0.061, "arts_and_entertainment": 0.04, "lodging": 0.037, "sports_and_recreation": 0.032, "travel_and_transportation": 0.03}, "cluster": -1}}, {"type": "Feature", "geometry": {"type": "Polygon", "coordinates": [[[132.534723, 34.374772], [132.534547, 34.379304], [132.530299, 34.381644], [132.526228, 34.379452], [132.526405, 34.374921], [132.530652, 34.372581], [132.534723, 34.374772]]]}, "properties": {"h3": "882e69a257fffff", "poi": 19, "richness": 7, "hill_q1": 4.971, "hill_q2": 3.882, "top_share": 0.421, "flagged": false, "dominant": "shopping", "dna": {"shopping": 0.421, "health_care": 0.211, "services_and_business": 0.158, "cultural_and_historic": 0.053, "education": 0.053, "sports_and_recreation": 0.053, "travel_and_transportation": 0.053}, "tfidf": {"shopping": 0.433, "health_care": 0.262, "services_and_business": 0.158, "cultural_and_historic": 0.077, "sports_and_recreation": 0.067, "education": 0.065, "travel_and_transportation": 0.064}, "cluster": -1}}, {"type": "Feature", "geometry": {"type": "Polygon", "coordinates": [[[132.543568, 34.361028], [132.543393, 34.36556], [132.539146, 34.367901], [132.535075, 34.36571], [132.535251, 34.361178], [132.539497, 34.358838], [132.543568, 34.361028]]]}, "properties": {"h3": "882e69a259fffff", "poi": 70, "richness": 10, "hill_q1": 5.701, "hill_q2": 4.224, "top_share": 0.357, "flagged": false, "dominant": "food_and_drink", "dna": {"food_and_drink": 0.357, "services_and_business": 0.286, "shopping": 0.143, "education": 0.043, "health_care": 0.043, "community_and_government": 0.029, "lifestyle_services": 0.029, "sports_and_recreation": 0.029, "travel_and_transportation": 0.029, "arts_and_entertainment": 0.014}, "tfidf": {"food_and_drink": 0.382, "services_and_business": 0.286, "shopping": 0.147, "health_care": 0.053, "education": 0.053, "community_and_government": 0.04, "sports_and_recreation": 0.037, "lifestyle_services": 0.035, "travel_and_transportation": 0.035, "arts_and_entertainment": 0.023}, "cluster": -1}}, {"type": "Feature", "geometry": {"type": "Polygon", "coordinates": [[[132.535251, 34.361178], [132.535075, 34.36571], [132.530828, 34.36805], [132.526758, 34.365859], [132.526935, 34.361328], [132.531181, 34.358987], [132.535251, 34.361178]]]}, "properties": {"h3": "882e69a25bfffff", "poi": 52, "richness": 10, "hill_q1": 6.492, "hill_q2": 5.2, "top_share": 0.269, "flagged": false, "dominant": "shopping", "dna": {"shopping": 0.269, "food_and_drink": 0.231, "services_and_business": 0.231, "community_and_government": 0.077, "education": 0.058, "health_care": 0.038, "travel_and_transportation": 0.038, "arts_and_entertainment": 0.019, "lifestyle_services": 0.019, "sports_and_recreation": 0.019}, "tfidf": {"shopping": 0.277, "food_and_drink": 0.247, "services_and_business": 0.231, "community_and_government": 0.108, "education": 0.071, "health_care": 0.048, "travel_and_transportation": 0.047, "arts_and_entertainment": 0.031, "sports_and_recreation": 0.025, "lifestyle_services": 0.023}, "cluster": -1}}, {"type": "Feature", "geometry": {"type": "Polygon", "coordinates": [[[132.547465, 34.367751], [132.547289, 34.372283], [132.543042, 34.374623], [132.53897, 34.372432], [132.539146, 34.367901], [132.543393, 34.36556], [132.547465, 34.367751]]]}, "properties": {"h3": "882e69a25dfffff", "poi": 51, "richness": 10, "hill_q1": 7.439, "hill_q2": 6.12, "top_share": 0.275, "flagged": false, "dominant": "services_and_business", "dna": {"services_and_business": 0.275, "shopping": 0.196, "health_care": 0.157, "food_and_drink": 0.098, "education": 0.078, "lifestyle_services": 0.059, "travel_and_transportation": 0.059, "sports_and_recreation": 0.039, "community_and_government": 0.02, "geographic_entities": 0.02}, "tfidf": {"services_and_business": 0.275, "shopping": 0.202, "health_care": 0.195, "food_and_drink": 0.105, "education": 0.097, "lifestyle_services": 0.071, "travel_and_transportation": 0.071, "sports_and_recreation": 0.05, "geographic_entities": 0.04, "community_and_government": 0.028}, "cluster": -1}}, {"type": "Feature", "geometry": {"type": "Polygon", "coordinates": [[[132.484295, 34.389244], [132.484116, 34.393773], [132.47987, 34.39611], [132.475803, 34.393917], [132.475983, 34.389388], [132.480229, 34.387051], [132.484295, 34.389244]]]}, "properties": {"h3": "882e69a281fffff", "poi": 206, "richness": 13, "hill_q1": 8.221, "hill_q2": 6.294, "top_share": 0.257, "flagged": false, "dominant": "food_and_drink", "dna": {"food_and_drink": 0.257, "services_and_business": 0.223, "shopping": 0.155, "lodging": 0.087, "lifestyle_services": 0.058, "health_care": 0.053, "arts_and_entertainment": 0.039, "travel_and_transportation": 0.039, "sports_and_recreation": 0.029, "cultural_and_historic": 0.019, "geographic_entities": 0.019, "community_and_government": 0.01, "education": 0.01}, "tfidf": {"food_and_drink": 0.275, "services_and_business": 0.223, "lodging": 0.196, "shopping": 0.16, "lifestyle_services": 0.071, "health_care": 0.066, "arts_and_entertainment": 0.062, "travel_and_transportation": 0.047, "geographic_entities": 0.04, "sports_and_recreation": 0.037, "cultural_and_historic": 0.028, "community_and_government": 0.014, "education": 0.012}, "cluster": -1}}, {"type": "Feature", "geometry": {"type": "Polygon", "coordinates": [[[132.475983, 34.389388], [132.475803, 34.393917], [132.471557, 34.396254], [132.467491, 34.39406], [132.467671, 34.389531], [132.471917, 34.387195], [132.475983, 34.389388]]]}, "properties": {"h3": "882e69a283fffff", "poi": 487, "richness": 13, "hill_q1": 7.538, "hill_q2": 5.428, "top_share": 0.322, "flagged": false, "dominant": "food_and_drink", "dna": {"food_and_drink": 0.322, "services_and_business": 0.226, "shopping": 0.111, "travel_and_transportation": 0.08, "health_care": 0.06, "lodging": 0.053, "lifestyle_services": 0.047, "cultural_and_historic": 0.029, "sports_and_recreation": 0.021, "education": 0.016, "community_and_government": 0.014, "arts_and_entertainment": 0.01, "geographic_entities": 0.01}, "tfidf": {"food_and_drink": 0.345, "services_and_business": 0.226, "lodging": 0.12, "shopping": 0.114, "travel_and_transportation": 0.097, "health_care": 0.074, "lifestyle_services": 0.057, "cultural_and_historic": 0.042, "sports_and_recreation": 0.026, "geographic_entities": 0.021, "education": 0.02, "community_and_government": 0.02, "arts_and_entertainment": 0.016}, "cluster": -1}}, {"type": "Feature", "geometry": {"type": "Polygon", "coordinates": [[[132.488184, 34.395966], [132.488005, 34.400497], [132.483758, 34.402833], [132.47969, 34.40064], [132.47987, 34.39611], [132.484116, 34.393773], [132.488184, 34.395966]]]}, "properties": {"h3": "882e69a285fffff", "poi": 213, "richness": 12, "hill_q1": 7.711, "hill_q2": 5.489, "top_share": 0.352, "flagged": false, "dominant": "food_and_drink", "dna": {"food_and_drink": 0.352, "services_and_business": 0.164, "shopping": 0.108, "health_care": 0.075, "community_and_government": 0.061, "travel_and_transportation": 0.056, "lifestyle_services": 0.047, "lodging": 0.047, "education": 0.038, "sports_and_recreation": 0.028, "cultural_and_historic": 0.019, "arts_and_entertainment": 0.005}, "tfidf": {"food_and_drink": 0.377, "services_and_business": 0.164, "shopping": 0.111, "lodging": 0.105, "health_care": 0.094, "community_and_government": 0.086, "travel_and_transportation": 0.068, "lifestyle_services": 0.057, "education": 0.046, "sports_and_recreation": 0.036, "cultural_and_historic": 0.028, "arts_and_entertainment": 0.008}, "cluster": -1}}, {"type": "Feature", "geometry": {"type": "Polygon", "coordinates": [[[132.47987, 34.39611], [132.47969, 34.40064], [132.475444, 34.402976], [132.471377, 34.400783], [132.471557, 34.396254], [132.475803, 34.393917], [132.47987, 34.39611]]]}, "properties": {"h3": "882e69a287fffff", "poi": 922, "richness": 13, "hill_q1": 5.344, "hill_q2": 3.173, "top_share": 0.528, "flagged": true, "dominant": "food_and_drink", "dna": {"food_and_drink": 0.528, "shopping": 0.132, "services_and_business": 0.108, "health_care": 0.037, "lodging": 0.037, "education": 0.036, "travel_and_transportation": 0.034, "lifestyle_services": 0.033, "arts_and_entertainment": 0.016, "sports_and_recreation": 0.014, "community_and_government": 0.013, "cultural_and_historic": 0.01, "geographic_entities": 0.002}, "tfidf": {"food_and_drink": 0.565, "shopping": 0.136, "services_and_business": 0.108, "lodging": 0.083, "health_care": 0.046, "education": 0.044, "travel_and_transportation": 0.041, "lifestyle_services": 0.039, "arts_and_entertainment": 0.026, "community_and_government": 0.018, "sports_and_recreation": 0.018, "cultural_and_historic": 0.014, "geographic_entities": 0.004}, "cluster": -1}}, {"type": "Feature", "geometry": {"type": "Polygon", "coordinates": [[[132.488721, 34.382377], [132.488542, 34.386906], [132.484295, 34.389244], [132.480229, 34.387051], [132.480408, 34.382521], [132.484654, 34.380184], [132.488721, 34.382377]]]}, "properties": {"h3": "882e69a289fffff", "poi": 137, "richness": 12, "hill_q1": 7.444, "hill_q2": 6.124, "top_share": 0.234, "flagged": false, "dominant": "shopping", "dna": {"shopping": 0.234, "food_and_drink": 0.219, "services_and_business": 0.168, "lifestyle_services": 0.131, "health_care": 0.109, "community_and_government": 0.029, "education": 0.029, "travel_and_transportation": 0.029, "cultural_and_historic": 0.022, "geographic_entities": 0.015, "lodging": 0.007, "sports_and_recreation": 0.007}, "tfidf": {"shopping": 0.24, "food_and_drink": 0.234, "services_and_business": 0.168, "lifestyle_services": 0.159, "health_care": 0.136, "community_and_government": 0.041, "education": 0.036, "travel_and_transportation": 0.035, "cultural_and_historic": 0.032, "geographic_entities": 0.03, "lodging": 0.016, "sports_and_recreation": 0.009}, "cluster": -1}}, {"type": "Feature", "geometry": {"type": "Polygon", "coordinates": [[[132.480408, 34.382521], [132.480229, 34.387051], [132.475983, 34.389388], [132.471917, 34.387195], [132.472097, 34.382666], [132.476342, 34.380329], [132.480408, 34.382521]]]}, "properties": {"h3": "882e69a28bfffff", "poi": 202, "richness": 11, "hill_q1": 6.795, "hill_q2": 5.302, "top_share": 0.332, "flagged": false, "dominant": "food_and_drink", "dna": {"food_and_drink": 0.332, "services_and_business": 0.158, "shopping": 0.149, "lifestyle_services": 0.144, "health_care": 0.084, "sports_and_recreation": 0.035, "travel_and_transportation": 0.035, "arts_and_entertainment": 0.025, "education": 0.025, "cultural_and_historic": 0.01, "geographic_entities": 0.005}, "tfidf": {"food_and_drink": 0.355, "lifestyle_services": 0.174, "services_and_business": 0.158, "shopping": 0.153, "health_care": 0.105, "sports_and_recreation": 0.044, "travel_and_transportation": 0.042, "arts_and_entertainment": 0.04, "education": 0.031, "cultural_and_historic": 0.014, "geographic_entities": 0.01}, "cluster": -1}}, {"type": "Feature", "geometry": {"type": "Polygon", "coordinates": [[[132.492609, 34.389099], [132.492431, 34.393629], [132.488184, 34.395966], [132.484116, 34.393773], [132.484295, 34.389244], [132.488542, 34.386906], [132.492609, 34.389099]]]}, "properties": {"h3": "882e69a28dfffff", "poi": 95, "richness": 10, "hill_q1": 6.593, "hill_q2": 5.062, "top_share": 0.347, "flagged": false, "dominant": "services_and_business", "dna": {"services_and_business": 0.347, "shopping": 0.189, "food_and_drink": 0.137, "travel_and_transportation": 0.116, "arts_and_entertainment": 0.053, "sports_and_recreation": 0.053, "health_care": 0.042, "education": 0.032, "cultural_and_historic": 0.021, "lifestyle_services": 0.011}, "tfidf": {"services_and_business": 0.347, "shopping": 0.195, "food_and_drink": 0.146, "travel_and_transportation": 0.14, "arts_and_entertainment": 0.084, "sports_and_recreation": 0.067, "health_care": 0.052, "education": 0.039, "cultural_and_historic": 0.031, "lifestyle_services": 0.013}, "cluster": -1}}, {"type": "Feature", "geometry": {"type": "Polygon", "coordinates": [[[132.463787, 34.382809], [132.463606, 34.387338], [132.459361, 34.389674], [132.455296, 34.387481], [132.455477, 34.382952], [132.459722, 34.380616], [132.463787, 34.382809]]]}, "properties": {"h3": "882e69a291fffff", "poi": 499, "richness": 13, "hill_q1": 7.165, "hill_q2": 5.043, "top_share": 0.367, "flagged": false, "dominant": "food_and_drink", "dna": {"food_and_drink": 0.367, "services_and_business": 0.174, "shopping": 0.118, "lifestyle_services": 0.102, "travel_and_transportation": 0.056, "health_care": 0.05, "education": 0.034, "sports_and_recreation": 0.03, "community_and_government": 0.026, "cultural_and_historic": 0.018, "lodging": 0.012, "arts_and_entertainment": 0.01, "geographic_entities": 0.002}, "tfidf": {"food_and_drink": 0.392, "services_and_business": 0.174, "lifestyle_services": 0.124, "shopping": 0.122, "travel_and_transportation": 0.068, "health_care": 0.062, "education": 0.042, "sports_and_recreation": 0.039, "community_and_government": 0.037, "lodging": 0.027, "cultural_and_historic": 0.026, "arts_and_entertainment": 0.016, "geographic_entities": 0.004}, "cluster": -1}}, {"type": "Feature", "geometry": {"type": "Polygon", "coordinates": [[[132.455477, 34.382952], [132.455296, 34.387481], [132.451051, 34.389816], [132.446988, 34.387623], [132.447169, 34.383095], [132.451414, 34.380759], [132.455477, 34.382952]]]}, "properties": {"h3": "882e69a293fffff", "poi": 400, "richness": 13, "hill_q1": 8.302, "hill_q2": 6.23, "top_share": 0.273, "flagged": false, "dominant": "food_and_drink", "dna": {"food_and_drink": 0.273, "services_and_business": 0.23, "shopping": 0.12, "travel_and_transportation": 0.073, "health_care": 0.065, "community_and_government": 0.053, "education": 0.05, "lifestyle_services": 0.045, "cultural_and_historic": 0.038, "lodging": 0.018, "arts_and_entertainment": 0.015, "sports_and_recreation": 0.013, "geographic_entities": 0.01}, "tfidf": {"food_and_drink": 0.291, "services_and_business": 0.23, "shopping": 0.123, "travel_and_transportation": 0.088, "health_care": 0.081, "community_and_government": 0.074, "education": 0.062, "cultural_and_historic": 0.055, "lifestyle_services": 0.054, "lodging": 0.039, "arts_and_entertainment": 0.024, "geographic_entities": 0.021, "sports_and_recreation": 0.016}, "cluster": -1}}, {"type": "Feature", "geometry": {"type": "Polygon", "coordinates": [[[132.467671, 34.389531], [132.467491, 34.39406], [132.463245, 34.396396], [132.45918, 34.394203], [132.459361, 34.389674], [132.463606, 34.387338], [132.467671, 34.389531]]]}, "properties": {"h3": "882e69a295fffff", "poi": 3825, "richness": 12, "hill_q1": 4.121, "hill_q2": 2.508, "top_share": 0.607, "flagged": true, "dominant": "food_and_drink", "dna": {"food_and_drink": 0.607, "shopping": 0.132, "lifestyle_services": 0.084, "services_and_business": 0.066, "arts_and_entertainment": 0.027, "health_care": 0.023, "travel_and_transportation": 0.019, "lodging": 0.012, "sports_and_recreation": 0.011, "education": 0.01, "community_and_government": 0.007, "cultural_and_historic": 0.003}, "tfidf": {"food_and_drink": 0.649, "shopping": 0.135, "lifestyle_services": 0.102, "services_and_business": 0.066, "arts_and_entertainment": 0.044, "health_care": 0.028, "lodging": 0.026, "travel_and_transportation": 0.023, "sports_and_recreation": 0.014, "education": 0.012, "community_and_government": 0.01, "cultural_and_historic": 0.004}, "cluster": -1}}, {"type": "Feature", "geometry": {"type": "Polygon", "coordinates": [[[132.459361, 34.389674], [132.45918, 34.394203], [132.454935, 34.396538], [132.45087, 34.394345], [132.451051, 34.389816], [132.455296, 34.387481], [132.459361, 34.389674]]]}, "properties": {"h3": "882e69a297fffff", "poi": 1294, "richness": 13, "hill_q1": 7.633, "hill_q2": 5.296, "top_share": 0.359, "flagged": false, "dominant": "food_and_drink", "dna": {"food_and_drink": 0.359, "shopping": 0.157, "services_and_business": 0.128, "lifestyle_services": 0.097, "health_care": 0.056, "cultural_and_historic": 0.042, "travel_and_transportation": 0.035, "education": 0.028, "sports_and_recreation": 0.027, "arts_and_entertainment": 0.026, "lodging": 0.023, "community_and_government": 0.017, "geographic_entities": 0.005}, "tfidf": {"food_and_drink": 0.384, "shopping": 0.161, "services_and_business": 0.128, "lifestyle_services": 0.118, "health_care": 0.07, "cultural_and_historic": 0.061, "lodging": 0.052, "travel_and_transportation": 0.042, "arts_and_entertainment": 0.041, "sports_and_recreation": 0.035, "education": 0.034, "community_and_government": 0.024, "geographic_entities": 0.01}, "cluster": -1}}, {"type": "Feature", "geometry": {"type": "Polygon", "coordinates": [[[132.468212, 34.375944], [132.468032, 34.380473], [132.463787, 34.382809], [132.459722, 34.380616], [132.459903, 34.376088], [132.464147, 34.373751], [132.468212, 34.375944]]]}, "properties": {"h3": "882e69a299fffff", "poi": 192, "richness": 12, "hill_q1": 6.569, "hill_q2": 4.851, "top_share": 0.339, "flagged": false, "dominant": "food_and_drink", "dna": {"food_and_drink": 0.339, "shopping": 0.214, "services_and_business": 0.188, "lifestyle_services": 0.073, "sports_and_recreation": 0.042, "travel_and_transportation": 0.042, "arts_and_entertainment": 0.026, "education": 0.021, "lodging": 0.021, "health_care": 0.016, "community_and_government": 0.01, "geographic_entities": 0.01}, "tfidf": {"food_and_drink": 0.362, "shopping": 0.22, "services_and_business": 0.188, "lifestyle_services": 0.088, "sports_and_recreation": 0.053, "travel_and_transportation": 0.05, "lodging": 0.047, "arts_and_entertainment": 0.042, "education": 0.026, "geographic_entities": 0.021, "health_care": 0.019, "community_and_government": 0.015}, "cluster": -1}}, {"type": "Feature", "geometry": {"type": "Polygon", "coordinates": [[[132.459903, 34.376088], [132.459722, 34.380616], [132.455477, 34.382952], [132.451414, 34.380759], [132.451595, 34.376231], [132.455839, 34.373895], [132.459903, 34.376088]]]}, "properties": {"h3": "882e69a29bfffff", "poi": 234, "richness": 12, "hill_q1": 8.209, "hill_q2": 6.862, "top_share": 0.226, "flagged": false, "dominant": "services_and_business", "dna": {"services_and_business": 0.226, "food_and_drink": 0.214, "shopping": 0.132, "travel_and_transportation": 0.098, "lifestyle_services": 0.094, "health_care": 0.073, "education": 0.064, "community_and_government": 0.051, "sports_and_recreation": 0.021, "cultural_and_historic": 0.013, "arts_and_entertainment": 0.009, "lodging": 0.004}, "tfidf": {"food_and_drink": 0.229, "services_and_business": 0.226, "shopping": 0.136, "travel_and_transportation": 0.119, "lifestyle_services": 0.114, "health_care": 0.09, "education": 0.079, "community_and_government": 0.072, "sports_and_recreation": 0.027, "cultural_and_historic": 0.019, "arts_and_entertainment": 0.014, "lodging": 0.01}, "cluster": -1}}, {"type": "Feature", "geometry": {"type": "Polygon", "coordinates": [[[132.472097, 34.382666], [132.471917, 34.387195], [132.467671, 34.389531], [132.463606, 34.387338], [132.463787, 34.382809], [132.468032, 34.380473], [132.472097, 34.382666]]]}, "properties": {"h3": "882e69a29dfffff", "poi": 221, "richness": 13, "hill_q1": 8.071, "hill_q2": 6.215, "top_share": 0.258, "flagged": false, "dominant": "food_and_drink", "dna": {"food_and_drink": 0.258, "services_and_business": 0.222, "shopping": 0.163, "lifestyle_services": 0.095, "cultural_and_historic": 0.045, "education": 0.045, "travel_and_transportation": 0.041, "arts_and_entertainment": 0.036, "sports_and_recreation": 0.036, "health_care": 0.032, "geographic_entities": 0.014, "community_and_government": 0.009, "lodging": 0.005}, "tfidf": {"food_and_drink": 0.276, "services_and_business": 0.222, "shopping": 0.167, "lifestyle_services": 0.115, "cultural_and_historic": 0.066, "arts_and_entertainment": 0.058, "education": 0.056, "travel_and_transportation": 0.049, "sports_and_recreation": 0.046, "health_care": 0.039, "geographic_entities": 0.028, "community_and_government": 0.013, "lodging": 0.01}, "cluster": -1}}, {"type": "Feature", "geometry": {"type": "Polygon", "coordinates": [[[132.487647, 34.409557], [132.487468, 34.414087], [132.48322, 34.416424], [132.479152, 34.41423], [132.479331, 34.4097], [132.483579, 34.407363], [132.487647, 34.409557]]]}, "properties": {"h3": "882e69a2a1fffff", "poi": 29, "richness": 9, "hill_q1": 6.765, "hill_q2": 5.57, "top_share": 0.31, "flagged": false, "dominant": "services_and_business", "dna": {"services_and_business": 0.31, "shopping": 0.172, "education": 0.138, "sports_and_recreation": 0.138, "cultural_and_historic": 0.103, "community_and_government": 0.034, "health_care": 0.034, "lifestyle_services": 0.034, "travel_and_transportation": 0.034}, "tfidf": {"services_and_business": 0.31, "shopping": 0.177, "sports_and_recreation": 0.177, "education": 0.17, "cultural_and_historic": 0.151, "community_and_government": 0.048, "health_care": 0.043, "lifestyle_services": 0.042, "travel_and_transportation": 0.042}, "cluster": -1}}, {"type": "Feature", "geometry": {"type": "Polygon", "coordinates": [[[132.479331, 34.4097], [132.479152, 34.41423], [132.474904, 34.416566], [132.470837, 34.414372], [132.471017, 34.409842], [132.475264, 34.407506], [132.479331, 34.4097]]]}, "properties": {"h3": "882e69a2a3fffff", "poi": 86, "richness": 9, "hill_q1": 6.864, "hill_q2": 5.917, "top_share": 0.267, "flagged": false, "dominant": "food_and_drink", "dna": {"food_and_drink": 0.267, "shopping": 0.198, "services_and_business": 0.163, "cultural_and_historic": 0.128, "health_care": 0.081, "lifestyle_services": 0.07, "education": 0.058, "sports_and_recreation": 0.023, "lodging": 0.012}, "tfidf": {"food_and_drink": 0.286, "shopping": 0.203, "cultural_and_historic": 0.187, "services_and_business": 0.163, "health_care": 0.101, "lifestyle_services": 0.084, "education": 0.072, "sports_and_recreation": 0.03, "lodging": 0.026}, "cluster": -1}}, {"type": "Feature", "geometry": {"type": "Polygon", "coordinates": [[[132.492073, 34.40269], [132.491894, 34.40722], [132.487647, 34.409557], [132.483579, 34.407363], [132.483758, 34.402833], [132.488005, 34.400497], [132.492073, 34.40269]]]}, "properties": {"h3": "882e69a2a9fffff", "poi": 12, "richness": 9, "hill_q1": 7.56, "hill_q2": 6.0, "top_share": 0.333, "flagged": false, "dominant": "services_and_business", "dna": {"services_and_business": 0.333, "arts_and_entertainment": 0.083, "community_and_government": 0.083, "cultural_and_historic": 0.083, "geographic_entities": 0.083, "health_care": 0.083, "shopping": 0.083, "sports_and_recreation": 0.083, "travel_and_transportation": 0.083}, "tfidf": {"services_and_business": 0.333, "geographic_entities": 0.171, "arts_and_entertainment": 0.133, "cultural_and_historic": 0.122, "community_and_government": 0.117, "sports_and_recreation": 0.107, "health_care": 0.104, "travel_and_transportation": 0.101, "shopping": 0.086}, "cluster": -1}}, {"type": "Feature", "geometry": {"type": "Polygon", "coordinates": [[[132.483758, 34.402833], [132.483579, 34.407363], [132.479331, 34.4097], [132.475264, 34.407506], [132.475444, 34.402976], [132.47969, 34.40064], [132.483758, 34.402833]]]}, "properties": {"h3": "882e69a2abfffff", "poi": 71, "richness": 13, "hill_q1": 9.085, "hill_q2": 7.295, "top_share": 0.225, "flagged": false, "dominant": "food_and_drink", "dna": {"food_and_drink": 0.225, "services_and_business": 0.183, "cultural_and_historic": 0.169, "travel_and_transportation": 0.085, "community_and_government": 0.07, "lifestyle_services": 0.07, "shopping": 0.056, "sports_and_recreation": 0.042, "education": 0.028, "health_care": 0.028, "arts_and_entertainment": 0.014, "geographic_entities": 0.014, "lodging": 0.014}, "tfidf": {"cultural_and_historic": 0.248, "food_and_drink": 0.241, "services_and_business": 0.183, "travel_and_transportation": 0.102, "community_and_government": 0.099, "lifestyle_services": 0.085, "shopping": 0.058, "sports_and_recreation": 0.054, "health_care": 0.035, "education": 0.035, "lodging": 0.032, "geographic_entities": 0.029, "arts_and_entertainment": 0.023}, "cluster": -1}}, {"type": "Feature", "geometry": {"type": "Polygon", "coordinates": [[[132.467131, 34.403119], [132.46695, 34.407648], [132.462704, 34.409984], [132.458638, 34.40779], [132.458819, 34.403261], [132.463065, 34.400925], [132.467131, 34.403119]]]}, "properties": {"h3": "882e69a2b1fffff", "poi": 267, "richness": 13, "hill_q1": 7.057, "hill_q2": 5.017, "top_share": 0.348, "flagged": false, "dominant": "food_and_drink", "dna": {"food_and_drink": 0.348, "services_and_business": 0.225, "shopping": 0.109, "health_care": 0.075, "lifestyle_services": 0.067, "travel_and_transportation": 0.052, "cultural_and_historic": 0.03, "community_and_government": 0.026, "education": 0.026, "arts_and_entertainment": 0.015, "sports_and_recreation": 0.015, "lodging": 0.007, "geographic_entities": 0.004}, "tfidf": {"food_and_drink": 0.373, "services_and_business": 0.225, "shopping": 0.112, "health_care": 0.093, "lifestyle_services": 0.082, "travel_and_transportation": 0.063, "cultural_and_historic": 0.044, "community_and_government": 0.037, "education": 0.032, "arts_and_entertainment": 0.024, "sports_and_recreation": 0.019, "lodging": 0.017, "geographic_entities": 0.008}, "cluster": -1}}, {"type": "Feature", "geometry": {"type": "Polygon", "coordinates": [[[132.458819, 34.403261], [132.458638, 34.40779], [132.454392, 34.410125], [132.450327, 34.407931], [132.450508, 34.403402], [132.454754, 34.401067], [132.458819, 34.403261]]]}, "properties": {"h3": "882e69a2b3fffff", "poi": 202, "richness": 12, "hill_q1": 7.165, "hill_q2": 5.046, "top_share": 0.347, "flagged": false, "dominant": "food_and_drink", "dna": {"food_and_drink": 0.347, "services_and_business": 0.228, "shopping": 0.114, "lifestyle_services": 0.074, "health_care": 0.045, "sports_and_recreation": 0.045, "arts_and_entertainment": 0.03, "community_and_government": 0.03, "geographic_entities": 0.025, "travel_and_transportation": 0.025, "education": 0.02, "lodging": 0.02}, "tfidf": {"food_and_drink": 0.371, "services_and_business": 0.228, "shopping": 0.117, "lifestyle_services": 0.09, "sports_and_recreation": 0.057, "health_care": 0.055, "geographic_entities": 0.051, "arts_and_entertainment": 0.047, "lodging": 0.044, "community_and_government": 0.042, "travel_and_transportation": 0.03, "education": 0.024}, "cluster": -1}}, {"type": "Feature", "geometry": {"type": "Polygon", "coordinates": [[[132.471017, 34.409842], [132.470837, 34.414372], [132.46659, 34.416707], [132.462523, 34.414513], [132.462704, 34.409984], [132.46695, 34.407648], [132.471017, 34.409842]]]}, "properties": {"h3": "882e69a2b5fffff", "poi": 123, "richness": 13, "hill_q1": 8.856, "hill_q2": 7.493, "top_share": 0.195, "flagged": false, "dominant": "services_and_business", "dna": {"services_and_business": 0.195, "food_and_drink": 0.187, "shopping": 0.146, "health_care": 0.13, "lifestyle_services": 0.106, "travel_and_transportation": 0.073, "sports_and_recreation": 0.049, "education": 0.041, "geographic_entities": 0.033, "cultural_and_historic": 0.016, "arts_and_entertainment": 0.008, "community_and_government": 0.008, "lodging": 0.008}, "tfidf": {"food_and_drink": 0.2, "services_and_business": 0.195, "health_care": 0.162, "shopping": 0.15, "lifestyle_services": 0.128, "travel_and_transportation": 0.089, "geographic_entities": 0.067, "sports_and_recreation": 0.062, "education": 0.05, "cultural_and_historic": 0.024, "lodging": 0.018, "arts_and_entertainment": 0.013, "community_and_government": 0.011}, "cluster": -1}}, {"type": "Feature", "geometry": {"type": "Polygon", "coordinates": [[[132.462704, 34.409984], [132.462523, 34.414513], [132.458276, 34.416848], [132.454211, 34.414654], [132.454392, 34.410125], [132.458638, 34.40779], [132.462704, 34.409984]]]}, "properties": {"h3": "882e69a2b7fffff", "poi": 132, "richness": 12, "hill_q1": 6.613, "hill_q2": 5.065, "top_share": 0.28, "flagged": false, "dominant": "services_and_business", "dna": {"services_and_business": 0.28, "food_and_drink": 0.273, "shopping": 0.182, "education": 0.053, "lifestyle_services": 0.053, "travel_and_transportation": 0.053, "health_care": 0.045, "geographic_entities": 0.023, "arts_and_entertainment": 0.015, "community_and_government": 0.008, "cultural_and_historic": 0.008, "sports_and_recreation": 0.008}, "tfidf": {"food_and_drink": 0.292, "services_and_business": 0.28, "shopping": 0.187, "education": 0.065, "lifestyle_services": 0.064, "travel_and_transportation": 0.064, "health_care": 0.057, "geographic_entities": 0.047, "arts_and_entertainment": 0.024, "cultural_and_historic": 0.011, "community_and_government": 0.011, "sports_and_recreation": 0.01}, "cluster": -1}}, {"type": "Feature", "geometry": {"type": "Polygon", "coordinates": [[[132.471557, 34.396254], [132.471377, 34.400783], [132.467131, 34.403119], [132.463065, 34.400925], [132.463245, 34.396396], [132.467491, 34.39406], [132.471557, 34.396254]]]}, "properties": {"h3": "882e69a2b9fffff", "poi": 482, "richness": 13, "hill_q1": 8.85, "hill_q2": 6.73, "top_share": 0.241, "flagged": false, "dominant": "food_and_drink", "dna": {"food_and_drink": 0.241, "services_and_business": 0.241, "shopping": 0.106, "lifestyle_services": 0.075, "health_care": 0.068, "education": 0.06, "travel_and_transportation": 0.054, "community_and_government": 0.041, "sports_and_recreation": 0.037, "cultural_and_historic": 0.025, "lodging": 0.023, "arts_and_entertainment": 0.021, "geographic_entities": 0.008}, "tfidf": {"food_and_drink": 0.257, "services_and_business": 0.241, "shopping": 0.109, "lifestyle_services": 0.09, "health_care": 0.085, "education": 0.074, "travel_and_transportation": 0.065, "community_and_government": 0.058, "lodging": 0.051, "sports_and_recreation": 0.048, "cultural_and_historic": 0.036, "arts_and_entertainment": 0.033, "geographic_entities": 0.017}, "cluster": -1}}, {"type": "Feature", "geometry": {"type": "Polygon", "coordinates": [[[132.463245, 34.396396], [132.463065, 34.400925], [132.458819, 34.403261], [132.454754, 34.401067], [132.454935, 34.396538], [132.45918, 34.394203], [132.463245, 34.396396]]]}, "properties": {"h3": "882e69a2bbfffff", "poi": 428, "richness": 13, "hill_q1": 7.762, "hill_q2": 5.722, "top_share": 0.308, "flagged": false, "dominant": "food_and_drink", "dna": {"food_and_drink": 0.308, "shopping": 0.201, "services_and_business": 0.154, "community_and_government": 0.079, "travel_and_transportation": 0.051, "education": 0.037, "lifestyle_services": 0.037, "sports_and_recreation": 0.037, "arts_and_entertainment": 0.03, "cultural_and_historic": 0.03, "health_care": 0.021, "lodging": 0.007, "geographic_entities": 0.005}, "tfidf": {"food_and_drink": 0.33, "shopping": 0.207, "services_and_business": 0.154, "community_and_government": 0.111, "travel_and_transportation": 0.062, "arts_and_entertainment": 0.049, "sports_and_recreation": 0.048, "education": 0.046, "lifestyle_services": 0.045, "cultural_and_historic": 0.044, "health_care": 0.026, "lodging": 0.016, "geographic_entities": 0.01}, "cluster": -1}}, {"type": "Feature", "geometry": {"type": "Polygon", "coordinates": [[[132.475444, 34.402976], [132.475264, 34.407506], [132.471017, 34.409842], [132.46695, 34.407648], [132.467131, 34.403119], [132.471377, 34.400783], [132.475444, 34.402976]]]}, "properties": {"h3": "882e69a2bdfffff", "poi": 71, "richness": 12, "hill_q1": 9.165, "hill_q2": 7.696, "top_share": 0.211, "flagged": false, "dominant": "services_and_business", "dna": {"services_and_business": 0.211, "food_and_drink": 0.183, "shopping": 0.141, "cultural_and_historic": 0.113, "education": 0.085, "health_care": 0.056, "travel_and_transportation": 0.056, "arts_and_entertainment": 0.042, "lifestyle_services": 0.042, "sports_and_recreation": 0.042, "community_and_government": 0.014, "geographic_entities": 0.014}, "tfidf": {"services_and_business": 0.211, "food_and_drink": 0.196, "cultural_and_historic": 0.165, "shopping": 0.145, "education": 0.104, "health_care": 0.07, "travel_and_transportation": 0.068, "arts_and_entertainment": 0.068, "sports_and_recreation": 0.054, "lifestyle_services": 0.051, "geographic_entities": 0.029, "community_and_government": 0.02}, "cluster": -1}}, {"type": "Feature", "geometry": {"type": "Polygon", "coordinates": [[[132.501458, 34.375363], [132.50128, 34.379893], [132.497034, 34.382231], [132.492967, 34.380039], [132.493145, 34.375509], [132.497391, 34.373171], [132.501458, 34.375363]]]}, "properties": {"h3": "882e69a2c1fffff", "poi": 69, "richness": 8, "hill_q1": 5.631, "hill_q2": 4.6, "top_share": 0.333, "flagged": false, "dominant": "shopping", "dna": {"shopping": 0.333, "services_and_business": 0.261, "food_and_drink": 0.145, "travel_and_transportation": 0.087, "education": 0.072, "sports_and_recreation": 0.058, "lifestyle_services": 0.029, "arts_and_entertainment": 0.014}, "tfidf": {"shopping": 0.343, "services_and_business": 0.261, "food_and_drink": 0.155, "travel_and_transportation": 0.105, "education": 0.089, "sports_and_recreation": 0.074, "lifestyle_services": 0.035, "arts_and_entertainment": 0.023}, "cluster": -1}}, {"type": "Feature", "geometry": {"type": "Polygon", "coordinates": [[[132.493145, 34.375509], [132.492967, 34.380039], [132.488721, 34.382377], [132.484654, 34.380184], [132.484833, 34.375655], [132.489078, 34.373317], [132.493145, 34.375509]]]}, "properties": {"h3": "882e69a2c3fffff", "poi": 111, "richness": 11, "hill_q1": 6.429, "hill_q2": 5.106, "top_share": 0.27, "flagged": false, "dominant": "services_and_business", "dna": {"services_and_business": 0.27, "food_and_drink": 0.243, "shopping": 0.225, "health_care": 0.081, "lifestyle_services": 0.045, "travel_and_transportation": 0.045, "sports_and_recreation": 0.036, "education": 0.027, "arts_and_entertainment": 0.009, "community_and_government": 0.009, "cultural_and_historic": 0.009}, "tfidf": {"services_and_business": 0.27, "food_and_drink": 0.26, "shopping": 0.232, "health_care": 0.101, "lifestyle_services": 0.055, "travel_and_transportation": 0.055, "sports_and_recreation": 0.046, "education": 0.033, "arts_and_entertainment": 0.014, "cultural_and_historic": 0.013, "community_and_government": 0.013}, "cluster": -1}}, {"type": "Feature", "geometry": {"type": "Polygon", "coordinates": [[[132.505349, 34.382085], [132.505171, 34.386616], [132.500924, 34.388954], [132.496856, 34.386761], [132.497034, 34.382231], [132.50128, 34.379893], [132.505349, 34.382085]]]}, "properties": {"h3": "882e69a2c5fffff", "poi": 50, "richness": 8, "hill_q1": 5.262, "hill_q2": 4.112, "top_share": 0.36, "flagged": false, "dominant": "services_and_business", "dna": {"services_and_business": 0.36, "shopping": 0.3, "cultural_and_historic": 0.08, "food_and_drink": 0.08, "travel_and_transportation": 0.08, "sports_and_recreation": 0.06, "arts_and_entertainment": 0.02, "education": 0.02}, "tfidf": {"services_and_business": 0.36, "shopping": 0.308, "cultural_and_historic": 0.117, "travel_and_transportation": 0.097, "food_and_drink": 0.086, "sports_and_recreation": 0.077, "arts_and_entertainment": 0.032, "education": 0.025}, "cluster": -1}}, {"type": "Feature", "geometry": {"type": "Polygon", "coordinates": [[[132.497034, 34.382231], [132.496856, 34.386761], [132.492609, 34.389099], [132.488542, 34.386906], [132.488721, 34.382377], [132.492967, 34.380039], [132.497034, 34.382231]]]}, "properties": {"h3": "882e69a2c7fffff", "poi": 88, "richness": 9, "hill_q1": 5.692, "hill_q2": 4.577, "top_share": 0.273, "flagged": false, "dominant": "food_and_drink", "dna": {"food_and_drink": 0.273, "services_and_business": 0.261, "shopping": 0.261, "education": 0.045, "travel_and_transportation": 0.045, "community_and_government": 0.034, "lifestyle_services": 0.034, "arts_and_entertainment": 0.023, "sports_and_recreation": 0.023}, "tfidf": {"food_and_drink": 0.292, "shopping": 0.269, "services_and_business": 0.261, "education": 0.056, "travel_and_transportation": 0.055, "community_and_government": 0.048, "lifestyle_services": 0.041, "arts_and_entertainment": 0.036, "sports_and_recreation": 0.029}, "cluster": -1}}, {"type": "Feature", "geometry": {"type": "Polygon", "coordinates": [[[132.505882, 34.368494], [132.505705, 34.373024], [132.501458, 34.375363], [132.497391, 34.373171], [132.497569, 34.368641], [132.501815, 34.366302], [132.505882, 34.368494]]]}, "properties": {"h3": "882e69a2c9fffff", "poi": 19, "richness": 5, "hill_q1": 3.593, "hill_q2": 3.034, "top_share": 0.421, "flagged": false, "dominant": "services_and_business", "dna": {"services_and_business": 0.421, "shopping": 0.368, "food_and_drink": 0.105, "geographic_entities": 0.053, "health_care": 0.053}, "tfidf": {"services_and_business": 0.421, "shopping": 0.379, "food_and_drink": 0.113, "geographic_entities": 0.108, "health_care": 0.066}, "cluster": -1}}, {"type": "Feature", "geometry": {"type": "Polygon", "coordinates": [[[132.497569, 34.368641], [132.497391, 34.373171], [132.493145, 34.375509], [132.489078, 34.373317], [132.489257, 34.368787], [132.493502, 34.366449], [132.497569, 34.368641]]]}, "properties": {"h3": "882e69a2cbfffff", "poi": 30, "richness": 6, "hill_q1": 4.944, "hill_q2": 4.128, "top_share": 0.4, "flagged": false, "dominant": "services_and_business", "dna": {"services_and_business": 0.4, "shopping": 0.2, "food_and_drink": 0.133, "health_care": 0.1, "lifestyle_services": 0.1, "community_and_government": 0.067}, "tfidf": {"services_and_business": 0.4, "shopping": 0.206, "food_and_drink": 0.143, "health_care": 0.125, "lifestyle_services": 0.121, "community_and_government": 0.094}, "cluster": -1}}, {"type": "Feature", "geometry": {"type": "Polygon", "coordinates": [[[132.509773, 34.375216], [132.509595, 34.379747], [132.505349, 34.382085], [132.50128, 34.379893], [132.501458, 34.375363], [132.505705, 34.373024], [132.509773, 34.375216]]]}, "properties": {"h3": "882e69a2cdfffff", "poi": 119, "richness": 11, "hill_q1": 6.996, "hill_q2": 5.33, "top_share": 0.319, "flagged": false, "dominant": "food_and_drink", "dna": {"food_and_drink": 0.319, "shopping": 0.193, "services_and_business": 0.176, "health_care": 0.101, "travel_and_transportation": 0.05, "education": 0.034, "lifestyle_services": 0.034, "community_and_government": 0.025, "cultural_and_historic": 0.025, "sports_and_recreation": 0.025, "arts_and_entertainment": 0.017}, "tfidf": {"food_and_drink": 0.342, "shopping": 0.199, "services_and_business": 0.176, "health_care": 0.126, "travel_and_transportation": 0.061, "education": 0.042, "lifestyle_services": 0.041, "cultural_and_historic": 0.037, "community_and_government": 0.035, "sports_and_recreation": 0.032, "arts_and_entertainment": 0.027}, "cluster": -1}}, {"type": "Feature", "geometry": {"type": "Polygon", "coordinates": [[[132.480946, 34.368933], [132.480767, 34.373462], [132.476522, 34.375799], [132.472457, 34.373607], [132.472636, 34.369078], [132.476881, 34.366741], [132.480946, 34.368933]]]}, "properties": {"h3": "882e69a2d1fffff", "poi": 76, "richness": 11, "hill_q1": 7.416, "hill_q2": 6.017, "top_share": 0.289, "flagged": false, "dominant": "food_and_drink", "dna": {"food_and_drink": 0.289, "services_and_business": 0.171, "shopping": 0.145, "health_care": 0.118, "lifestyle_services": 0.105, "education": 0.066, "travel_and_transportation": 0.039, "sports_and_recreation": 0.026, "arts_and_entertainment": 0.013, "cultural_and_historic": 0.013, "lodging": 0.013}, "tfidf": {"food_and_drink": 0.31, "services_and_business": 0.171, "shopping": 0.149, "health_care": 0.147, "lifestyle_services": 0.127, "education": 0.081, "travel_and_transportation": 0.048, "sports_and_recreation": 0.034, "lodging": 0.03, "arts_and_entertainment": 0.021, "cultural_and_historic": 0.019}, "cluster": -1}}, {"type": "Feature", "geometry": {"type": "Polygon", "coordinates": [[[132.472636, 34.369078], [132.472457, 34.373607], [132.468212, 34.375944], [132.464147, 34.373751], [132.464328, 34.369223], [132.468572, 34.366886], [132.472636, 34.369078]]]}, "properties": {"h3": "882e69a2d3fffff", "poi": 110, "richness": 12, "hill_q1": 7.562, "hill_q2": 6.395, "top_share": 0.2, "flagged": false, "dominant": "food_and_drink", "dna": {"food_and_drink": 0.2, "lifestyle_services": 0.2, "services_and_business": 0.2, "health_care": 0.145, "education": 0.082, "shopping": 0.082, "sports_and_recreation": 0.027, "travel_and_transportation": 0.027, "arts_and_entertainment": 0.009, "community_and_government": 0.009, "cultural_and_historic": 0.009, "geographic_entities": 0.009}, "tfidf": {"lifestyle_services": 0.242, "food_and_drink": 0.214, "services_and_business": 0.2, "health_care": 0.181, "education": 0.101, "shopping": 0.084, "sports_and_recreation": 0.035, "travel_and_transportation": 0.033, "geographic_entities": 0.019, "arts_and_entertainment": 0.015, "cultural_and_historic": 0.013, "community_and_government": 0.013}, "cluster": -1}}, {"type": "Feature", "geometry": {"type": "Polygon", "coordinates": [[[132.484833, 34.375655], [132.484654, 34.380184], [132.480408, 34.382521], [132.476342, 34.380329], [132.476522, 34.375799], [132.480767, 34.373462], [132.484833, 34.375655]]]}, "properties": {"h3": "882e69a2d5fffff", "poi": 113, "richness": 10, "hill_q1": 7.014, "hill_q2": 5.898, "top_share": 0.283, "flagged": false, "dominant": "food_and_drink", "dna": {"food_and_drink": 0.283, "shopping": 0.177, "education": 0.15, "services_and_business": 0.133, "health_care": 0.097, "travel_and_transportation": 0.08, "arts_and_entertainment": 0.035, "community_and_government": 0.018, "lifestyle_services": 0.018, "cultural_and_historic": 0.009}, "tfidf": {"food_and_drink": 0.303, "education": 0.186, "shopping": 0.182, "services_and_business": 0.133, "health_care": 0.121, "travel_and_transportation": 0.096, "arts_and_entertainment": 0.057, "community_and_government": 0.025, "lifestyle_services": 0.021, "cultural_and_historic": 0.013}, "cluster": -1}}, {"type": "Feature", "geometry": {"type": "Polygon", "coordinates": [[[132.476522, 34.375799], [132.476342, 34.380329], [132.472097, 34.382666], [132.468032, 34.380473], [132.468212, 34.375944], [132.472457, 34.373607], [132.476522, 34.375799]]]}, "properties": {"h3": "882e69a2d7fffff", "poi": 130, "richness": 12, "hill_q1": 9.26, "hill_q2": 7.949, "top_share": 0.192, "flagged": false, "dominant": "services_and_business", "dna": {"services_and_business": 0.192, "food_and_drink": 0.185, "shopping": 0.138, "community_and_government": 0.115, "health_care": 0.085, "travel_and_transportation": 0.077, "education": 0.062, "lifestyle_services": 0.054, "cultural_and_historic": 0.031, "sports_and_recreation": 0.031, "geographic_entities": 0.023, "lodging": 0.008}, "tfidf": {"food_and_drink": 0.197, "services_and_business": 0.192, "community_and_government": 0.162, "shopping": 0.142, "health_care": 0.105, "travel_and_transportation": 0.093, "education": 0.076, "lifestyle_services": 0.065, "geographic_entities": 0.047, "cultural_and_historic": 0.045, "sports_and_recreation": 0.039, "lodging": 0.017}, "cluster": -1}}, {"type": "Feature", "geometry": {"type": "Polygon", "coordinates": [[[132.48537, 34.362066], [132.485191, 34.366595], [132.480946, 34.368933], [132.476881, 34.366741], [132.477061, 34.362212], [132.481305, 34.359874], [132.48537, 34.362066]]]}, "properties": {"h3": "882e69a2d9fffff", "poi": 23, "richness": 7, "hill_q1": 4.447, "hill_q2": 3.458, "top_share": 0.391, "flagged": false, "dominant": "services_and_business", "dna": {"services_and_business": 0.391, "food_and_drink": 0.348, "shopping": 0.087, "community_and_government": 0.043, "cultural_and_historic": 0.043, "lodging": 0.043, "travel_and_transportation": 0.043}, "tfidf": {"services_and_business": 0.391, "food_and_drink": 0.372, "lodging": 0.098, "shopping": 0.089, "cultural_and_historic": 0.064, "community_and_government": 0.061, "travel_and_transportation": 0.053}, "cluster": -1}}, {"type": "Feature", "geometry": {"type": "Polygon", "coordinates": [[[132.477061, 34.362212], [132.476881, 34.366741], [132.472636, 34.369078], [132.468572, 34.366886], [132.468752, 34.362357], [132.472996, 34.36002], [132.477061, 34.362212]]]}, "properties": {"h3": "882e69a2dbfffff", "poi": 57, "richness": 9, "hill_q1": 6.47, "hill_q2": 5.3, "top_share": 0.298, "flagged": false, "dominant": "services_and_business", "dna": {"services_and_business": 0.298, "shopping": 0.211, "food_and_drink": 0.193, "education": 0.088, "health_care": 0.07, "lifestyle_services": 0.053, "community_and_government": 0.035, "sports_and_recreation": 0.035, "arts_and_entertainment": 0.018}, "tfidf": {"services_and_business": 0.298, "shopping": 0.216, "food_and_drink": 0.206, "education": 0.108, "health_care": 0.087, "lifestyle_services": 0.064, "community_and_government": 0.049, "sports_and_recreation": 0.045, "arts_and_entertainment": 0.028}, "cluster": -1}}, {"type": "Feature", "geometry": {"type": "Polygon", "coordinates": [[[132.489257, 34.368787], [132.489078, 34.373317], [132.484833, 34.375655], [132.480767, 34.373462], [132.480946, 34.368933], [132.485191, 34.366595], [132.489257, 34.368787]]]}, "properties": {"h3": "882e69a2ddfffff", "poi": 12, "richness": 6, "hill_q1": 4.364, "hill_q2": 3.273, "top_share": 0.5, "flagged": true, "dominant": "services_and_business", "dna": {"services_and_business": 0.5, "lifestyle_services": 0.167, "community_and_government": 0.083, "cultural_and_historic": 0.083, "education": 0.083, "sports_and_recreation": 0.083}, "tfidf": {"services_and_business": 0.5, "lifestyle_services": 0.202, "cultural_and_historic": 0.122, "community_and_government": 0.117, "sports_and_recreation": 0.107, "education": 0.103}, "cluster": -1}}, {"type": "Feature", "geometry": {"type": "Polygon", "coordinates": [[[132.504815, 34.395677], [132.504637, 34.400208], [132.500389, 34.402545], [132.49632, 34.400352], [132.496499, 34.395822], [132.500746, 34.393484], [132.504815, 34.395677]]]}, "properties": {"h3": "882e69a2e1fffff", "poi": 197, "richness": 10, "hill_q1": 5.517, "hill_q2": 4.135, "top_share": 0.345, "flagged": false, "dominant": "food_and_drink", "dna": {"food_and_drink": 0.345, "shopping": 0.315, "services_and_business": 0.122, "health_care": 0.056, "lifestyle_services": 0.046, "arts_and_entertainment": 0.041, "travel_and_transportation": 0.036, "education": 0.02, "sports_and_recreation": 0.015, "community_and_government": 0.005}, "tfidf": {"food_and_drink": 0.369, "shopping": 0.324, "services_and_business": 0.122, "health_care": 0.07, "arts_and_entertainment": 0.065, "lifestyle_services": 0.055, "travel_and_transportation": 0.043, "education": 0.025, "sports_and_recreation": 0.02, "community_and_government": 0.007}, "cluster": -1}}, {"type": "Feature", "geometry": {"type": "Polygon", "coordinates": [[[132.496499, 34.395822], [132.49632, 34.400352], [132.492073, 34.40269], [132.488005, 34.400497], [132.488184, 34.395966], [132.492431, 34.393629], [132.496499, 34.395822]]]}, "properties": {"h3": "882e69a2e3fffff", "poi": 47, "richness": 10, "hill_q1": 8.195, "hill_q2": 7.103, "top_share": 0.234, "flagged": false, "dominant": "services_and_business", "dna": {"services_and_business": 0.234, "health_care": 0.17, "shopping": 0.149, "food_and_drink": 0.106, "travel_and_transportation": 0.106, "cultural_and_historic": 0.064, "lifestyle_services": 0.064, "education": 0.043, "sports_and_recreation": 0.043, "lodging": 0.021}, "tfidf": {"services_and_business": 0.234, "health_care": 0.212, "shopping": 0.153, "travel_and_transportation": 0.129, "food_and_drink": 0.114, "cultural_and_historic": 0.093, "lifestyle_services": 0.077, "sports_and_recreation": 0.055, "education": 0.053, "lodging": 0.048}, "cluster": -1}}, {"type": "Feature", "geometry": {"type": "Polygon", "coordinates": [[[132.508707, 34.402401], [132.508529, 34.406932], [132.504281, 34.409269], [132.500211, 34.407076], [132.500389, 34.402545], [132.504637, 34.400208], [132.508707, 34.402401]]]}, "properties": {"h3": "882e69a2e5fffff", "poi": 64, "richness": 11, "hill_q1": 7.136, "hill_q2": 5.52, "top_share": 0.266, "flagged": false, "dominant": "services_and_business", "dna": {"services_and_business": 0.266, "shopping": 0.266, "food_and_drink": 0.156, "lifestyle_services": 0.078, "sports_and_recreation": 0.063, "education": 0.047, "arts_and_entertainment": 0.031, "health_care": 0.031, "travel_and_transportation": 0.031, "community_and_government": 0.016, "lodging": 0.016}, "tfidf": {"shopping": 0.273, "services_and_business": 0.266, "food_and_drink": 0.167, "lifestyle_services": 0.095, "sports_and_recreation": 0.08, "education": 0.058, "arts_and_entertainment": 0.05, "health_care": 0.039, "travel_and_transportation": 0.038, "lodging": 0.035, "community_and_government": 0.022}, "cluster": -1}}, {"type": "Feature", "geometry": {"type": "Polygon", "coordinates": [[[132.500389, 34.402545], [132.500211, 34.407076], [132.495963, 34.409413], [132.491894, 34.40722], [132.492073, 34.40269], [132.49632, 34.400352], [132.500389, 34.402545]]]}, "properties": {"h3": "882e69a2e7fffff", "poi": 20, "richness": 7, "hill_q1": 6.1, "hill_q2": 5.405, "top_share": 0.3, "flagged": false, "dominant": "services_and_business", "dna": {"services_and_business": 0.3, "shopping": 0.2, "food_and_drink": 0.15, "cultural_and_historic": 0.1, "lifestyle_services": 0.1, "travel_and_transportation": 0.1, "education": 0.05}, "tfidf": {"services_and_business": 0.3, "shopping": 0.206, "food_and_drink": 0.16, "cultural_and_historic": 0.146, "lifestyle_services": 0.121, "travel_and_transportation": 0.121, "education": 0.062}, "cluster": -1}}, {"type": "Feature", "geometry": {"type": "Polygon", "coordinates": [[[132.50924, 34.388808], [132.509062, 34.393339], [132.504815, 34.395677], [132.500746, 34.393484], [132.500924, 34.388954], [132.505171, 34.386616], [132.50924, 34.388808]]]}, "properties": {"h3": "882e69a2e9fffff", "poi": 116, "richness": 10, "hill_q1": 6.752, "hill_q2": 5.4, "top_share": 0.267, "flagged": false, "dominant": "food_and_drink", "dna": {"food_and_drink": 0.267, "services_and_business": 0.267, "shopping": 0.155, "health_care": 0.095, "education": 0.06, "community_and_government": 0.043, "lifestyle_services": 0.043, "sports_and_recreation": 0.034, "cultural_and_historic": 0.026, "travel_and_transportation": 0.009}, "tfidf": {"food_and_drink": 0.286, "services_and_business": 0.267, "shopping": 0.16, "health_care": 0.118, "education": 0.075, "community_and_government": 0.06, "lifestyle_services": 0.052, "sports_and_recreation": 0.044, "cultural_and_historic": 0.038, "travel_and_transportation": 0.01}, "cluster": -1}}, {"type": "Feature", "geometry": {"type": "Polygon", "coordinates": [[[132.500924, 34.388954], [132.500746, 34.393484], [132.496499, 34.395822], [132.492431, 34.393629], [132.492609, 34.389099], [132.496856, 34.386761], [132.500924, 34.388954]]]}, "properties": {"h3": "882e69a2ebfffff", "poi": 137, "richness": 12, "hill_q1": 6.194, "hill_q2": 4.811, "top_share": 0.314, "flagged": false, "dominant": "food_and_drink", "dna": {"food_and_drink": 0.314, "shopping": 0.248, "services_and_business": 0.182, "lifestyle_services": 0.08, "travel_and_transportation": 0.08, "health_care": 0.022, "sports_and_recreation": 0.022, "cultural_and_historic": 0.015, "education": 0.015, "arts_and_entertainment": 0.007, "geographic_entities": 0.007, "lodging": 0.007}, "tfidf": {"food_and_drink": 0.336, "shopping": 0.255, "services_and_business": 0.182, "lifestyle_services": 0.097, "travel_and_transportation": 0.097, "sports_and_recreation": 0.028, "health_care": 0.027, "cultural_and_historic": 0.021, "education": 0.018, "lodging": 0.016, "geographic_entities": 0.015, "arts_and_entertainment": 0.012}, "cluster": -1}}, {"type": "Feature", "geometry": {"type": "Polygon", "coordinates": [[[132.513132, 34.395531], [132.512955, 34.400062], [132.508707, 34.402401], [132.504637, 34.400208], [132.504815, 34.395677], [132.509062, 34.393339], [132.513132, 34.395531]]]}, "properties": {"h3": "882e69a2edfffff", "poi": 62, "richness": 12, "hill_q1": 9.412, "hill_q2": 8.008, "top_share": 0.21, "flagged": false, "dominant": "shopping", "dna": {"shopping": 0.21, "food_and_drink": 0.161, "services_and_business": 0.145, "education": 0.113, "lifestyle_services": 0.081, "cultural_and_historic": 0.065, "health_care": 0.065, "community_and_government": 0.048, "travel_and_transportation": 0.048, "sports_and_recreation": 0.032, "arts_and_entertainment": 0.016, "lodging": 0.016}, "tfidf": {"shopping": 0.216, "food_and_drink": 0.173, "services_and_business": 0.145, "education": 0.139, "lifestyle_services": 0.098, "cultural_and_historic": 0.094, "health_care": 0.08, "community_and_government": 0.068, "travel_and_transportation": 0.059, "sports_and_recreation": 0.041, "lodging": 0.036, "arts_and_entertainment": 0.026}, "cluster": -1}}, {"type": "Feature", "geometry": {"type": "Polygon", "coordinates": [[[132.552634, 34.449191], [132.552459, 34.453724], [132.548206, 34.456063], [132.544129, 34.453869], [132.544305, 34.449336], [132.548557, 34.446997], [132.552634, 34.449191]]]}, "properties": {"h3": "882e69a331fffff", "poi": 14, "richness": 7, "hill_q1": 6.258, "hill_q2": 5.765, "top_share": 0.214, "flagged": false, "dominant": "services_and_business", "dna": {"services_and_business": 0.214, "shopping": 0.214, "travel_and_transportation": 0.214, "sports_and_recreation": 0.143, "food_and_drink": 0.071, "health_care": 0.071, "lifestyle_services": 0.071}, "tfidf": {"travel_and_transportation": 0.259, "shopping": 0.22, "services_and_business": 0.214, "sports_and_recreation": 0.183, "health_care": 0.089, "lifestyle_services": 0.086, "food_and_drink": 0.076}, "cluster": -1}}, {"type": "Feature", "geometry": {"type": "Polygon", "coordinates": [[[132.544305, 34.449336], [132.544129, 34.453869], [132.539877, 34.456207], [132.535801, 34.454013], [132.535978, 34.44948], [132.540229, 34.447141], [132.544305, 34.449336]]]}, "properties": {"h3": "882e69a333fffff", "poi": 19, "richness": 7, "hill_q1": 4.743, "hill_q2": 3.505, "top_share": 0.474, "flagged": false, "dominant": "services_and_business", "dna": {"services_and_business": 0.474, "shopping": 0.158, "travel_and_transportation": 0.158, "arts_and_entertainment": 0.053, "food_and_drink": 0.053, "health_care": 0.053, "lifestyle_services": 0.053}, "tfidf": {"services_and_business": 0.474, "travel_and_transportation": 0.191, "shopping": 0.162, "arts_and_entertainment": 0.084, "health_care": 0.066, "lifestyle_services": 0.064, "food_and_drink": 0.056}, "cluster": -1}}, {"type": "Feature", "geometry": {"type": "Polygon", "coordinates": [[[132.368018, 34.391207], [132.367832, 34.395732], [132.36359, 34.398063], [132.359535, 34.395868], [132.359721, 34.391343], [132.363963, 34.389013], [132.368018, 34.391207]]]}, "properties": {"h3": "882e69a401fffff", "poi": 56, "richness": 10, "hill_q1": 6.699, "hill_q2": 5.463, "top_share": 0.268, "flagged": false, "dominant": "shopping", "dna": {"shopping": 0.268, "services_and_business": 0.25, "food_and_drink": 0.161, "lifestyle_services": 0.107, "travel_and_transportation": 0.089, "cultural_and_historic": 0.036, "health_care": 0.036, "community_and_government": 0.018, "education": 0.018, "sports_and_recreation": 0.018}, "tfidf": {"shopping": 0.275, "services_and_business": 0.25, "food_and_drink": 0.172, "lifestyle_services": 0.13, "travel_and_transportation": 0.108, "cultural_and_historic": 0.052, "health_care": 0.044, "community_and_government": 0.025, "sports_and_recreation": 0.023, "education": 0.022}, "cluster": -1}}, {"type": "Feature", "geometry": {"type": "Polygon", "coordinates": [[[132.359721, 34.391343], [132.359535, 34.395868], [132.355293, 34.398198], [132.351238, 34.396003], [132.351425, 34.391478], [132.355666, 34.389148], [132.359721, 34.391343]]]}, "properties": {"h3": "882e69a403fffff", "poi": 46, "richness": 10, "hill_q1": 6.922, "hill_q2": 5.598, "top_share": 0.283, "flagged": false, "dominant": "shopping", "dna": {"shopping": 0.283, "services_and_business": 0.217, "food_and_drink": 0.174, "health_care": 0.109, "lifestyle_services": 0.065, "community_and_government": 0.043, "education": 0.043, "arts_and_entertainment": 0.022, "cultural_and_historic": 0.022, "lodging": 0.022}, "tfidf": {"shopping": 0.291, "services_and_business": 0.217, "food_and_drink": 0.186, "health_care": 0.135, "lifestyle_services": 0.079, "community_and_government": 0.061, "education": 0.054, "lodging": 0.049, "arts_and_entertainment": 0.035, "cultural_and_historic": 0.032}, "cluster": -1}}, {"type": "Feature", "geometry": {"type": "Polygon", "coordinates": [[[132.371889, 34.397927], [132.371703, 34.402453], [132.36746, 34.404783], [132.363404, 34.402588], [132.36359, 34.398063], [132.367832, 34.395732], [132.371889, 34.397927]]]}, "properties": {"h3": "882e69a405fffff", "poi": 31, "richness": 9, "hill_q1": 6.959, "hill_q2": 5.969, "top_share": 0.226, "flagged": false, "dominant": "services_and_business", "dna": {"services_and_business": 0.226, "shopping": 0.226, "food_and_drink": 0.194, "travel_and_transportation": 0.129, "cultural_and_historic": 0.065, "health_care": 0.065, "community_and_government": 0.032, "lifestyle_services": 0.032, "sports_and_recreation": 0.032}, "tfidf": {"shopping": 0.232, "services_and_business": 0.226, "food_and_drink": 0.207, "travel_and_transportation": 0.156, "cultural_and_historic": 0.094, "health_care": 0.08, "community_and_government": 0.045, "sports_and_recreation": 0.041, "lifestyle_services": 0.039}, "cluster": -1}}, {"type": "Feature", "geometry": {"type": "Polygon", "coordinates": [[[132.36359, 34.398063], [132.363404, 34.402588], [132.359161, 34.404918], [132.355106, 34.402723], [132.355293, 34.398198], [132.359535, 34.395868], [132.36359, 34.398063]]]}, "properties": {"h3": "882e69a407fffff", "poi": 26, "richness": 8, "hill_q1": 6.241, "hill_q2": 5.365, "top_share": 0.269, "flagged": false, "dominant": "shopping", "dna": {"shopping": 0.269, "food_and_drink": 0.231, "services_and_business": 0.192, "travel_and_transportation": 0.115, "cultural_and_historic": 0.077, "education": 0.038, "lifestyle_services": 0.038, "sports_and_recreation": 0.038}, "tfidf": {"shopping": 0.277, "food_and_drink": 0.247, "services_and_business": 0.192, "travel_and_transportation": 0.14, "cultural_and_historic": 0.113, "sports_and_recreation": 0.049, "education": 0.048, "lifestyle_services": 0.047}, "cluster": -1}}, {"type": "Feature", "geometry": {"type": "Polygon", "coordinates": [[[132.364149, 34.384487], [132.363963, 34.389013], [132.359721, 34.391343], [132.355666, 34.389148], [132.355853, 34.384624], [132.360095, 34.382293], [132.364149, 34.384487]]]}, "properties": {"h3": "882e69a40bfffff", "poi": 112, "richness": 10, "hill_q1": 5.496, "hill_q2": 4.414, "top_share": 0.348, "flagged": false, "dominant": "shopping", "dna": {"shopping": 0.348, "food_and_drink": 0.214, "services_and_business": 0.214, "health_care": 0.089, "lifestyle_services": 0.063, "travel_and_transportation": 0.036, "community_and_government": 0.009, "cultural_and_historic": 0.009, "education": 0.009, "sports_and_recreation": 0.009}, "tfidf": {"shopping": 0.358, "food_and_drink": 0.229, "services_and_business": 0.214, "health_care": 0.111, "lifestyle_services": 0.076, "travel_and_transportation": 0.043, "cultural_and_historic": 0.013, "community_and_government": 0.013, "sports_and_recreation": 0.011, "education": 0.011}, "cluster": -1}}, {"type": "Feature", "geometry": {"type": "Polygon", "coordinates": [[[132.355853, 34.384624], [132.355666, 34.389148], [132.351425, 34.391478], [132.347371, 34.389283], [132.347558, 34.384759], [132.351799, 34.382429], [132.355853, 34.384624]]]}, "properties": {"h3": "882e69a41dfffff", "poi": 17, "richness": 10, "hill_q1": 8.325, "hill_q2": 7.049, "top_share": 0.235, "flagged": false, "dominant": "shopping", "dna": {"shopping": 0.235, "education": 0.176, "lifestyle_services": 0.176, "community_and_government": 0.059, "cultural_and_historic": 0.059, "food_and_drink": 0.059, "health_care": 0.059, "services_and_business": 0.059, "sports_and_recreation": 0.059, "travel_and_transportation": 0.059}, "tfidf": {"shopping": 0.242, "education": 0.218, "lifestyle_services": 0.214, "cultural_and_historic": 0.086, "community_and_government": 0.083, "sports_and_recreation": 0.075, "health_care": 0.073, "travel_and_transportation": 0.071, "food_and_drink": 0.063, "services_and_business": 0.059}, "cluster": -1}}, {"type": "Feature", "geometry": {"type": "Polygon", "coordinates": [[[132.37576, 34.404648], [132.375574, 34.409174], [132.371331, 34.411504], [132.367274, 34.409309], [132.36746, 34.404783], [132.371703, 34.402453], [132.37576, 34.404648]]]}, "properties": {"h3": "882e69a429fffff", "poi": 20, "richness": 8, "hill_q1": 5.981, "hill_q2": 5.0, "top_share": 0.25, "flagged": false, "dominant": "food_and_drink", "dna": {"food_and_drink": 0.25, "services_and_business": 0.25, "shopping": 0.25, "community_and_government": 0.05, "geographic_entities": 0.05, "health_care": 0.05, "sports_and_recreation": 0.05, "travel_and_transportation": 0.05}, "tfidf": {"food_and_drink": 0.267, "shopping": 0.257, "services_and_business": 0.25, "geographic_entities": 0.103, "community_and_government": 0.07, "sports_and_recreation": 0.064, "health_care": 0.062, "travel_and_transportation": 0.061}, "cluster": -1}}, {"type": "Feature", "geometry": {"type": "Polygon", "coordinates": [[[132.359161, 34.404918], [132.358974, 34.409444], [132.354732, 34.411773], [132.350676, 34.409578], [132.350863, 34.405053], [132.355106, 34.402723], [132.359161, 34.404918]]]}, "properties": {"h3": "882e69a43dfffff", "poi": 16, "richness": 6, "hill_q1": 4.674, "hill_q2": 3.765, "top_share": 0.438, "flagged": false, "dominant": "services_and_business", "dna": {"services_and_business": 0.438, "shopping": 0.188, "food_and_drink": 0.125, "health_care": 0.125, "education": 0.063, "travel_and_transportation": 0.063}, "tfidf": {"services_and_business": 0.438, "shopping": 0.193, "health_care": 0.156, "food_and_drink": 0.134, "education": 0.077, "travel_and_transportation": 0.076}, "cluster": -1}}, {"type": "Feature", "geometry": {"type": "Polygon", "coordinates": [[[132.385172, 34.377356], [132.384987, 34.381882], [132.380745, 34.384214], [132.376688, 34.382019], [132.376874, 34.377494], [132.381115, 34.375162], [132.385172, 34.377356]]]}, "properties": {"h3": "882e69a441fffff", "poi": 45, "richness": 11, "hill_q1": 8.506, "hill_q2": 7.105, "top_share": 0.222, "flagged": false, "dominant": "food_and_drink", "dna": {"food_and_drink": 0.222, "services_and_business": 0.2, "shopping": 0.156, "health_care": 0.089, "sports_and_recreation": 0.089, "lifestyle_services": 0.067, "cultural_and_historic": 0.044, "education": 0.044, "travel_and_transportation": 0.044, "community_and_government": 0.022, "lodging": 0.022}, "tfidf": {"food_and_drink": 0.238, "services_and_business": 0.2, "shopping": 0.16, "sports_and_recreation": 0.114, "health_care": 0.111, "lifestyle_services": 0.081, "cultural_and_historic": 0.065, "education": 0.055, "travel_and_transportation": 0.054, "lodging": 0.05, "community_and_government": 0.031}, "cluster": -1}}, {"type": "Feature", "geometry": {"type": "Polygon", "coordinates": [[[132.376874, 34.377494], [132.376688, 34.382019], [132.372446, 34.384351], [132.368391, 34.382157], [132.368577, 34.377631], [132.372818, 34.3753], [132.376874, 34.377494]]]}, "properties": {"h3": "882e69a443fffff", "poi": 14, "richness": 6, "hill_q1": 4.803, "hill_q2": 4.083, "top_share": 0.357, "flagged": false, "dominant": "services_and_business", "dna": {"services_and_business": 0.357, "shopping": 0.286, "lifestyle_services": 0.143, "community_and_government": 0.071, "food_and_drink": 0.071, "health_care": 0.071}, "tfidf": {"services_and_business": 0.357, "shopping": 0.294, "lifestyle_services": 0.173, "community_and_government": 0.1, "health_care": 0.089, "food_and_drink": 0.076}, "cluster": -1}}, {"type": "Feature", "geometry": {"type": "Polygon", "coordinates": [[[132.389598, 34.370498], [132.389413, 34.375024], [132.385172, 34.377356], [132.381115, 34.375162], [132.381301, 34.370637], [132.385542, 34.368304], [132.389598, 34.370498]]]}, "properties": {"h3": "882e69a449fffff", "poi": 45, "richness": 12, "hill_q1": 8.488, "hill_q2": 6.683, "top_share": 0.244, "flagged": false, "dominant": "services_and_business", "dna": {"services_and_business": 0.244, "food_and_drink": 0.222, "education": 0.133, "shopping": 0.089, "health_care": 0.067, "travel_and_transportation": 0.067, "cultural_and_historic": 0.044, "sports_and_recreation": 0.044, "arts_and_entertainment": 0.022, "community_and_government": 0.022, "geographic_entities": 0.022, "lifestyle_services": 0.022}, "tfidf": {"services_and_business": 0.244, "food_and_drink": 0.238, "education": 0.165, "shopping": 0.091, "health_care": 0.083, "travel_and_transportation": 0.081, "cultural_and_historic": 0.065, "sports_and_recreation": 0.057, "geographic_entities": 0.046, "arts_and_entertainment": 0.036, "community_and_government": 0.031, "lifestyle_services": 0.027}, "cluster": -1}}, {"type": "Feature", "geometry": {"type": "Polygon", "coordinates": [[[132.381301, 34.370637], [132.381115, 34.375162], [132.376874, 34.377494], [132.372818, 34.3753], [132.373004, 34.370775], [132.377245, 34.368443], [132.381301, 34.370637]]]}, "properties": {"h3": "882e69a44bfffff", "poi": 29, "richness": 8, "hill_q1": 6.349, "hill_q2": 5.357, "top_share": 0.31, "flagged": false, "dominant": "services_and_business", "dna": {"services_and_business": 0.31, "education": 0.207, "health_care": 0.138, "food_and_drink": 0.103, "shopping": 0.103, "lifestyle_services": 0.069, "sports_and_recreation": 0.034, "travel_and_transportation": 0.034}, "tfidf": {"services_and_business": 0.31, "education": 0.256, "health_care": 0.172, "food_and_drink": 0.111, "shopping": 0.106, "lifestyle_services": 0.083, "sports_and_recreation": 0.044, "travel_and_transportation": 0.042}, "cluster": -1}}, {"type": "Feature", "geometry": {"type": "Polygon", "coordinates": [[[132.364708, 34.370912], [132.364522, 34.375437], [132.360281, 34.377768], [132.356227, 34.375574], [132.356414, 34.37105], [132.360654, 34.368719], [132.364708, 34.370912]]]}, "properties": {"h3": "882e69a451fffff", "poi": 139, "richness": 11, "hill_q1": 5.99, "hill_q2": 4.408, "top_share": 0.396, "flagged": false, "dominant": "food_and_drink", "dna": {"food_and_drink": 0.396, "shopping": 0.165, "services_and_business": 0.158, "lifestyle_services": 0.094, "health_care": 0.079, "arts_and_entertainment": 0.043, "travel_and_transportation": 0.022, "education": 0.014, "sports_and_recreation": 0.014, "community_and_government": 0.007, "cultural_and_historic": 0.007}, "tfidf": {"food_and_drink": 0.423, "shopping": 0.17, "services_and_business": 0.158, "lifestyle_services": 0.113, "health_care": 0.099, "arts_and_entertainment": 0.069, "travel_and_transportation": 0.026, "sports_and_recreation": 0.018, "education": 0.018, "cultural_and_historic": 0.011, "community_and_government": 0.01}, "cluster": -1}}, {"type": "Feature", "geometry": {"type": "Polygon", "coordinates": [[[132.356414, 34.37105], [132.356227, 34.375574], [132.351986, 34.377905], [132.347933, 34.37571], [132.348121, 34.371186], [132.352361, 34.368856], [132.356414, 34.37105]]]}, "properties": {"h3": "882e69a453fffff", "poi": 73, "richness": 12, "hill_q1": 7.426, "hill_q2": 5.862, "top_share": 0.26, "flagged": false, "dominant": "food_and_drink", "dna": {"food_and_drink": 0.26, "shopping": 0.247, "health_care": 0.123, "services_and_business": 0.11, "travel_and_transportation": 0.096, "lifestyle_services": 0.055, "cultural_and_historic": 0.041, "arts_and_entertainment": 0.014, "community_and_government": 0.014, "education": 0.014, "geographic_entities": 0.014, "sports_and_recreation": 0.014}, "tfidf": {"food_and_drink": 0.278, "shopping": 0.253, "health_care": 0.154, "travel_and_transportation": 0.116, "services_and_business": 0.11, "lifestyle_services": 0.066, "cultural_and_historic": 0.06, "geographic_entities": 0.028, "arts_and_entertainment": 0.022, "community_and_government": 0.019, "sports_and_recreation": 0.018, "education": 0.017}, "cluster": -1}}, {"type": "Feature", "geometry": {"type": "Polygon", "coordinates": [[[132.368577, 34.377631], [132.368391, 34.382157], [132.364149, 34.384487], [132.360095, 34.382293], [132.360281, 34.377768], [132.364522, 34.375437], [132.368577, 34.377631]]]}, "properties": {"h3": "882e69a455fffff", "poi": 52, "richness": 8, "hill_q1": 6.132, "hill_q2": 5.261, "top_share": 0.269, "flagged": false, "dominant": "services_and_business", "dna": {"services_and_business": 0.269, "food_and_drink": 0.231, "shopping": 0.212, "lifestyle_services": 0.077, "sports_and_recreation": 0.077, "travel_and_transportation": 0.077, "health_care": 0.038, "cultural_and_historic": 0.019}, "tfidf": {"services_and_business": 0.269, "food_and_drink": 0.247, "shopping": 0.217, "sports_and_recreation": 0.099, "lifestyle_services": 0.093, "travel_and_transportation": 0.093, "health_care": 0.048, "cultural_and_historic": 0.028}, "cluster": -1}}, {"type": "Feature", "geometry": {"type": "Polygon", "coordinates": [[[132.360281, 34.377768], [132.360095, 34.382293], [132.355853, 34.384624], [132.351799, 34.382429], [132.351986, 34.377905], [132.356227, 34.375574], [132.360281, 34.377768]]]}, "properties": {"h3": "882e69a457fffff", "poi": 88, "richness": 11, "hill_q1": 7.25, "hill_q2": 5.805, "top_share": 0.239, "flagged": false, "dominant": "food_and_drink", "dna": {"food_and_drink": 0.239, "shopping": 0.239, "services_and_business": 0.205, "health_care": 0.068, "travel_and_transportation": 0.068, "sports_and_recreation": 0.057, "lifestyle_services": 0.045, "education": 0.034, "community_and_government": 0.023, "arts_and_entertainment": 0.011, "geographic_entities": 0.011}, "tfidf": {"food_and_drink": 0.255, "shopping": 0.245, "services_and_business": 0.205, "health_care": 0.085, "travel_and_transportation": 0.083, "sports_and_recreation": 0.073, "lifestyle_services": 0.055, "education": 0.042, "community_and_government": 0.032, "geographic_entities": 0.023, "arts_and_entertainment": 0.018}, "cluster": -1}}, {"type": "Feature", "geometry": {"type": "Polygon", "coordinates": [[[132.369135, 34.364056], [132.368949, 34.368581], [132.364708, 34.370912], [132.360654, 34.368719], [132.360841, 34.364194], [132.365081, 34.361863], [132.369135, 34.364056]]]}, "properties": {"h3": "882e69a459fffff", "poi": 176, "richness": 11, "hill_q1": 7.389, "hill_q2": 5.825, "top_share": 0.307, "flagged": false, "dominant": "food_and_drink", "dna": {"food_and_drink": 0.307, "shopping": 0.159, "services_and_business": 0.153, "lifestyle_services": 0.114, "health_care": 0.102, "sports_and_recreation": 0.045, "education": 0.034, "travel_and_transportation": 0.034, "cultural_and_historic": 0.023, "arts_and_entertainment": 0.017, "community_and_government": 0.011}, "tfidf": {"food_and_drink": 0.328, "shopping": 0.164, "services_and_business": 0.153, "lifestyle_services": 0.138, "health_care": 0.127, "sports_and_recreation": 0.058, "education": 0.042, "travel_and_transportation": 0.041, "cultural_and_historic": 0.033, "arts_and_entertainment": 0.027, "community_and_government": 0.016}, "cluster": -1}}, {"type": "Feature", "geometry": {"type": "Polygon", "coordinates": [[[132.360841, 34.364194], [132.360654, 34.368719], [132.356414, 34.37105], [132.352361, 34.368856], [132.352548, 34.364331], [132.356787, 34.362001], [132.360841, 34.364194]]]}, "properties": {"h3": "882e69a45bfffff", "poi": 170, "richness": 11, "hill_q1": 7.354, "hill_q2": 5.709, "top_share": 0.318, "flagged": false, "dominant": "food_and_drink", "dna": {"food_and_drink": 0.318, "shopping": 0.171, "services_and_business": 0.141, "health_care": 0.1, "lifestyle_services": 0.088, "education": 0.065, "community_and_government": 0.041, "arts_and_entertainment": 0.024, "sports_and_recreation": 0.024, "travel_and_transportation": 0.018, "cultural_and_historic": 0.012}, "tfidf": {"food_and_drink": 0.34, "shopping": 0.175, "services_and_business": 0.141, "health_care": 0.125, "lifestyle_services": 0.107, "education": 0.08, "community_and_government": 0.058, "arts_and_entertainment": 0.038, "sports_and_recreation": 0.03, "travel_and_transportation": 0.021, "cultural_and_historic": 0.017}, "cluster": -1}}, {"type": "Feature", "geometry": {"type": "Polygon", "coordinates": [[[132.373004, 34.370775], [132.372818, 34.3753], [132.368577, 34.377631], [132.364522, 34.375437], [132.364708, 34.370912], [132.368949, 34.368581], [132.373004, 34.370775]]]}, "properties": {"h3": "882e69a45dfffff", "poi": 50, "richness": 10, "hill_q1": 7.137, "hill_q2": 5.924, "top_share": 0.26, "flagged": false, "dominant": "food_and_drink", "dna": {"food_and_drink": 0.26, "services_and_business": 0.22, "shopping": 0.16, "health_care": 0.12, "lifestyle_services": 0.08, "education": 0.06, "travel_and_transportation": 0.04, "arts_and_entertainment": 0.02, "community_and_government": 0.02, "sports_and_recreation": 0.02}, "tfidf": {"food_and_drink": 0.278, "services_and_business": 0.22, "shopping": 0.164, "health_care": 0.149, "lifestyle_services": 0.097, "education": 0.074, "travel_and_transportation": 0.048, "arts_and_entertainment": 0.032, "community_and_government": 0.028, "sports_and_recreation": 0.026}, "cluster": -1}}, {"type": "Feature", "geometry": {"type": "Polygon", "coordinates": [[[132.388489, 34.397654], [132.388304, 34.40218], [132.384061, 34.404512], [132.380003, 34.402317], [132.380188, 34.397791], [132.384431, 34.39546], [132.388489, 34.397654]]]}, "properties": {"h3": "882e69a461fffff", "poi": 13, "richness": 6, "hill_q1": 5.462, "hill_q2": 5.121, "top_share": 0.231, "flagged": false, "dominant": "food_and_drink", "dna": {"food_and_drink": 0.231, "shopping": 0.231, "travel_and_transportation": 0.231, "services_and_business": 0.154, "education": 0.077, "sports_and_recreation": 0.077}, "tfidf": {"travel_and_transportation": 0.279, "food_and_drink": 0.247, "shopping": 0.237, "services_and_business": 0.154, "sports_and_recreation": 0.099, "education": 0.095}, "cluster": -1}}, {"type": "Feature", "geometry": {"type": "Polygon", "coordinates": [[[132.384061, 34.404512], [132.383875, 34.409038], [132.379632, 34.411369], [132.375574, 34.409174], [132.37576, 34.404648], [132.380003, 34.402317], [132.384061, 34.404512]]]}, "properties": {"h3": "882e69a467fffff", "poi": 15, "richness": 6, "hill_q1": 4.284, "hill_q2": 3.462, "top_share": 0.4, "flagged": false, "dominant": "food_and_drink", "dna": {"food_and_drink": 0.4, "shopping": 0.333, "community_and_government": 0.067, "cultural_and_historic": 0.067, "lifestyle_services": 0.067, "services_and_business": 0.067}, "tfidf": {"food_and_drink": 0.428, "shopping": 0.343, "cultural_and_historic": 0.098, "community_and_government": 0.094, "lifestyle_services": 0.081, "services_and_business": 0.067}, "cluster": -1}}, {"type": "Feature", "geometry": {"type": "Polygon", "coordinates": [[[132.392917, 34.390796], [132.392732, 34.395322], [132.388489, 34.397654], [132.384431, 34.39546], [132.384616, 34.390934], [132.388859, 34.388602], [132.392917, 34.390796]]]}, "properties": {"h3": "882e69a469fffff", "poi": 23, "richness": 11, "hill_q1": 9.103, "hill_q2": 7.896, "top_share": 0.174, "flagged": false, "dominant": "lifestyle_services", "dna": {"lifestyle_services": 0.174, "services_and_business": 0.174, "shopping": 0.174, "sports_and_recreation": 0.13, "health_care": 0.087, "community_and_government": 0.043, "cultural_and_historic": 0.043, "education": 0.043, "food_and_drink": 0.043, "geographic_entities": 0.043, "lodging": 0.043}, "tfidf": {"lifestyle_services": 0.211, "shopping": 0.179, "services_and_business": 0.174, "sports_and_recreation": 0.167, "health_care": 0.108, "lodging": 0.098, "geographic_entities": 0.089, "cultural_and_historic": 0.064, "community_and_government": 0.061, "education": 0.054, "food_and_drink": 0.047}, "cluster": -1}}, {"type": "Feature", "geometry": {"type": "Polygon", "coordinates": [[[132.386823, 34.438393], [132.386638, 34.44292], [132.382393, 34.44525], [132.378333, 34.443054], [132.378518, 34.438527], [132.382763, 34.436197], [132.386823, 34.438393]]]}, "properties": {"h3": "882e69a503fffff", "poi": 13, "richness": 4, "hill_q1": 3.546, "hill_q2": 3.314, "top_share": 0.385, "flagged": false, "dominant": "services_and_business", "dna": {"services_and_business": 0.385, "shopping": 0.308, "lifestyle_services": 0.231, "sports_and_recreation": 0.077}, "tfidf": {"services_and_business": 0.385, "shopping": 0.316, "lifestyle_services": 0.279, "sports_and_recreation": 0.099}, "cluster": -1}}, {"type": "Feature", "geometry": {"type": "Polygon", "coordinates": [[[132.399007, 34.444982], [132.398822, 34.449509], [132.394576, 34.45184], [132.390514, 34.449644], [132.390699, 34.445116], [132.394945, 34.442786], [132.399007, 34.444982]]]}, "properties": {"h3": "882e69a505fffff", "poi": 35, "richness": 10, "hill_q1": 7.107, "hill_q2": 5.543, "top_share": 0.286, "flagged": false, "dominant": "shopping", "dna": {"shopping": 0.286, "services_and_business": 0.257, "food_and_drink": 0.114, "education": 0.086, "health_care": 0.057, "lifestyle_services": 0.057, "sports_and_recreation": 0.057, "community_and_government": 0.029, "lodging": 0.029, "travel_and_transportation": 0.029}, "tfidf": {"shopping": 0.294, "services_and_business": 0.257, "food_and_drink": 0.122, "education": 0.106, "sports_and_recreation": 0.073, "health_care": 0.071, "lifestyle_services": 0.069, "lodging": 0.064, "community_and_government": 0.04, "travel_and_transportation": 0.035}, "cluster": -1}}, {"type": "Feature", "geometry": {"type": "Polygon", "coordinates": [[[132.390699, 34.445116], [132.390514, 34.449644], [132.386268, 34.451974], [132.382207, 34.449777], [132.382393, 34.44525], [132.386638, 34.44292], [132.390699, 34.445116]]]}, "properties": {"h3": "882e69a507fffff", "poi": 26, "richness": 9, "hill_q1": 6.808, "hill_q2": 5.452, "top_share": 0.308, "flagged": false, "dominant": "shopping", "dna": {"shopping": 0.308, "services_and_business": 0.231, "health_care": 0.115, "food_and_drink": 0.077, "lifestyle_services": 0.077, "sports_and_recreation": 0.077, "arts_and_entertainment": 0.038, "education": 0.038, "travel_and_transportation": 0.038}, "tfidf": {"shopping": 0.316, "services_and_business": 0.231, "health_care": 0.144, "sports_and_recreation": 0.099, "lifestyle_services": 0.093, "food_and_drink": 0.082, "arts_and_entertainment": 0.061, "education": 0.048, "travel_and_transportation": 0.047}, "cluster": -1}}, {"type": "Feature", "geometry": {"type": "Polygon", "coordinates": [[[132.39956, 34.4314], [132.399376, 34.435927], [132.39513, 34.438258], [132.391069, 34.436062], [132.391254, 34.431535], [132.395499, 34.429204], [132.39956, 34.4314]]]}, "properties": {"h3": "882e69a509fffff", "poi": 15, "richness": 8, "hill_q1": 6.679, "hill_q2": 5.769, "top_share": 0.267, "flagged": false, "dominant": "services_and_business", "dna": {"services_and_business": 0.267, "food_and_drink": 0.2, "shopping": 0.2, "community_and_government": 0.067, "cultural_and_historic": 0.067, "health_care": 0.067, "sports_and_recreation": 0.067, "travel_and_transportation": 0.067}, "tfidf": {"services_and_business": 0.267, "food_and_drink": 0.214, "shopping": 0.206, "cultural_and_historic": 0.098, "community_and_government": 0.094, "sports_and_recreation": 0.085, "health_care": 0.083, "travel_and_transportation": 0.081}, "cluster": -1}}, {"type": "Feature", "geometry": {"type": "Polygon", "coordinates": [[[132.403437, 34.438123], [132.403253, 34.442651], [132.399007, 34.444982], [132.394945, 34.442786], [132.39513, 34.438258], [132.399376, 34.435927], [132.403437, 34.438123]]]}, "properties": {"h3": "882e69a50dfffff", "poi": 24, "richness": 11, "hill_q1": 8.581, "hill_q2": 7.2, "top_share": 0.208, "flagged": false, "dominant": "services_and_business", "dna": {"services_and_business": 0.208, "food_and_drink": 0.167, "shopping": 0.167, "travel_and_transportation": 0.167, "arts_and_entertainment": 0.042, "community_and_government": 0.042, "cultural_and_historic": 0.042, "health_care": 0.042, "lifestyle_services": 0.042, "lodging": 0.042, "sports_and_recreation": 0.042}, "tfidf": {"services_and_business": 0.208, "travel_and_transportation": 0.202, "food_and_drink": 0.178, "shopping": 0.171, "lodging": 0.093, "arts_and_entertainment": 0.067, "cultural_and_historic": 0.061, "community_and_government": 0.058, "sports_and_recreation": 0.053, "health_care": 0.052, "lifestyle_services": 0.05}, "cluster": -1}}, {"type": "Feature", "geometry": {"type": "Polygon", "coordinates": [[[132.406764, 34.458431], [132.40658, 34.462959], [132.402332, 34.465289], [132.398269, 34.463092], [132.398453, 34.458565], [132.4027, 34.456234], [132.406764, 34.458431]]]}, "properties": {"h3": "882e69a52dfffff", "poi": 20, "richness": 8, "hill_q1": 6.07, "hill_q2": 4.878, "top_share": 0.35, "flagged": false, "dominant": "food_and_drink", "dna": {"food_and_drink": 0.35, "services_and_business": 0.2, "shopping": 0.15, "sports_and_recreation": 0.1, "cultural_and_historic": 0.05, "education": 0.05, "health_care": 0.05, "lifestyle_services": 0.05}, "tfidf": {"food_and_drink": 0.374, "services_and_business": 0.2, "shopping": 0.154, "sports_and_recreation": 0.128, "cultural_and_historic": 0.073, "health_care": 0.062, "education": 0.062, "lifestyle_services": 0.061}, "cluster": -1}}, {"type": "Feature", "geometry": {"type": "Polygon", "coordinates": [[[132.382393, 34.44525], [132.382207, 34.449777], [132.377961, 34.452107], [132.373901, 34.44991], [132.374087, 34.445383], [132.378333, 34.443054], [132.382393, 34.44525]]]}, "properties": {"h3": "882e69a539fffff", "poi": 66, "richness": 9, "hill_q1": 6.288, "hill_q2": 5.125, "top_share": 0.333, "flagged": false, "dominant": "shopping", "dna": {"shopping": 0.333, "food_and_drink": 0.182, "health_care": 0.152, "services_and_business": 0.121, "travel_and_transportation": 0.091, "lifestyle_services": 0.061, "education": 0.03, "cultural_and_historic": 0.015, "lodging": 0.015}, "tfidf": {"shopping": 0.343, "food_and_drink": 0.194, "health_care": 0.189, "services_and_business": 0.121, "travel_and_transportation": 0.11, "lifestyle_services": 0.073, "education": 0.037, "lodging": 0.034, "cultural_and_historic": 0.022}, "cluster": -1}}, {"type": "Feature", "geometry": {"type": "Polygon", "coordinates": [[[132.386268, 34.451974], [132.386083, 34.456501], [132.381836, 34.458831], [132.377775, 34.456634], [132.377961, 34.452107], [132.382207, 34.449777], [132.386268, 34.451974]]]}, "properties": {"h3": "882e69a53dfffff", "poi": 14, "richness": 5, "hill_q1": 3.5, "hill_q2": 2.649, "top_share": 0.571, "flagged": true, "dominant": "services_and_business", "dna": {"services_and_business": 0.571, "education": 0.143, "travel_and_transportation": 0.143, "community_and_government": 0.071, "shopping": 0.071}, "tfidf": {"services_and_business": 0.571, "education": 0.176, "travel_and_transportation": 0.173, "community_and_government": 0.1, "shopping": 0.073}, "cluster": -1}}, {"type": "Feature", "geometry": {"type": "Polygon", "coordinates": [[[132.40399, 34.424541], [132.403806, 34.429068], [132.39956, 34.4314], [132.395499, 34.429204], [132.395684, 34.424677], [132.399929, 34.422346], [132.40399, 34.424541]]]}, "properties": {"h3": "882e69a543fffff", "poi": 19, "richness": 7, "hill_q1": 5.347, "hill_q2": 4.149, "top_share": 0.421, "flagged": false, "dominant": "services_and_business", "dna": {"services_and_business": 0.421, "food_and_drink": 0.158, "community_and_government": 0.105, "shopping": 0.105, "travel_and_transportation": 0.105, "cultural_and_historic": 0.053, "lifestyle_services": 0.053}, "tfidf": {"services_and_business": 0.421, "food_and_drink": 0.169, "community_and_government": 0.148, "travel_and_transportation": 0.127, "shopping": 0.108, "cultural_and_historic": 0.077, "lifestyle_services": 0.064}, "cluster": -1}}, {"type": "Feature", "geometry": {"type": "Polygon", "coordinates": [[[132.407867, 34.431264], [132.407683, 34.435792], [132.403437, 34.438123], [132.399376, 34.435927], [132.39956, 34.4314], [132.403806, 34.429068], [132.407867, 34.431264]]]}, "properties": {"h3": "882e69a547fffff", "poi": 12, "richness": 6, "hill_q1": 5.499, "hill_q2": 5.143, "top_share": 0.25, "flagged": false, "dominant": "food_and_drink", "dna": {"food_and_drink": 0.25, "shopping": 0.25, "education": 0.167, "services_and_business": 0.167, "cultural_and_historic": 0.083, "travel_and_transportation": 0.083}, "tfidf": {"food_and_drink": 0.267, "shopping": 0.257, "education": 0.206, "services_and_business": 0.167, "cultural_and_historic": 0.122, "travel_and_transportation": 0.101}, "cluster": -1}}, {"type": "Feature", "geometry": {"type": "Polygon", "coordinates": [[[132.408419, 34.417682], [132.408235, 34.422209], [132.40399, 34.424541], [132.399929, 34.422346], [132.400113, 34.417819], [132.404358, 34.415487], [132.408419, 34.417682]]]}, "properties": {"h3": "882e69a54bfffff", "poi": 17, "richness": 6, "hill_q1": 5.348, "hill_q2": 4.898, "top_share": 0.294, "flagged": false, "dominant": "services_and_business", "dna": {"services_and_business": 0.294, "food_and_drink": 0.235, "shopping": 0.176, "education": 0.118, "health_care": 0.118, "travel_and_transportation": 0.059}, "tfidf": {"services_and_business": 0.294, "food_and_drink": 0.252, "shopping": 0.181, "health_care": 0.146, "education": 0.145, "travel_and_transportation": 0.071}, "cluster": -1}}, {"type": "Feature", "geometry": {"type": "Polygon", "coordinates": [[[132.387934, 34.411233], [132.387749, 34.41576], [132.383505, 34.418091], [132.379446, 34.415895], [132.379632, 34.411369], [132.383875, 34.409038], [132.387934, 34.411233]]]}, "properties": {"h3": "882e69a55bfffff", "poi": 18, "richness": 6, "hill_q1": 4.884, "hill_q2": 4.263, "top_share": 0.333, "flagged": false, "dominant": "services_and_business", "dna": {"services_and_business": 0.333, "shopping": 0.278, "travel_and_transportation": 0.167, "sports_and_recreation": 0.111, "cultural_and_historic": 0.056, "food_and_drink": 0.056}, "tfidf": {"services_and_business": 0.333, "shopping": 0.286, "travel_and_transportation": 0.202, "sports_and_recreation": 0.142, "cultural_and_historic": 0.081, "food_and_drink": 0.059}, "cluster": -1}}, {"type": "Feature", "geometry": {"type": "Polygon", "coordinates": [[[132.407316, 34.444847], [132.407132, 34.449375], [132.402885, 34.451706], [132.398822, 34.449509], [132.399007, 34.444982], [132.403253, 34.442651], [132.407316, 34.444847]]]}, "properties": {"h3": "882e69a563fffff", "poi": 19, "richness": 8, "hill_q1": 6.299, "hill_q2": 5.232, "top_share": 0.316, "flagged": false, "dominant": "services_and_business", "dna": {"services_and_business": 0.316, "shopping": 0.211, "food_and_drink": 0.158, "education": 0.105, "cultural_and_historic": 0.053, "health_care": 0.053, "lifestyle_services": 0.053, "sports_and_recreation": 0.053}, "tfidf": {"services_and_business": 0.316, "shopping": 0.216, "food_and_drink": 0.169, "education": 0.13, "cultural_and_historic": 0.077, "sports_and_recreation": 0.067, "health_care": 0.066, "lifestyle_services": 0.064}, "cluster": -1}}, {"type": "Feature", "geometry": {"type": "Polygon", "coordinates": [[[132.419506, 34.451436], [132.419323, 34.455964], [132.415075, 34.458296], [132.411011, 34.456099], [132.411195, 34.451571], [132.415442, 34.44924], [132.419506, 34.451436]]]}, "properties": {"h3": "882e69a565fffff", "poi": 11, "richness": 5, "hill_q1": 3.189, "hill_q2": 2.283, "top_share": 0.636, "flagged": true, "dominant": "services_and_business", "dna": {"services_and_business": 0.636, "education": 0.091, "food_and_drink": 0.091, "lifestyle_services": 0.091, "shopping": 0.091}, "tfidf": {"services_and_business": 0.636, "education": 0.112, "lifestyle_services": 0.11, "food_and_drink": 0.097, "shopping": 0.093}, "cluster": -1}}, {"type": "Feature", "geometry": {"type": "Polygon", "coordinates": [[[132.411195, 34.451571], [132.411011, 34.456099], [132.406764, 34.458431], [132.4027, 34.456234], [132.402885, 34.451706], [132.407132, 34.449375], [132.411195, 34.451571]]]}, "properties": {"h3": "882e69a567fffff", "poi": 14, "richness": 8, "hill_q1": 6.227, "hill_q2": 4.9, "top_share": 0.357, "flagged": false, "dominant": "shopping", "dna": {"shopping": 0.357, "food_and_drink": 0.214, "community_and_government": 0.071, "education": 0.071, "health_care": 0.071, "lifestyle_services": 0.071, "services_and_business": 0.071, "travel_and_transportation": 0.071}, "tfidf": {"shopping": 0.367, "food_and_drink": 0.229, "community_and_government": 0.1, "health_care": 0.089, "education": 0.088, "lifestyle_services": 0.086, "travel_and_transportation": 0.086, "services_and_business": 0.071}, "cluster": -1}}, {"type": "Feature", "geometry": {"type": "Polygon", "coordinates": [[[132.402323, 34.363499], [132.402139, 34.368025], [132.397897, 34.370358], [132.39384, 34.368165], [132.394024, 34.363639], [132.398266, 34.361306], [132.402323, 34.363499]]]}, "properties": {"h3": "882e69a621fffff", "poi": 49, "richness": 9, "hill_q1": 5.6, "hill_q2": 4.342, "top_share": 0.367, "flagged": false, "dominant": "services_and_business", "dna": {"services_and_business": 0.367, "shopping": 0.245, "food_and_drink": 0.143, "travel_and_transportation": 0.102, "community_and_government": 0.041, "health_care": 0.041, "arts_and_entertainment": 0.02, "geographic_entities": 0.02, "sports_and_recreation": 0.02}, "tfidf": {"services_and_business": 0.367, "shopping": 0.252, "food_and_drink": 0.153, "travel_and_transportation": 0.124, "community_and_government": 0.057, "health_care": 0.051, "geographic_entities": 0.042, "arts_and_entertainment": 0.033, "sports_and_recreation": 0.026}, "cluster": -1}}, {"type": "Feature", "geometry": {"type": "Polygon", "coordinates": [[[132.394024, 34.363639], [132.39384, 34.368165], [132.389598, 34.370498], [132.385542, 34.368304], [132.385727, 34.363779], [132.389968, 34.361446], [132.394024, 34.363639]]]}, "properties": {"h3": "882e69a623fffff", "poi": 35, "richness": 5, "hill_q1": 2.902, "hill_q2": 2.397, "top_share": 0.543, "flagged": true, "dominant": "services_and_business", "dna": {"services_and_business": 0.543, "shopping": 0.343, "travel_and_transportation": 0.057, "community_and_government": 0.029, "education": 0.029}, "tfidf": {"services_and_business": 0.543, "shopping": 0.352, "travel_and_transportation": 0.069, "community_and_government": 0.04, "education": 0.035}, "cluster": -1}}, {"type": "Feature", "geometry": {"type": "Polygon", "coordinates": [[[132.406197, 34.370219], [132.406013, 34.374745], [132.401771, 34.377078], [132.397713, 34.374885], [132.397897, 34.370358], [132.402139, 34.368025], [132.406197, 34.370219]]]}, "properties": {"h3": "882e69a625fffff", "poi": 104, "richness": 10, "hill_q1": 5.201, "hill_q2": 4.144, "top_share": 0.317, "flagged": false, "dominant": "food_and_drink", "dna": {"food_and_drink": 0.317, "shopping": 0.279, "services_and_business": 0.24, "community_and_government": 0.038, "lifestyle_services": 0.038, "travel_and_transportation": 0.038, "arts_and_entertainment": 0.019, "cultural_and_historic": 0.01, "education": 0.01, "sports_and_recreation": 0.01}, "tfidf": {"food_and_drink": 0.339, "shopping": 0.287, "services_and_business": 0.24, "community_and_government": 0.054, "lifestyle_services": 0.047, "travel_and_transportation": 0.047, "arts_and_entertainment": 0.031, "cultural_and_historic": 0.014, "sports_and_recreation": 0.012, "education": 0.012}, "cluster": -1}}, {"type": "Feature", "geometry": {"type": "Polygon", "coordinates": [[[132.397897, 34.370358], [132.397713, 34.374885], [132.393471, 34.377217], [132.389413, 34.375024], [132.389598, 34.370498], [132.39384, 34.368165], [132.397897, 34.370358]]]}, "properties": {"h3": "882e69a627fffff", "poi": 265, "richness": 12, "hill_q1": 6.479, "hill_q2": 4.805, "top_share": 0.317, "flagged": false, "dominant": "food_and_drink", "dna": {"food_and_drink": 0.317, "shopping": 0.268, "services_and_business": 0.158, "lifestyle_services": 0.075, "arts_and_entertainment": 0.038, "health_care": 0.038, "travel_and_transportation": 0.03, "sports_and_recreation": 0.023, "cultural_and_historic": 0.019, "education": 0.015, "lodging": 0.011, "community_and_government": 0.008}, "tfidf": {"food_and_drink": 0.339, "shopping": 0.275, "services_and_business": 0.158, "lifestyle_services": 0.091, "arts_and_entertainment": 0.06, "health_care": 0.047, "travel_and_transportation": 0.037, "sports_and_recreation": 0.029, "cultural_and_historic": 0.028, "lodging": 0.025, "education": 0.019, "community_and_government": 0.011}, "cluster": -1}}, {"type": "Feature", "geometry": {"type": "Polygon", "coordinates": [[[132.410623, 34.363358], [132.410439, 34.367885], [132.406197, 34.370219], [132.402139, 34.368025], [132.402323, 34.363499], [132.406565, 34.361166], [132.410623, 34.363358]]]}, "properties": {"h3": "882e69a62dfffff", "poi": 27, "richness": 5, "hill_q1": 4.1, "hill_q2": 3.701, "top_share": 0.333, "flagged": false, "dominant": "food_and_drink", "dna": {"food_and_drink": 0.333, "shopping": 0.333, "services_and_business": 0.185, "community_and_government": 0.111, "sports_and_recreation": 0.037}, "tfidf": {"food_and_drink": 0.357, "shopping": 0.343, "services_and_business": 0.185, "community_and_government": 0.156, "sports_and_recreation": 0.047}, "cluster": -1}}, {"type": "Feature", "geometry": {"type": "Polygon", "coordinates": [[[132.373561, 34.3572], [132.373375, 34.361725], [132.369135, 34.364056], [132.365081, 34.361863], [132.365267, 34.357338], [132.369507, 34.355007], [132.373561, 34.3572]]]}, "properties": {"h3": "882e69a633fffff", "poi": 10, "richness": 8, "hill_q1": 7.579, "hill_q2": 7.143, "top_share": 0.2, "flagged": false, "dominant": "education", "dna": {"education": 0.2, "food_and_drink": 0.2, "community_and_government": 0.1, "health_care": 0.1, "lodging": 0.1, "services_and_business": 0.1, "shopping": 0.1, "sports_and_recreation": 0.1}, "tfidf": {"education": 0.247, "lodging": 0.224, "food_and_drink": 0.214, "community_and_government": 0.14, "sports_and_recreation": 0.128, "health_care": 0.125, "shopping": 0.103, "services_and_business": 0.1}, "cluster": -1}}, {"type": "Feature", "geometry": {"type": "Polygon", "coordinates": [[[132.385727, 34.363779], [132.385542, 34.368304], [132.381301, 34.370637], [132.377245, 34.368443], [132.37743, 34.363918], [132.381671, 34.361586], [132.385727, 34.363779]]]}, "properties": {"h3": "882e69a635fffff", "poi": 93, "richness": 10, "hill_q1": 4.952, "hill_q2": 3.873, "top_share": 0.366, "flagged": false, "dominant": "services_and_business", "dna": {"services_and_business": 0.366, "shopping": 0.28, "food_and_drink": 0.204, "travel_and_transportation": 0.054, "arts_and_entertainment": 0.022, "health_care": 0.022, "sports_and_recreation": 0.022, "community_and_government": 0.011, "cultural_and_historic": 0.011, "geographic_entities": 0.011}, "tfidf": {"services_and_business": 0.366, "shopping": 0.287, "food_and_drink": 0.219, "travel_and_transportation": 0.065, "arts_and_entertainment": 0.034, "sports_and_recreation": 0.028, "health_care": 0.027, "geographic_entities": 0.022, "cultural_and_historic": 0.016, "community_and_government": 0.015}, "cluster": -1}}, {"type": "Feature", "geometry": {"type": "Polygon", "coordinates": [[[132.37743, 34.363918], [132.377245, 34.368443], [132.373004, 34.370775], [132.368949, 34.368581], [132.369135, 34.364056], [132.373375, 34.361725], [132.37743, 34.363918]]]}, "properties": {"h3": "882e69a637fffff", "poi": 73, "richness": 12, "hill_q1": 7.395, "hill_q2": 5.941, "top_share": 0.26, "flagged": false, "dominant": "services_and_business", "dna": {"services_and_business": 0.26, "food_and_drink": 0.205, "shopping": 0.164, "lifestyle_services": 0.151, "education": 0.055, "health_care": 0.055, "travel_and_transportation": 0.041, "arts_and_entertainment": 0.014, "community_and_government": 0.014, "geographic_entities": 0.014, "lodging": 0.014, "sports_and_recreation": 0.014}, "tfidf": {"services_and_business": 0.26, "food_and_drink": 0.22, "lifestyle_services": 0.182, "shopping": 0.169, "health_care": 0.068, "education": 0.068, "travel_and_transportation": 0.05, "lodging": 0.031, "geographic_entities": 0.028, "arts_and_entertainment": 0.022, "community_and_government": 0.019, "sports_and_recreation": 0.018}, "cluster": -1}}, {"type": "Feature", "geometry": {"type": "Polygon", "coordinates": [[[132.423349, 34.356356], [132.423166, 34.360883], [132.418924, 34.363217], [132.414865, 34.361025], [132.415048, 34.356498], [132.41929, 34.354164], [132.423349, 34.356356]]]}, "properties": {"h3": "882e69a665fffff", "poi": 24, "richness": 7, "hill_q1": 4.29, "hill_q2": 2.969, "top_share": 0.542, "flagged": true, "dominant": "shopping", "dna": {"shopping": 0.542, "food_and_drink": 0.125, "services_and_business": 0.125, "arts_and_entertainment": 0.083, "health_care": 0.042, "lifestyle_services": 0.042, "sports_and_recreation": 0.042}, "tfidf": {"shopping": 0.557, "food_and_drink": 0.134, "arts_and_entertainment": 0.133, "services_and_business": 0.125, "sports_and_recreation": 0.053, "health_care": 0.052, "lifestyle_services": 0.05}, "cluster": -1}}, {"type": "Feature", "geometry": {"type": "Polygon", "coordinates": [[[132.415048, 34.356498], [132.414865, 34.361025], [132.410623, 34.363358], [132.406565, 34.361166], [132.406749, 34.356639], [132.41099, 34.354306], [132.415048, 34.356498]]]}, "properties": {"h3": "882e69a667fffff", "poi": 12, "richness": 5, "hill_q1": 4.243, "hill_q2": 3.789, "top_share": 0.333, "flagged": false, "dominant": "food_and_drink", "dna": {"food_and_drink": 0.333, "shopping": 0.333, "sports_and_recreation": 0.167, "geographic_entities": 0.083, "services_and_business": 0.083}, "tfidf": {"food_and_drink": 0.357, "shopping": 0.343, "sports_and_recreation": 0.214, "geographic_entities": 0.171, "services_and_business": 0.083}, "cluster": -1}}, {"type": "Feature", "geometry": {"type": "Polygon", "coordinates": [[[132.352548, 34.364331], [132.352361, 34.368856], [132.348121, 34.371186], [132.344068, 34.368992], [132.344256, 34.364468], [132.348495, 34.362138], [132.352548, 34.364331]]]}, "properties": {"h3": "882e69a6adfffff", "poi": 38, "richness": 8, "hill_q1": 6.396, "hill_q2": 5.73, "top_share": 0.237, "flagged": false, "dominant": "food_and_drink", "dna": {"food_and_drink": 0.237, "shopping": 0.211, "services_and_business": 0.184, "lifestyle_services": 0.158, "health_care": 0.105, "education": 0.053, "sports_and_recreation": 0.026, "travel_and_transportation": 0.026}, "tfidf": {"food_and_drink": 0.253, "shopping": 0.216, "lifestyle_services": 0.191, "services_and_business": 0.184, "health_care": 0.131, "education": 0.065, "sports_and_recreation": 0.034, "travel_and_transportation": 0.032}, "cluster": -1}}, {"type": "Feature", "geometry": {"type": "Polygon", "coordinates": [[[132.365267, 34.357338], [132.365081, 34.361863], [132.360841, 34.364194], [132.356787, 34.362001], [132.356974, 34.357476], [132.361214, 34.355145], [132.365267, 34.357338]]]}, "properties": {"h3": "882e69a6e5fffff", "poi": 29, "richness": 9, "hill_q1": 6.561, "hill_q2": 5.224, "top_share": 0.31, "flagged": false, "dominant": "services_and_business", "dna": {"services_and_business": 0.31, "shopping": 0.241, "education": 0.138, "health_care": 0.069, "lifestyle_services": 0.069, "sports_and_recreation": 0.069, "food_and_drink": 0.034, "geographic_entities": 0.034, "lodging": 0.034}, "tfidf": {"services_and_business": 0.31, "shopping": 0.248, "education": 0.17, "sports_and_recreation": 0.088, "health_care": 0.086, "lifestyle_services": 0.083, "lodging": 0.077, "geographic_entities": 0.071, "food_and_drink": 0.037}, "cluster": -1}}, {"type": "Feature", "geometry": {"type": "Polygon", "coordinates": [[[132.356974, 34.357476], [132.356787, 34.362001], [132.352548, 34.364331], [132.348495, 34.362138], [132.348682, 34.357614], [132.352922, 34.355283], [132.356974, 34.357476]]]}, "properties": {"h3": "882e69a6e7fffff", "poi": 95, "richness": 11, "hill_q1": 6.704, "hill_q2": 5.19, "top_share": 0.326, "flagged": false, "dominant": "food_and_drink", "dna": {"food_and_drink": 0.326, "shopping": 0.221, "lifestyle_services": 0.116, "services_and_business": 0.105, "education": 0.084, "health_care": 0.063, "community_and_government": 0.032, "travel_and_transportation": 0.021, "arts_and_entertainment": 0.011, "geographic_entities": 0.011, "sports_and_recreation": 0.011}, "tfidf": {"food_and_drink": 0.349, "shopping": 0.227, "lifestyle_services": 0.14, "services_and_business": 0.105, "education": 0.104, "health_care": 0.079, "community_and_government": 0.044, "travel_and_transportation": 0.025, "geographic_entities": 0.022, "arts_and_entertainment": 0.017, "sports_and_recreation": 0.013}, "cluster": -1}}, {"type": "Feature", "geometry": {"type": "Polygon", "coordinates": [[[132.42613, 34.39024], [132.425947, 34.394767], [132.421703, 34.397101], [132.417642, 34.394907], [132.417825, 34.39038], [132.422069, 34.388046], [132.42613, 34.39024]]]}, "properties": {"h3": "882e69a701fffff", "poi": 112, "richness": 12, "hill_q1": 8.274, "hill_q2": 6.616, "top_share": 0.268, "flagged": false, "dominant": "services_and_business", "dna": {"services_and_business": 0.268, "shopping": 0.179, "food_and_drink": 0.143, "health_care": 0.089, "lifestyle_services": 0.089, "travel_and_transportation": 0.08, "cultural_and_historic": 0.045, "sports_and_recreation": 0.036, "community_and_government": 0.027, "education": 0.018, "geographic_entities": 0.018, "arts_and_entertainment": 0.009}, "tfidf": {"services_and_business": 0.268, "shopping": 0.184, "food_and_drink": 0.153, "health_care": 0.111, "lifestyle_services": 0.108, "travel_and_transportation": 0.097, "cultural_and_historic": 0.065, "sports_and_recreation": 0.046, "community_and_government": 0.038, "geographic_entities": 0.037, "education": 0.022, "arts_and_entertainment": 0.014}, "cluster": -1}}, {"type": "Feature", "geometry": {"type": "Polygon", "coordinates": [[[132.417825, 34.39038], [132.417642, 34.394907], [132.413398, 34.39724], [132.409338, 34.395046], [132.409521, 34.390519], [132.413765, 34.388186], [132.417825, 34.39038]]]}, "properties": {"h3": "882e69a703fffff", "poi": 28, "richness": 10, "hill_q1": 8.146, "hill_q2": 7.127, "top_share": 0.214, "flagged": false, "dominant": "food_and_drink", "dna": {"food_and_drink": 0.214, "lifestyle_services": 0.179, "cultural_and_historic": 0.143, "services_and_business": 0.143, "shopping": 0.107, "travel_and_transportation": 0.071, "education": 0.036, "health_care": 0.036, "lodging": 0.036, "sports_and_recreation": 0.036}, "tfidf": {"food_and_drink": 0.229, "lifestyle_services": 0.216, "cultural_and_historic": 0.209, "services_and_business": 0.143, "shopping": 0.11, "travel_and_transportation": 0.086, "lodging": 0.08, "sports_and_recreation": 0.046, "health_care": 0.044, "education": 0.044}, "cluster": -1}}, {"type": "Feature", "geometry": {"type": "Polygon", "coordinates": [[[132.430009, 34.396961], [132.429827, 34.401489], [132.425582, 34.403823], [132.42152, 34.401628], [132.421703, 34.397101], [132.425947, 34.394767], [132.430009, 34.396961]]]}, "properties": {"h3": "882e69a705fffff", "poi": 172, "richness": 13, "hill_q1": 6.661, "hill_q2": 4.671, "top_share": 0.378, "flagged": false, "dominant": "food_and_drink", "dna": {"food_and_drink": 0.378, "shopping": 0.198, "services_and_business": 0.14, "lifestyle_services": 0.07, "education": 0.058, "health_care": 0.041, "travel_and_transportation": 0.041, "lodging": 0.023, "community_and_government": 0.017, "arts_and_entertainment": 0.012, "cultural_and_historic": 0.012, "geographic_entities": 0.006, "sports_and_recreation": 0.006}, "tfidf": {"food_and_drink": 0.404, "shopping": 0.203, "services_and_business": 0.14, "lifestyle_services": 0.084, "education": 0.072, "lodging": 0.052, "health_care": 0.051, "travel_and_transportation": 0.049, "community_and_government": 0.024, "arts_and_entertainment": 0.019, "cultural_and_historic": 0.017, "geographic_entities": 0.012, "sports_and_recreation": 0.007}, "cluster": -1}}, {"type": "Feature", "geometry": {"type": "Polygon", "coordinates": [[[132.430557, 34.383378], [132.430374, 34.387906], [132.42613, 34.39024], [132.422069, 34.388046], [132.422252, 34.383519], [132.426495, 34.381185], [132.430557, 34.383378]]]}, "properties": {"h3": "882e69a709fffff", "poi": 52, "richness": 12, "hill_q1": 8.477, "hill_q2": 6.794, "top_share": 0.212, "flagged": false, "dominant": "food_and_drink", "dna": {"food_and_drink": 0.212, "services_and_business": 0.212, "shopping": 0.192, "lifestyle_services": 0.077, "travel_and_transportation": 0.077, "education": 0.058, "arts_and_entertainment": 0.038, "cultural_and_historic": 0.038, "health_care": 0.038, "community_and_government": 0.019, "lodging": 0.019, "sports_and_recreation": 0.019}, "tfidf": {"food_and_drink": 0.226, "services_and_business": 0.212, "shopping": 0.198, "lifestyle_services": 0.093, "travel_and_transportation": 0.093, "education": 0.071, "arts_and_entertainment": 0.061, "cultural_and_historic": 0.056, "health_care": 0.048, "lodging": 0.043, "community_and_government": 0.027, "sports_and_recreation": 0.025}, "cluster": -1}}, {"type": "Feature", "geometry": {"type": "Polygon", "coordinates": [[[132.422252, 34.383519], [132.422069, 34.388046], [132.417825, 34.39038], [132.413765, 34.388186], [132.413948, 34.383659], [132.418191, 34.381325], [132.422252, 34.383519]]]}, "properties": {"h3": "882e69a70bfffff", "poi": 149, "richness": 12, "hill_q1": 7.59, "hill_q2": 6.193, "top_share": 0.248, "flagged": false, "dominant": "shopping", "dna": {"shopping": 0.248, "services_and_business": 0.195, "food_and_drink": 0.181, "lifestyle_services": 0.134, "health_care": 0.067, "education": 0.06, "sports_and_recreation": 0.04, "community_and_government": 0.02, "cultural_and_historic": 0.02, "travel_and_transportation": 0.02, "arts_and_entertainment": 0.007, "lodging": 0.007}, "tfidf": {"shopping": 0.255, "services_and_business": 0.195, "food_and_drink": 0.194, "lifestyle_services": 0.162, "health_care": 0.084, "education": 0.075, "sports_and_recreation": 0.052, "cultural_and_historic": 0.029, "community_and_government": 0.028, "travel_and_transportation": 0.024, "lodging": 0.015, "arts_and_entertainment": 0.011}, "cluster": -1}}, {"type": "Feature", "geometry": {"type": "Polygon", "coordinates": [[[132.434436, 34.390099], [132.434254, 34.394627], [132.430009, 34.396961], [132.425947, 34.394767], [132.42613, 34.39024], [132.430374, 34.387906], [132.434436, 34.390099]]]}, "properties": {"h3": "882e69a70dfffff", "poi": 65, "richness": 11, "hill_q1": 6.557, "hill_q2": 4.721, "top_share": 0.385, "flagged": false, "dominant": "services_and_business", "dna": {"services_and_business": 0.385, "shopping": 0.154, "food_and_drink": 0.138, "travel_and_transportation": 0.108, "lifestyle_services": 0.077, "community_and_government": 0.031, "education": 0.031, "health_care": 0.031, "arts_and_entertainment": 0.015, "cultural_and_historic": 0.015, "geographic_entities": 0.015}, "tfidf": {"services_and_business": 0.385, "shopping": 0.158, "food_and_drink": 0.148, "travel_and_transportation": 0.13, "lifestyle_services": 0.093, "community_and_government": 0.043, "health_care": 0.038, "education": 0.038, "geographic_entities": 0.032, "arts_and_entertainment": 0.025, "cultural_and_historic": 0.023}, "cluster": -1}}, {"type": "Feature", "geometry": {"type": "Polygon", "coordinates": [[[132.405646, 34.383798], [132.405462, 34.388325], [132.401218, 34.390658], [132.39716, 34.388464], [132.397344, 34.383937], [132.401587, 34.381605], [132.405646, 34.383798]]]}, "properties": {"h3": "882e69a711fffff", "poi": 24, "richness": 8, "hill_q1": 6.224, "hill_q2": 5.434, "top_share": 0.25, "flagged": false, "dominant": "cultural_and_historic", "dna": {"cultural_and_historic": 0.25, "services_and_business": 0.208, "shopping": 0.208, "food_and_drink": 0.167, "community_and_government": 0.042, "education": 0.042, "sports_and_recreation": 0.042, "travel_and_transportation": 0.042}, "tfidf": {"cultural_and_historic": 0.366, "shopping": 0.214, "services_and_business": 0.208, "food_and_drink": 0.178, "community_and_government": 0.058, "sports_and_recreation": 0.053, "education": 0.051, "travel_and_transportation": 0.05}, "cluster": -1}}, {"type": "Feature", "geometry": {"type": "Polygon", "coordinates": [[[132.409521, 34.390519], [132.409338, 34.395046], [132.405094, 34.397379], [132.401034, 34.395184], [132.401218, 34.390658], [132.405462, 34.388325], [132.409521, 34.390519]]]}, "properties": {"h3": "882e69a715fffff", "poi": 16, "richness": 7, "hill_q1": 6.072, "hill_q2": 5.333, "top_share": 0.313, "flagged": false, "dominant": "services_and_business", "dna": {"services_and_business": 0.313, "education": 0.188, "cultural_and_historic": 0.125, "food_and_drink": 0.125, "sports_and_recreation": 0.125, "shopping": 0.063, "travel_and_transportation": 0.063}, "tfidf": {"services_and_business": 0.313, "education": 0.232, "cultural_and_historic": 0.183, "sports_and_recreation": 0.16, "food_and_drink": 0.134, "travel_and_transportation": 0.076, "shopping": 0.064}, "cluster": -1}}, {"type": "Feature", "geometry": {"type": "Polygon", "coordinates": [[[132.401218, 34.390658], [132.401034, 34.395184], [132.396791, 34.397517], [132.392732, 34.395322], [132.392917, 34.390796], [132.39716, 34.388464], [132.401218, 34.390658]]]}, "properties": {"h3": "882e69a717fffff", "poi": 19, "richness": 8, "hill_q1": 6.591, "hill_q2": 5.554, "top_share": 0.316, "flagged": false, "dominant": "food_and_drink", "dna": {"food_and_drink": 0.316, "health_care": 0.158, "services_and_business": 0.158, "cultural_and_historic": 0.105, "travel_and_transportation": 0.105, "community_and_government": 0.053, "education": 0.053, "sports_and_recreation": 0.053}, "tfidf": {"food_and_drink": 0.338, "health_care": 0.197, "services_and_business": 0.158, "cultural_and_historic": 0.154, "travel_and_transportation": 0.127, "community_and_government": 0.074, "sports_and_recreation": 0.067, "education": 0.065}, "cluster": -1}}, {"type": "Feature", "geometry": {"type": "Polygon", "coordinates": [[[132.410072, 34.376938], [132.409889, 34.381465], [132.405646, 34.383798], [132.401587, 34.381605], [132.401771, 34.377078], [132.406013, 34.374745], [132.410072, 34.376938]]]}, "properties": {"h3": "882e69a719fffff", "poi": 86, "richness": 12, "hill_q1": 8.474, "hill_q2": 6.615, "top_share": 0.267, "flagged": false, "dominant": "services_and_business", "dna": {"services_and_business": 0.267, "shopping": 0.209, "food_and_drink": 0.105, "cultural_and_historic": 0.081, "lifestyle_services": 0.07, "sports_and_recreation": 0.07, "health_care": 0.058, "travel_and_transportation": 0.058, "community_and_government": 0.023, "education": 0.023, "geographic_entities": 0.023, "lodging": 0.012}, "tfidf": {"services_and_business": 0.267, "shopping": 0.215, "cultural_and_historic": 0.119, "food_and_drink": 0.112, "sports_and_recreation": 0.089, "lifestyle_services": 0.084, "health_care": 0.072, "travel_and_transportation": 0.07, "geographic_entities": 0.048, "community_and_government": 0.033, "education": 0.029, "lodging": 0.026}, "cluster": -1}}, {"type": "Feature", "geometry": {"type": "Polygon", "coordinates": [[[132.401771, 34.377078], [132.401587, 34.381605], [132.397344, 34.383937], [132.393286, 34.381743], [132.393471, 34.377217], [132.397713, 34.374885], [132.401771, 34.377078]]]}, "properties": {"h3": "882e69a71bfffff", "poi": 77, "richness": 11, "hill_q1": 8.121, "hill_q2": 6.854, "top_share": 0.208, "flagged": false, "dominant": "food_and_drink", "dna": {"food_and_drink": 0.208, "shopping": 0.182, "health_care": 0.169, "services_and_business": 0.169, "cultural_and_historic": 0.065, "lifestyle_services": 0.052, "travel_and_transportation": 0.052, "arts_and_entertainment": 0.039, "community_and_government": 0.026, "education": 0.026, "sports_and_recreation": 0.013}, "tfidf": {"food_and_drink": 0.222, "health_care": 0.21, "shopping": 0.187, "services_and_business": 0.169, "cultural_and_historic": 0.095, "lifestyle_services": 0.063, "travel_and_transportation": 0.063, "arts_and_entertainment": 0.062, "community_and_government": 0.036, "education": 0.032, "sports_and_recreation": 0.017}, "cluster": -1}}, {"type": "Feature", "geometry": {"type": "Polygon", "coordinates": [[[132.413948, 34.383659], [132.413765, 34.388186], [132.409521, 34.390519], [132.405462, 34.388325], [132.405646, 34.383798], [132.409889, 34.381465], [132.413948, 34.383659]]]}, "properties": {"h3": "882e69a71dfffff", "poi": 98, "richness": 12, "hill_q1": 7.237, "hill_q2": 5.907, "top_share": 0.235, "flagged": false, "dominant": "shopping", "dna": {"shopping": 0.235, "food_and_drink": 0.214, "health_care": 0.173, "services_and_business": 0.173, "lifestyle_services": 0.071, "cultural_and_historic": 0.031, "education": 0.031, "community_and_government": 0.02, "lodging": 0.02, "arts_and_entertainment": 0.01, "sports_and_recreation": 0.01, "travel_and_transportation": 0.01}, "tfidf": {"shopping": 0.241, "food_and_drink": 0.229, "health_care": 0.216, "services_and_business": 0.173, "lifestyle_services": 0.086, "lodging": 0.046, "cultural_and_historic": 0.045, "education": 0.038, "community_and_government": 0.029, "arts_and_entertainment": 0.016, "sports_and_recreation": 0.013, "travel_and_transportation": 0.012}, "cluster": -1}}, {"type": "Feature", "geometry": {"type": "Polygon", "coordinates": [[[132.429462, 34.410545], [132.429279, 34.415073], [132.425034, 34.417406], [132.420971, 34.415211], [132.421154, 34.410684], [132.425399, 34.40835], [132.429462, 34.410545]]]}, "properties": {"h3": "882e69a721fffff", "poi": 18, "richness": 9, "hill_q1": 7.071, "hill_q2": 5.586, "top_share": 0.333, "flagged": false, "dominant": "services_and_business", "dna": {"services_and_business": 0.333, "shopping": 0.167, "health_care": 0.111, "sports_and_recreation": 0.111, "arts_and_entertainment": 0.056, "education": 0.056, "food_and_drink": 0.056, "geographic_entities": 0.056, "lifestyle_services": 0.056}, "tfidf": {"services_and_business": 0.333, "shopping": 0.171, "sports_and_recreation": 0.142, "health_care": 0.138, "geographic_entities": 0.114, "arts_and_entertainment": 0.089, "education": 0.069, "lifestyle_services": 0.067, "food_and_drink": 0.059}, "cluster": -1}}, {"type": "Feature", "geometry": {"type": "Polygon", "coordinates": [[[132.425582, 34.403823], [132.425399, 34.40835], [132.421154, 34.410684], [132.417092, 34.408489], [132.417275, 34.403962], [132.42152, 34.401628], [132.425582, 34.403823]]]}, "properties": {"h3": "882e69a72bfffff", "poi": 36, "richness": 8, "hill_q1": 5.84, "hill_q2": 4.5, "top_share": 0.389, "flagged": false, "dominant": "services_and_business", "dna": {"services_and_business": 0.389, "shopping": 0.194, "food_and_drink": 0.111, "health_care": 0.083, "lifestyle_services": 0.083, "education": 0.056, "travel_and_transportation": 0.056, "geographic_entities": 0.028}, "tfidf": {"services_and_business": 0.389, "shopping": 0.2, "food_and_drink": 0.119, "health_care": 0.104, "lifestyle_services": 0.101, "education": 0.069, "travel_and_transportation": 0.067, "geographic_entities": 0.057}, "cluster": -1}}, {"type": "Feature", "geometry": {"type": "Polygon", "coordinates": [[[132.400666, 34.404238], [132.400482, 34.408765], [132.396237, 34.411097], [132.392178, 34.408902], [132.392363, 34.404375], [132.396606, 34.402043], [132.400666, 34.404238]]]}, "properties": {"h3": "882e69a733fffff", "poi": 92, "richness": 7, "hill_q1": 3.654, "hill_q2": 2.921, "top_share": 0.413, "flagged": false, "dominant": "shopping", "dna": {"shopping": 0.413, "food_and_drink": 0.402, "services_and_business": 0.076, "travel_and_transportation": 0.054, "arts_and_entertainment": 0.033, "cultural_and_historic": 0.011, "education": 0.011}, "tfidf": {"food_and_drink": 0.43, "shopping": 0.425, "services_and_business": 0.076, "travel_and_transportation": 0.066, "arts_and_entertainment": 0.052, "cultural_and_historic": 0.016, "education": 0.013}, "cluster": -1}}, {"type": "Feature", "geometry": {"type": "Polygon", "coordinates": [[[132.404542, 34.41096], [132.404358, 34.415487], [132.400113, 34.417819], [132.396053, 34.415623], [132.396237, 34.411097], [132.400482, 34.408765], [132.404542, 34.41096]]]}, "properties": {"h3": "882e69a737fffff", "poi": 20, "richness": 6, "hill_q1": 4.065, "hill_q2": 3.125, "top_share": 0.5, "flagged": true, "dominant": "shopping", "dna": {"shopping": 0.5, "services_and_business": 0.2, "food_and_drink": 0.15, "health_care": 0.05, "sports_and_recreation": 0.05, "travel_and_transportation": 0.05}, "tfidf": {"shopping": 0.514, "services_and_business": 0.2, "food_and_drink": 0.16, "sports_and_recreation": 0.064, "health_care": 0.062, "travel_and_transportation": 0.061}, "cluster": -1}}, {"type": "Feature", "geometry": {"type": "Polygon", "coordinates": [[[132.443288, 34.376374], [132.443107, 34.380902], [132.438862, 34.383237], [132.4348, 34.381043], [132.434983, 34.376516], [132.439226, 34.374181], [132.443288, 34.376374]]]}, "properties": {"h3": "882e69a741fffff", "poi": 118, "richness": 9, "hill_q1": 5.896, "hill_q2": 4.869, "top_share": 0.288, "flagged": false, "dominant": "services_and_business", "dna": {"services_and_business": 0.288, "shopping": 0.237, "food_and_drink": 0.229, "travel_and_transportation": 0.076, "education": 0.068, "health_care": 0.042, "lifestyle_services": 0.034, "sports_and_recreation": 0.017, "cultural_and_historic": 0.008}, "tfidf": {"services_and_business": 0.288, "food_and_drink": 0.245, "shopping": 0.244, "travel_and_transportation": 0.092, "education": 0.084, "health_care": 0.053, "lifestyle_services": 0.041, "sports_and_recreation": 0.022, "cultural_and_historic": 0.012}, "cluster": -1}}, {"type": "Feature", "geometry": {"type": "Polygon", "coordinates": [[[132.434983, 34.376516], [132.4348, 34.381043], [132.430557, 34.383378], [132.426495, 34.381185], [132.426678, 34.376657], [132.430921, 34.374323], [132.434983, 34.376516]]]}, "properties": {"h3": "882e69a743fffff", "poi": 96, "richness": 12, "hill_q1": 6.772, "hill_q2": 4.976, "top_share": 0.333, "flagged": false, "dominant": "services_and_business", "dna": {"services_and_business": 0.333, "shopping": 0.219, "food_and_drink": 0.177, "travel_and_transportation": 0.063, "cultural_and_historic": 0.042, "education": 0.042, "lifestyle_services": 0.042, "arts_and_entertainment": 0.021, "community_and_government": 0.021, "health_care": 0.021, "geographic_entities": 0.01, "sports_and_recreation": 0.01}, "tfidf": {"services_and_business": 0.333, "shopping": 0.225, "food_and_drink": 0.189, "travel_and_transportation": 0.076, "cultural_and_historic": 0.061, "education": 0.051, "lifestyle_services": 0.05, "arts_and_entertainment": 0.033, "community_and_government": 0.029, "health_care": 0.026, "geographic_entities": 0.021, "sports_and_recreation": 0.013}, "cluster": -1}}, {"type": "Feature", "geometry": {"type": "Polygon", "coordinates": [[[132.447169, 34.383095], [132.446988, 34.387623], [132.442743, 34.389958], [132.43868, 34.387765], [132.438862, 34.383237], [132.443107, 34.380902], [132.447169, 34.383095]]]}, "properties": {"h3": "882e69a745fffff", "poi": 252, "richness": 13, "hill_q1": 7.501, "hill_q2": 5.742, "top_share": 0.29, "flagged": false, "dominant": "food_and_drink", "dna": {"food_and_drink": 0.29, "services_and_business": 0.202, "shopping": 0.175, "health_care": 0.083, "lifestyle_services": 0.079, "travel_and_transportation": 0.06, "community_and_government": 0.024, "sports_and_recreation": 0.024, "arts_and_entertainment": 0.016, "cultural_and_historic": 0.016, "education": 0.016, "geographic_entities": 0.008, "lodging": 0.008}, "tfidf": {"food_and_drink": 0.31, "services_and_business": 0.202, "shopping": 0.18, "health_care": 0.104, "lifestyle_services": 0.096, "travel_and_transportation": 0.072, "community_and_government": 0.033, "sports_and_recreation": 0.031, "arts_and_entertainment": 0.025, "cultural_and_historic": 0.023, "education": 0.02, "lodging": 0.018, "geographic_entities": 0.016}, "cluster": -1}}, {"type": "Feature", "geometry": {"type": "Polygon", "coordinates": [[[132.438862, 34.383237], [132.43868, 34.387765], [132.434436, 34.390099], [132.430374, 34.387906], [132.430557, 34.383378], [132.4348, 34.381043], [132.438862, 34.383237]]]}, "properties": {"h3": "882e69a747fffff", "poi": 116, "richness": 12, "hill_q1": 7.44, "hill_q2": 5.897, "top_share": 0.241, "flagged": false, "dominant": "services_and_business", "dna": {"services_and_business": 0.241, "food_and_drink": 0.233, "shopping": 0.198, "lifestyle_services": 0.086, "travel_and_transportation": 0.06, "education": 0.052, "health_care": 0.052, "sports_and_recreation": 0.026, "arts_and_entertainment": 0.017, "geographic_entities": 0.017, "community_and_government": 0.009, "cultural_and_historic": 0.009}, "tfidf": {"food_and_drink": 0.249, "services_and_business": 0.241, "shopping": 0.204, "lifestyle_services": 0.104, "travel_and_transportation": 0.073, "health_care": 0.064, "education": 0.064, "geographic_entities": 0.035, "sports_and_recreation": 0.033, "arts_and_entertainment": 0.028, "cultural_and_historic": 0.013, "community_and_government": 0.012}, "cluster": -1}}, {"type": "Feature", "geometry": {"type": "Polygon", "coordinates": [[[132.447713, 34.36951], [132.447532, 34.374038], [132.443288, 34.376374], [132.439226, 34.374181], [132.439408, 34.369653], [132.443651, 34.367318], [132.447713, 34.36951]]]}, "properties": {"h3": "882e69a749fffff", "poi": 80, "richness": 10, "hill_q1": 6.222, "hill_q2": 4.672, "top_share": 0.325, "flagged": false, "dominant": "services_and_business", "dna": {"services_and_business": 0.325, "shopping": 0.288, "food_and_drink": 0.113, "arts_and_entertainment": 0.063, "sports_and_recreation": 0.063, "lifestyle_services": 0.05, "education": 0.038, "health_care": 0.025, "travel_and_transportation": 0.025, "geographic_entities": 0.013}, "tfidf": {"services_and_business": 0.325, "shopping": 0.296, "food_and_drink": 0.12, "arts_and_entertainment": 0.1, "sports_and_recreation": 0.08, "lifestyle_services": 0.061, "education": 0.046, "health_care": 0.031, "travel_and_transportation": 0.03, "geographic_entities": 0.026}, "cluster": -1}}, {"type": "Feature", "geometry": {"type": "Polygon", "coordinates": [[[132.439408, 34.369653], [132.439226, 34.374181], [132.434983, 34.376516], [132.430921, 34.374323], [132.431104, 34.369795], [132.435347, 34.36746], [132.439408, 34.369653]]]}, "properties": {"h3": "882e69a74bfffff", "poi": 59, "richness": 11, "hill_q1": 7.466, "hill_q2": 5.773, "top_share": 0.305, "flagged": false, "dominant": "services_and_business", "dna": {"services_and_business": 0.305, "shopping": 0.203, "food_and_drink": 0.136, "travel_and_transportation": 0.085, "health_care": 0.068, "cultural_and_historic": 0.051, "education": 0.051, "lifestyle_services": 0.051, "arts_and_entertainment": 0.017, "geographic_entities": 0.017, "sports_and_recreation": 0.017}, "tfidf": {"services_and_business": 0.305, "shopping": 0.209, "food_and_drink": 0.145, "travel_and_transportation": 0.103, "health_care": 0.084, "cultural_and_historic": 0.074, "education": 0.063, "lifestyle_services": 0.062, "geographic_entities": 0.035, "arts_and_entertainment": 0.027, "sports_and_recreation": 0.022}, "cluster": -1}}, {"type": "Feature", "geometry": {"type": "Polygon", "coordinates": [[[132.451595, 34.376231], [132.451414, 34.380759], [132.447169, 34.383095], [132.443107, 34.380902], [132.443288, 34.376374], [132.447532, 34.374038], [132.451595, 34.376231]]]}, "properties": {"h3": "882e69a74dfffff", "poi": 90, "richness": 12, "hill_q1": 7.232, "hill_q2": 5.4, "top_share": 0.3, "flagged": false, "dominant": "services_and_business", "dna": {"services_and_business": 0.3, "shopping": 0.244, "food_and_drink": 0.144, "health_care": 0.078, "community_and_government": 0.056, "sports_and_recreation": 0.044, "lifestyle_services": 0.033, "lodging": 0.033, "geographic_entities": 0.022, "travel_and_transportation": 0.022, "cultural_and_historic": 0.011, "education": 0.011}, "tfidf": {"services_and_business": 0.3, "shopping": 0.251, "food_and_drink": 0.154, "health_care": 0.097, "community_and_government": 0.078, "lodging": 0.075, "sports_and_recreation": 0.057, "geographic_entities": 0.046, "lifestyle_services": 0.04, "travel_and_transportation": 0.027, "cultural_and_historic": 0.016, "education": 0.014}, "cluster": -1}}, {"type": "Feature", "geometry": {"type": "Polygon", "coordinates": [[[132.4228, 34.369937], [132.422618, 34.374464], [132.418375, 34.376798], [132.414315, 34.374605], [132.414498, 34.370078], [132.418741, 34.367744], [132.4228, 34.369937]]]}, "properties": {"h3": "882e69a751fffff", "poi": 11, "richness": 4, "hill_q1": 3.197, "hill_q2": 2.814, "top_share": 0.455, "flagged": false, "dominant": "services_and_business", "dna": {"services_and_business": 0.455, "shopping": 0.364, "arts_and_entertainment": 0.091, "travel_and_transportation": 0.091}, "tfidf": {"services_and_business": 0.455, "shopping": 0.374, "arts_and_entertainment": 0.145, "travel_and_transportation": 0.11}, "cluster": -1}}, {"type": "Feature", "geometry": {"type": "Polygon", "coordinates": [[[132.414498, 34.370078], [132.414315, 34.374605], [132.410072, 34.376938], [132.406013, 34.374745], [132.406197, 34.370219], [132.410439, 34.367885], [132.414498, 34.370078]]]}, "properties": {"h3": "882e69a753fffff", "poi": 58, "richness": 6, "hill_q1": 3.745, "hill_q2": 3.126, "top_share": 0.397, "flagged": false, "dominant": "shopping", "dna": {"shopping": 0.397, "food_and_drink": 0.379, "services_and_business": 0.103, "lifestyle_services": 0.086, "arts_and_entertainment": 0.017, "sports_and_recreation": 0.017}, "tfidf": {"shopping": 0.408, "food_and_drink": 0.406, "lifestyle_services": 0.104, "services_and_business": 0.103, "arts_and_entertainment": 0.028, "sports_and_recreation": 0.022}, "cluster": -1}}, {"type": "Feature", "geometry": {"type": "Polygon", "coordinates": [[[132.426678, 34.376657], [132.426495, 34.381185], [132.422252, 34.383519], [132.418191, 34.381325], [132.418375, 34.376798], [132.422618, 34.374464], [132.426678, 34.376657]]]}, "properties": {"h3": "882e69a755fffff", "poi": 65, "richness": 11, "hill_q1": 7.15, "hill_q2": 5.717, "top_share": 0.262, "flagged": false, "dominant": "food_and_drink", "dna": {"food_and_drink": 0.262, "services_and_business": 0.231, "shopping": 0.185, "arts_and_entertainment": 0.092, "sports_and_recreation": 0.077, "travel_and_transportation": 0.046, "education": 0.031, "lifestyle_services": 0.031, "geographic_entities": 0.015, "health_care": 0.015, "lodging": 0.015}, "tfidf": {"food_and_drink": 0.28, "services_and_business": 0.231, "shopping": 0.19, "arts_and_entertainment": 0.148, "sports_and_recreation": 0.099, "travel_and_transportation": 0.056, "education": 0.038, "lifestyle_services": 0.037, "lodging": 0.035, "geographic_entities": 0.032, "health_care": 0.019}, "cluster": -1}}, {"type": "Feature", "geometry": {"type": "Polygon", "coordinates": [[[132.418375, 34.376798], [132.418191, 34.381325], [132.413948, 34.383659], [132.409889, 34.381465], [132.410072, 34.376938], [132.414315, 34.374605], [132.418375, 34.376798]]]}, "properties": {"h3": "882e69a757fffff", "poi": 110, "richness": 10, "hill_q1": 6.71, "hill_q2": 5.675, "top_share": 0.255, "flagged": false, "dominant": "food_and_drink", "dna": {"food_and_drink": 0.255, "services_and_business": 0.218, "shopping": 0.182, "lifestyle_services": 0.145, "health_care": 0.064, "sports_and_recreation": 0.055, "education": 0.045, "arts_and_entertainment": 0.018, "geographic_entities": 0.009, "travel_and_transportation": 0.009}, "tfidf": {"food_and_drink": 0.272, "services_and_business": 0.218, "shopping": 0.187, "lifestyle_services": 0.176, "health_care": 0.079, "sports_and_recreation": 0.07, "education": 0.056, "arts_and_entertainment": 0.029, "geographic_entities": 0.019, "travel_and_transportation": 0.011}, "cluster": -1}}, {"type": "Feature", "geometry": {"type": "Polygon", "coordinates": [[[132.418924, 34.363217], [132.418741, 34.367744], [132.414498, 34.370078], [132.410439, 34.367885], [132.410623, 34.363358], [132.414865, 34.361025], [132.418924, 34.363217]]]}, "properties": {"h3": "882e69a75bfffff", "poi": 15, "richness": 8, "hill_q1": 6.648, "hill_q2": 5.488, "top_share": 0.333, "flagged": false, "dominant": "community_and_government", "dna": {"community_and_government": 0.333, "education": 0.133, "services_and_business": 0.133, "travel_and_transportation": 0.133, "arts_and_entertainment": 0.067, "food_and_drink": 0.067, "shopping": 0.067, "sports_and_recreation": 0.067}, "tfidf": {"community_and_government": 0.468, "education": 0.165, "travel_and_transportation": 0.161, "services_and_business": 0.133, "arts_and_entertainment": 0.107, "sports_and_recreation": 0.085, "food_and_drink": 0.071, "shopping": 0.069}, "cluster": -1}}, {"type": "Feature", "geometry": {"type": "Polygon", "coordinates": [[[132.431104, 34.369795], [132.430921, 34.374323], [132.426678, 34.376657], [132.422618, 34.374464], [132.4228, 34.369937], [132.427043, 34.367603], [132.431104, 34.369795]]]}, "properties": {"h3": "882e69a75dfffff", "poi": 31, "richness": 6, "hill_q1": 3.706, "hill_q2": 2.769, "top_share": 0.548, "flagged": true, "dominant": "services_and_business", "dna": {"services_and_business": 0.548, "shopping": 0.194, "food_and_drink": 0.129, "sports_and_recreation": 0.065, "arts_and_entertainment": 0.032, "community_and_government": 0.032}, "tfidf": {"services_and_business": 0.548, "shopping": 0.199, "food_and_drink": 0.138, "sports_and_recreation": 0.083, "arts_and_entertainment": 0.052, "community_and_government": 0.045}, "cluster": -1}}, {"type": "Feature", "geometry": {"type": "Polygon", "coordinates": [[[132.446625, 34.39668], [132.446444, 34.401208], [132.442198, 34.403543], [132.438135, 34.401349], [132.438317, 34.396821], [132.442562, 34.394486], [132.446625, 34.39668]]]}, "properties": {"h3": "882e69a761fffff", "poi": 227, "richness": 13, "hill_q1": 6.737, "hill_q2": 5.327, "top_share": 0.256, "flagged": false, "dominant": "food_and_drink", "dna": {"food_and_drink": 0.256, "services_and_business": 0.256, "shopping": 0.203, "lifestyle_services": 0.088, "health_care": 0.062, "travel_and_transportation": 0.053, "sports_and_recreation": 0.035, "community_and_government": 0.013, "lodging": 0.013, "cultural_and_historic": 0.009, "arts_and_entertainment": 0.004, "education": 0.004, "geographic_entities": 0.004}, "tfidf": {"food_and_drink": 0.273, "services_and_business": 0.256, "shopping": 0.208, "lifestyle_services": 0.107, "health_care": 0.077, "travel_and_transportation": 0.064, "sports_and_recreation": 0.045, "lodging": 0.03, "community_and_government": 0.019, "cultural_and_historic": 0.013, "geographic_entities": 0.009, "arts_and_entertainment": 0.007, "education": 0.005}, "cluster": -1}}, {"type": "Feature", "geometry": {"type": "Polygon", "coordinates": [[[132.438317, 34.396821], [132.438135, 34.401349], [132.433889, 34.403683], [132.429827, 34.401489], [132.430009, 34.396961], [132.434254, 34.394627], [132.438317, 34.396821]]]}, "properties": {"h3": "882e69a763fffff", "poi": 67, "richness": 11, "hill_q1": 7.191, "hill_q2": 5.468, "top_share": 0.313, "flagged": false, "dominant": "food_and_drink", "dna": {"food_and_drink": 0.313, "services_and_business": 0.194, "shopping": 0.179, "lifestyle_services": 0.075, "geographic_entities": 0.06, "education": 0.045, "community_and_government": 0.03, "cultural_and_historic": 0.03, "health_care": 0.03, "travel_and_transportation": 0.03, "arts_and_entertainment": 0.015}, "tfidf": {"food_and_drink": 0.335, "services_and_business": 0.194, "shopping": 0.184, "geographic_entities": 0.123, "lifestyle_services": 0.09, "education": 0.055, "cultural_and_historic": 0.044, "community_and_government": 0.042, "health_care": 0.037, "travel_and_transportation": 0.036, "arts_and_entertainment": 0.024}, "cluster": -1}}, {"type": "Feature", "geometry": {"type": "Polygon", "coordinates": [[[132.450508, 34.403402], [132.450327, 34.407931], [132.446081, 34.410266], [132.442016, 34.408071], [132.442198, 34.403543], [132.446444, 34.401208], [132.450508, 34.403402]]]}, "properties": {"h3": "882e69a765fffff", "poi": 230, "richness": 13, "hill_q1": 7.912, "hill_q2": 5.956, "top_share": 0.261, "flagged": false, "dominant": "food_and_drink", "dna": {"food_and_drink": 0.261, "services_and_business": 0.261, "shopping": 0.096, "health_care": 0.091, "travel_and_transportation": 0.087, "cultural_and_historic": 0.043, "lifestyle_services": 0.039, "education": 0.035, "sports_and_recreation": 0.03, "community_and_government": 0.026, "geographic_entities": 0.022, "arts_and_entertainment": 0.004, "lodging": 0.004}, "tfidf": {"food_and_drink": 0.279, "services_and_business": 0.261, "health_care": 0.114, "travel_and_transportation": 0.105, "shopping": 0.098, "cultural_and_historic": 0.064, "lifestyle_services": 0.047, "geographic_entities": 0.045, "education": 0.043, "sports_and_recreation": 0.039, "community_and_government": 0.037, "lodging": 0.01, "arts_and_entertainment": 0.007}, "cluster": -1}}, {"type": "Feature", "geometry": {"type": "Polygon", "coordinates": [[[132.442198, 34.403543], [132.442016, 34.408071], [132.437771, 34.410405], [132.433707, 34.408211], [132.433889, 34.403683], [132.438135, 34.401349], [132.442198, 34.403543]]]}, "properties": {"h3": "882e69a767fffff", "poi": 45, "richness": 8, "hill_q1": 5.127, "hill_q2": 4.158, "top_share": 0.356, "flagged": false, "dominant": "services_and_business", "dna": {"services_and_business": 0.356, "shopping": 0.267, "travel_and_transportation": 0.178, "food_and_drink": 0.089, "geographic_entities": 0.044, "arts_and_entertainment": 0.022, "community_and_government": 0.022, "sports_and_recreation": 0.022}, "tfidf": {"services_and_business": 0.356, "shopping": 0.274, "travel_and_transportation": 0.215, "food_and_drink": 0.095, "geographic_entities": 0.091, "arts_and_entertainment": 0.036, "community_and_government": 0.031, "sports_and_recreation": 0.028}, "cluster": -1}}, {"type": "Feature", "geometry": {"type": "Polygon", "coordinates": [[[132.451051, 34.389816], [132.45087, 34.394345], [132.446625, 34.39668], [132.442562, 34.394486], [132.442743, 34.389958], [132.446988, 34.387623], [132.451051, 34.389816]]]}, "properties": {"h3": "882e69a769fffff", "poi": 426, "richness": 13, "hill_q1": 7.585, "hill_q2": 5.228, "top_share": 0.364, "flagged": false, "dominant": "food_and_drink", "dna": {"food_and_drink": 0.364, "services_and_business": 0.162, "shopping": 0.122, "lifestyle_services": 0.08, "travel_and_transportation": 0.07, "health_care": 0.047, "lodging": 0.045, "sports_and_recreation": 0.031, "cultural_and_historic": 0.019, "arts_and_entertainment": 0.016, "community_and_government": 0.016, "geographic_entities": 0.016, "education": 0.012}, "tfidf": {"food_and_drink": 0.389, "services_and_business": 0.162, "shopping": 0.125, "lodging": 0.1, "lifestyle_services": 0.097, "travel_and_transportation": 0.085, "health_care": 0.058, "sports_and_recreation": 0.039, "geographic_entities": 0.034, "cultural_and_historic": 0.028, "arts_and_entertainment": 0.026, "community_and_government": 0.023, "education": 0.014}, "cluster": -1}}, {"type": "Feature", "geometry": {"type": "Polygon", "coordinates": [[[132.442743, 34.389958], [132.442562, 34.394486], [132.438317, 34.396821], [132.434254, 34.394627], [132.434436, 34.390099], [132.43868, 34.387765], [132.442743, 34.389958]]]}, "properties": {"h3": "882e69a76bfffff", "poi": 189, "richness": 12, "hill_q1": 7.088, "hill_q2": 5.498, "top_share": 0.291, "flagged": false, "dominant": "food_and_drink", "dna": {"food_and_drink": 0.291, "services_and_business": 0.228, "shopping": 0.164, "travel_and_transportation": 0.095, "health_care": 0.063, "lifestyle_services": 0.058, "community_and_government": 0.032, "education": 0.021, "sports_and_recreation": 0.016, "arts_and_entertainment": 0.011, "cultural_and_historic": 0.011, "lodging": 0.011}, "tfidf": {"food_and_drink": 0.311, "services_and_business": 0.228, "shopping": 0.169, "travel_and_transportation": 0.115, "health_care": 0.079, "lifestyle_services": 0.07, "community_and_government": 0.045, "education": 0.026, "lodging": 0.024, "sports_and_recreation": 0.02, "arts_and_entertainment": 0.017, "cultural_and_historic": 0.015}, "cluster": -1}}, {"type": "Feature", "geometry": {"type": "Polygon", "coordinates": [[[132.454935, 34.396538], [132.454754, 34.401067], [132.450508, 34.403402], [132.446444, 34.401208], [132.446625, 34.39668], [132.45087, 34.394345], [132.454935, 34.396538]]]}, "properties": {"h3": "882e69a76dfffff", "poi": 507, "richness": 13, "hill_q1": 8.775, "hill_q2": 6.651, "top_share": 0.276, "flagged": false, "dominant": "food_and_drink", "dna": {"food_and_drink": 0.276, "services_and_business": 0.191, "shopping": 0.132, "lifestyle_services": 0.079, "health_care": 0.059, "sports_and_recreation": 0.053, "cultural_and_historic": 0.047, "travel_and_transportation": 0.039, "education": 0.037, "community_and_government": 0.034, "arts_and_entertainment": 0.03, "lodging": 0.016, "geographic_entities": 0.006}, "tfidf": {"food_and_drink": 0.295, "services_and_business": 0.191, "shopping": 0.136, "lifestyle_services": 0.095, "health_care": 0.074, "cultural_and_historic": 0.069, "sports_and_recreation": 0.068, "travel_and_transportation": 0.048, "arts_and_entertainment": 0.047, "community_and_government": 0.047, "education": 0.046, "lodging": 0.035, "geographic_entities": 0.012}, "cluster": -1}}, {"type": "Feature", "geometry": {"type": "Polygon", "coordinates": [[[132.439469, 34.471477], [132.439287, 34.476006], [132.435038, 34.478338], [132.430971, 34.476141], [132.431153, 34.471612], [132.435402, 34.46928], [132.439469, 34.471477]]]}, "properties": {"h3": "882e69ae41fffff", "poi": 61, "richness": 11, "hill_q1": 6.954, "hill_q2": 5.513, "top_share": 0.279, "flagged": false, "dominant": "food_and_drink", "dna": {"food_and_drink": 0.279, "services_and_business": 0.23, "shopping": 0.18, "health_care": 0.098, "travel_and_transportation": 0.066, "lifestyle_services": 0.049, "cultural_and_historic": 0.033, "community_and_government": 0.016, "education": 0.016, "geographic_entities": 0.016, "sports_and_recreation": 0.016}, "tfidf": {"food_and_drink": 0.298, "services_and_business": 0.23, "shopping": 0.185, "health_care": 0.122, "travel_and_transportation": 0.079, "lifestyle_services": 0.06, "cultural_and_historic": 0.048, "geographic_entities": 0.034, "community_and_government": 0.023, "sports_and_recreation": 0.021, "education": 0.02}, "cluster": -1}}, {"type": "Feature", "geometry": {"type": "Polygon", "coordinates": [[[132.431153, 34.471612], [132.430971, 34.476141], [132.426721, 34.478473], [132.422655, 34.476276], [132.422838, 34.471747], [132.427087, 34.469415], [132.431153, 34.471612]]]}, "properties": {"h3": "882e69ae43fffff", "poi": 37, "richness": 11, "hill_q1": 8.521, "hill_q2": 6.811, "top_share": 0.27, "flagged": false, "dominant": "shopping", "dna": {"shopping": 0.27, "services_and_business": 0.189, "food_and_drink": 0.108, "arts_and_entertainment": 0.081, "health_care": 0.081, "community_and_government": 0.054, "education": 0.054, "lifestyle_services": 0.054, "sports_and_recreation": 0.054, "cultural_and_historic": 0.027, "travel_and_transportation": 0.027}, "tfidf": {"shopping": 0.278, "services_and_business": 0.189, "arts_and_entertainment": 0.13, "food_and_drink": 0.116, "health_care": 0.101, "community_and_government": 0.076, "sports_and_recreation": 0.069, "education": 0.067, "lifestyle_services": 0.065, "cultural_and_historic": 0.04, "travel_and_transportation": 0.033}, "cluster": -1}}, {"type": "Feature", "geometry": {"type": "Polygon", "coordinates": [[[132.435585, 34.464751], [132.435402, 34.46928], [132.431153, 34.471612], [132.427087, 34.469415], [132.42727, 34.464886], [132.431518, 34.462554], [132.435585, 34.464751]]]}, "properties": {"h3": "882e69ae4bfffff", "poi": 23, "richness": 8, "hill_q1": 6.408, "hill_q2": 5.454, "top_share": 0.304, "flagged": false, "dominant": "shopping", "dna": {"shopping": 0.304, "education": 0.174, "lifestyle_services": 0.174, "sports_and_recreation": 0.13, "food_and_drink": 0.087, "cultural_and_historic": 0.043, "services_and_business": 0.043, "travel_and_transportation": 0.043}, "tfidf": {"shopping": 0.313, "education": 0.215, "lifestyle_services": 0.211, "sports_and_recreation": 0.167, "food_and_drink": 0.093, "cultural_and_historic": 0.064, "travel_and_transportation": 0.053, "services_and_business": 0.043}, "cluster": -1}}, {"type": "Feature", "geometry": {"type": "Polygon", "coordinates": [[[132.447787, 34.471341], [132.447605, 34.47587], [132.443355, 34.478203], [132.439287, 34.476006], [132.439469, 34.471477], [132.443719, 34.469144], [132.447787, 34.471341]]]}, "properties": {"h3": "882e69ae4dfffff", "poi": 90, "richness": 10, "hill_q1": 6.527, "hill_q2": 5.378, "top_share": 0.267, "flagged": false, "dominant": "services_and_business", "dna": {"services_and_business": 0.267, "food_and_drink": 0.256, "shopping": 0.156, "lifestyle_services": 0.122, "health_care": 0.078, "sports_and_recreation": 0.056, "arts_and_entertainment": 0.022, "education": 0.022, "community_and_government": 0.011, "travel_and_transportation": 0.011}, "tfidf": {"food_and_drink": 0.273, "services_and_business": 0.267, "shopping": 0.16, "lifestyle_services": 0.148, "health_care": 0.097, "sports_and_recreation": 0.071, "arts_and_entertainment": 0.036, "education": 0.027, "community_and_government": 0.016, "travel_and_transportation": 0.013}, "cluster": -1}}, {"type": "Feature", "geometry": {"type": "Polygon", "coordinates": [[[132.418956, 34.465021], [132.418773, 34.46955], [132.414524, 34.471881], [132.41046, 34.469684], [132.410643, 34.465156], [132.414891, 34.462824], [132.418956, 34.465021]]]}, "properties": {"h3": "882e69ae51fffff", "poi": 44, "richness": 11, "hill_q1": 7.903, "hill_q2": 6.453, "top_share": 0.25, "flagged": false, "dominant": "services_and_business", "dna": {"services_and_business": 0.25, "shopping": 0.205, "food_and_drink": 0.159, "health_care": 0.091, "lifestyle_services": 0.091, "sports_and_recreation": 0.068, "education": 0.045, "arts_and_entertainment": 0.023, "community_and_government": 0.023, "cultural_and_historic": 0.023, "travel_and_transportation": 0.023}, "tfidf": {"services_and_business": 0.25, "shopping": 0.21, "food_and_drink": 0.17, "health_care": 0.113, "lifestyle_services": 0.11, "sports_and_recreation": 0.087, "education": 0.056, "arts_and_entertainment": 0.036, "cultural_and_historic": 0.033, "community_and_government": 0.032, "travel_and_transportation": 0.028}, "cluster": -1}}, {"type": "Feature", "geometry": {"type": "Polygon", "coordinates": [[[132.422838, 34.471747], [132.422655, 34.476276], [132.418406, 34.478607], [132.414341, 34.47641], [132.414524, 34.471881], [132.418773, 34.46955], [132.422838, 34.471747]]]}, "properties": {"h3": "882e69ae55fffff", "poi": 10, "richness": 4, "hill_q1": 3.72, "hill_q2": 3.571, "top_share": 0.3, "flagged": false, "dominant": "community_and_government", "dna": {"community_and_government": 0.3, "services_and_business": 0.3, "travel_and_transportation": 0.3, "lifestyle_services": 0.1}, "tfidf": {"community_and_government": 0.421, "travel_and_transportation": 0.363, "services_and_business": 0.3, "lifestyle_services": 0.121}, "cluster": -1}}, {"type": "Feature", "geometry": {"type": "Polygon", "coordinates": [[[132.423387, 34.458161], [132.423204, 34.462689], [132.418956, 34.465021], [132.414891, 34.462824], [132.415075, 34.458296], [132.419323, 34.455964], [132.423387, 34.458161]]]}, "properties": {"h3": "882e69ae59fffff", "poi": 14, "richness": 6, "hill_q1": 5.201, "hill_q2": 4.667, "top_share": 0.286, "flagged": false, "dominant": "services_and_business", "dna": {"services_and_business": 0.286, "shopping": 0.286, "education": 0.143, "food_and_drink": 0.143, "lifestyle_services": 0.071, "sports_and_recreation": 0.071}, "tfidf": {"shopping": 0.294, "services_and_business": 0.286, "education": 0.176, "food_and_drink": 0.153, "sports_and_recreation": 0.092, "lifestyle_services": 0.086}, "cluster": -1}}, {"type": "Feature", "geometry": {"type": "Polygon", "coordinates": [[[132.415075, 34.458296], [132.414891, 34.462824], [132.410643, 34.465156], [132.40658, 34.462959], [132.406764, 34.458431], [132.411011, 34.456099], [132.415075, 34.458296]]]}, "properties": {"h3": "882e69ae5bfffff", "poi": 53, "richness": 9, "hill_q1": 7.362, "hill_q2": 6.341, "top_share": 0.226, "flagged": false, "dominant": "services_and_business", "dna": {"services_and_business": 0.226, "shopping": 0.226, "food_and_drink": 0.17, "lifestyle_services": 0.094, "health_care": 0.075, "travel_and_transportation": 0.075, "community_and_government": 0.057, "education": 0.038, "sports_and_recreation": 0.038}, "tfidf": {"shopping": 0.233, "services_and_business": 0.226, "food_and_drink": 0.182, "lifestyle_services": 0.114, "health_care": 0.094, "travel_and_transportation": 0.091, "community_and_government": 0.079, "sports_and_recreation": 0.048, "education": 0.047}, "cluster": -1}}, {"type": "Feature", "geometry": {"type": "Polygon", "coordinates": [[[132.42727, 34.464886], [132.427087, 34.469415], [132.422838, 34.471747], [132.418773, 34.46955], [132.418956, 34.465021], [132.423204, 34.462689], [132.42727, 34.464886]]]}, "properties": {"h3": "882e69ae5dfffff", "poi": 51, "richness": 7, "hill_q1": 5.375, "hill_q2": 4.703, "top_share": 0.275, "flagged": false, "dominant": "food_and_drink", "dna": {"food_and_drink": 0.275, "services_and_business": 0.255, "shopping": 0.235, "health_care": 0.098, "lifestyle_services": 0.059, "travel_and_transportation": 0.059, "arts_and_entertainment": 0.02}, "tfidf": {"food_and_drink": 0.294, "services_and_business": 0.255, "shopping": 0.242, "health_care": 0.122, "lifestyle_services": 0.071, "travel_and_transportation": 0.071, "arts_and_entertainment": 0.031}, "cluster": -1}}, {"type": "Feature", "geometry": {"type": "Polygon", "coordinates": [[[132.51526, 34.341164], [132.515083, 34.345694], [132.510838, 34.348034], [132.506771, 34.345843], [132.506949, 34.341313], [132.511193, 34.338974], [132.51526, 34.341164]]]}, "properties": {"h3": "882e69b501fffff", "poi": 32, "richness": 10, "hill_q1": 6.659, "hill_q2": 4.613, "top_share": 0.406, "flagged": false, "dominant": "shopping", "dna": {"shopping": 0.406, "food_and_drink": 0.156, "travel_and_transportation": 0.094, "community_and_government": 0.063, "education": 0.063, "services_and_business": 0.063, "sports_and_recreation": 0.063, "arts_and_entertainment": 0.031, "health_care": 0.031, "lifestyle_services": 0.031}, "tfidf": {"shopping": 0.418, "food_and_drink": 0.167, "travel_and_transportation": 0.113, "community_and_government": 0.088, "sports_and_recreation": 0.08, "education": 0.077, "services_and_business": 0.063, "arts_and_entertainment": 0.05, "health_care": 0.039, "lifestyle_services": 0.038}, "cluster": -1}}, {"type": "Feature", "geometry": {"type": "Polygon", "coordinates": [[[132.519151, 34.347885], [132.518974, 34.352415], [132.514728, 34.354755], [132.510661, 34.352564], [132.510838, 34.348034], [132.515083, 34.345694], [132.519151, 34.347885]]]}, "properties": {"h3": "882e69b505fffff", "poi": 46, "richness": 8, "hill_q1": 4.675, "hill_q2": 3.875, "top_share": 0.326, "flagged": false, "dominant": "shopping", "dna": {"shopping": 0.326, "services_and_business": 0.283, "food_and_drink": 0.261, "travel_and_transportation": 0.043, "arts_and_entertainment": 0.022, "community_and_government": 0.022, "cultural_and_historic": 0.022, "health_care": 0.022}, "tfidf": {"shopping": 0.335, "services_and_business": 0.283, "food_and_drink": 0.279, "travel_and_transportation": 0.053, "arts_and_entertainment": 0.035, "cultural_and_historic": 0.032, "community_and_government": 0.031, "health_care": 0.027}, "cluster": -1}}, {"type": "Feature", "geometry": {"type": "Polygon", "coordinates": [[[132.519682, 34.334294], [132.519505, 34.338824], [132.51526, 34.341164], [132.511193, 34.338974], [132.511371, 34.334444], [132.515615, 34.332104], [132.519682, 34.334294]]]}, "properties": {"h3": "882e69b509fffff", "poi": 22, "richness": 10, "hill_q1": 7.36, "hill_q2": 5.378, "top_share": 0.364, "flagged": false, "dominant": "services_and_business", "dna": {"services_and_business": 0.364, "community_and_government": 0.136, "food_and_drink": 0.091, "shopping": 0.091, "sports_and_recreation": 0.091, "arts_and_entertainment": 0.045, "cultural_and_historic": 0.045, "health_care": 0.045, "lifestyle_services": 0.045, "lodging": 0.045}, "tfidf": {"services_and_business": 0.364, "community_and_government": 0.191, "sports_and_recreation": 0.116, "lodging": 0.102, "food_and_drink": 0.097, "shopping": 0.093, "arts_and_entertainment": 0.073, "cultural_and_historic": 0.067, "health_care": 0.057, "lifestyle_services": 0.055}, "cluster": -1}}, {"type": "Feature", "geometry": {"type": "Polygon", "coordinates": [[[132.511371, 34.334444], [132.511193, 34.338974], [132.506949, 34.341313], [132.502883, 34.339123], [132.503061, 34.334593], [132.507304, 34.332254], [132.511371, 34.334444]]]}, "properties": {"h3": "882e69b50bfffff", "poi": 42, "richness": 8, "hill_q1": 6.609, "hill_q2": 5.841, "top_share": 0.262, "flagged": false, "dominant": "food_and_drink", "dna": {"food_and_drink": 0.262, "services_and_business": 0.19, "shopping": 0.19, "lifestyle_services": 0.095, "sports_and_recreation": 0.095, "travel_and_transportation": 0.095, "education": 0.048, "health_care": 0.024}, "tfidf": {"food_and_drink": 0.28, "shopping": 0.196, "services_and_business": 0.19, "sports_and_recreation": 0.122, "lifestyle_services": 0.115, "travel_and_transportation": 0.115, "education": 0.059, "health_care": 0.03}, "cluster": -1}}, {"type": "Feature", "geometry": {"type": "Polygon", "coordinates": [[[132.523572, 34.341014], [132.523396, 34.345545], [132.519151, 34.347885], [132.515083, 34.345694], [132.51526, 34.341164], [132.519505, 34.338824], [132.523572, 34.341014]]]}, "properties": {"h3": "882e69b50dfffff", "poi": 14, "richness": 6, "hill_q1": 4.649, "hill_q2": 3.769, "top_share": 0.429, "flagged": false, "dominant": "services_and_business", "dna": {"services_and_business": 0.429, "sports_and_recreation": 0.214, "shopping": 0.143, "cultural_and_historic": 0.071, "food_and_drink": 0.071, "travel_and_transportation": 0.071}, "tfidf": {"services_and_business": 0.429, "sports_and_recreation": 0.275, "shopping": 0.147, "cultural_and_historic": 0.105, "travel_and_transportation": 0.086, "food_and_drink": 0.076}, "cluster": -1}}, {"type": "Feature", "geometry": {"type": "Polygon", "coordinates": [[[132.510306, 34.361625], [132.510128, 34.366155], [132.505882, 34.368494], [132.501815, 34.366302], [132.501993, 34.361772], [132.506238, 34.359434], [132.510306, 34.361625]]]}, "properties": {"h3": "882e69b523fffff", "poi": 21, "richness": 8, "hill_q1": 7.038, "hill_q2": 6.391, "top_share": 0.238, "flagged": false, "dominant": "shopping", "dna": {"shopping": 0.238, "services_and_business": 0.19, "food_and_drink": 0.143, "travel_and_transportation": 0.143, "education": 0.095, "sports_and_recreation": 0.095, "cultural_and_historic": 0.048, "health_care": 0.048}, "tfidf": {"shopping": 0.245, "services_and_business": 0.19, "travel_and_transportation": 0.173, "food_and_drink": 0.153, "sports_and_recreation": 0.122, "education": 0.118, "cultural_and_historic": 0.07, "health_care": 0.059}, "cluster": -1}}, {"type": "Feature", "geometry": {"type": "Polygon", "coordinates": [[[132.522512, 34.368198], [132.522335, 34.372729], [132.518088, 34.375069], [132.514019, 34.372877], [132.514197, 34.368347], [132.518443, 34.366007], [132.522512, 34.368198]]]}, "properties": {"h3": "882e69b525fffff", "poi": 18, "richness": 8, "hill_q1": 5.249, "hill_q2": 3.767, "top_share": 0.444, "flagged": false, "dominant": "services_and_business", "dna": {"services_and_business": 0.444, "food_and_drink": 0.222, "arts_and_entertainment": 0.056, "community_and_government": 0.056, "education": 0.056, "lifestyle_services": 0.056, "shopping": 0.056, "travel_and_transportation": 0.056}, "tfidf": {"services_and_business": 0.444, "food_and_drink": 0.238, "arts_and_entertainment": 0.089, "community_and_government": 0.078, "education": 0.069, "lifestyle_services": 0.067, "travel_and_transportation": 0.067, "shopping": 0.057}, "cluster": -1}}, {"type": "Feature", "geometry": {"type": "Polygon", "coordinates": [[[132.514197, 34.368347], [132.514019, 34.372877], [132.509773, 34.375216], [132.505705, 34.373024], [132.505882, 34.368494], [132.510128, 34.366155], [132.514197, 34.368347]]]}, "properties": {"h3": "882e69b527fffff", "poi": 37, "richness": 10, "hill_q1": 6.556, "hill_q2": 4.579, "top_share": 0.405, "flagged": false, "dominant": "food_and_drink", "dna": {"food_and_drink": 0.405, "services_and_business": 0.162, "health_care": 0.081, "lifestyle_services": 0.081, "shopping": 0.081, "cultural_and_historic": 0.054, "sports_and_recreation": 0.054, "education": 0.027, "geographic_entities": 0.027, "travel_and_transportation": 0.027}, "tfidf": {"food_and_drink": 0.434, "services_and_business": 0.162, "health_care": 0.101, "lifestyle_services": 0.098, "shopping": 0.083, "cultural_and_historic": 0.079, "sports_and_recreation": 0.069, "geographic_entities": 0.056, "education": 0.033, "travel_and_transportation": 0.033}, "cluster": -1}}, {"type": "Feature", "geometry": {"type": "Polygon", "coordinates": [[[132.526935, 34.361328], [132.526758, 34.365859], [132.522512, 34.368198], [132.518443, 34.366007], [132.51862, 34.361476], [132.522866, 34.359137], [132.526935, 34.361328]]]}, "properties": {"h3": "882e69b52dfffff", "poi": 14, "richness": 6, "hill_q1": 5.329, "hill_q2": 4.9, "top_share": 0.286, "flagged": false, "dominant": "shopping", "dna": {"shopping": 0.286, "community_and_government": 0.214, "services_and_business": 0.214, "education": 0.143, "lodging": 0.071, "travel_and_transportation": 0.071}, "tfidf": {"community_and_government": 0.301, "shopping": 0.294, "services_and_business": 0.214, "education": 0.176, "lodging": 0.16, "travel_and_transportation": 0.086}, "cluster": -1}}, {"type": "Feature", "geometry": {"type": "Polygon", "coordinates": [[[132.493681, 34.36192], [132.493502, 34.366449], [132.489257, 34.368787], [132.485191, 34.366595], [132.48537, 34.362066], [132.489615, 34.359728], [132.493681, 34.36192]]]}, "properties": {"h3": "882e69b537fffff", "poi": 16, "richness": 8, "hill_q1": 6.301, "hill_q2": 4.923, "top_share": 0.375, "flagged": false, "dominant": "services_and_business", "dna": {"services_and_business": 0.375, "geographic_entities": 0.125, "sports_and_recreation": 0.125, "travel_and_transportation": 0.125, "community_and_government": 0.063, "education": 0.063, "food_and_drink": 0.063, "shopping": 0.063}, "tfidf": {"services_and_business": 0.375, "geographic_entities": 0.257, "sports_and_recreation": 0.16, "travel_and_transportation": 0.151, "community_and_government": 0.088, "education": 0.077, "food_and_drink": 0.067, "shopping": 0.064}, "cluster": -1}}, {"type": "Feature", "geometry": {"type": "Polygon", "coordinates": [[[132.535779, 34.347585], [132.535603, 34.352116], [132.531357, 34.354456], [132.527288, 34.352266], [132.527464, 34.347735], [132.53171, 34.345394], [132.535779, 34.347585]]]}, "properties": {"h3": "882e69b561fffff", "poi": 56, "richness": 11, "hill_q1": 8.052, "hill_q2": 6.533, "top_share": 0.25, "flagged": false, "dominant": "food_and_drink", "dna": {"food_and_drink": 0.25, "shopping": 0.214, "lifestyle_services": 0.143, "education": 0.089, "health_care": 0.071, "services_and_business": 0.071, "arts_and_entertainment": 0.054, "community_and_government": 0.036, "travel_and_transportation": 0.036, "cultural_and_historic": 0.018, "sports_and_recreation": 0.018}, "tfidf": {"food_and_drink": 0.267, "shopping": 0.22, "lifestyle_services": 0.173, "education": 0.11, "health_care": 0.089, "arts_and_entertainment": 0.086, "services_and_business": 0.071, "community_and_government": 0.05, "travel_and_transportation": 0.043, "cultural_and_historic": 0.026, "sports_and_recreation": 0.023}, "cluster": -1}}, {"type": "Feature", "geometry": {"type": "Polygon", "coordinates": [[[132.527464, 34.347735], [132.527288, 34.352266], [132.523042, 34.354606], [132.518974, 34.352415], [132.519151, 34.347885], [132.523396, 34.345545], [132.527464, 34.347735]]]}, "properties": {"h3": "882e69b563fffff", "poi": 22, "richness": 11, "hill_q1": 9.001, "hill_q2": 7.563, "top_share": 0.227, "flagged": false, "dominant": "services_and_business", "dna": {"services_and_business": 0.227, "food_and_drink": 0.182, "travel_and_transportation": 0.136, "education": 0.091, "shopping": 0.091, "arts_and_entertainment": 0.045, "community_and_government": 0.045, "cultural_and_historic": 0.045, "health_care": 0.045, "lifestyle_services": 0.045, "sports_and_recreation": 0.045}, "tfidf": {"services_and_business": 0.227, "food_and_drink": 0.194, "travel_and_transportation": 0.165, "education": 0.112, "shopping": 0.093, "arts_and_entertainment": 0.073, "cultural_and_historic": 0.067, "community_and_government": 0.064, "sports_and_recreation": 0.058, "health_care": 0.057, "lifestyle_services": 0.055}, "cluster": -1}}, {"type": "Feature", "geometry": {"type": "Polygon", "coordinates": [[[132.539673, 34.354306], [132.539497, 34.358838], [132.535251, 34.361178], [132.531181, 34.358987], [132.531357, 34.354456], [132.535603, 34.352116], [132.539673, 34.354306]]]}, "properties": {"h3": "882e69b565fffff", "poi": 73, "richness": 10, "hill_q1": 6.357, "hill_q2": 4.858, "top_share": 0.342, "flagged": false, "dominant": "food_and_drink", "dna": {"food_and_drink": 0.342, "shopping": 0.233, "services_and_business": 0.137, "lifestyle_services": 0.082, "health_care": 0.055, "travel_and_transportation": 0.055, "arts_and_entertainment": 0.041, "education": 0.027, "lodging": 0.014, "sports_and_recreation": 0.014}, "tfidf": {"food_and_drink": 0.366, "shopping": 0.239, "services_and_business": 0.137, "lifestyle_services": 0.099, "health_care": 0.068, "travel_and_transportation": 0.066, "arts_and_entertainment": 0.066, "education": 0.034, "lodging": 0.031, "sports_and_recreation": 0.018}, "cluster": -1}}, {"type": "Feature", "geometry": {"type": "Polygon", "coordinates": [[[132.5402, 34.340712], [132.540025, 34.345244], [132.535779, 34.347585], [132.53171, 34.345394], [132.531886, 34.340864], [132.536131, 34.338523], [132.5402, 34.340712]]]}, "properties": {"h3": "882e69b569fffff", "poi": 18, "richness": 7, "hill_q1": 5.612, "hill_q2": 4.765, "top_share": 0.333, "flagged": false, "dominant": "services_and_business", "dna": {"services_and_business": 0.333, "lifestyle_services": 0.222, "food_and_drink": 0.167, "community_and_government": 0.111, "cultural_and_historic": 0.056, "shopping": 0.056, "travel_and_transportation": 0.056}, "tfidf": {"services_and_business": 0.333, "lifestyle_services": 0.269, "food_and_drink": 0.178, "community_and_government": 0.156, "cultural_and_historic": 0.081, "travel_and_transportation": 0.067, "shopping": 0.057}, "cluster": -1}}, {"type": "Feature", "geometry": {"type": "Polygon", "coordinates": [[[132.531886, 34.340864], [132.53171, 34.345394], [132.527464, 34.347735], [132.523396, 34.345545], [132.523572, 34.341014], [132.527817, 34.338674], [132.531886, 34.340864]]]}, "properties": {"h3": "882e69b56bfffff", "poi": 17, "richness": 5, "hill_q1": 4.037, "hill_q2": 3.482, "top_share": 0.412, "flagged": false, "dominant": "services_and_business", "dna": {"services_and_business": 0.412, "shopping": 0.294, "education": 0.118, "travel_and_transportation": 0.118, "food_and_drink": 0.059}, "tfidf": {"services_and_business": 0.412, "shopping": 0.302, "education": 0.145, "travel_and_transportation": 0.142, "food_and_drink": 0.063}, "cluster": -1}}, {"type": "Feature", "geometry": {"type": "Polygon", "coordinates": [[[132.544095, 34.347434], [132.543919, 34.351965], [132.539673, 34.354306], [132.535603, 34.352116], [132.535779, 34.347585], [132.540025, 34.345244], [132.544095, 34.347434]]]}, "properties": {"h3": "882e69b56dfffff", "poi": 24, "richness": 9, "hill_q1": 6.928, "hill_q2": 5.76, "top_share": 0.25, "flagged": false, "dominant": "services_and_business", "dna": {"services_and_business": 0.25, "shopping": 0.25, "food_and_drink": 0.167, "health_care": 0.083, "lifestyle_services": 0.083, "community_and_government": 0.042, "cultural_and_historic": 0.042, "education": 0.042, "sports_and_recreation": 0.042}, "tfidf": {"shopping": 0.257, "services_and_business": 0.25, "food_and_drink": 0.178, "health_care": 0.104, "lifestyle_services": 0.101, "cultural_and_historic": 0.061, "community_and_government": 0.058, "sports_and_recreation": 0.053, "education": 0.051}, "cluster": -1}}, {"type": "Feature", "geometry": {"type": "Polygon", "coordinates": [[[132.460986, 34.348917], [132.460806, 34.353445], [132.456562, 34.355782], [132.4525, 34.35359], [132.452681, 34.349062], [132.456924, 34.346726], [132.460986, 34.348917]]]}, "properties": {"h3": "882e69b585fffff", "poi": 52, "richness": 12, "hill_q1": 8.916, "hill_q2": 7.388, "top_share": 0.212, "flagged": false, "dominant": "services_and_business", "dna": {"services_and_business": 0.212, "food_and_drink": 0.192, "shopping": 0.154, "travel_and_transportation": 0.115, "sports_and_recreation": 0.077, "community_and_government": 0.058, "geographic_entities": 0.058, "arts_and_entertainment": 0.038, "lifestyle_services": 0.038, "education": 0.019, "health_care": 0.019, "lodging": 0.019}, "tfidf": {"services_and_business": 0.212, "food_and_drink": 0.206, "shopping": 0.158, "travel_and_transportation": 0.14, "geographic_entities": 0.119, "sports_and_recreation": 0.099, "community_and_government": 0.081, "arts_and_entertainment": 0.061, "lifestyle_services": 0.047, "lodging": 0.043, "health_care": 0.024, "education": 0.024}, "cluster": -1}}, {"type": "Feature", "geometry": {"type": "Polygon", "coordinates": [[[132.452681, 34.349062], [132.4525, 34.35359], [132.448257, 34.355926], [132.444196, 34.353734], [132.444377, 34.349207], [132.44862, 34.346871], [132.452681, 34.349062]]]}, "properties": {"h3": "882e69b587fffff", "poi": 28, "richness": 8, "hill_q1": 5.281, "hill_q2": 3.96, "top_share": 0.429, "flagged": false, "dominant": "services_and_business", "dna": {"services_and_business": 0.429, "shopping": 0.179, "travel_and_transportation": 0.143, "food_and_drink": 0.107, "arts_and_entertainment": 0.036, "education": 0.036, "lifestyle_services": 0.036, "sports_and_recreation": 0.036}, "tfidf": {"services_and_business": 0.429, "shopping": 0.184, "travel_and_transportation": 0.173, "food_and_drink": 0.115, "arts_and_entertainment": 0.057, "sports_and_recreation": 0.046, "education": 0.044, "lifestyle_services": 0.043}, "cluster": -1}}, {"type": "Feature", "geometry": {"type": "Polygon", "coordinates": [[[132.465409, 34.342052], [132.465229, 34.34658], [132.460986, 34.348917], [132.456924, 34.346726], [132.457105, 34.342198], [132.461347, 34.339861], [132.465409, 34.342052]]]}, "properties": {"h3": "882e69b58dfffff", "poi": 13, "richness": 5, "hill_q1": 4.216, "hill_q2": 3.756, "top_share": 0.385, "flagged": false, "dominant": "services_and_business", "dna": {"services_and_business": 0.385, "education": 0.231, "shopping": 0.231, "cultural_and_historic": 0.077, "sports_and_recreation": 0.077}, "tfidf": {"services_and_business": 0.385, "education": 0.285, "shopping": 0.237, "cultural_and_historic": 0.113, "sports_and_recreation": 0.099}, "cluster": -1}}, {"type": "Feature", "geometry": {"type": "Polygon", "coordinates": [[[132.460445, 34.362502], [132.460264, 34.367031], [132.45602, 34.369367], [132.451957, 34.367174], [132.452138, 34.362646], [132.456382, 34.36031], [132.460445, 34.362502]]]}, "properties": {"h3": "882e69b5a1fffff", "poi": 84, "richness": 10, "hill_q1": 7.11, "hill_q2": 5.737, "top_share": 0.238, "flagged": false, "dominant": "food_and_drink", "dna": {"food_and_drink": 0.238, "services_and_business": 0.226, "shopping": 0.226, "lifestyle_services": 0.071, "travel_and_transportation": 0.06, "health_care": 0.048, "arts_and_entertainment": 0.036, "education": 0.036, "sports_and_recreation": 0.036, "geographic_entities": 0.024}, "tfidf": {"food_and_drink": 0.255, "shopping": 0.233, "services_and_business": 0.226, "lifestyle_services": 0.086, "travel_and_transportation": 0.072, "health_care": 0.059, "arts_and_entertainment": 0.057, "geographic_entities": 0.049, "sports_and_recreation": 0.046, "education": 0.044}, "cluster": -1}}, {"type": "Feature", "geometry": {"type": "Polygon", "coordinates": [[[132.452138, 34.362646], [132.451957, 34.367174], [132.447713, 34.36951], [132.443651, 34.367318], [132.443833, 34.36279], [132.448076, 34.360454], [132.452138, 34.362646]]]}, "properties": {"h3": "882e69b5a3fffff", "poi": 68, "richness": 10, "hill_q1": 5.903, "hill_q2": 4.489, "top_share": 0.324, "flagged": false, "dominant": "food_and_drink", "dna": {"food_and_drink": 0.324, "services_and_business": 0.294, "shopping": 0.147, "lifestyle_services": 0.059, "travel_and_transportation": 0.059, "community_and_government": 0.029, "education": 0.029, "health_care": 0.029, "arts_and_entertainment": 0.015, "sports_and_recreation": 0.015}, "tfidf": {"food_and_drink": 0.346, "services_and_business": 0.294, "shopping": 0.151, "lifestyle_services": 0.071, "travel_and_transportation": 0.071, "community_and_government": 0.041, "health_care": 0.037, "education": 0.036, "arts_and_entertainment": 0.024, "sports_and_recreation": 0.019}, "cluster": -1}}, {"type": "Feature", "geometry": {"type": "Polygon", "coordinates": [[[132.464328, 34.369223], [132.464147, 34.373751], [132.459903, 34.376088], [132.455839, 34.373895], [132.45602, 34.369367], [132.460264, 34.367031], [132.464328, 34.369223]]]}, "properties": {"h3": "882e69b5a5fffff", "poi": 72, "richness": 11, "hill_q1": 7.719, "hill_q2": 6.113, "top_share": 0.264, "flagged": false, "dominant": "services_and_business", "dna": {"services_and_business": 0.264, "food_and_drink": 0.208, "shopping": 0.181, "lifestyle_services": 0.083, "travel_and_transportation": 0.056, "community_and_government": 0.042, "education": 0.042, "health_care": 0.042, "sports_and_recreation": 0.042, "arts_and_entertainment": 0.028, "cultural_and_historic": 0.014}, "tfidf": {"services_and_business": 0.264, "food_and_drink": 0.223, "shopping": 0.186, "lifestyle_services": 0.101, "travel_and_transportation": 0.067, "community_and_government": 0.058, "sports_and_recreation": 0.053, "health_care": 0.052, "education": 0.051, "arts_and_entertainment": 0.044, "cultural_and_historic": 0.02}, "cluster": -1}}, {"type": "Feature", "geometry": {"type": "Polygon", "coordinates": [[[132.45602, 34.369367], [132.455839, 34.373895], [132.451595, 34.376231], [132.447532, 34.374038], [132.447713, 34.36951], [132.451957, 34.367174], [132.45602, 34.369367]]]}, "properties": {"h3": "882e69b5a7fffff", "poi": 49, "richness": 13, "hill_q1": 7.936, "hill_q2": 5.347, "top_share": 0.367, "flagged": false, "dominant": "services_and_business", "dna": {"services_and_business": 0.367, "food_and_drink": 0.143, "health_care": 0.102, "shopping": 0.102, "education": 0.061, "arts_and_entertainment": 0.041, "sports_and_recreation": 0.041, "travel_and_transportation": 0.041, "community_and_government": 0.02, "cultural_and_historic": 0.02, "geographic_entities": 0.02, "lifestyle_services": 0.02, "lodging": 0.02}, "tfidf": {"services_and_business": 0.367, "food_and_drink": 0.153, "health_care": 0.127, "shopping": 0.105, "education": 0.076, "arts_and_entertainment": 0.065, "sports_and_recreation": 0.052, "travel_and_transportation": 0.049, "lodging": 0.046, "geographic_entities": 0.042, "cultural_and_historic": 0.03, "community_and_government": 0.029, "lifestyle_services": 0.025}, "cluster": -1}}, {"type": "Feature", "geometry": {"type": "Polygon", "coordinates": [[[132.464869, 34.355637], [132.464688, 34.360165], [132.460445, 34.362502], [132.456382, 34.36031], [132.456562, 34.355782], [132.460806, 34.353445], [132.464869, 34.355637]]]}, "properties": {"h3": "882e69b5a9fffff", "poi": 169, "richness": 12, "hill_q1": 8.233, "hill_q2": 6.668, "top_share": 0.26, "flagged": false, "dominant": "food_and_drink", "dna": {"food_and_drink": 0.26, "shopping": 0.183, "services_and_business": 0.142, "health_care": 0.095, "travel_and_transportation": 0.095, "sports_and_recreation": 0.065, "lifestyle_services": 0.059, "education": 0.041, "community_and_government": 0.024, "arts_and_entertainment": 0.012, "cultural_and_historic": 0.012, "lodging": 0.012}, "tfidf": {"food_and_drink": 0.278, "shopping": 0.189, "services_and_business": 0.142, "health_care": 0.118, "travel_and_transportation": 0.115, "sports_and_recreation": 0.083, "lifestyle_services": 0.072, "education": 0.051, "community_and_government": 0.033, "lodging": 0.027, "arts_and_entertainment": 0.019, "cultural_and_historic": 0.017}, "cluster": -1}}, {"type": "Feature", "geometry": {"type": "Polygon", "coordinates": [[[132.456562, 34.355782], [132.456382, 34.36031], [132.452138, 34.362646], [132.448076, 34.360454], [132.448257, 34.355926], [132.4525, 34.35359], [132.456562, 34.355782]]]}, "properties": {"h3": "882e69b5abfffff", "poi": 41, "richness": 8, "hill_q1": 4.681, "hill_q2": 3.355, "top_share": 0.488, "flagged": false, "dominant": "services_and_business", "dna": {"services_and_business": 0.488, "shopping": 0.171, "food_and_drink": 0.146, "travel_and_transportation": 0.073, "sports_and_recreation": 0.049, "arts_and_entertainment": 0.024, "community_and_government": 0.024, "lifestyle_services": 0.024}, "tfidf": {"services_and_business": 0.488, "shopping": 0.176, "food_and_drink": 0.157, "travel_and_transportation": 0.089, "sports_and_recreation": 0.062, "arts_and_entertainment": 0.039, "community_and_government": 0.034, "lifestyle_services": 0.03}, "cluster": -1}}, {"type": "Feature", "geometry": {"type": "Polygon", "coordinates": [[[132.468752, 34.362357], [132.468572, 34.366886], [132.464328, 34.369223], [132.460264, 34.367031], [132.460445, 34.362502], [132.464688, 34.360165], [132.468752, 34.362357]]]}, "properties": {"h3": "882e69b5adfffff", "poi": 165, "richness": 12, "hill_q1": 7.618, "hill_q2": 6.426, "top_share": 0.236, "flagged": false, "dominant": "food_and_drink", "dna": {"food_and_drink": 0.236, "shopping": 0.176, "lifestyle_services": 0.17, "services_and_business": 0.145, "health_care": 0.109, "travel_and_transportation": 0.073, "education": 0.03, "lodging": 0.018, "community_and_government": 0.012, "cultural_and_historic": 0.012, "sports_and_recreation": 0.012, "arts_and_entertainment": 0.006}, "tfidf": {"food_and_drink": 0.253, "lifestyle_services": 0.205, "shopping": 0.181, "services_and_business": 0.145, "health_care": 0.136, "travel_and_transportation": 0.088, "lodging": 0.041, "education": 0.037, "cultural_and_historic": 0.018, "community_and_government": 0.017, "sports_and_recreation": 0.016, "arts_and_entertainment": 0.01}, "cluster": -1}}, {"type": "Feature", "geometry": {"type": "Polygon", "coordinates": [[[132.443833, 34.36279], [132.443651, 34.367318], [132.439408, 34.369653], [132.435347, 34.36746], [132.435529, 34.362933], [132.439772, 34.360598], [132.443833, 34.36279]]]}, "properties": {"h3": "882e69b5b5fffff", "poi": 28, "richness": 7, "hill_q1": 5.139, "hill_q2": 4.261, "top_share": 0.357, "flagged": false, "dominant": "services_and_business", "dna": {"services_and_business": 0.357, "shopping": 0.25, "cultural_and_historic": 0.179, "food_and_drink": 0.071, "travel_and_transportation": 0.071, "community_and_government": 0.036, "geographic_entities": 0.036}, "tfidf": {"services_and_business": 0.357, "cultural_and_historic": 0.262, "shopping": 0.257, "travel_and_transportation": 0.086, "food_and_drink": 0.076, "geographic_entities": 0.073, "community_and_government": 0.05}, "cluster": -1}}, {"type": "Feature", "geometry": {"type": "Polygon", "coordinates": [[[132.435529, 34.362933], [132.435347, 34.36746], [132.431104, 34.369795], [132.427043, 34.367603], [132.427226, 34.363075], [132.431468, 34.360741], [132.435529, 34.362933]]]}, "properties": {"h3": "882e69b5b7fffff", "poi": 50, "richness": 11, "hill_q1": 6.489, "hill_q2": 4.682, "top_share": 0.36, "flagged": false, "dominant": "services_and_business", "dna": {"services_and_business": 0.36, "food_and_drink": 0.24, "health_care": 0.1, "shopping": 0.1, "arts_and_entertainment": 0.04, "education": 0.04, "lifestyle_services": 0.04, "cultural_and_historic": 0.02, "geographic_entities": 0.02, "sports_and_recreation": 0.02, "travel_and_transportation": 0.02}, "tfidf": {"services_and_business": 0.36, "food_and_drink": 0.257, "health_care": 0.125, "shopping": 0.103, "arts_and_entertainment": 0.064, "education": 0.049, "lifestyle_services": 0.048, "geographic_entities": 0.041, "cultural_and_historic": 0.029, "sports_and_recreation": 0.026, "travel_and_transportation": 0.024}, "cluster": -1}}, {"type": "Feature", "geometry": {"type": "Polygon", "coordinates": [[[132.448257, 34.355926], [132.448076, 34.360454], [132.443833, 34.36279], [132.439772, 34.360598], [132.439953, 34.35607], [132.444196, 34.353734], [132.448257, 34.355926]]]}, "properties": {"h3": "882e69b5bdfffff", "poi": 28, "richness": 7, "hill_q1": 5.16, "hill_q2": 4.17, "top_share": 0.393, "flagged": false, "dominant": "services_and_business", "dna": {"services_and_business": 0.393, "food_and_drink": 0.214, "sports_and_recreation": 0.143, "shopping": 0.107, "lifestyle_services": 0.071, "community_and_government": 0.036, "travel_and_transportation": 0.036}, "tfidf": {"services_and_business": 0.393, "food_and_drink": 0.229, "sports_and_recreation": 0.183, "shopping": 0.11, "lifestyle_services": 0.086, "community_and_government": 0.05, "travel_and_transportation": 0.043}, "cluster": -1}}, {"type": "Feature", "geometry": {"type": "Polygon", "coordinates": [[[132.469292, 34.348771], [132.469112, 34.3533], [132.464869, 34.355637], [132.460806, 34.353445], [132.460986, 34.348917], [132.465229, 34.34658], [132.469292, 34.348771]]]}, "properties": {"h3": "882e69b5e3fffff", "poi": 38, "richness": 9, "hill_q1": 5.612, "hill_q2": 4.513, "top_share": 0.289, "flagged": false, "dominant": "food_and_drink", "dna": {"food_and_drink": 0.289, "services_and_business": 0.289, "shopping": 0.211, "travel_and_transportation": 0.079, "arts_and_entertainment": 0.026, "community_and_government": 0.026, "cultural_and_historic": 0.026, "education": 0.026, "sports_and_recreation": 0.026}, "tfidf": {"food_and_drink": 0.31, "services_and_business": 0.289, "shopping": 0.216, "travel_and_transportation": 0.096, "arts_and_entertainment": 0.042, "cultural_and_historic": 0.039, "community_and_government": 0.037, "sports_and_recreation": 0.034, "education": 0.033}, "cluster": -1}}, {"type": "Feature", "geometry": {"type": "Polygon", "coordinates": [[[132.473176, 34.355491], [132.472996, 34.36002], [132.468752, 34.362357], [132.464688, 34.360165], [132.464869, 34.355637], [132.469112, 34.3533], [132.473176, 34.355491]]]}, "properties": {"h3": "882e69b5e7fffff", "poi": 41, "richness": 10, "hill_q1": 7.441, "hill_q2": 6.113, "top_share": 0.268, "flagged": false, "dominant": "shopping", "dna": {"shopping": 0.268, "services_and_business": 0.22, "food_and_drink": 0.122, "community_and_government": 0.098, "health_care": 0.098, "sports_and_recreation": 0.073, "travel_and_transportation": 0.049, "cultural_and_historic": 0.024, "education": 0.024, "geographic_entities": 0.024}, "tfidf": {"shopping": 0.276, "services_and_business": 0.22, "community_and_government": 0.137, "food_and_drink": 0.13, "health_care": 0.121, "sports_and_recreation": 0.094, "travel_and_transportation": 0.059, "geographic_entities": 0.05, "cultural_and_historic": 0.036, "education": 0.03}, "cluster": -1}}]}