{"type": "FeatureCollection", "metadata": {"source": "2026-09-23.1", "bbox": [-0.22, 51.3906, -0.02, 51.6294], "h3_res": 8, "taxonomy_level": 1, "min_poi": 10, "providers_pct": {"meta": 60.8, "Microsoft": 18.8, "Foursquare": 17.1, "AllThePlaces": 2.9, "DAC": 0.2, "PinMeTo": 0.1, "RenderSEO": 0.0}}, "features": [{"type": "Feature", "geometry": {"type": "Polygon", "coordinates": [[[-0.053181, 51.393641], [-0.059873, 51.392448], [-0.061099, 51.38797], [-0.055634, 51.384686], [-0.048943, 51.38588], [-0.047716, 51.390358], [-0.053181, 51.393641]]]}, "properties": {"h3": "88194ac249fffff", "poi": 12, "richness": 6, "hill_q1": 4.663, "hill_q2": 3.789, "top_share": 0.417, "flagged": false, "dominant": "services_and_business", "dna": {"services_and_business": 0.417, "sports_and_recreation": 0.25, "community_and_government": 0.083, "lodging": 0.083, "shopping": 0.083, "travel_and_transportation": 0.083}, "tfidf": {"services_and_business": 0.417, "sports_and_recreation": 0.253, "lodging": 0.114, "community_and_government": 0.091, "travel_and_transportation": 0.086, "shopping": 0.084}, "cluster": -1}}, {"type": "Feature", "geometry": {"type": "Polygon", "coordinates": [[[-0.065339, 51.395731], [-0.072032, 51.394537], [-0.073257, 51.390058], [-0.067791, 51.386775], [-0.061099, 51.38797], [-0.059873, 51.392448], [-0.065339, 51.395731]]]}, "properties": {"h3": "88194ac24dfffff", "poi": 118, "richness": 13, "hill_q1": 9.395, "hill_q2": 7.543, "top_share": 0.263, "flagged": false, "dominant": "services_and_business", "dna": {"services_and_business": 0.263, "shopping": 0.119, "lifestyle_services": 0.11, "education": 0.102, "food_and_drink": 0.093, "travel_and_transportation": 0.085, "health_care": 0.068, "sports_and_recreation": 0.068, "arts_and_entertainment": 0.025, "community_and_government": 0.025, "cultural_and_historic": 0.017, "geographic_entities": 0.017, "lodging": 0.008}, "tfidf": {"services_and_business": 0.263, "shopping": 0.12, "lifestyle_services": 0.117, "education": 0.105, "food_and_drink": 0.097, "travel_and_transportation": 0.087, "health_care": 0.074, "sports_and_recreation": 0.069, "geographic_entities": 0.032, "arts_and_entertainment": 0.028, "community_and_government": 0.028, "cultural_and_historic": 0.018, "lodging": 0.012}, "cluster": -1}}, {"type": "Feature", "geometry": {"type": "Polygon", "coordinates": [[[-0.097581, 51.394233], [-0.104275, 51.393036], [-0.105498, 51.388557], [-0.100028, 51.385275], [-0.093335, 51.386471], [-0.092111, 51.39095], [-0.097581, 51.394233]]]}, "properties": {"h3": "88194ac26dfffff", "poi": 31, "richness": 10, "hill_q1": 7.153, "hill_q2": 5.62, "top_share": 0.323, "flagged": false, "dominant": "services_and_business", "dna": {"services_and_business": 0.323, "lifestyle_services": 0.161, "education": 0.129, "shopping": 0.129, "food_and_drink": 0.097, "arts_and_entertainment": 0.032, "community_and_government": 0.032, "cultural_and_historic": 0.032, "sports_and_recreation": 0.032, "travel_and_transportation": 0.032}, "tfidf": {"services_and_business": 0.323, "lifestyle_services": 0.171, "education": 0.134, "shopping": 0.131, "food_and_drink": 0.101, "arts_and_entertainment": 0.035, "community_and_government": 0.035, "cultural_and_historic": 0.035, "travel_and_transportation": 0.033, "sports_and_recreation": 0.033}, "cluster": -1}}, {"type": "Feature", "geometry": {"type": "Polygon", "coordinates": [[[-0.146254, 51.402568], [-0.15295, 51.401368], [-0.15417, 51.396888], [-0.148695, 51.393608], [-0.141999, 51.394807], [-0.140778, 51.399287], [-0.146254, 51.402568]]]}, "properties": {"h3": "88194ac341fffff", "poi": 40, "richness": 10, "hill_q1": 6.568, "hill_q2": 4.848, "top_share": 0.375, "flagged": false, "dominant": "services_and_business", "dna": {"services_and_business": 0.375, "travel_and_transportation": 0.175, "cultural_and_historic": 0.1, "food_and_drink": 0.1, "shopping": 0.1, "geographic_entities": 0.05, "community_and_government": 0.025, "health_care": 0.025, "lifestyle_services": 0.025, "sports_and_recreation": 0.025}, "tfidf": {"services_and_business": 0.375, "travel_and_transportation": 0.18, "cultural_and_historic": 0.108, "food_and_drink": 0.105, "shopping": 0.101, "geographic_entities": 0.096, "community_and_government": 0.027, "health_care": 0.027, "lifestyle_services": 0.027, "sports_and_recreation": 0.025}, "cluster": -1}}, {"type": "Feature", "geometry": {"type": "Polygon", "coordinates": [[[-0.158428, 51.404649], [-0.165125, 51.403449], [-0.166344, 51.398968], [-0.160867, 51.395688], [-0.15417, 51.396888], [-0.15295, 51.401368], [-0.158428, 51.404649]]]}, "properties": {"h3": "88194ac345fffff", "poi": 47, "richness": 12, "hill_q1": 10.284, "hill_q2": 9.243, "top_share": 0.17, "flagged": false, "dominant": "shopping", "dna": {"shopping": 0.17, "services_and_business": 0.149, "food_and_drink": 0.128, "education": 0.106, "community_and_government": 0.085, "health_care": 0.085, "cultural_and_historic": 0.064, "sports_and_recreation": 0.064, "travel_and_transportation": 0.064, "geographic_entities": 0.043, "arts_and_entertainment": 0.021, "lifestyle_services": 0.021}, "tfidf": {"shopping": 0.172, "services_and_business": 0.149, "food_and_drink": 0.133, "education": 0.11, "community_and_government": 0.093, "health_care": 0.092, "geographic_entities": 0.082, "cultural_and_historic": 0.069, "travel_and_transportation": 0.066, "sports_and_recreation": 0.065, "arts_and_entertainment": 0.023, "lifestyle_services": 0.023}, "cluster": -1}}, {"type": "Feature", "geometry": {"type": "Polygon", "coordinates": [[[-0.15417, 51.396888], [-0.160867, 51.395688], [-0.162086, 51.391208], [-0.15661, 51.387927], [-0.149915, 51.389127], [-0.148695, 51.393608], [-0.15417, 51.396888]]]}, "properties": {"h3": "88194ac347fffff", "poi": 15, "richness": 5, "hill_q1": 3.811, "hill_q2": 3.169, "top_share": 0.467, "flagged": false, "dominant": "services_and_business", "dna": {"services_and_business": 0.467, "shopping": 0.267, "travel_and_transportation": 0.133, "food_and_drink": 0.067, "sports_and_recreation": 0.067}, "tfidf": {"services_and_business": 0.467, "shopping": 0.27, "travel_and_transportation": 0.137, "food_and_drink": 0.07, "sports_and_recreation": 0.068}, "cluster": -1}}, {"type": "Feature", "geometry": {"type": "Polygon", "coordinates": [[[-0.138336, 51.408246], [-0.145033, 51.407047], [-0.146254, 51.402568], [-0.140778, 51.399287], [-0.134082, 51.400486], [-0.132861, 51.404965], [-0.138336, 51.408246]]]}, "properties": {"h3": "88194ac349fffff", "poi": 88, "richness": 11, "hill_q1": 7.108, "hill_q2": 4.81, "top_share": 0.398, "flagged": false, "dominant": "services_and_business", "dna": {"services_and_business": 0.398, "shopping": 0.159, "health_care": 0.068, "travel_and_transportation": 0.068, "food_and_drink": 0.057, "lifestyle_services": 0.057, "sports_and_recreation": 0.057, "cultural_and_historic": 0.045, "education": 0.045, "community_and_government": 0.034, "arts_and_entertainment": 0.011}, "tfidf": {"services_and_business": 0.398, "shopping": 0.161, "health_care": 0.074, "travel_and_transportation": 0.07, "lifestyle_services": 0.06, "food_and_drink": 0.059, "sports_and_recreation": 0.058, "cultural_and_historic": 0.049, "education": 0.047, "community_and_government": 0.037, "arts_and_entertainment": 0.012}, "cluster": -1}}, {"type": "Feature", "geometry": {"type": "Polygon", "coordinates": [[[-0.134082, 51.400486], [-0.140778, 51.399287], [-0.141999, 51.394807], [-0.136525, 51.391526], [-0.12983, 51.392725], [-0.128608, 51.397204], [-0.134082, 51.400486]]]}, "properties": {"h3": "88194ac34bfffff", "poi": 40, "richness": 11, "hill_q1": 8.127, "hill_q2": 6.504, "top_share": 0.275, "flagged": false, "dominant": "services_and_business", "dna": {"services_and_business": 0.275, "shopping": 0.175, "travel_and_transportation": 0.15, "sports_and_recreation": 0.1, "cultural_and_historic": 0.075, "community_and_government": 0.05, "education": 0.05, "lifestyle_services": 0.05, "arts_and_entertainment": 0.025, "food_and_drink": 0.025, "geographic_entities": 0.025}, "tfidf": {"services_and_business": 0.275, "shopping": 0.177, "travel_and_transportation": 0.154, "sports_and_recreation": 0.101, "cultural_and_historic": 0.081, "community_and_government": 0.054, "lifestyle_services": 0.053, "education": 0.052, "geographic_entities": 0.048, "arts_and_entertainment": 0.027, "food_and_drink": 0.026}, "cluster": -1}}, {"type": "Feature", "geometry": {"type": "Polygon", "coordinates": [[[-0.15051, 51.410328], [-0.157208, 51.409129], [-0.158428, 51.404649], [-0.15295, 51.401368], [-0.146254, 51.402568], [-0.145033, 51.407047], [-0.15051, 51.410328]]]}, "properties": {"h3": "88194ac34dfffff", "poi": 56, "richness": 11, "hill_q1": 7.134, "hill_q2": 4.9, "top_share": 0.393, "flagged": false, "dominant": "services_and_business", "dna": {"services_and_business": 0.393, "travel_and_transportation": 0.143, "sports_and_recreation": 0.089, "community_and_government": 0.071, "education": 0.071, "health_care": 0.071, "shopping": 0.054, "cultural_and_historic": 0.036, "lifestyle_services": 0.036, "arts_and_entertainment": 0.018, "food_and_drink": 0.018}, "tfidf": {"services_and_business": 0.393, "travel_and_transportation": 0.147, "sports_and_recreation": 0.091, "community_and_government": 0.078, "health_care": 0.078, "education": 0.074, "shopping": 0.054, "cultural_and_historic": 0.039, "lifestyle_services": 0.038, "arts_and_entertainment": 0.019, "food_and_drink": 0.019}, "cluster": -1}}, {"type": "Feature", "geometry": {"type": "Polygon", "coordinates": [[[-0.12983, 51.392725], [-0.136525, 51.391526], [-0.137746, 51.387046], [-0.132272, 51.383765], [-0.125579, 51.384963], [-0.124357, 51.389443], [-0.12983, 51.392725]]]}, "properties": {"h3": "88194ac35dfffff", "poi": 11, "richness": 4, "hill_q1": 3.947, "hill_q2": 3.903, "top_share": 0.273, "flagged": false, "dominant": "services_and_business", "dna": {"services_and_business": 0.273, "shopping": 0.273, "travel_and_transportation": 0.273, "food_and_drink": 0.182}, "tfidf": {"travel_and_transportation": 0.281, "shopping": 0.276, "services_and_business": 0.273, "food_and_drink": 0.19}, "cluster": -1}}, {"type": "Feature", "geometry": {"type": "Polygon", "coordinates": [[[-0.17852, 51.401048], [-0.185217, 51.399846], [-0.186435, 51.395365], [-0.180956, 51.392085], [-0.174259, 51.393287], [-0.173041, 51.397768], [-0.17852, 51.401048]]]}, "properties": {"h3": "88194ac361fffff", "poi": 118, "richness": 10, "hill_q1": 5.306, "hill_q2": 3.52, "top_share": 0.483, "flagged": false, "dominant": "services_and_business", "dna": {"services_and_business": 0.483, "shopping": 0.169, "travel_and_transportation": 0.11, "education": 0.059, "sports_and_recreation": 0.051, "health_care": 0.042, "arts_and_entertainment": 0.025, "community_and_government": 0.025, "lifestyle_services": 0.025, "food_and_drink": 0.008}, "tfidf": {"services_and_business": 0.483, "shopping": 0.172, "travel_and_transportation": 0.113, "education": 0.061, "sports_and_recreation": 0.052, "health_care": 0.046, "arts_and_entertainment": 0.028, "community_and_government": 0.028, "lifestyle_services": 0.027, "food_and_drink": 0.009}, "cluster": -1}}, {"type": "Feature", "geometry": {"type": "Polygon", "coordinates": [[[-0.174259, 51.393287], [-0.180956, 51.392085], [-0.182174, 51.387604], [-0.176696, 51.384324], [-0.17, 51.385526], [-0.168782, 51.390007], [-0.174259, 51.393287]]]}, "properties": {"h3": "88194ac363fffff", "poi": 15, "richness": 7, "hill_q1": 5.028, "hill_q2": 3.689, "top_share": 0.467, "flagged": false, "dominant": "services_and_business", "dna": {"services_and_business": 0.467, "education": 0.133, "food_and_drink": 0.133, "arts_and_entertainment": 0.067, "lifestyle_services": 0.067, "shopping": 0.067, "sports_and_recreation": 0.067}, "tfidf": {"services_and_business": 0.467, "food_and_drink": 0.139, "education": 0.138, "arts_and_entertainment": 0.073, "lifestyle_services": 0.071, "sports_and_recreation": 0.068, "shopping": 0.067}, "cluster": -1}}, {"type": "Feature", "geometry": {"type": "Polygon", "coordinates": [[[-0.190698, 51.403126], [-0.197396, 51.401923], [-0.198613, 51.397442], [-0.193132, 51.394163], [-0.186435, 51.395365], [-0.185217, 51.399846], [-0.190698, 51.403126]]]}, "properties": {"h3": "88194ac365fffff", "poi": 359, "richness": 12, "hill_q1": 7.346, "hill_q2": 5.438, "top_share": 0.334, "flagged": false, "dominant": "services_and_business", "dna": {"services_and_business": 0.334, "shopping": 0.17, "food_and_drink": 0.162, "lifestyle_services": 0.075, "travel_and_transportation": 0.067, "education": 0.053, "health_care": 0.045, "community_and_government": 0.036, "arts_and_entertainment": 0.019, "cultural_and_historic": 0.017, "sports_and_recreation": 0.017, "lodging": 0.006}, "tfidf": {"services_and_business": 0.334, "shopping": 0.172, "food_and_drink": 0.169, "lifestyle_services": 0.08, "travel_and_transportation": 0.069, "education": 0.055, "health_care": 0.048, "community_and_government": 0.039, "arts_and_entertainment": 0.021, "cultural_and_historic": 0.018, "sports_and_recreation": 0.017, "lodging": 0.008}, "cluster": -1}}, {"type": "Feature", "geometry": {"type": "Polygon", "coordinates": [[[-0.186435, 51.395365], [-0.193132, 51.394163], [-0.194349, 51.389681], [-0.18887, 51.386402], [-0.182174, 51.387604], [-0.180956, 51.392085], [-0.186435, 51.395365]]]}, "properties": {"h3": "88194ac367fffff", "poi": 27, "richness": 9, "hill_q1": 6.009, "hill_q2": 4.528, "top_share": 0.333, "flagged": false, "dominant": "services_and_business", "dna": {"services_and_business": 0.333, "shopping": 0.296, "lifestyle_services": 0.074, "sports_and_recreation": 0.074, "travel_and_transportation": 0.074, "community_and_government": 0.037, "cultural_and_historic": 0.037, "education": 0.037, "health_care": 0.037}, "tfidf": {"services_and_business": 0.333, "shopping": 0.3, "lifestyle_services": 0.079, "travel_and_transportation": 0.076, "sports_and_recreation": 0.075, "community_and_government": 0.04, "health_care": 0.04, "cultural_and_historic": 0.04, "education": 0.038}, "cluster": -1}}, {"type": "Feature", "geometry": {"type": "Polygon", "coordinates": [[[-0.170603, 51.406729], [-0.177301, 51.405528], [-0.17852, 51.401048], [-0.173041, 51.397768], [-0.166344, 51.398968], [-0.165125, 51.403449], [-0.170603, 51.406729]]]}, "properties": {"h3": "88194ac369fffff", "poi": 211, "richness": 12, "hill_q1": 6.509, "hill_q2": 3.967, "top_share": 0.464, "flagged": false, "dominant": "services_and_business", "dna": {"services_and_business": 0.464, "shopping": 0.128, "education": 0.066, "travel_and_transportation": 0.062, "health_care": 0.057, "cultural_and_historic": 0.052, "community_and_government": 0.043, "food_and_drink": 0.038, "arts_and_entertainment": 0.033, "lifestyle_services": 0.033, "sports_and_recreation": 0.019, "lodging": 0.005}, "tfidf": {"services_and_business": 0.464, "shopping": 0.129, "education": 0.069, "travel_and_transportation": 0.063, "health_care": 0.062, "cultural_and_historic": 0.056, "community_and_government": 0.046, "food_and_drink": 0.04, "arts_and_entertainment": 0.036, "lifestyle_services": 0.035, "sports_and_recreation": 0.019, "lodging": 0.006}, "cluster": -1}}, {"type": "Feature", "geometry": {"type": "Polygon", "coordinates": [[[-0.166344, 51.398968], [-0.173041, 51.397768], [-0.174259, 51.393287], [-0.168782, 51.390007], [-0.162086, 51.391208], [-0.160867, 51.395688], [-0.166344, 51.398968]]]}, "properties": {"h3": "88194ac36bfffff", "poi": 180, "richness": 12, "hill_q1": 5.345, "hill_q2": 3.662, "top_share": 0.439, "flagged": false, "dominant": "services_and_business", "dna": {"services_and_business": 0.439, "shopping": 0.244, "travel_and_transportation": 0.122, "education": 0.05, "sports_and_recreation": 0.039, "community_and_government": 0.022, "lifestyle_services": 0.022, "arts_and_entertainment": 0.017, "cultural_and_historic": 0.011, "food_and_drink": 0.011, "geographic_entities": 0.011, "health_care": 0.011}, "tfidf": {"services_and_business": 0.439, "shopping": 0.247, "travel_and_transportation": 0.126, "education": 0.052, "sports_and_recreation": 0.039, "community_and_government": 0.024, "lifestyle_services": 0.024, "geographic_entities": 0.021, "arts_and_entertainment": 0.018, "health_care": 0.012, "cultural_and_historic": 0.012, "food_and_drink": 0.012}, "cluster": -1}}, {"type": "Feature", "geometry": {"type": "Polygon", "coordinates": [[[-0.182781, 51.408808], [-0.18948, 51.407607], [-0.190698, 51.403126], [-0.185217, 51.399846], [-0.17852, 51.401048], [-0.177301, 51.405528], [-0.182781, 51.408808]]]}, "properties": {"h3": "88194ac36dfffff", "poi": 80, "richness": 11, "hill_q1": 7.303, "hill_q2": 4.908, "top_share": 0.4, "flagged": false, "dominant": "services_and_business", "dna": {"services_and_business": 0.4, "education": 0.1, "shopping": 0.1, "travel_and_transportation": 0.088, "sports_and_recreation": 0.075, "arts_and_entertainment": 0.063, "community_and_government": 0.05, "health_care": 0.038, "lifestyle_services": 0.038, "cultural_and_historic": 0.025, "food_and_drink": 0.025}, "tfidf": {"services_and_business": 0.4, "education": 0.104, "shopping": 0.101, "travel_and_transportation": 0.09, "sports_and_recreation": 0.076, "arts_and_entertainment": 0.068, "community_and_government": 0.054, "health_care": 0.041, "lifestyle_services": 0.04, "cultural_and_historic": 0.027, "food_and_drink": 0.026}, "cluster": -1}}, {"type": "Feature", "geometry": {"type": "Polygon", "coordinates": [[[-0.046931, 51.46287], [-0.053631, 51.461679], [-0.054859, 51.457205], [-0.049388, 51.453921], [-0.042689, 51.455112], [-0.04146, 51.459586], [-0.046931, 51.46287]]]}, "properties": {"h3": "88194ad001fffff", "poi": 58, "richness": 11, "hill_q1": 8.847, "hill_q2": 7.509, "top_share": 0.224, "flagged": false, "dominant": "services_and_business", "dna": {"services_and_business": 0.224, "education": 0.172, "shopping": 0.155, "arts_and_entertainment": 0.086, "cultural_and_historic": 0.086, "food_and_drink": 0.069, "community_and_government": 0.052, "health_care": 0.052, "travel_and_transportation": 0.052, "sports_and_recreation": 0.034, "lifestyle_services": 0.017}, "tfidf": {"services_and_business": 0.224, "education": 0.179, "shopping": 0.157, "arts_and_entertainment": 0.094, "cultural_and_historic": 0.093, "food_and_drink": 0.072, "community_and_government": 0.056, "health_care": 0.056, "travel_and_transportation": 0.053, "sports_and_recreation": 0.035, "lifestyle_services": 0.018}, "cluster": -1}}, {"type": "Feature", "geometry": {"type": "Polygon", "coordinates": [[[-0.042689, 51.455112], [-0.049388, 51.453921], [-0.050616, 51.449447], [-0.045146, 51.446163], [-0.038448, 51.447354], [-0.037219, 51.451828], [-0.042689, 51.455112]]]}, "properties": {"h3": "88194ad003fffff", "poi": 138, "richness": 12, "hill_q1": 9.139, "hill_q2": 7.691, "top_share": 0.21, "flagged": false, "dominant": "services_and_business", "dna": {"services_and_business": 0.21, "food_and_drink": 0.188, "shopping": 0.138, "lifestyle_services": 0.101, "sports_and_recreation": 0.087, "travel_and_transportation": 0.072, "community_and_government": 0.058, "health_care": 0.043, "education": 0.036, "arts_and_entertainment": 0.029, "cultural_and_historic": 0.029, "lodging": 0.007}, "tfidf": {"services_and_business": 0.21, "food_and_drink": 0.197, "shopping": 0.139, "lifestyle_services": 0.108, "sports_and_recreation": 0.088, "travel_and_transportation": 0.075, "community_and_government": 0.063, "health_care": 0.047, "education": 0.038, "arts_and_entertainment": 0.032, "cultural_and_historic": 0.031, "lodging": 0.01}, "cluster": -1}}, {"type": "Feature", "geometry": {"type": "Polygon", "coordinates": [[[-0.059104, 51.464963], [-0.065804, 51.463771], [-0.067032, 51.459296], [-0.061559, 51.456013], [-0.054859, 51.457205], [-0.053631, 51.461679], [-0.059104, 51.464963]]]}, "properties": {"h3": "88194ad005fffff", "poi": 69, "richness": 13, "hill_q1": 8.401, "hill_q2": 6.531, "top_share": 0.275, "flagged": false, "dominant": "sports_and_recreation", "dna": {"sports_and_recreation": 0.275, "services_and_business": 0.174, "food_and_drink": 0.145, "shopping": 0.101, "education": 0.087, "health_care": 0.058, "cultural_and_historic": 0.043, "geographic_entities": 0.043, "arts_and_entertainment": 0.014, "community_and_government": 0.014, "lifestyle_services": 0.014, "lodging": 0.014, "travel_and_transportation": 0.014}, "tfidf": {"sports_and_recreation": 0.279, "services_and_business": 0.174, "food_and_drink": 0.151, "shopping": 0.103, "education": 0.09, "geographic_entities": 0.083, "health_care": 0.063, "cultural_and_historic": 0.047, "lodging": 0.02, "arts_and_entertainment": 0.016, "community_and_government": 0.016, "lifestyle_services": 0.015, "travel_and_transportation": 0.015}, "cluster": -1}}, {"type": "Feature", "geometry": {"type": "Polygon", "coordinates": [[[-0.054859, 51.457205], [-0.061559, 51.456013], [-0.062786, 51.451538], [-0.057315, 51.448255], [-0.050616, 51.449447], [-0.049388, 51.453921], [-0.054859, 51.457205]]]}, "properties": {"h3": "88194ad007fffff", "poi": 69, "richness": 12, "hill_q1": 8.309, "hill_q2": 6.585, "top_share": 0.246, "flagged": false, "dominant": "services_and_business", "dna": {"services_and_business": 0.246, "food_and_drink": 0.188, "shopping": 0.188, "cultural_and_historic": 0.087, "education": 0.058, "lifestyle_services": 0.058, "community_and_government": 0.043, "sports_and_recreation": 0.043, "lodging": 0.029, "travel_and_transportation": 0.029, "arts_and_entertainment": 0.014, "health_care": 0.014}, "tfidf": {"services_and_business": 0.246, "food_and_drink": 0.197, "shopping": 0.191, "cultural_and_historic": 0.094, "lifestyle_services": 0.062, "education": 0.06, "community_and_government": 0.047, "sports_and_recreation": 0.044, "lodging": 0.04, "travel_and_transportation": 0.03, "arts_and_entertainment": 0.016, "health_care": 0.016}, "cluster": -1}}, {"type": "Feature", "geometry": {"type": "Polygon", "coordinates": [[[-0.039002, 51.468534], [-0.045703, 51.467344], [-0.046931, 51.46287], [-0.04146, 51.459586], [-0.034761, 51.460776], [-0.033532, 51.46525], [-0.039002, 51.468534]]]}, "properties": {"h3": "88194ad009fffff", "poi": 216, "richness": 11, "hill_q1": 7.534, "hill_q2": 5.888, "top_share": 0.287, "flagged": false, "dominant": "services_and_business", "dna": {"services_and_business": 0.287, "shopping": 0.194, "food_and_drink": 0.181, "lifestyle_services": 0.069, "travel_and_transportation": 0.06, "education": 0.051, "health_care": 0.051, "arts_and_entertainment": 0.046, "community_and_government": 0.023, "sports_and_recreation": 0.023, "cultural_and_historic": 0.014}, "tfidf": {"services_and_business": 0.287, "shopping": 0.197, "food_and_drink": 0.189, "lifestyle_services": 0.074, "travel_and_transportation": 0.062, "health_care": 0.055, "education": 0.053, "arts_and_entertainment": 0.051, "community_and_government": 0.025, "sports_and_recreation": 0.023, "cultural_and_historic": 0.015}, "cluster": -1}}, {"type": "Feature", "geometry": {"type": "Polygon", "coordinates": [[[-0.034761, 51.460776], [-0.04146, 51.459586], [-0.042689, 51.455112], [-0.037219, 51.451828], [-0.030521, 51.453018], [-0.029292, 51.457492], [-0.034761, 51.460776]]]}, "properties": {"h3": "88194ad00bfffff", "poi": 180, "richness": 12, "hill_q1": 6.695, "hill_q2": 4.73, "top_share": 0.378, "flagged": false, "dominant": "services_and_business", "dna": {"services_and_business": 0.378, "food_and_drink": 0.194, "shopping": 0.128, "travel_and_transportation": 0.072, "lifestyle_services": 0.067, "health_care": 0.05, "education": 0.028, "community_and_government": 0.022, "cultural_and_historic": 0.022, "sports_and_recreation": 0.022, "arts_and_entertainment": 0.011, "lodging": 0.006}, "tfidf": {"services_and_business": 0.378, "food_and_drink": 0.203, "shopping": 0.129, "travel_and_transportation": 0.074, "lifestyle_services": 0.071, "health_care": 0.054, "education": 0.029, "community_and_government": 0.024, "cultural_and_historic": 0.024, "sports_and_recreation": 0.023, "arts_and_entertainment": 0.012, "lodging": 0.008}, "cluster": -1}}, {"type": "Feature", "geometry": {"type": "Polygon", "coordinates": [[[-0.051175, 51.470628], [-0.057876, 51.469437], [-0.059104, 51.464963], [-0.053631, 51.461679], [-0.046931, 51.46287], [-0.045703, 51.467344], [-0.051175, 51.470628]]]}, "properties": {"h3": "88194ad00dfffff", "poi": 120, "richness": 12, "hill_q1": 7.638, "hill_q2": 6.05, "top_share": 0.233, "flagged": false, "dominant": "services_and_business", "dna": {"services_and_business": 0.233, "food_and_drink": 0.217, "shopping": 0.217, "lifestyle_services": 0.075, "education": 0.058, "travel_and_transportation": 0.058, "community_and_government": 0.042, "sports_and_recreation": 0.042, "cultural_and_historic": 0.025, "arts_and_entertainment": 0.017, "health_care": 0.008, "lodging": 0.008}, "tfidf": {"services_and_business": 0.233, "food_and_drink": 0.226, "shopping": 0.219, "lifestyle_services": 0.08, "education": 0.06, "travel_and_transportation": 0.06, "community_and_government": 0.045, "sports_and_recreation": 0.042, "cultural_and_historic": 0.027, "arts_and_entertainment": 0.018, "lodging": 0.011, "health_care": 0.009}, "cluster": -1}}, {"type": "Feature", "geometry": {"type": "Polygon", "coordinates": [[[-0.026282, 51.44526], [-0.03298, 51.44407], [-0.034209, 51.439595], [-0.028741, 51.436311], [-0.022045, 51.437501], [-0.020815, 51.441975], [-0.026282, 51.44526]]]}, "properties": {"h3": "88194ad011fffff", "poi": 98, "richness": 12, "hill_q1": 8.682, "hill_q2": 7.041, "top_share": 0.255, "flagged": false, "dominant": "services_and_business", "dna": {"services_and_business": 0.255, "shopping": 0.163, "food_and_drink": 0.143, "travel_and_transportation": 0.102, "lifestyle_services": 0.092, "sports_and_recreation": 0.071, "education": 0.051, "arts_and_entertainment": 0.031, "health_care": 0.031, "lodging": 0.031, "cultural_and_historic": 0.02, "community_and_government": 0.01}, "tfidf": {"services_and_business": 0.255, "shopping": 0.165, "food_and_drink": 0.149, "travel_and_transportation": 0.105, "lifestyle_services": 0.097, "sports_and_recreation": 0.072, "education": 0.053, "lodging": 0.042, "arts_and_entertainment": 0.033, "health_care": 0.033, "cultural_and_historic": 0.022, "community_and_government": 0.011}, "cluster": -1}}, {"type": "Feature", "geometry": {"type": "Polygon", "coordinates": [[[-0.022045, 51.437501], [-0.028741, 51.436311], [-0.02997, 51.431836], [-0.024504, 51.428551], [-0.017809, 51.429742], [-0.016579, 51.434216], [-0.022045, 51.437501]]]}, "properties": {"h3": "88194ad013fffff", "poi": 80, "richness": 11, "hill_q1": 8.509, "hill_q2": 6.625, "top_share": 0.288, "flagged": false, "dominant": "services_and_business", "dna": {"services_and_business": 0.288, "shopping": 0.188, "cultural_and_historic": 0.088, "lifestyle_services": 0.075, "community_and_government": 0.063, "health_care": 0.063, "sports_and_recreation": 0.063, "education": 0.05, "food_and_drink": 0.05, "travel_and_transportation": 0.05, "arts_and_entertainment": 0.025}, "tfidf": {"services_and_business": 0.288, "shopping": 0.19, "cultural_and_historic": 0.095, "lifestyle_services": 0.08, "community_and_government": 0.068, "health_care": 0.068, "sports_and_recreation": 0.063, "food_and_drink": 0.052, "education": 0.052, "travel_and_transportation": 0.051, "arts_and_entertainment": 0.027}, "cluster": -1}}, {"type": "Feature", "geometry": {"type": "Polygon", "coordinates": [[[-0.038448, 51.447354], [-0.045146, 51.446163], [-0.046374, 51.441688], [-0.040905, 51.438404], [-0.034209, 51.439595], [-0.03298, 51.44407], [-0.038448, 51.447354]]]}, "properties": {"h3": "88194ad015fffff", "poi": 161, "richness": 11, "hill_q1": 8.526, "hill_q2": 7.0, "top_share": 0.273, "flagged": false, "dominant": "services_and_business", "dna": {"services_and_business": 0.273, "shopping": 0.124, "food_and_drink": 0.118, "lifestyle_services": 0.112, "travel_and_transportation": 0.112, "community_and_government": 0.075, "health_care": 0.062, "education": 0.043, "cultural_and_historic": 0.037, "arts_and_entertainment": 0.031, "sports_and_recreation": 0.012}, "tfidf": {"services_and_business": 0.273, "shopping": 0.126, "food_and_drink": 0.123, "lifestyle_services": 0.119, "travel_and_transportation": 0.115, "community_and_government": 0.081, "health_care": 0.067, "education": 0.045, "cultural_and_historic": 0.04, "arts_and_entertainment": 0.034, "sports_and_recreation": 0.013}, "cluster": -1}}, {"type": "Feature", "geometry": {"type": "Polygon", "coordinates": [[[-0.034209, 51.439595], [-0.040905, 51.438404], [-0.042134, 51.433929], [-0.036666, 51.430645], [-0.02997, 51.431836], [-0.028741, 51.436311], [-0.034209, 51.439595]]]}, "properties": {"h3": "88194ad017fffff", "poi": 102, "richness": 11, "hill_q1": 8.828, "hill_q2": 7.286, "top_share": 0.255, "flagged": false, "dominant": "services_and_business", "dna": {"services_and_business": 0.255, "shopping": 0.176, "sports_and_recreation": 0.098, "travel_and_transportation": 0.088, "lifestyle_services": 0.078, "food_and_drink": 0.069, "health_care": 0.069, "cultural_and_historic": 0.059, "education": 0.059, "community_and_government": 0.029, "arts_and_entertainment": 0.02}, "tfidf": {"services_and_business": 0.255, "shopping": 0.179, "sports_and_recreation": 0.099, "travel_and_transportation": 0.091, "lifestyle_services": 0.083, "health_care": 0.074, "food_and_drink": 0.072, "cultural_and_historic": 0.064, "education": 0.061, "community_and_government": 0.032, "arts_and_entertainment": 0.021}, "cluster": -1}}, {"type": "Feature", "geometry": {"type": "Polygon", "coordinates": [[[-0.018355, 51.450924], [-0.025053, 51.449734], [-0.026282, 51.44526], [-0.020815, 51.441975], [-0.014119, 51.443165], [-0.012888, 51.447639], [-0.018355, 51.450924]]]}, "properties": {"h3": "88194ad019fffff", "poi": 163, "richness": 12, "hill_q1": 8.62, "hill_q2": 6.896, "top_share": 0.215, "flagged": false, "dominant": "services_and_business", "dna": {"services_and_business": 0.215, "shopping": 0.209, "food_and_drink": 0.19, "education": 0.067, "community_and_government": 0.055, "lifestyle_services": 0.055, "sports_and_recreation": 0.055, "arts_and_entertainment": 0.043, "cultural_and_historic": 0.043, "travel_and_transportation": 0.037, "lodging": 0.018, "health_care": 0.012}, "tfidf": {"services_and_business": 0.215, "shopping": 0.211, "food_and_drink": 0.199, "education": 0.07, "community_and_government": 0.06, "lifestyle_services": 0.059, "sports_and_recreation": 0.056, "arts_and_entertainment": 0.047, "cultural_and_historic": 0.046, "travel_and_transportation": 0.038, "lodging": 0.025, "health_care": 0.013}, "cluster": -1}}, {"type": "Feature", "geometry": {"type": "Polygon", "coordinates": [[[-0.014119, 51.443165], [-0.020815, 51.441975], [-0.022045, 51.437501], [-0.016579, 51.434216], [-0.009884, 51.435406], [-0.008653, 51.43988], [-0.014119, 51.443165]]]}, "properties": {"h3": "88194ad01bfffff", "poi": 20, "richness": 7, "hill_q1": 5.544, "hill_q2": 4.651, "top_share": 0.3, "flagged": false, "dominant": "services_and_business", "dna": {"services_and_business": 0.3, "shopping": 0.3, "cultural_and_historic": 0.1, "sports_and_recreation": 0.1, "travel_and_transportation": 0.1, "education": 0.05, "health_care": 0.05}, "tfidf": {"shopping": 0.304, "services_and_business": 0.3, "cultural_and_historic": 0.108, "travel_and_transportation": 0.103, "sports_and_recreation": 0.101, "health_care": 0.054, "education": 0.052}, "cluster": -1}}, {"type": "Feature", "geometry": {"type": "Polygon", "coordinates": [[[-0.030521, 51.453018], [-0.037219, 51.451828], [-0.038448, 51.447354], [-0.03298, 51.44407], [-0.026282, 51.44526], [-0.025053, 51.449734], [-0.030521, 51.453018]]]}, "properties": {"h3": "88194ad01dfffff", "poi": 51, "richness": 11, "hill_q1": 7.561, "hill_q2": 5.546, "top_share": 0.353, "flagged": false, "dominant": "services_and_business", "dna": {"services_and_business": 0.353, "food_and_drink": 0.118, "sports_and_recreation": 0.118, "arts_and_entertainment": 0.098, "education": 0.078, "shopping": 0.078, "travel_and_transportation": 0.059, "lifestyle_services": 0.039, "cultural_and_historic": 0.02, "health_care": 0.02, "lodging": 0.02}, "tfidf": {"services_and_business": 0.353, "food_and_drink": 0.123, "sports_and_recreation": 0.119, "arts_and_entertainment": 0.107, "education": 0.081, "shopping": 0.079, "travel_and_transportation": 0.061, "lifestyle_services": 0.042, "lodging": 0.027, "health_care": 0.021, "cultural_and_historic": 0.021}, "cluster": -1}}, {"type": "Feature", "geometry": {"type": "Polygon", "coordinates": [[[-0.079206, 51.461387], [-0.085907, 51.460194], [-0.087133, 51.455719], [-0.081658, 51.452436], [-0.074959, 51.453629], [-0.073732, 51.458104], [-0.079206, 51.461387]]]}, "properties": {"h3": "88194ad021fffff", "poi": 249, "richness": 12, "hill_q1": 8.269, "hill_q2": 6.831, "top_share": 0.205, "flagged": false, "dominant": "shopping", "dna": {"shopping": 0.205, "food_and_drink": 0.201, "services_and_business": 0.201, "lifestyle_services": 0.08, "travel_and_transportation": 0.08, "health_care": 0.068, "sports_and_recreation": 0.048, "education": 0.044, "arts_and_entertainment": 0.036, "community_and_government": 0.024, "cultural_and_historic": 0.008, "lodging": 0.004}, "tfidf": {"food_and_drink": 0.21, "shopping": 0.207, "services_and_business": 0.201, "lifestyle_services": 0.085, "travel_and_transportation": 0.083, "health_care": 0.074, "sports_and_recreation": 0.049, "education": 0.046, "arts_and_entertainment": 0.039, "community_and_government": 0.026, "cultural_and_historic": 0.009, "lodging": 0.005}, "cluster": -1}}, {"type": "Feature", "geometry": {"type": "Polygon", "coordinates": [[[-0.074959, 51.453629], [-0.081658, 51.452436], [-0.082884, 51.44796], [-0.077411, 51.444678], [-0.070712, 51.445871], [-0.069486, 51.450346], [-0.074959, 51.453629]]]}, "properties": {"h3": "88194ad023fffff", "poi": 106, "richness": 11, "hill_q1": 8.148, "hill_q2": 6.548, "top_share": 0.283, "flagged": false, "dominant": "services_and_business", "dna": {"services_and_business": 0.283, "food_and_drink": 0.151, "shopping": 0.142, "lifestyle_services": 0.113, "cultural_and_historic": 0.075, "health_care": 0.066, "travel_and_transportation": 0.057, "education": 0.047, "sports_and_recreation": 0.028, "arts_and_entertainment": 0.019, "community_and_government": 0.019}, "tfidf": {"services_and_business": 0.283, "food_and_drink": 0.158, "shopping": 0.143, "lifestyle_services": 0.12, "cultural_and_historic": 0.082, "health_care": 0.072, "travel_and_transportation": 0.058, "education": 0.049, "sports_and_recreation": 0.029, "arts_and_entertainment": 0.021, "community_and_government": 0.021}, "cluster": -1}}, {"type": "Feature", "geometry": {"type": "Polygon", "coordinates": [[[-0.091383, 51.463476], [-0.098085, 51.462283], [-0.09931, 51.457807], [-0.093834, 51.454525], [-0.087133, 51.455719], [-0.085907, 51.460194], [-0.091383, 51.463476]]]}, "properties": {"h3": "88194ad025fffff", "poi": 80, "richness": 11, "hill_q1": 8.883, "hill_q2": 7.656, "top_share": 0.225, "flagged": false, "dominant": "services_and_business", "dna": {"services_and_business": 0.225, "shopping": 0.15, "education": 0.125, "travel_and_transportation": 0.125, "sports_and_recreation": 0.113, "health_care": 0.075, "food_and_drink": 0.063, "cultural_and_historic": 0.038, "lifestyle_services": 0.038, "arts_and_entertainment": 0.025, "community_and_government": 0.025}, "tfidf": {"services_and_business": 0.225, "shopping": 0.152, "education": 0.13, "travel_and_transportation": 0.129, "sports_and_recreation": 0.114, "health_care": 0.081, "food_and_drink": 0.065, "cultural_and_historic": 0.041, "lifestyle_services": 0.04, "arts_and_entertainment": 0.027, "community_and_government": 0.027}, "cluster": -1}}, {"type": "Feature", "geometry": {"type": "Polygon", "coordinates": [[[-0.087133, 51.455719], [-0.093834, 51.454525], [-0.095059, 51.450049], [-0.089584, 51.446767], [-0.082884, 51.44796], [-0.081658, 51.452436], [-0.087133, 51.455719]]]}, "properties": {"h3": "88194ad027fffff", "poi": 137, "richness": 10, "hill_q1": 7.845, "hill_q2": 6.533, "top_share": 0.241, "flagged": false, "dominant": "services_and_business", "dna": {"services_and_business": 0.241, "shopping": 0.204, "food_and_drink": 0.175, "sports_and_recreation": 0.08, "travel_and_transportation": 0.073, "education": 0.058, "health_care": 0.051, "lifestyle_services": 0.051, "arts_and_entertainment": 0.036, "cultural_and_historic": 0.029}, "tfidf": {"services_and_business": 0.241, "shopping": 0.207, "food_and_drink": 0.183, "sports_and_recreation": 0.081, "travel_and_transportation": 0.075, "education": 0.061, "health_care": 0.055, "lifestyle_services": 0.054, "arts_and_entertainment": 0.04, "cultural_and_historic": 0.032}, "cluster": -1}}, {"type": "Feature", "geometry": {"type": "Polygon", "coordinates": [[[-0.071278, 51.467054], [-0.07798, 51.465862], [-0.079206, 51.461387], [-0.073732, 51.458104], [-0.067032, 51.459296], [-0.065804, 51.463771], [-0.071278, 51.467054]]]}, "properties": {"h3": "88194ad029fffff", "poi": 292, "richness": 12, "hill_q1": 8.402, "hill_q2": 6.85, "top_share": 0.216, "flagged": false, "dominant": "food_and_drink", "dna": {"food_and_drink": 0.216, "shopping": 0.195, "services_and_business": 0.192, "health_care": 0.092, "lifestyle_services": 0.092, "education": 0.045, "cultural_and_historic": 0.041, "travel_and_transportation": 0.038, "arts_and_entertainment": 0.031, "sports_and_recreation": 0.031, "community_and_government": 0.021, "lodging": 0.007}, "tfidf": {"food_and_drink": 0.226, "shopping": 0.198, "services_and_business": 0.192, "health_care": 0.1, "lifestyle_services": 0.098, "education": 0.046, "cultural_and_historic": 0.044, "travel_and_transportation": 0.039, "arts_and_entertainment": 0.034, "sports_and_recreation": 0.031, "community_and_government": 0.022, "lodging": 0.009}, "cluster": -1}}, {"type": "Feature", "geometry": {"type": "Polygon", "coordinates": [[[-0.067032, 51.459296], [-0.073732, 51.458104], [-0.074959, 51.453629], [-0.069486, 51.450346], [-0.062786, 51.451538], [-0.061559, 51.456013], [-0.067032, 51.459296]]]}, "properties": {"h3": "88194ad02bfffff", "poi": 180, "richness": 12, "hill_q1": 8.339, "hill_q2": 6.413, "top_share": 0.3, "flagged": false, "dominant": "services_and_business", "dna": {"services_and_business": 0.3, "shopping": 0.156, "food_and_drink": 0.117, "health_care": 0.106, "travel_and_transportation": 0.078, "lifestyle_services": 0.072, "arts_and_entertainment": 0.039, "education": 0.039, "community_and_government": 0.033, "cultural_and_historic": 0.028, "sports_and_recreation": 0.028, "lodging": 0.006}, "tfidf": {"services_and_business": 0.3, "shopping": 0.157, "food_and_drink": 0.122, "health_care": 0.115, "travel_and_transportation": 0.08, "lifestyle_services": 0.077, "arts_and_entertainment": 0.042, "education": 0.04, "community_and_government": 0.036, "cultural_and_historic": 0.03, "sports_and_recreation": 0.028, "lodging": 0.008}, "cluster": -1}}, {"type": "Feature", "geometry": {"type": "Polygon", "coordinates": [[[-0.083455, 51.469145], [-0.090157, 51.467952], [-0.091383, 51.463476], [-0.085907, 51.460194], [-0.079206, 51.461387], [-0.07798, 51.465862], [-0.083455, 51.469145]]]}, "properties": {"h3": "88194ad02dfffff", "poi": 108, "richness": 11, "hill_q1": 8.774, "hill_q2": 7.515, "top_share": 0.241, "flagged": false, "dominant": "services_and_business", "dna": {"services_and_business": 0.241, "food_and_drink": 0.148, "shopping": 0.13, "education": 0.093, "sports_and_recreation": 0.093, "travel_and_transportation": 0.093, "health_care": 0.074, "community_and_government": 0.046, "cultural_and_historic": 0.046, "lifestyle_services": 0.028, "geographic_entities": 0.009}, "tfidf": {"services_and_business": 0.241, "food_and_drink": 0.155, "shopping": 0.131, "education": 0.096, "travel_and_transportation": 0.095, "sports_and_recreation": 0.094, "health_care": 0.08, "community_and_government": 0.05, "cultural_and_historic": 0.05, "lifestyle_services": 0.029, "geographic_entities": 0.018}, "cluster": -1}}, {"type": "Feature", "geometry": {"type": "Polygon", "coordinates": [[[-0.058542, 51.44378], [-0.06524, 51.442588], [-0.066467, 51.438112], [-0.060996, 51.434829], [-0.054299, 51.436021], [-0.053072, 51.440496], [-0.058542, 51.44378]]]}, "properties": {"h3": "88194ad031fffff", "poi": 240, "richness": 12, "hill_q1": 8.09, "hill_q2": 6.337, "top_share": 0.258, "flagged": false, "dominant": "services_and_business", "dna": {"services_and_business": 0.258, "food_and_drink": 0.225, "shopping": 0.142, "lifestyle_services": 0.083, "travel_and_transportation": 0.058, "arts_and_entertainment": 0.054, "sports_and_recreation": 0.054, "education": 0.046, "health_care": 0.038, "cultural_and_historic": 0.021, "community_and_government": 0.013, "lodging": 0.008}, "tfidf": {"services_and_business": 0.258, "food_and_drink": 0.235, "shopping": 0.143, "lifestyle_services": 0.088, "travel_and_transportation": 0.06, "arts_and_entertainment": 0.059, "sports_and_recreation": 0.055, "education": 0.048, "health_care": 0.041, "cultural_and_historic": 0.023, "community_and_government": 0.014, "lodging": 0.011}, "cluster": -1}}, {"type": "Feature", "geometry": {"type": "Polygon", "coordinates": [[[-0.054299, 51.436021], [-0.060996, 51.434829], [-0.062223, 51.430353], [-0.056754, 51.427069], [-0.050058, 51.428262], [-0.04883, 51.432737], [-0.054299, 51.436021]]]}, "properties": {"h3": "88194ad033fffff", "poi": 166, "richness": 13, "hill_q1": 8.987, "hill_q2": 6.781, "top_share": 0.283, "flagged": false, "dominant": "services_and_business", "dna": {"services_and_business": 0.283, "food_and_drink": 0.157, "shopping": 0.151, "lifestyle_services": 0.072, "arts_and_entertainment": 0.06, "community_and_government": 0.048, "education": 0.048, "travel_and_transportation": 0.048, "health_care": 0.042, "cultural_and_historic": 0.036, "sports_and_recreation": 0.03, "geographic_entities": 0.012, "lodging": 0.012}, "tfidf": {"services_and_business": 0.283, "food_and_drink": 0.164, "shopping": 0.152, "lifestyle_services": 0.077, "arts_and_entertainment": 0.066, "community_and_government": 0.052, "education": 0.05, "travel_and_transportation": 0.05, "health_care": 0.046, "cultural_and_historic": 0.039, "sports_and_recreation": 0.031, "geographic_entities": 0.023, "lodging": 0.016}, "cluster": -1}}, {"type": "Feature", "geometry": {"type": "Polygon", "coordinates": [[[-0.070712, 51.445871], [-0.077411, 51.444678], [-0.078637, 51.440202], [-0.073165, 51.436919], [-0.066467, 51.438112], [-0.06524, 51.442588], [-0.070712, 51.445871]]]}, "properties": {"h3": "88194ad035fffff", "poi": 62, "richness": 12, "hill_q1": 8.888, "hill_q2": 7.172, "top_share": 0.258, "flagged": false, "dominant": "sports_and_recreation", "dna": {"sports_and_recreation": 0.258, "shopping": 0.161, "lifestyle_services": 0.129, "food_and_drink": 0.097, "services_and_business": 0.097, "cultural_and_historic": 0.065, "community_and_government": 0.048, "health_care": 0.048, "arts_and_entertainment": 0.032, "education": 0.032, "lodging": 0.016, "travel_and_transportation": 0.016}, "tfidf": {"sports_and_recreation": 0.262, "shopping": 0.163, "lifestyle_services": 0.137, "food_and_drink": 0.101, "services_and_business": 0.097, "cultural_and_historic": 0.07, "community_and_government": 0.053, "health_care": 0.053, "arts_and_entertainment": 0.035, "education": 0.033, "lodging": 0.022, "travel_and_transportation": 0.017}, "cluster": -1}}, {"type": "Feature", "geometry": {"type": "Polygon", "coordinates": [[[-0.066467, 51.438112], [-0.073165, 51.436919], [-0.074391, 51.432443], [-0.06892, 51.42916], [-0.062223, 51.430353], [-0.060996, 51.434829], [-0.066467, 51.438112]]]}, "properties": {"h3": "88194ad037fffff", "poi": 40, "richness": 10, "hill_q1": 7.211, "hill_q2": 5.229, "top_share": 0.375, "flagged": false, "dominant": "services_and_business", "dna": {"services_and_business": 0.375, "cultural_and_historic": 0.1, "education": 0.1, "travel_and_transportation": 0.1, "community_and_government": 0.075, "food_and_drink": 0.075, "shopping": 0.075, "lifestyle_services": 0.05, "geographic_entities": 0.025, "sports_and_recreation": 0.025}, "tfidf": {"services_and_business": 0.375, "cultural_and_historic": 0.108, "education": 0.104, "travel_and_transportation": 0.103, "community_and_government": 0.082, "food_and_drink": 0.078, "shopping": 0.076, "lifestyle_services": 0.053, "geographic_entities": 0.048, "sports_and_recreation": 0.025}, "cluster": -1}}, {"type": "Feature", "geometry": {"type": "Polygon", "coordinates": [[[-0.050616, 51.449447], [-0.057315, 51.448255], [-0.058542, 51.44378], [-0.053072, 51.440496], [-0.046374, 51.441688], [-0.045146, 51.446163], [-0.050616, 51.449447]]]}, "properties": {"h3": "88194ad039fffff", "poi": 132, "richness": 12, "hill_q1": 8.245, "hill_q2": 5.875, "top_share": 0.348, "flagged": false, "dominant": "services_and_business", "dna": {"services_and_business": 0.348, "shopping": 0.114, "food_and_drink": 0.098, "sports_and_recreation": 0.083, "arts_and_entertainment": 0.061, "cultural_and_historic": 0.061, "lifestyle_services": 0.061, "travel_and_transportation": 0.061, "education": 0.053, "health_care": 0.038, "geographic_entities": 0.015, "community_and_government": 0.008}, "tfidf": {"services_and_business": 0.348, "shopping": 0.115, "food_and_drink": 0.103, "sports_and_recreation": 0.084, "arts_and_entertainment": 0.066, "cultural_and_historic": 0.066, "lifestyle_services": 0.064, "travel_and_transportation": 0.062, "education": 0.055, "health_care": 0.041, "geographic_entities": 0.029, "community_and_government": 0.008}, "cluster": -1}}, {"type": "Feature", "geometry": {"type": "Polygon", "coordinates": [[[-0.046374, 51.441688], [-0.053072, 51.440496], [-0.054299, 51.436021], [-0.04883, 51.432737], [-0.042134, 51.433929], [-0.040905, 51.438404], [-0.046374, 51.441688]]]}, "properties": {"h3": "88194ad03bfffff", "poi": 156, "richness": 12, "hill_q1": 8.6, "hill_q2": 6.741, "top_share": 0.282, "flagged": false, "dominant": "services_and_business", "dna": {"services_and_business": 0.282, "shopping": 0.167, "food_and_drink": 0.109, "lifestyle_services": 0.109, "education": 0.077, "community_and_government": 0.058, "travel_and_transportation": 0.051, "cultural_and_historic": 0.045, "sports_and_recreation": 0.045, "arts_and_entertainment": 0.026, "health_care": 0.026, "lodging": 0.006}, "tfidf": {"services_and_business": 0.282, "shopping": 0.169, "lifestyle_services": 0.116, "food_and_drink": 0.114, "education": 0.08, "community_and_government": 0.063, "travel_and_transportation": 0.053, "cultural_and_historic": 0.049, "sports_and_recreation": 0.045, "arts_and_entertainment": 0.028, "health_care": 0.028, "lodging": 0.009}, "cluster": -1}}, {"type": "Feature", "geometry": {"type": "Polygon", "coordinates": [[[-0.062786, 51.451538], [-0.069486, 51.450346], [-0.070712, 51.445871], [-0.06524, 51.442588], [-0.058542, 51.44378], [-0.057315, 51.448255], [-0.062786, 51.451538]]]}, "properties": {"h3": "88194ad03dfffff", "poi": 55, "richness": 11, "hill_q1": 6.864, "hill_q2": 4.719, "top_share": 0.4, "flagged": false, "dominant": "services_and_business", "dna": {"services_and_business": 0.4, "shopping": 0.145, "education": 0.109, "community_and_government": 0.073, "travel_and_transportation": 0.073, "health_care": 0.055, "sports_and_recreation": 0.055, "lodging": 0.036, "arts_and_entertainment": 0.018, "cultural_and_historic": 0.018, "lifestyle_services": 0.018}, "tfidf": {"services_and_business": 0.4, "shopping": 0.147, "education": 0.113, "community_and_government": 0.079, "travel_and_transportation": 0.075, "health_care": 0.059, "sports_and_recreation": 0.055, "lodging": 0.05, "arts_and_entertainment": 0.02, "cultural_and_historic": 0.02, "lifestyle_services": 0.019}, "cluster": -1}}, {"type": "Feature", "geometry": {"type": "Polygon", "coordinates": [[[-0.035314, 51.481954], [-0.042016, 51.480765], [-0.043245, 51.476292], [-0.037773, 51.473008], [-0.031072, 51.474197], [-0.029842, 51.47867], [-0.035314, 51.481954]]]}, "properties": {"h3": "88194ad041fffff", "poi": 313, "richness": 12, "hill_q1": 9.31, "hill_q2": 7.552, "top_share": 0.227, "flagged": false, "dominant": "food_and_drink", "dna": {"food_and_drink": 0.227, "services_and_business": 0.201, "shopping": 0.112, "education": 0.099, "lifestyle_services": 0.067, "health_care": 0.061, "travel_and_transportation": 0.058, "arts_and_entertainment": 0.054, "community_and_government": 0.032, "sports_and_recreation": 0.032, "cultural_and_historic": 0.029, "lodging": 0.029}, "tfidf": {"food_and_drink": 0.237, "services_and_business": 0.201, "shopping": 0.113, "education": 0.103, "lifestyle_services": 0.071, "health_care": 0.066, "arts_and_entertainment": 0.059, "travel_and_transportation": 0.059, "lodging": 0.039, "community_and_government": 0.035, "sports_and_recreation": 0.032, "cultural_and_historic": 0.031}, "cluster": -1}}, {"type": "Feature", "geometry": {"type": "Polygon", "coordinates": [[[-0.031072, 51.474197], [-0.037773, 51.473008], [-0.039002, 51.468534], [-0.033532, 51.46525], [-0.026832, 51.46644], [-0.025602, 51.470913], [-0.031072, 51.474197]]]}, "properties": {"h3": "88194ad043fffff", "poi": 144, "richness": 12, "hill_q1": 7.062, "hill_q2": 4.975, "top_share": 0.375, "flagged": false, "dominant": "services_and_business", "dna": {"services_and_business": 0.375, "food_and_drink": 0.16, "shopping": 0.125, "travel_and_transportation": 0.097, "education": 0.056, "lifestyle_services": 0.056, "community_and_government": 0.035, "sports_and_recreation": 0.035, "arts_and_entertainment": 0.028, "cultural_and_historic": 0.014, "health_care": 0.014, "geographic_entities": 0.007}, "tfidf": {"services_and_business": 0.375, "food_and_drink": 0.167, "shopping": 0.126, "travel_and_transportation": 0.1, "lifestyle_services": 0.059, "education": 0.058, "community_and_government": 0.038, "sports_and_recreation": 0.035, "arts_and_entertainment": 0.03, "health_care": 0.015, "cultural_and_historic": 0.015, "geographic_entities": 0.013}, "cluster": -1}}, {"type": "Feature", "geometry": {"type": "Polygon", "coordinates": [[[-0.047489, 51.484048], [-0.054191, 51.482858], [-0.05542, 51.478385], [-0.049946, 51.475102], [-0.043245, 51.476292], [-0.042016, 51.480765], [-0.047489, 51.484048]]]}, "properties": {"h3": "88194ad045fffff", "poi": 188, "richness": 12, "hill_q1": 8.122, "hill_q2": 6.06, "top_share": 0.319, "flagged": false, "dominant": "services_and_business", "dna": {"services_and_business": 0.319, "food_and_drink": 0.165, "shopping": 0.106, "travel_and_transportation": 0.096, "lifestyle_services": 0.069, "arts_and_entertainment": 0.053, "community_and_government": 0.053, "education": 0.048, "cultural_and_historic": 0.043, "sports_and_recreation": 0.027, "health_care": 0.011, "lodging": 0.011}, "tfidf": {"services_and_business": 0.319, "food_and_drink": 0.172, "shopping": 0.108, "travel_and_transportation": 0.099, "lifestyle_services": 0.073, "arts_and_entertainment": 0.058, "community_and_government": 0.058, "education": 0.05, "cultural_and_historic": 0.046, "sports_and_recreation": 0.027, "lodging": 0.015, "health_care": 0.012}, "cluster": -1}}, {"type": "Feature", "geometry": {"type": "Polygon", "coordinates": [[[-0.043245, 51.476292], [-0.049946, 51.475102], [-0.051175, 51.470628], [-0.045703, 51.467344], [-0.039002, 51.468534], [-0.037773, 51.473008], [-0.043245, 51.476292]]]}, "properties": {"h3": "88194ad047fffff", "poi": 152, "richness": 13, "hill_q1": 9.122, "hill_q2": 7.265, "top_share": 0.237, "flagged": false, "dominant": "services_and_business", "dna": {"services_and_business": 0.237, "food_and_drink": 0.197, "shopping": 0.132, "lifestyle_services": 0.092, "cultural_and_historic": 0.066, "arts_and_entertainment": 0.059, "travel_and_transportation": 0.059, "community_and_government": 0.046, "health_care": 0.046, "education": 0.02, "lodging": 0.02, "sports_and_recreation": 0.02, "geographic_entities": 0.007}, "tfidf": {"services_and_business": 0.237, "food_and_drink": 0.206, "shopping": 0.133, "lifestyle_services": 0.098, "cultural_and_historic": 0.071, "arts_and_entertainment": 0.065, "travel_and_transportation": 0.061, "community_and_government": 0.05, "health_care": 0.05, "lodging": 0.027, "education": 0.02, "sports_and_recreation": 0.02, "geographic_entities": 0.013}, "cluster": -1}}, {"type": "Feature", "geometry": {"type": "Polygon", "coordinates": [[[-0.027382, 51.487616], [-0.034084, 51.486427], [-0.035314, 51.481954], [-0.029842, 51.47867], [-0.023141, 51.479859], [-0.021911, 51.484331], [-0.027382, 51.487616]]]}, "properties": {"h3": "88194ad049fffff", "poi": 224, "richness": 11, "hill_q1": 8.915, "hill_q2": 7.445, "top_share": 0.241, "flagged": false, "dominant": "services_and_business", "dna": {"services_and_business": 0.241, "food_and_drink": 0.174, "lifestyle_services": 0.121, "shopping": 0.112, "community_and_government": 0.067, "cultural_and_historic": 0.058, "arts_and_entertainment": 0.054, "travel_and_transportation": 0.054, "education": 0.049, "sports_and_recreation": 0.049, "health_care": 0.022}, "tfidf": {"services_and_business": 0.241, "food_and_drink": 0.182, "lifestyle_services": 0.128, "shopping": 0.113, "community_and_government": 0.073, "cultural_and_historic": 0.063, "arts_and_entertainment": 0.058, "travel_and_transportation": 0.055, "education": 0.051, "sports_and_recreation": 0.05, "health_care": 0.024}, "cluster": -1}}, {"type": "Feature", "geometry": {"type": "Polygon", "coordinates": [[[-0.023141, 51.479859], [-0.029842, 51.47867], [-0.031072, 51.474197], [-0.025602, 51.470913], [-0.018902, 51.472102], [-0.017671, 51.476574], [-0.023141, 51.479859]]]}, "properties": {"h3": "88194ad04bfffff", "poi": 468, "richness": 12, "hill_q1": 8.17, "hill_q2": 6.453, "top_share": 0.229, "flagged": false, "dominant": "services_and_business", "dna": {"services_and_business": 0.229, "food_and_drink": 0.214, "shopping": 0.197, "arts_and_entertainment": 0.083, "lifestyle_services": 0.064, "education": 0.045, "cultural_and_historic": 0.041, "community_and_government": 0.038, "sports_and_recreation": 0.028, "travel_and_transportation": 0.028, "health_care": 0.024, "lodging": 0.011}, "tfidf": {"services_and_business": 0.229, "food_and_drink": 0.223, "shopping": 0.199, "arts_and_entertainment": 0.091, "lifestyle_services": 0.068, "education": 0.047, "cultural_and_historic": 0.044, "community_and_government": 0.042, "travel_and_transportation": 0.029, "sports_and_recreation": 0.028, "health_care": 0.026, "lodging": 0.015}, "cluster": -1}}, {"type": "Feature", "geometry": {"type": "Polygon", "coordinates": [[[-0.039557, 51.489711], [-0.04626, 51.488522], [-0.047489, 51.484048], [-0.042016, 51.480765], [-0.035314, 51.481954], [-0.034084, 51.486427], [-0.039557, 51.489711]]]}, "properties": {"h3": "88194ad04dfffff", "poi": 183, "richness": 12, "hill_q1": 6.354, "hill_q2": 4.141, "top_share": 0.432, "flagged": false, "dominant": "services_and_business", "dna": {"services_and_business": 0.432, "shopping": 0.186, "food_and_drink": 0.093, "community_and_government": 0.066, "travel_and_transportation": 0.049, "cultural_and_historic": 0.038, "sports_and_recreation": 0.038, "education": 0.033, "arts_and_entertainment": 0.027, "lifestyle_services": 0.016, "health_care": 0.011, "lodging": 0.011}, "tfidf": {"services_and_business": 0.432, "shopping": 0.188, "food_and_drink": 0.097, "community_and_government": 0.071, "travel_and_transportation": 0.051, "cultural_and_historic": 0.041, "sports_and_recreation": 0.039, "education": 0.034, "arts_and_entertainment": 0.03, "lifestyle_services": 0.017, "lodging": 0.015, "health_care": 0.012}, "cluster": -1}}, {"type": "Feature", "geometry": {"type": "Polygon", "coordinates": [[[-0.026832, 51.46644], [-0.033532, 51.46525], [-0.034761, 51.460776], [-0.029292, 51.457492], [-0.022593, 51.458682], [-0.021363, 51.463155], [-0.026832, 51.46644]]]}, "properties": {"h3": "88194ad055fffff", "poi": 85, "richness": 12, "hill_q1": 9.388, "hill_q2": 7.35, "top_share": 0.282, "flagged": false, "dominant": "services_and_business", "dna": {"services_and_business": 0.282, "lifestyle_services": 0.106, "shopping": 0.106, "food_and_drink": 0.094, "cultural_and_historic": 0.082, "health_care": 0.082, "arts_and_entertainment": 0.071, "sports_and_recreation": 0.047, "community_and_government": 0.035, "education": 0.035, "travel_and_transportation": 0.035, "lodging": 0.024}, "tfidf": {"services_and_business": 0.282, "lifestyle_services": 0.112, "shopping": 0.107, "food_and_drink": 0.098, "health_care": 0.089, "cultural_and_historic": 0.089, "arts_and_entertainment": 0.077, "sports_and_recreation": 0.048, "community_and_government": 0.038, "education": 0.037, "travel_and_transportation": 0.036, "lodging": 0.032}, "cluster": -1}}, {"type": "Feature", "geometry": {"type": "Polygon", "coordinates": [[[-0.022593, 51.458682], [-0.029292, 51.457492], [-0.030521, 51.453018], [-0.025053, 51.449734], [-0.018355, 51.450924], [-0.017125, 51.455397], [-0.022593, 51.458682]]]}, "properties": {"h3": "88194ad057fffff", "poi": 76, "richness": 11, "hill_q1": 7.991, "hill_q2": 6.519, "top_share": 0.276, "flagged": false, "dominant": "services_and_business", "dna": {"services_and_business": 0.276, "food_and_drink": 0.158, "shopping": 0.145, "sports_and_recreation": 0.118, "lifestyle_services": 0.079, "education": 0.066, "health_care": 0.053, "travel_and_transportation": 0.053, "arts_and_entertainment": 0.026, "cultural_and_historic": 0.013, "lodging": 0.013}, "tfidf": {"services_and_business": 0.276, "food_and_drink": 0.165, "shopping": 0.146, "sports_and_recreation": 0.12, "lifestyle_services": 0.084, "education": 0.068, "health_care": 0.057, "travel_and_transportation": 0.054, "arts_and_entertainment": 0.029, "lodging": 0.018, "cultural_and_historic": 0.014}, "cluster": -1}}, {"type": "Feature", "geometry": {"type": "Polygon", "coordinates": [[[-0.018902, 51.472102], [-0.025602, 51.470913], [-0.026832, 51.46644], [-0.021363, 51.463155], [-0.014664, 51.464344], [-0.013433, 51.468817], [-0.018902, 51.472102]]]}, "properties": {"h3": "88194ad05dfffff", "poi": 64, "richness": 10, "hill_q1": 6.874, "hill_q2": 5.389, "top_share": 0.328, "flagged": false, "dominant": "services_and_business", "dna": {"services_and_business": 0.328, "shopping": 0.188, "education": 0.125, "food_and_drink": 0.125, "cultural_and_historic": 0.063, "travel_and_transportation": 0.063, "health_care": 0.047, "community_and_government": 0.031, "arts_and_entertainment": 0.016, "sports_and_recreation": 0.016}, "tfidf": {"services_and_business": 0.328, "shopping": 0.19, "food_and_drink": 0.131, "education": 0.13, "cultural_and_historic": 0.068, "travel_and_transportation": 0.064, "health_care": 0.051, "community_and_government": 0.034, "arts_and_entertainment": 0.017, "sports_and_recreation": 0.016}, "cluster": -1}}, {"type": "Feature", "geometry": {"type": "Polygon", "coordinates": [[[-0.067597, 51.480477], [-0.074299, 51.479286], [-0.075526, 51.474811], [-0.070051, 51.471529], [-0.06335, 51.47272], [-0.062122, 51.477194], [-0.067597, 51.480477]]]}, "properties": {"h3": "88194ad061fffff", "poi": 356, "richness": 12, "hill_q1": 8.341, "hill_q2": 6.53, "top_share": 0.25, "flagged": false, "dominant": "shopping", "dna": {"shopping": 0.25, "services_and_business": 0.202, "food_and_drink": 0.18, "lifestyle_services": 0.067, "arts_and_entertainment": 0.056, "community_and_government": 0.053, "cultural_and_historic": 0.045, "health_care": 0.039, "education": 0.034, "sports_and_recreation": 0.034, "travel_and_transportation": 0.031, "lodging": 0.008}, "tfidf": {"shopping": 0.253, "services_and_business": 0.202, "food_and_drink": 0.188, "lifestyle_services": 0.072, "arts_and_entertainment": 0.061, "community_and_government": 0.058, "cultural_and_historic": 0.049, "health_care": 0.043, "education": 0.035, "sports_and_recreation": 0.034, "travel_and_transportation": 0.032, "lodging": 0.012}, "cluster": -1}}, {"type": "Feature", "geometry": {"type": "Polygon", "coordinates": [[[-0.06335, 51.47272], [-0.070051, 51.471529], [-0.071278, 51.467054], [-0.065804, 51.463771], [-0.059104, 51.464963], [-0.057876, 51.469437], [-0.06335, 51.47272]]]}, "properties": {"h3": "88194ad063fffff", "poi": 564, "richness": 12, "hill_q1": 7.693, "hill_q2": 6.038, "top_share": 0.232, "flagged": false, "dominant": "services_and_business", "dna": {"services_and_business": 0.232, "food_and_drink": 0.23, "shopping": 0.206, "lifestyle_services": 0.078, "arts_and_entertainment": 0.062, "sports_and_recreation": 0.044, "cultural_and_historic": 0.041, "education": 0.032, "travel_and_transportation": 0.028, "community_and_government": 0.021, "health_care": 0.02, "lodging": 0.005}, "tfidf": {"food_and_drink": 0.241, "services_and_business": 0.232, "shopping": 0.208, "lifestyle_services": 0.083, "arts_and_entertainment": 0.068, "sports_and_recreation": 0.045, "cultural_and_historic": 0.044, "education": 0.033, "travel_and_transportation": 0.029, "community_and_government": 0.023, "health_care": 0.021, "lodging": 0.007}, "cluster": -1}}, {"type": "Feature", "geometry": {"type": "Polygon", "coordinates": [[[-0.079776, 51.482568], [-0.086479, 51.481376], [-0.087705, 51.476902], [-0.082229, 51.473619], [-0.075526, 51.474811], [-0.074299, 51.479286], [-0.079776, 51.482568]]]}, "properties": {"h3": "88194ad065fffff", "poi": 138, "richness": 13, "hill_q1": 9.714, "hill_q2": 7.962, "top_share": 0.239, "flagged": false, "dominant": "services_and_business", "dna": {"services_and_business": 0.239, "food_and_drink": 0.138, "cultural_and_historic": 0.116, "shopping": 0.109, "education": 0.087, "travel_and_transportation": 0.087, "community_and_government": 0.065, "lodging": 0.036, "sports_and_recreation": 0.036, "arts_and_entertainment": 0.029, "lifestyle_services": 0.029, "health_care": 0.022, "geographic_entities": 0.007}, "tfidf": {"services_and_business": 0.239, "food_and_drink": 0.144, "cultural_and_historic": 0.125, "shopping": 0.11, "education": 0.09, "travel_and_transportation": 0.09, "community_and_government": 0.071, "lodging": 0.05, "sports_and_recreation": 0.037, "arts_and_entertainment": 0.032, "lifestyle_services": 0.031, "health_care": 0.024, "geographic_entities": 0.014}, "cluster": -1}}, {"type": "Feature", "geometry": {"type": "Polygon", "coordinates": [[[-0.075526, 51.474811], [-0.082229, 51.473619], [-0.083455, 51.469145], [-0.07798, 51.465862], [-0.071278, 51.467054], [-0.070051, 51.471529], [-0.075526, 51.474811]]]}, "properties": {"h3": "88194ad067fffff", "poi": 212, "richness": 13, "hill_q1": 9.178, "hill_q2": 7.139, "top_share": 0.269, "flagged": false, "dominant": "services_and_business", "dna": {"services_and_business": 0.269, "food_and_drink": 0.16, "shopping": 0.142, "education": 0.061, "arts_and_entertainment": 0.057, "health_care": 0.057, "lifestyle_services": 0.057, "travel_and_transportation": 0.052, "cultural_and_historic": 0.047, "sports_and_recreation": 0.047, "community_and_government": 0.038, "lodging": 0.009, "geographic_entities": 0.005}, "tfidf": {"services_and_business": 0.269, "food_and_drink": 0.168, "shopping": 0.143, "education": 0.064, "arts_and_entertainment": 0.062, "health_care": 0.061, "lifestyle_services": 0.06, "travel_and_transportation": 0.053, "cultural_and_historic": 0.051, "sports_and_recreation": 0.048, "community_and_government": 0.041, "lodging": 0.013, "geographic_entities": 0.009}, "cluster": -1}}, {"type": "Feature", "geometry": {"type": "Polygon", "coordinates": [[[-0.059666, 51.486142], [-0.066369, 51.484951], [-0.067597, 51.480477], [-0.062122, 51.477194], [-0.05542, 51.478385], [-0.054191, 51.482858], [-0.059666, 51.486142]]]}, "properties": {"h3": "88194ad069fffff", "poi": 285, "richness": 12, "hill_q1": 6.903, "hill_q2": 4.995, "top_share": 0.361, "flagged": false, "dominant": "services_and_business", "dna": {"services_and_business": 0.361, "shopping": 0.172, "food_and_drink": 0.13, "cultural_and_historic": 0.126, "community_and_government": 0.049, "lifestyle_services": 0.046, "travel_and_transportation": 0.039, "arts_and_entertainment": 0.018, "education": 0.018, "sports_and_recreation": 0.018, "health_care": 0.014, "lodging": 0.011}, "tfidf": {"services_and_business": 0.361, "shopping": 0.174, "cultural_and_historic": 0.137, "food_and_drink": 0.136, "community_and_government": 0.053, "lifestyle_services": 0.048, "travel_and_transportation": 0.04, "arts_and_entertainment": 0.019, "education": 0.018, "sports_and_recreation": 0.018, "health_care": 0.015, "lodging": 0.014}, "cluster": -1}}, {"type": "Feature", "geometry": {"type": "Polygon", "coordinates": [[[-0.05542, 51.478385], [-0.062122, 51.477194], [-0.06335, 51.47272], [-0.057876, 51.469437], [-0.051175, 51.470628], [-0.049946, 51.475102], [-0.05542, 51.478385]]]}, "properties": {"h3": "88194ad06bfffff", "poi": 183, "richness": 13, "hill_q1": 8.197, "hill_q2": 5.658, "top_share": 0.35, "flagged": false, "dominant": "services_and_business", "dna": {"services_and_business": 0.35, "shopping": 0.137, "food_and_drink": 0.131, "travel_and_transportation": 0.082, "arts_and_entertainment": 0.055, "education": 0.055, "cultural_and_historic": 0.038, "sports_and_recreation": 0.038, "community_and_government": 0.033, "lifestyle_services": 0.027, "lodging": 0.027, "health_care": 0.016, "geographic_entities": 0.011}, "tfidf": {"services_and_business": 0.35, "shopping": 0.138, "food_and_drink": 0.137, "travel_and_transportation": 0.084, "arts_and_entertainment": 0.06, "education": 0.057, "cultural_and_historic": 0.041, "sports_and_recreation": 0.039, "lodging": 0.037, "community_and_government": 0.036, "lifestyle_services": 0.029, "geographic_entities": 0.021, "health_care": 0.018}, "cluster": -1}}, {"type": "Feature", "geometry": {"type": "Polygon", "coordinates": [[[-0.071845, 51.488234], [-0.078549, 51.487043], [-0.079776, 51.482568], [-0.074299, 51.479286], [-0.067597, 51.480477], [-0.066369, 51.484951], [-0.071845, 51.488234]]]}, "properties": {"h3": "88194ad06dfffff", "poi": 167, "richness": 13, "hill_q1": 9.085, "hill_q2": 7.098, "top_share": 0.269, "flagged": false, "dominant": "services_and_business", "dna": {"services_and_business": 0.269, "shopping": 0.168, "cultural_and_historic": 0.12, "food_and_drink": 0.096, "community_and_government": 0.06, "education": 0.06, "arts_and_entertainment": 0.048, "lifestyle_services": 0.048, "sports_and_recreation": 0.042, "travel_and_transportation": 0.042, "health_care": 0.036, "geographic_entities": 0.006, "lodging": 0.006}, "tfidf": {"services_and_business": 0.269, "shopping": 0.17, "cultural_and_historic": 0.13, "food_and_drink": 0.1, "community_and_government": 0.065, "education": 0.062, "arts_and_entertainment": 0.052, "lifestyle_services": 0.051, "travel_and_transportation": 0.043, "sports_and_recreation": 0.042, "health_care": 0.039, "geographic_entities": 0.011, "lodging": 0.008}, "cluster": -1}}, {"type": "Feature", "geometry": {"type": "Polygon", "coordinates": [[[-0.017263, 51.408556], [-0.023956, 51.407365], [-0.025185, 51.402889], [-0.019722, 51.399604], [-0.01303, 51.400795], [-0.011801, 51.405271], [-0.017263, 51.408556]]]}, "properties": {"h3": "88194ad081fffff", "poi": 15, "richness": 7, "hill_q1": 6.679, "hill_q2": 6.429, "top_share": 0.2, "flagged": false, "dominant": "arts_and_entertainment", "dna": {"arts_and_entertainment": 0.2, "health_care": 0.2, "cultural_and_historic": 0.133, "lifestyle_services": 0.133, "services_and_business": 0.133, "sports_and_recreation": 0.133, "geographic_entities": 0.067}, "tfidf": {"arts_and_entertainment": 0.218, "health_care": 0.217, "cultural_and_historic": 0.144, "lifestyle_services": 0.142, "sports_and_recreation": 0.135, "services_and_business": 0.133, "geographic_entities": 0.128}, "cluster": -1}}, {"type": "Feature", "geometry": {"type": "Polygon", "coordinates": [[[-0.02942, 51.410649], [-0.036113, 51.409458], [-0.037341, 51.404981], [-0.031877, 51.401697], [-0.025185, 51.402889], [-0.023956, 51.407365], [-0.02942, 51.410649]]]}, "properties": {"h3": "88194ad085fffff", "poi": 453, "richness": 12, "hill_q1": 7.289, "hill_q2": 5.383, "top_share": 0.338, "flagged": false, "dominant": "services_and_business", "dna": {"services_and_business": 0.338, "food_and_drink": 0.174, "shopping": 0.152, "lifestyle_services": 0.082, "health_care": 0.077, "sports_and_recreation": 0.04, "community_and_government": 0.035, "travel_and_transportation": 0.035, "arts_and_entertainment": 0.024, "education": 0.024, "cultural_and_historic": 0.013, "lodging": 0.004}, "tfidf": {"services_and_business": 0.338, "food_and_drink": 0.182, "shopping": 0.154, "lifestyle_services": 0.087, "health_care": 0.084, "sports_and_recreation": 0.04, "community_and_government": 0.038, "travel_and_transportation": 0.036, "arts_and_entertainment": 0.026, "education": 0.025, "cultural_and_historic": 0.014, "lodging": 0.006}, "cluster": -1}}, {"type": "Feature", "geometry": {"type": "Polygon", "coordinates": [[[-0.025185, 51.402889], [-0.031877, 51.401697], [-0.033105, 51.39722], [-0.027642, 51.393936], [-0.020951, 51.395128], [-0.019722, 51.399604], [-0.025185, 51.402889]]]}, "properties": {"h3": "88194ad087fffff", "poi": 22, "richness": 8, "hill_q1": 6.263, "hill_q2": 5.378, "top_share": 0.273, "flagged": false, "dominant": "services_and_business", "dna": {"services_and_business": 0.273, "sports_and_recreation": 0.227, "shopping": 0.182, "education": 0.136, "arts_and_entertainment": 0.045, "health_care": 0.045, "lodging": 0.045, "travel_and_transportation": 0.045}, "tfidf": {"services_and_business": 0.273, "sports_and_recreation": 0.23, "shopping": 0.184, "education": 0.141, "lodging": 0.062, "arts_and_entertainment": 0.05, "health_care": 0.049, "travel_and_transportation": 0.047}, "cluster": -1}}, {"type": "Feature", "geometry": {"type": "Polygon", "coordinates": [[[-0.021498, 51.416316], [-0.028191, 51.415125], [-0.02942, 51.410649], [-0.023956, 51.407365], [-0.017263, 51.408556], [-0.016034, 51.413031], [-0.021498, 51.416316]]]}, "properties": {"h3": "88194ad08dfffff", "poi": 204, "richness": 12, "hill_q1": 8.231, "hill_q2": 6.385, "top_share": 0.289, "flagged": false, "dominant": "services_and_business", "dna": {"services_and_business": 0.289, "food_and_drink": 0.167, "lifestyle_services": 0.127, "shopping": 0.127, "arts_and_entertainment": 0.059, "education": 0.049, "sports_and_recreation": 0.049, "travel_and_transportation": 0.049, "health_care": 0.034, "community_and_government": 0.02, "cultural_and_historic": 0.02, "lodging": 0.01}, "tfidf": {"services_and_business": 0.289, "food_and_drink": 0.174, "lifestyle_services": 0.135, "shopping": 0.129, "arts_and_entertainment": 0.064, "education": 0.051, "travel_and_transportation": 0.05, "sports_and_recreation": 0.05, "health_care": 0.037, "community_and_government": 0.021, "cultural_and_historic": 0.021, "lodging": 0.013}, "cluster": -1}}, {"type": "Feature", "geometry": {"type": "Polygon", "coordinates": [[[-0.0495, 51.407073], [-0.056194, 51.40588], [-0.05742, 51.401402], [-0.051954, 51.398119], [-0.045261, 51.399312], [-0.044034, 51.403789], [-0.0495, 51.407073]]]}, "properties": {"h3": "88194ad0a1fffff", "poi": 68, "richness": 11, "hill_q1": 6.467, "hill_q2": 4.305, "top_share": 0.426, "flagged": false, "dominant": "services_and_business", "dna": {"services_and_business": 0.426, "travel_and_transportation": 0.162, "shopping": 0.088, "arts_and_entertainment": 0.074, "education": 0.059, "lifestyle_services": 0.059, "sports_and_recreation": 0.044, "community_and_government": 0.029, "health_care": 0.029, "food_and_drink": 0.015, "lodging": 0.015}, "tfidf": {"services_and_business": 0.426, "travel_and_transportation": 0.167, "shopping": 0.089, "arts_and_entertainment": 0.08, "lifestyle_services": 0.062, "education": 0.061, "sports_and_recreation": 0.045, "community_and_government": 0.032, "health_care": 0.032, "lodging": 0.02, "food_and_drink": 0.015}, "cluster": -1}}, {"type": "Feature", "geometry": {"type": "Polygon", "coordinates": [[[-0.045261, 51.399312], [-0.051954, 51.398119], [-0.053181, 51.393641], [-0.047716, 51.390358], [-0.041024, 51.391551], [-0.039797, 51.396028], [-0.045261, 51.399312]]]}, "properties": {"h3": "88194ad0a3fffff", "poi": 131, "richness": 10, "hill_q1": 5.425, "hill_q2": 4.02, "top_share": 0.382, "flagged": false, "dominant": "services_and_business", "dna": {"services_and_business": 0.382, "shopping": 0.282, "food_and_drink": 0.115, "travel_and_transportation": 0.076, "lifestyle_services": 0.046, "education": 0.031, "health_care": 0.023, "sports_and_recreation": 0.023, "arts_and_entertainment": 0.015, "cultural_and_historic": 0.008}, "tfidf": {"services_and_business": 0.382, "shopping": 0.286, "food_and_drink": 0.12, "travel_and_transportation": 0.079, "lifestyle_services": 0.049, "education": 0.032, "health_care": 0.025, "sports_and_recreation": 0.023, "arts_and_entertainment": 0.017, "cultural_and_historic": 0.008}, "cluster": -1}}, {"type": "Feature", "geometry": {"type": "Polygon", "coordinates": [[[-0.061661, 51.409163], [-0.068355, 51.407969], [-0.069581, 51.403492], [-0.064113, 51.400209], [-0.05742, 51.401402], [-0.056194, 51.40588], [-0.061661, 51.409163]]]}, "properties": {"h3": "88194ad0a5fffff", "poi": 106, "richness": 11, "hill_q1": 6.909, "hill_q2": 5.007, "top_share": 0.368, "flagged": false, "dominant": "services_and_business", "dna": {"services_and_business": 0.368, "shopping": 0.17, "food_and_drink": 0.123, "travel_and_transportation": 0.104, "lifestyle_services": 0.057, "education": 0.047, "sports_and_recreation": 0.047, "arts_and_entertainment": 0.028, "health_care": 0.028, "lodging": 0.019, "community_and_government": 0.009}, "tfidf": {"services_and_business": 0.368, "shopping": 0.172, "food_and_drink": 0.128, "travel_and_transportation": 0.107, "lifestyle_services": 0.06, "education": 0.049, "sports_and_recreation": 0.048, "arts_and_entertainment": 0.031, "health_care": 0.031, "lodging": 0.026, "community_and_government": 0.01}, "cluster": -1}}, {"type": "Feature", "geometry": {"type": "Polygon", "coordinates": [[[-0.05742, 51.401402], [-0.064113, 51.400209], [-0.065339, 51.395731], [-0.059873, 51.392448], [-0.053181, 51.393641], [-0.051954, 51.398119], [-0.05742, 51.401402]]]}, "properties": {"h3": "88194ad0a7fffff", "poi": 19, "richness": 10, "hill_q1": 8.669, "hill_q2": 7.681, "top_share": 0.211, "flagged": false, "dominant": "travel_and_transportation", "dna": {"travel_and_transportation": 0.211, "education": 0.158, "health_care": 0.158, "services_and_business": 0.105, "shopping": 0.105, "arts_and_entertainment": 0.053, "community_and_government": 0.053, "geographic_entities": 0.053, "lifestyle_services": 0.053, "sports_and_recreation": 0.053}, "tfidf": {"travel_and_transportation": 0.217, "health_care": 0.171, "education": 0.164, "shopping": 0.107, "services_and_business": 0.105, "geographic_entities": 0.101, "arts_and_entertainment": 0.057, "community_and_government": 0.057, "lifestyle_services": 0.056, "sports_and_recreation": 0.053}, "cluster": -1}}, {"type": "Feature", "geometry": {"type": "Polygon", "coordinates": [[[-0.041579, 51.412742], [-0.048273, 51.411549], [-0.0495, 51.407073], [-0.044034, 51.403789], [-0.037341, 51.404981], [-0.036113, 51.409458], [-0.041579, 51.412742]]]}, "properties": {"h3": "88194ad0a9fffff", "poi": 214, "richness": 11, "hill_q1": 7.03, "hill_q2": 4.644, "top_share": 0.416, "flagged": false, "dominant": "services_and_business", "dna": {"services_and_business": 0.416, "shopping": 0.103, "food_and_drink": 0.093, "lifestyle_services": 0.093, "education": 0.065, "sports_and_recreation": 0.061, "health_care": 0.051, "community_and_government": 0.042, "travel_and_transportation": 0.033, "arts_and_entertainment": 0.023, "cultural_and_historic": 0.019}, "tfidf": {"services_and_business": 0.416, "shopping": 0.104, "lifestyle_services": 0.099, "food_and_drink": 0.098, "education": 0.068, "sports_and_recreation": 0.062, "health_care": 0.056, "community_and_government": 0.046, "travel_and_transportation": 0.034, "arts_and_entertainment": 0.025, "cultural_and_historic": 0.02}, "cluster": -1}}, {"type": "Feature", "geometry": {"type": "Polygon", "coordinates": [[[-0.037341, 51.404981], [-0.044034, 51.403789], [-0.045261, 51.399312], [-0.039797, 51.396028], [-0.033105, 51.39722], [-0.031877, 51.401697], [-0.037341, 51.404981]]]}, "properties": {"h3": "88194ad0abfffff", "poi": 188, "richness": 11, "hill_q1": 7.511, "hill_q2": 5.952, "top_share": 0.298, "flagged": false, "dominant": "services_and_business", "dna": {"services_and_business": 0.298, "shopping": 0.17, "food_and_drink": 0.154, "lifestyle_services": 0.117, "travel_and_transportation": 0.069, "health_care": 0.059, "education": 0.053, "sports_and_recreation": 0.032, "arts_and_entertainment": 0.016, "community_and_government": 0.016, "cultural_and_historic": 0.016}, "tfidf": {"services_and_business": 0.298, "shopping": 0.172, "food_and_drink": 0.161, "lifestyle_services": 0.124, "travel_and_transportation": 0.071, "health_care": 0.064, "education": 0.055, "sports_and_recreation": 0.032, "arts_and_entertainment": 0.017, "community_and_government": 0.017, "cultural_and_historic": 0.017}, "cluster": -1}}, {"type": "Feature", "geometry": {"type": "Polygon", "coordinates": [[[-0.05374, 51.414833], [-0.060434, 51.41364], [-0.061661, 51.409163], [-0.056194, 51.40588], [-0.0495, 51.407073], [-0.048273, 51.411549], [-0.05374, 51.414833]]]}, "properties": {"h3": "88194ad0adfffff", "poi": 222, "richness": 12, "hill_q1": 7.592, "hill_q2": 5.346, "top_share": 0.347, "flagged": false, "dominant": "services_and_business", "dna": {"services_and_business": 0.347, "shopping": 0.203, "food_and_drink": 0.09, "lifestyle_services": 0.077, "travel_and_transportation": 0.063, "arts_and_entertainment": 0.041, "community_and_government": 0.041, "cultural_and_historic": 0.036, "education": 0.036, "health_care": 0.032, "sports_and_recreation": 0.027, "lodging": 0.009}, "tfidf": {"services_and_business": 0.347, "shopping": 0.205, "food_and_drink": 0.094, "lifestyle_services": 0.081, "travel_and_transportation": 0.065, "arts_and_entertainment": 0.044, "community_and_government": 0.044, "cultural_and_historic": 0.039, "education": 0.037, "health_care": 0.034, "sports_and_recreation": 0.027, "lodging": 0.012}, "cluster": -1}}, {"type": "Feature", "geometry": {"type": "Polygon", "coordinates": [[[-0.020951, 51.395128], [-0.027642, 51.393936], [-0.02887, 51.389459], [-0.023408, 51.386174], [-0.016718, 51.387366], [-0.015489, 51.391843], [-0.020951, 51.395128]]]}, "properties": {"h3": "88194ad0b9fffff", "poi": 32, "richness": 10, "hill_q1": 8.58, "hill_q2": 7.642, "top_share": 0.219, "flagged": false, "dominant": "services_and_business", "dna": {"services_and_business": 0.219, "sports_and_recreation": 0.156, "health_care": 0.125, "shopping": 0.125, "education": 0.094, "food_and_drink": 0.094, "lifestyle_services": 0.063, "travel_and_transportation": 0.063, "cultural_and_historic": 0.031, "lodging": 0.031}, "tfidf": {"services_and_business": 0.219, "sports_and_recreation": 0.158, "health_care": 0.136, "shopping": 0.126, "food_and_drink": 0.098, "education": 0.097, "lifestyle_services": 0.066, "travel_and_transportation": 0.064, "lodging": 0.043, "cultural_and_historic": 0.034}, "cluster": -1}}, {"type": "Feature", "geometry": {"type": "Polygon", "coordinates": [[[-0.033105, 51.39722], [-0.039797, 51.396028], [-0.041024, 51.391551], [-0.035561, 51.388266], [-0.02887, 51.389459], [-0.027642, 51.393936], [-0.033105, 51.39722]]]}, "properties": {"h3": "88194ad0bdfffff", "poi": 92, "richness": 9, "hill_q1": 6.048, "hill_q2": 4.464, "top_share": 0.402, "flagged": false, "dominant": "services_and_business", "dna": {"services_and_business": 0.402, "shopping": 0.163, "food_and_drink": 0.109, "sports_and_recreation": 0.109, "travel_and_transportation": 0.087, "lifestyle_services": 0.043, "arts_and_entertainment": 0.033, "health_care": 0.033, "education": 0.022}, "tfidf": {"services_and_business": 0.402, "shopping": 0.165, "food_and_drink": 0.114, "sports_and_recreation": 0.11, "travel_and_transportation": 0.09, "lifestyle_services": 0.046, "arts_and_entertainment": 0.036, "health_care": 0.035, "education": 0.023}, "cluster": -1}}, {"type": "Feature", "geometry": {"type": "Polygon", "coordinates": [[[-0.017809, 51.429742], [-0.024504, 51.428551], [-0.025733, 51.424076], [-0.020268, 51.420792], [-0.013574, 51.421982], [-0.012344, 51.426457], [-0.017809, 51.429742]]]}, "properties": {"h3": "88194ad0c5fffff", "poi": 15, "richness": 8, "hill_q1": 7.161, "hill_q2": 6.429, "top_share": 0.267, "flagged": false, "dominant": "services_and_business", "dna": {"services_and_business": 0.267, "arts_and_entertainment": 0.133, "community_and_government": 0.133, "education": 0.133, "travel_and_transportation": 0.133, "cultural_and_historic": 0.067, "shopping": 0.067, "sports_and_recreation": 0.067}, "tfidf": {"services_and_business": 0.267, "arts_and_entertainment": 0.145, "community_and_government": 0.145, "education": 0.138, "travel_and_transportation": 0.137, "cultural_and_historic": 0.072, "sports_and_recreation": 0.068, "shopping": 0.067}, "cluster": -1}}, {"type": "Feature", "geometry": {"type": "Polygon", "coordinates": [[[-0.037895, 51.426169], [-0.04459, 51.424978], [-0.045818, 51.420502], [-0.040351, 51.417218], [-0.033657, 51.41841], [-0.032428, 51.422885], [-0.037895, 51.426169]]]}, "properties": {"h3": "88194ad0e1fffff", "poi": 126, "richness": 9, "hill_q1": 3.19, "hill_q2": 2.066, "top_share": 0.675, "flagged": true, "dominant": "services_and_business", "dna": {"services_and_business": 0.675, "shopping": 0.151, "sports_and_recreation": 0.056, "travel_and_transportation": 0.04, "community_and_government": 0.024, "health_care": 0.024, "food_and_drink": 0.016, "cultural_and_historic": 0.008, "education": 0.008}, "tfidf": {"services_and_business": 0.675, "shopping": 0.153, "sports_and_recreation": 0.056, "travel_and_transportation": 0.041, "community_and_government": 0.026, "health_care": 0.026, "food_and_drink": 0.017, "cultural_and_historic": 0.009, "education": 0.008}, "cluster": -1}}, {"type": "Feature", "geometry": {"type": "Polygon", "coordinates": [[[-0.033657, 51.41841], [-0.040351, 51.417218], [-0.041579, 51.412742], [-0.036113, 51.409458], [-0.02942, 51.410649], [-0.028191, 51.415125], [-0.033657, 51.41841]]]}, "properties": {"h3": "88194ad0e3fffff", "poi": 51, "richness": 11, "hill_q1": 6.305, "hill_q2": 4.058, "top_share": 0.451, "flagged": false, "dominant": "services_and_business", "dna": {"services_and_business": 0.451, "education": 0.118, "sports_and_recreation": 0.118, "travel_and_transportation": 0.078, "community_and_government": 0.059, "arts_and_entertainment": 0.039, "health_care": 0.039, "shopping": 0.039, "cultural_and_historic": 0.02, "geographic_entities": 0.02, "lifestyle_services": 0.02}, "tfidf": {"services_and_business": 0.451, "education": 0.122, "sports_and_recreation": 0.119, "travel_and_transportation": 0.081, "community_and_government": 0.064, "arts_and_entertainment": 0.043, "health_care": 0.043, "shopping": 0.04, "geographic_entities": 0.038, "cultural_and_historic": 0.021, "lifestyle_services": 0.021}, "cluster": -1}}, {"type": "Feature", "geometry": {"type": "Polygon", "coordinates": [[[-0.050058, 51.428262], [-0.056754, 51.427069], [-0.057981, 51.422593], [-0.052513, 51.41931], [-0.045818, 51.420502], [-0.04459, 51.424978], [-0.050058, 51.428262]]]}, "properties": {"h3": "88194ad0e5fffff", "poi": 263, "richness": 12, "hill_q1": 7.711, "hill_q2": 6.047, "top_share": 0.266, "flagged": false, "dominant": "services_and_business", "dna": {"services_and_business": 0.266, "shopping": 0.228, "food_and_drink": 0.141, "lifestyle_services": 0.11, "education": 0.057, "sports_and_recreation": 0.053, "travel_and_transportation": 0.042, "arts_and_entertainment": 0.034, "health_care": 0.03, "cultural_and_historic": 0.019, "community_and_government": 0.015, "lodging": 0.004}, "tfidf": {"services_and_business": 0.266, "shopping": 0.231, "food_and_drink": 0.147, "lifestyle_services": 0.117, "education": 0.059, "sports_and_recreation": 0.054, "travel_and_transportation": 0.043, "arts_and_entertainment": 0.037, "health_care": 0.033, "cultural_and_historic": 0.021, "community_and_government": 0.017, "lodging": 0.005}, "cluster": -1}}, {"type": "Feature", "geometry": {"type": "Polygon", "coordinates": [[[-0.045818, 51.420502], [-0.052513, 51.41931], [-0.05374, 51.414833], [-0.048273, 51.411549], [-0.041579, 51.412742], [-0.040351, 51.417218], [-0.045818, 51.420502]]]}, "properties": {"h3": "88194ad0e7fffff", "poi": 201, "richness": 12, "hill_q1": 6.916, "hill_q2": 5.286, "top_share": 0.279, "flagged": false, "dominant": "services_and_business", "dna": {"services_and_business": 0.279, "food_and_drink": 0.249, "shopping": 0.194, "lifestyle_services": 0.07, "education": 0.055, "community_and_government": 0.035, "cultural_and_historic": 0.03, "sports_and_recreation": 0.03, "travel_and_transportation": 0.03, "arts_and_entertainment": 0.01, "health_care": 0.01, "lodging": 0.01}, "tfidf": {"services_and_business": 0.279, "food_and_drink": 0.26, "shopping": 0.196, "lifestyle_services": 0.074, "education": 0.057, "community_and_government": 0.038, "cultural_and_historic": 0.032, "travel_and_transportation": 0.031, "sports_and_recreation": 0.03, "lodging": 0.014, "arts_and_entertainment": 0.011, "health_care": 0.011}, "cluster": -1}}, {"type": "Feature", "geometry": {"type": "Polygon", "coordinates": [[[-0.02997, 51.431836], [-0.036666, 51.430645], [-0.037895, 51.426169], [-0.032428, 51.422885], [-0.025733, 51.424076], [-0.024504, 51.428551], [-0.02997, 51.431836]]]}, "properties": {"h3": "88194ad0e9fffff", "poi": 137, "richness": 12, "hill_q1": 6.55, "hill_q2": 4.75, "top_share": 0.372, "flagged": false, "dominant": "services_and_business", "dna": {"services_and_business": 0.372, "shopping": 0.182, "travel_and_transportation": 0.139, "food_and_drink": 0.102, "sports_and_recreation": 0.08, "health_care": 0.029, "cultural_and_historic": 0.022, "education": 0.022, "arts_and_entertainment": 0.015, "community_and_government": 0.015, "lifestyle_services": 0.015, "lodging": 0.007}, "tfidf": {"services_and_business": 0.372, "shopping": 0.185, "travel_and_transportation": 0.143, "food_and_drink": 0.107, "sports_and_recreation": 0.081, "health_care": 0.032, "cultural_and_historic": 0.024, "education": 0.023, "arts_and_entertainment": 0.016, "community_and_government": 0.016, "lifestyle_services": 0.015, "lodging": 0.01}, "cluster": -1}}, {"type": "Feature", "geometry": {"type": "Polygon", "coordinates": [[[-0.025733, 51.424076], [-0.032428, 51.422885], [-0.033657, 51.41841], [-0.028191, 51.415125], [-0.021498, 51.416316], [-0.020268, 51.420792], [-0.025733, 51.424076]]]}, "properties": {"h3": "88194ad0ebfffff", "poi": 35, "richness": 10, "hill_q1": 7.188, "hill_q2": 5.698, "top_share": 0.314, "flagged": false, "dominant": "services_and_business", "dna": {"services_and_business": 0.314, "sports_and_recreation": 0.171, "shopping": 0.143, "education": 0.114, "travel_and_transportation": 0.086, "arts_and_entertainment": 0.057, "cultural_and_historic": 0.029, "food_and_drink": 0.029, "lifestyle_services": 0.029, "lodging": 0.029}, "tfidf": {"services_and_business": 0.314, "sports_and_recreation": 0.174, "shopping": 0.145, "education": 0.118, "travel_and_transportation": 0.088, "arts_and_entertainment": 0.062, "lodging": 0.039, "cultural_and_historic": 0.031, "lifestyle_services": 0.03, "food_and_drink": 0.03}, "cluster": -1}}, {"type": "Feature", "geometry": {"type": "Polygon", "coordinates": [[[-0.042134, 51.433929], [-0.04883, 51.432737], [-0.050058, 51.428262], [-0.04459, 51.424978], [-0.037895, 51.426169], [-0.036666, 51.430645], [-0.042134, 51.433929]]]}, "properties": {"h3": "88194ad0edfffff", "poi": 132, "richness": 12, "hill_q1": 9.595, "hill_q2": 8.369, "top_share": 0.205, "flagged": false, "dominant": "services_and_business", "dna": {"services_and_business": 0.205, "lifestyle_services": 0.136, "shopping": 0.129, "food_and_drink": 0.121, "education": 0.106, "health_care": 0.076, "travel_and_transportation": 0.068, "cultural_and_historic": 0.053, "sports_and_recreation": 0.038, "arts_and_entertainment": 0.03, "community_and_government": 0.03, "lodging": 0.008}, "tfidf": {"services_and_business": 0.205, "lifestyle_services": 0.145, "shopping": 0.13, "food_and_drink": 0.127, "education": 0.11, "health_care": 0.082, "travel_and_transportation": 0.07, "cultural_and_historic": 0.057, "sports_and_recreation": 0.038, "arts_and_entertainment": 0.033, "community_and_government": 0.033, "lodging": 0.01}, "cluster": -1}}, {"type": "Feature", "geometry": {"type": "Polygon", "coordinates": [[[-0.132184, 51.477495], [-0.138889, 51.4763], [-0.140111, 51.471823], [-0.13463, 51.468543], [-0.127926, 51.469738], [-0.126703, 51.474214], [-0.132184, 51.477495]]]}, "properties": {"h3": "88194ad101fffff", "poi": 284, "richness": 13, "hill_q1": 8.92, "hill_q2": 7.101, "top_share": 0.257, "flagged": false, "dominant": "services_and_business", "dna": {"services_and_business": 0.257, "shopping": 0.169, "food_and_drink": 0.151, "lifestyle_services": 0.077, "travel_and_transportation": 0.067, "sports_and_recreation": 0.056, "cultural_and_historic": 0.053, "health_care": 0.053, "community_and_government": 0.039, "education": 0.039, "arts_and_entertainment": 0.032, "geographic_entities": 0.004, "lodging": 0.004}, "tfidf": {"services_and_business": 0.257, "shopping": 0.171, "food_and_drink": 0.158, "lifestyle_services": 0.082, "travel_and_transportation": 0.069, "health_care": 0.057, "cultural_and_historic": 0.057, "sports_and_recreation": 0.057, "community_and_government": 0.042, "education": 0.04, "arts_and_entertainment": 0.035, "geographic_entities": 0.007, "lodging": 0.005}, "cluster": -1}}, {"type": "Feature", "geometry": {"type": "Polygon", "coordinates": [[[-0.127926, 51.469738], [-0.13463, 51.468543], [-0.135852, 51.464066], [-0.130372, 51.460785], [-0.123669, 51.461981], [-0.122446, 51.466457], [-0.127926, 51.469738]]]}, "properties": {"h3": "88194ad103fffff", "poi": 428, "richness": 12, "hill_q1": 8.63, "hill_q2": 6.834, "top_share": 0.231, "flagged": false, "dominant": "services_and_business", "dna": {"services_and_business": 0.231, "food_and_drink": 0.229, "shopping": 0.133, "lifestyle_services": 0.091, "travel_and_transportation": 0.061, "arts_and_entertainment": 0.051, "sports_and_recreation": 0.051, "health_care": 0.049, "education": 0.035, "cultural_and_historic": 0.033, "community_and_government": 0.023, "lodging": 0.012}, "tfidf": {"food_and_drink": 0.239, "services_and_business": 0.231, "shopping": 0.135, "lifestyle_services": 0.097, "travel_and_transportation": 0.063, "arts_and_entertainment": 0.056, "health_care": 0.053, "sports_and_recreation": 0.052, "education": 0.036, "cultural_and_historic": 0.035, "community_and_government": 0.025, "lodging": 0.016}, "cluster": -1}}, {"type": "Feature", "geometry": {"type": "Polygon", "coordinates": [[[-0.144371, 51.47958], [-0.151077, 51.478384], [-0.152299, 51.473907], [-0.146816, 51.470627], [-0.140111, 51.471823], [-0.138889, 51.4763], [-0.144371, 51.47958]]]}, "properties": {"h3": "88194ad105fffff", "poi": 472, "richness": 12, "hill_q1": 7.115, "hill_q2": 4.992, "top_share": 0.364, "flagged": false, "dominant": "services_and_business", "dna": {"services_and_business": 0.364, "shopping": 0.186, "food_and_drink": 0.138, "travel_and_transportation": 0.074, "sports_and_recreation": 0.059, "cultural_and_historic": 0.032, "education": 0.03, "lifestyle_services": 0.03, "health_care": 0.028, "arts_and_entertainment": 0.025, "community_and_government": 0.021, "lodging": 0.013}, "tfidf": {"services_and_business": 0.364, "shopping": 0.189, "food_and_drink": 0.144, "travel_and_transportation": 0.076, "sports_and_recreation": 0.06, "cultural_and_historic": 0.034, "lifestyle_services": 0.031, "education": 0.031, "health_care": 0.03, "arts_and_entertainment": 0.028, "community_and_government": 0.023, "lodging": 0.017}, "cluster": -1}}, {"type": "Feature", "geometry": {"type": "Polygon", "coordinates": [[[-0.140111, 51.471823], [-0.146816, 51.470627], [-0.148038, 51.46615], [-0.142556, 51.46287], [-0.135852, 51.464066], [-0.13463, 51.468543], [-0.140111, 51.471823]]]}, "properties": {"h3": "88194ad107fffff", "poi": 362, "richness": 13, "hill_q1": 7.916, "hill_q2": 5.721, "top_share": 0.337, "flagged": false, "dominant": "services_and_business", "dna": {"services_and_business": 0.337, "food_and_drink": 0.16, "shopping": 0.122, "travel_and_transportation": 0.094, "education": 0.055, "lifestyle_services": 0.052, "sports_and_recreation": 0.041, "health_care": 0.036, "arts_and_entertainment": 0.033, "cultural_and_historic": 0.033, "community_and_government": 0.03, "geographic_entities": 0.003, "lodging": 0.003}, "tfidf": {"services_and_business": 0.337, "food_and_drink": 0.167, "shopping": 0.123, "travel_and_transportation": 0.097, "education": 0.057, "lifestyle_services": 0.056, "sports_and_recreation": 0.042, "health_care": 0.039, "arts_and_entertainment": 0.036, "cultural_and_historic": 0.036, "community_and_government": 0.033, "geographic_entities": 0.005, "lodging": 0.004}, "cluster": -1}}, {"type": "Feature", "geometry": {"type": "Polygon", "coordinates": [[[-0.124256, 51.483166], [-0.130961, 51.481971], [-0.132184, 51.477495], [-0.126703, 51.474214], [-0.119998, 51.475409], [-0.118775, 51.479885], [-0.124256, 51.483166]]]}, "properties": {"h3": "88194ad109fffff", "poi": 373, "richness": 12, "hill_q1": 8.794, "hill_q2": 6.983, "top_share": 0.255, "flagged": false, "dominant": "services_and_business", "dna": {"services_and_business": 0.255, "food_and_drink": 0.185, "shopping": 0.147, "sports_and_recreation": 0.072, "travel_and_transportation": 0.072, "lifestyle_services": 0.056, "health_care": 0.051, "cultural_and_historic": 0.048, "education": 0.048, "arts_and_entertainment": 0.029, "community_and_government": 0.019, "lodging": 0.016}, "tfidf": {"services_and_business": 0.255, "food_and_drink": 0.193, "shopping": 0.149, "travel_and_transportation": 0.075, "sports_and_recreation": 0.073, "lifestyle_services": 0.06, "health_care": 0.055, "cultural_and_historic": 0.052, "education": 0.05, "arts_and_entertainment": 0.032, "lodging": 0.022, "community_and_government": 0.02}, "cluster": -1}}, {"type": "Feature", "geometry": {"type": "Polygon", "coordinates": [[[-0.119998, 51.475409], [-0.126703, 51.474214], [-0.127926, 51.469738], [-0.122446, 51.466457], [-0.115743, 51.467652], [-0.114519, 51.472128], [-0.119998, 51.475409]]]}, "properties": {"h3": "88194ad10bfffff", "poi": 268, "richness": 12, "hill_q1": 9.363, "hill_q2": 7.529, "top_share": 0.261, "flagged": false, "dominant": "services_and_business", "dna": {"services_and_business": 0.261, "food_and_drink": 0.138, "shopping": 0.127, "lifestyle_services": 0.101, "community_and_government": 0.063, "cultural_and_historic": 0.06, "sports_and_recreation": 0.056, "education": 0.052, "travel_and_transportation": 0.052, "health_care": 0.045, "arts_and_entertainment": 0.03, "lodging": 0.015}, "tfidf": {"services_and_business": 0.261, "food_and_drink": 0.144, "shopping": 0.128, "lifestyle_services": 0.107, "community_and_government": 0.069, "cultural_and_historic": 0.065, "sports_and_recreation": 0.057, "education": 0.054, "travel_and_transportation": 0.054, "health_care": 0.049, "arts_and_entertainment": 0.033, "lodging": 0.02}, "cluster": -1}}, {"type": "Feature", "geometry": {"type": "Polygon", "coordinates": [[[-0.136443, 51.485252], [-0.143149, 51.484056], [-0.144371, 51.47958], [-0.138889, 51.4763], [-0.132184, 51.477495], [-0.130961, 51.481971], [-0.136443, 51.485252]]]}, "properties": {"h3": "88194ad10dfffff", "poi": 213, "richness": 13, "hill_q1": 7.291, "hill_q2": 5.181, "top_share": 0.324, "flagged": false, "dominant": "shopping", "dna": {"shopping": 0.324, "services_and_business": 0.244, "food_and_drink": 0.131, "community_and_government": 0.052, "travel_and_transportation": 0.047, "sports_and_recreation": 0.042, "arts_and_entertainment": 0.038, "cultural_and_historic": 0.033, "education": 0.028, "lifestyle_services": 0.028, "health_care": 0.019, "lodging": 0.009, "geographic_entities": 0.005}, "tfidf": {"shopping": 0.328, "services_and_business": 0.244, "food_and_drink": 0.137, "community_and_government": 0.056, "travel_and_transportation": 0.048, "sports_and_recreation": 0.043, "arts_and_entertainment": 0.041, "cultural_and_historic": 0.036, "lifestyle_services": 0.03, "education": 0.029, "health_care": 0.02, "lodging": 0.013, "geographic_entities": 0.009}, "cluster": -1}}, {"type": "Feature", "geometry": {"type": "Polygon", "coordinates": [[[-0.111488, 51.459895], [-0.11819, 51.4587], [-0.119414, 51.454223], [-0.113936, 51.450942], [-0.107235, 51.452137], [-0.106011, 51.456613], [-0.111488, 51.459895]]]}, "properties": {"h3": "88194ad111fffff", "poi": 243, "richness": 12, "hill_q1": 7.581, "hill_q2": 5.297, "top_share": 0.374, "flagged": false, "dominant": "services_and_business", "dna": {"services_and_business": 0.374, "food_and_drink": 0.119, "shopping": 0.091, "sports_and_recreation": 0.082, "travel_and_transportation": 0.074, "lifestyle_services": 0.07, "health_care": 0.066, "community_and_government": 0.053, "arts_and_entertainment": 0.029, "education": 0.029, "cultural_and_historic": 0.008, "lodging": 0.004}, "tfidf": {"services_and_business": 0.374, "food_and_drink": 0.125, "shopping": 0.092, "sports_and_recreation": 0.083, "travel_and_transportation": 0.076, "lifestyle_services": 0.074, "health_care": 0.071, "community_and_government": 0.058, "arts_and_entertainment": 0.031, "education": 0.03, "cultural_and_historic": 0.009, "lodging": 0.006}, "cluster": -1}}, {"type": "Feature", "geometry": {"type": "Polygon", "coordinates": [[[-0.107235, 51.452137], [-0.113936, 51.450942], [-0.11516, 51.446465], [-0.109683, 51.443183], [-0.102983, 51.444378], [-0.101759, 51.448855], [-0.107235, 51.452137]]]}, "properties": {"h3": "88194ad113fffff", "poi": 65, "richness": 12, "hill_q1": 9.031, "hill_q2": 6.983, "top_share": 0.292, "flagged": false, "dominant": "services_and_business", "dna": {"services_and_business": 0.292, "sports_and_recreation": 0.138, "food_and_drink": 0.092, "arts_and_entertainment": 0.077, "shopping": 0.077, "travel_and_transportation": 0.077, "cultural_and_historic": 0.062, "education": 0.062, "community_and_government": 0.046, "lifestyle_services": 0.046, "geographic_entities": 0.015, "lodging": 0.015}, "tfidf": {"services_and_business": 0.292, "sports_and_recreation": 0.14, "food_and_drink": 0.096, "arts_and_entertainment": 0.084, "travel_and_transportation": 0.079, "shopping": 0.078, "cultural_and_historic": 0.067, "education": 0.064, "community_and_government": 0.05, "lifestyle_services": 0.049, "geographic_entities": 0.029, "lodging": 0.021}, "cluster": -1}}, {"type": "Feature", "geometry": {"type": "Polygon", "coordinates": [[[-0.123669, 51.461981], [-0.130372, 51.460785], [-0.131595, 51.456308], [-0.126116, 51.453027], [-0.119414, 51.454223], [-0.11819, 51.4587], [-0.123669, 51.461981]]]}, "properties": {"h3": "88194ad115fffff", "poi": 312, "richness": 12, "hill_q1": 7.559, "hill_q2": 5.702, "top_share": 0.314, "flagged": false, "dominant": "services_and_business", "dna": {"services_and_business": 0.314, "food_and_drink": 0.173, "shopping": 0.167, "lifestyle_services": 0.093, "travel_and_transportation": 0.061, "arts_and_entertainment": 0.045, "cultural_and_historic": 0.045, "education": 0.038, "sports_and_recreation": 0.022, "community_and_government": 0.019, "health_care": 0.013, "lodging": 0.01}, "tfidf": {"services_and_business": 0.314, "food_and_drink": 0.181, "shopping": 0.169, "lifestyle_services": 0.099, "travel_and_transportation": 0.063, "arts_and_entertainment": 0.049, "cultural_and_historic": 0.049, "education": 0.04, "sports_and_recreation": 0.023, "community_and_government": 0.021, "health_care": 0.014, "lodging": 0.013}, "cluster": -1}}, {"type": "Feature", "geometry": {"type": "Polygon", "coordinates": [[[-0.119414, 51.454223], [-0.126116, 51.453027], [-0.127338, 51.44855], [-0.12186, 51.445269], [-0.11516, 51.446465], [-0.113936, 51.450942], [-0.119414, 51.454223]]]}, "properties": {"h3": "88194ad117fffff", "poi": 202, "richness": 11, "hill_q1": 8.442, "hill_q2": 6.301, "top_share": 0.327, "flagged": false, "dominant": "services_and_business", "dna": {"services_and_business": 0.327, "food_and_drink": 0.119, "lifestyle_services": 0.089, "shopping": 0.089, "travel_and_transportation": 0.079, "cultural_and_historic": 0.069, "sports_and_recreation": 0.059, "education": 0.054, "community_and_government": 0.045, "arts_and_entertainment": 0.035, "health_care": 0.035}, "tfidf": {"services_and_business": 0.327, "food_and_drink": 0.124, "lifestyle_services": 0.095, "shopping": 0.09, "travel_and_transportation": 0.082, "cultural_and_historic": 0.075, "sports_and_recreation": 0.06, "education": 0.056, "community_and_government": 0.049, "arts_and_entertainment": 0.038, "health_care": 0.038}, "cluster": -1}}, {"type": "Feature", "geometry": {"type": "Polygon", "coordinates": [[[-0.103562, 51.465565], [-0.110264, 51.464371], [-0.111488, 51.459895], [-0.106011, 51.456613], [-0.09931, 51.457807], [-0.098085, 51.462283], [-0.103562, 51.465565]]]}, "properties": {"h3": "88194ad119fffff", "poi": 252, "richness": 12, "hill_q1": 8.347, "hill_q2": 6.45, "top_share": 0.294, "flagged": false, "dominant": "services_and_business", "dna": {"services_and_business": 0.294, "shopping": 0.159, "travel_and_transportation": 0.123, "food_and_drink": 0.119, "lifestyle_services": 0.067, "sports_and_recreation": 0.056, "education": 0.048, "cultural_and_historic": 0.044, "community_and_government": 0.036, "arts_and_entertainment": 0.028, "health_care": 0.02, "lodging": 0.008}, "tfidf": {"services_and_business": 0.294, "shopping": 0.161, "travel_and_transportation": 0.127, "food_and_drink": 0.124, "lifestyle_services": 0.072, "sports_and_recreation": 0.056, "education": 0.049, "cultural_and_historic": 0.047, "community_and_government": 0.039, "arts_and_entertainment": 0.03, "health_care": 0.022, "lodging": 0.011}, "cluster": -1}}, {"type": "Feature", "geometry": {"type": "Polygon", "coordinates": [[[-0.09931, 51.457807], [-0.106011, 51.456613], [-0.107235, 51.452137], [-0.101759, 51.448855], [-0.095059, 51.450049], [-0.093834, 51.454525], [-0.09931, 51.457807]]]}, "properties": {"h3": "88194ad11bfffff", "poi": 290, "richness": 12, "hill_q1": 7.735, "hill_q2": 5.969, "top_share": 0.245, "flagged": false, "dominant": "services_and_business", "dna": {"services_and_business": 0.245, "food_and_drink": 0.231, "shopping": 0.2, "lifestyle_services": 0.066, "health_care": 0.055, "sports_and_recreation": 0.045, "travel_and_transportation": 0.045, "community_and_government": 0.031, "arts_and_entertainment": 0.028, "education": 0.028, "cultural_and_historic": 0.014, "lodging": 0.014}, "tfidf": {"services_and_business": 0.245, "food_and_drink": 0.242, "shopping": 0.202, "lifestyle_services": 0.07, "health_care": 0.06, "travel_and_transportation": 0.046, "sports_and_recreation": 0.045, "community_and_government": 0.034, "arts_and_entertainment": 0.03, "education": 0.029, "lodging": 0.019, "cultural_and_historic": 0.015}, "cluster": -1}}, {"type": "Feature", "geometry": {"type": "Polygon", "coordinates": [[[-0.115743, 51.467652], [-0.122446, 51.466457], [-0.123669, 51.461981], [-0.11819, 51.4587], [-0.111488, 51.459895], [-0.110264, 51.464371], [-0.115743, 51.467652]]]}, "properties": {"h3": "88194ad11dfffff", "poi": 949, "richness": 12, "hill_q1": 7.46, "hill_q2": 5.702, "top_share": 0.263, "flagged": false, "dominant": "food_and_drink", "dna": {"food_and_drink": 0.263, "services_and_business": 0.231, "shopping": 0.2, "arts_and_entertainment": 0.057, "lifestyle_services": 0.054, "community_and_government": 0.051, "travel_and_transportation": 0.037, "education": 0.032, "health_care": 0.025, "cultural_and_historic": 0.023, "sports_and_recreation": 0.019, "lodging": 0.008}, "tfidf": {"food_and_drink": 0.275, "services_and_business": 0.231, "shopping": 0.203, "arts_and_entertainment": 0.062, "lifestyle_services": 0.057, "community_and_government": 0.055, "travel_and_transportation": 0.038, "education": 0.033, "health_care": 0.027, "cultural_and_historic": 0.025, "sports_and_recreation": 0.019, "lodging": 0.012}, "cluster": -1}}, {"type": "Feature", "geometry": {"type": "Polygon", "coordinates": [[[-0.164488, 51.47599], [-0.171194, 51.474793], [-0.172415, 51.470315], [-0.16693, 51.467036], [-0.160225, 51.468233], [-0.159004, 51.472711], [-0.164488, 51.47599]]]}, "properties": {"h3": "88194ad121fffff", "poi": 401, "richness": 12, "hill_q1": 7.463, "hill_q2": 5.557, "top_share": 0.329, "flagged": false, "dominant": "services_and_business", "dna": {"services_and_business": 0.329, "shopping": 0.155, "food_and_drink": 0.15, "lifestyle_services": 0.127, "travel_and_transportation": 0.057, "sports_and_recreation": 0.052, "health_care": 0.035, "education": 0.025, "arts_and_entertainment": 0.02, "cultural_and_historic": 0.02, "lodging": 0.017, "community_and_government": 0.012}, "tfidf": {"services_and_business": 0.329, "shopping": 0.156, "food_and_drink": 0.156, "lifestyle_services": 0.135, "travel_and_transportation": 0.059, "sports_and_recreation": 0.053, "health_care": 0.038, "education": 0.026, "lodging": 0.024, "arts_and_entertainment": 0.022, "cultural_and_historic": 0.022, "community_and_government": 0.014}, "cluster": -1}}, {"type": "Feature", "geometry": {"type": "Polygon", "coordinates": [[[-0.160225, 51.468233], [-0.16693, 51.467036], [-0.16815, 51.462558], [-0.162667, 51.459278], [-0.155963, 51.460476], [-0.154742, 51.464953], [-0.160225, 51.468233]]]}, "properties": {"h3": "88194ad123fffff", "poi": 486, "richness": 12, "hill_q1": 7.825, "hill_q2": 6.112, "top_share": 0.265, "flagged": false, "dominant": "services_and_business", "dna": {"services_and_business": 0.265, "food_and_drink": 0.216, "shopping": 0.163, "lifestyle_services": 0.103, "health_care": 0.051, "community_and_government": 0.043, "travel_and_transportation": 0.039, "education": 0.035, "arts_and_entertainment": 0.031, "sports_and_recreation": 0.027, "cultural_and_historic": 0.023, "lodging": 0.004}, "tfidf": {"services_and_business": 0.265, "food_and_drink": 0.226, "shopping": 0.165, "lifestyle_services": 0.109, "health_care": 0.056, "community_and_government": 0.047, "travel_and_transportation": 0.04, "education": 0.036, "arts_and_entertainment": 0.034, "sports_and_recreation": 0.027, "cultural_and_historic": 0.024, "lodging": 0.006}, "cluster": -1}}, {"type": "Feature", "geometry": {"type": "Polygon", "coordinates": [[[-0.17668, 51.478072], [-0.183387, 51.476874], [-0.184606, 51.472396], [-0.17912, 51.469117], [-0.172415, 51.470315], [-0.171194, 51.474793], [-0.17668, 51.478072]]]}, "properties": {"h3": "88194ad125fffff", "poi": 407, "richness": 13, "hill_q1": 7.643, "hill_q2": 5.322, "top_share": 0.329, "flagged": false, "dominant": "services_and_business", "dna": {"services_and_business": 0.329, "shopping": 0.231, "food_and_drink": 0.118, "sports_and_recreation": 0.064, "lifestyle_services": 0.042, "education": 0.037, "travel_and_transportation": 0.037, "cultural_and_historic": 0.032, "lodging": 0.032, "arts_and_entertainment": 0.029, "community_and_government": 0.017, "geographic_entities": 0.017, "health_care": 0.015}, "tfidf": {"services_and_business": 0.329, "shopping": 0.234, "food_and_drink": 0.123, "sports_and_recreation": 0.065, "lifestyle_services": 0.044, "lodging": 0.044, "education": 0.038, "travel_and_transportation": 0.038, "cultural_and_historic": 0.035, "geographic_entities": 0.033, "arts_and_entertainment": 0.032, "community_and_government": 0.019, "health_care": 0.016}, "cluster": -1}}, {"type": "Feature", "geometry": {"type": "Polygon", "coordinates": [[[-0.172415, 51.470315], [-0.17912, 51.469117], [-0.18034, 51.464639], [-0.174855, 51.46136], [-0.16815, 51.462558], [-0.16693, 51.467036], [-0.172415, 51.470315]]]}, "properties": {"h3": "88194ad127fffff", "poi": 384, "richness": 13, "hill_q1": 9.526, "hill_q2": 7.745, "top_share": 0.232, "flagged": false, "dominant": "services_and_business", "dna": {"services_and_business": 0.232, "food_and_drink": 0.177, "shopping": 0.128, "lifestyle_services": 0.089, "travel_and_transportation": 0.076, "sports_and_recreation": 0.07, "community_and_government": 0.052, "cultural_and_historic": 0.044, "health_care": 0.042, "arts_and_entertainment": 0.039, "education": 0.034, "lodging": 0.013, "geographic_entities": 0.005}, "tfidf": {"services_and_business": 0.232, "food_and_drink": 0.185, "shopping": 0.129, "lifestyle_services": 0.094, "travel_and_transportation": 0.078, "sports_and_recreation": 0.071, "community_and_government": 0.057, "cultural_and_historic": 0.048, "health_care": 0.045, "arts_and_entertainment": 0.043, "education": 0.035, "lodging": 0.018, "geographic_entities": 0.01}, "cluster": -1}}, {"type": "Feature", "geometry": {"type": "Polygon", "coordinates": [[[-0.156561, 51.481664], [-0.163267, 51.480467], [-0.164488, 51.47599], [-0.159004, 51.472711], [-0.152299, 51.473907], [-0.151077, 51.478384], [-0.156561, 51.481664]]]}, "properties": {"h3": "88194ad129fffff", "poi": 188, "richness": 13, "hill_q1": 8.658, "hill_q2": 6.666, "top_share": 0.298, "flagged": false, "dominant": "services_and_business", "dna": {"services_and_business": 0.298, "food_and_drink": 0.128, "shopping": 0.117, "education": 0.09, "lifestyle_services": 0.085, "sports_and_recreation": 0.085, "arts_and_entertainment": 0.069, "travel_and_transportation": 0.043, "health_care": 0.032, "cultural_and_historic": 0.027, "lodging": 0.016, "community_and_government": 0.005, "geographic_entities": 0.005}, "tfidf": {"services_and_business": 0.298, "food_and_drink": 0.133, "shopping": 0.118, "education": 0.094, "lifestyle_services": 0.09, "sports_and_recreation": 0.086, "arts_and_entertainment": 0.075, "travel_and_transportation": 0.044, "health_care": 0.035, "cultural_and_historic": 0.029, "lodging": 0.022, "geographic_entities": 0.01, "community_and_government": 0.006}, "cluster": -1}}, {"type": "Feature", "geometry": {"type": "Polygon", "coordinates": [[[-0.152299, 51.473907], [-0.159004, 51.472711], [-0.160225, 51.468233], [-0.154742, 51.464953], [-0.148038, 51.46615], [-0.146816, 51.470627], [-0.152299, 51.473907]]]}, "properties": {"h3": "88194ad12bfffff", "poi": 413, "richness": 12, "hill_q1": 7.805, "hill_q2": 6.142, "top_share": 0.278, "flagged": false, "dominant": "services_and_business", "dna": {"services_and_business": 0.278, "food_and_drink": 0.177, "shopping": 0.165, "lifestyle_services": 0.131, "travel_and_transportation": 0.056, "health_care": 0.051, "education": 0.039, "community_and_government": 0.034, "sports_and_recreation": 0.029, "arts_and_entertainment": 0.019, "cultural_and_historic": 0.015, "lodging": 0.007}, "tfidf": {"services_and_business": 0.278, "food_and_drink": 0.185, "shopping": 0.167, "lifestyle_services": 0.139, "travel_and_transportation": 0.057, "health_care": 0.055, "education": 0.04, "community_and_government": 0.037, "sports_and_recreation": 0.029, "arts_and_entertainment": 0.021, "cultural_and_historic": 0.016, "lodging": 0.01}, "cluster": -1}}, {"type": "Feature", "geometry": {"type": "Polygon", "coordinates": [[[-0.168753, 51.483747], [-0.17546, 51.48255], [-0.17668, 51.478072], [-0.171194, 51.474793], [-0.164488, 51.47599], [-0.163267, 51.480467], [-0.168753, 51.483747]]]}, "properties": {"h3": "88194ad12dfffff", "poi": 186, "richness": 13, "hill_q1": 9.644, "hill_q2": 7.524, "top_share": 0.258, "flagged": false, "dominant": "services_and_business", "dna": {"services_and_business": 0.258, "food_and_drink": 0.156, "shopping": 0.134, "travel_and_transportation": 0.075, "education": 0.065, "arts_and_entertainment": 0.059, "sports_and_recreation": 0.059, "cultural_and_historic": 0.048, "lifestyle_services": 0.048, "community_and_government": 0.027, "health_care": 0.027, "lodging": 0.027, "geographic_entities": 0.016}, "tfidf": {"services_and_business": 0.258, "food_and_drink": 0.163, "shopping": 0.136, "travel_and_transportation": 0.077, "education": 0.067, "arts_and_entertainment": 0.065, "sports_and_recreation": 0.06, "cultural_and_historic": 0.052, "lifestyle_services": 0.051, "lodging": 0.037, "geographic_entities": 0.031, "community_and_government": 0.029, "health_care": 0.029}, "cluster": -1}}, {"type": "Feature", "geometry": {"type": "Polygon", "coordinates": [[[-0.143778, 51.458393], [-0.150481, 51.457196], [-0.151702, 51.452718], [-0.146221, 51.449438], [-0.139519, 51.450635], [-0.138297, 51.455112], [-0.143778, 51.458393]]]}, "properties": {"h3": "88194ad131fffff", "poi": 259, "richness": 13, "hill_q1": 8.921, "hill_q2": 7.152, "top_share": 0.228, "flagged": false, "dominant": "services_and_business", "dna": {"services_and_business": 0.228, "food_and_drink": 0.197, "shopping": 0.154, "lifestyle_services": 0.089, "sports_and_recreation": 0.081, "travel_and_transportation": 0.069, "education": 0.054, "health_care": 0.035, "arts_and_entertainment": 0.023, "community_and_government": 0.023, "cultural_and_historic": 0.019, "lodging": 0.019, "geographic_entities": 0.008}, "tfidf": {"services_and_business": 0.228, "food_and_drink": 0.206, "shopping": 0.156, "lifestyle_services": 0.094, "sports_and_recreation": 0.082, "travel_and_transportation": 0.072, "education": 0.056, "health_care": 0.038, "lodging": 0.026, "arts_and_entertainment": 0.025, "community_and_government": 0.025, "cultural_and_historic": 0.021, "geographic_entities": 0.015}, "cluster": -1}}, {"type": "Feature", "geometry": {"type": "Polygon", "coordinates": [[[-0.139519, 51.450635], [-0.146221, 51.449438], [-0.147443, 51.44496], [-0.141963, 51.441679], [-0.135262, 51.442876], [-0.13404, 51.447354], [-0.139519, 51.450635]]]}, "properties": {"h3": "88194ad133fffff", "poi": 163, "richness": 12, "hill_q1": 7.698, "hill_q2": 5.599, "top_share": 0.331, "flagged": false, "dominant": "services_and_business", "dna": {"services_and_business": 0.331, "shopping": 0.184, "education": 0.129, "travel_and_transportation": 0.086, "sports_and_recreation": 0.061, "cultural_and_historic": 0.055, "arts_and_entertainment": 0.037, "food_and_drink": 0.031, "community_and_government": 0.025, "health_care": 0.025, "lifestyle_services": 0.018, "lodging": 0.018}, "tfidf": {"services_and_business": 0.331, "shopping": 0.186, "education": 0.134, "travel_and_transportation": 0.088, "sports_and_recreation": 0.062, "cultural_and_historic": 0.06, "arts_and_entertainment": 0.04, "food_and_drink": 0.032, "community_and_government": 0.027, "health_care": 0.027, "lodging": 0.025, "lifestyle_services": 0.02}, "cluster": -1}}, {"type": "Feature", "geometry": {"type": "Polygon", "coordinates": [[[-0.155963, 51.460476], [-0.162667, 51.459278], [-0.163887, 51.454801], [-0.158405, 51.451521], [-0.151702, 51.452718], [-0.150481, 51.457196], [-0.155963, 51.460476]]]}, "properties": {"h3": "88194ad135fffff", "poi": 128, "richness": 12, "hill_q1": 8.734, "hill_q2": 7.087, "top_share": 0.258, "flagged": false, "dominant": "services_and_business", "dna": {"services_and_business": 0.258, "education": 0.148, "shopping": 0.148, "sports_and_recreation": 0.109, "arts_and_entertainment": 0.07, "health_care": 0.07, "lifestyle_services": 0.07, "food_and_drink": 0.047, "community_and_government": 0.023, "travel_and_transportation": 0.023, "cultural_and_historic": 0.016, "lodging": 0.016}, "tfidf": {"services_and_business": 0.258, "education": 0.154, "shopping": 0.15, "sports_and_recreation": 0.111, "arts_and_entertainment": 0.077, "health_care": 0.076, "lifestyle_services": 0.075, "food_and_drink": 0.049, "community_and_government": 0.026, "travel_and_transportation": 0.024, "lodging": 0.021, "cultural_and_historic": 0.017}, "cluster": -1}}, {"type": "Feature", "geometry": {"type": "Polygon", "coordinates": [[[-0.151702, 51.452718], [-0.158405, 51.451521], [-0.159625, 51.447042], [-0.154144, 51.443762], [-0.147443, 51.44496], [-0.146221, 51.449438], [-0.151702, 51.452718]]]}, "properties": {"h3": "88194ad137fffff", "poi": 417, "richness": 12, "hill_q1": 8.347, "hill_q2": 6.833, "top_share": 0.24, "flagged": false, "dominant": "services_and_business", "dna": {"services_and_business": 0.24, "food_and_drink": 0.201, "shopping": 0.137, "lifestyle_services": 0.12, "health_care": 0.072, "education": 0.058, "sports_and_recreation": 0.055, "travel_and_transportation": 0.043, "cultural_and_historic": 0.031, "arts_and_entertainment": 0.022, "community_and_government": 0.019, "lodging": 0.002}, "tfidf": {"services_and_business": 0.24, "food_and_drink": 0.211, "shopping": 0.138, "lifestyle_services": 0.127, "health_care": 0.078, "education": 0.06, "sports_and_recreation": 0.056, "travel_and_transportation": 0.044, "cultural_and_historic": 0.034, "arts_and_entertainment": 0.024, "community_and_government": 0.021, "lodging": 0.003}, "cluster": -1}}, {"type": "Feature", "geometry": {"type": "Polygon", "coordinates": [[[-0.135852, 51.464066], [-0.142556, 51.46287], [-0.143778, 51.458393], [-0.138297, 51.455112], [-0.131595, 51.456308], [-0.130372, 51.460785], [-0.135852, 51.464066]]]}, "properties": {"h3": "88194ad139fffff", "poi": 499, "richness": 13, "hill_q1": 8.138, "hill_q2": 6.15, "top_share": 0.287, "flagged": false, "dominant": "services_and_business", "dna": {"services_and_business": 0.287, "food_and_drink": 0.212, "shopping": 0.124, "lifestyle_services": 0.088, "sports_and_recreation": 0.058, "health_care": 0.054, "travel_and_transportation": 0.042, "arts_and_entertainment": 0.036, "cultural_and_historic": 0.034, "education": 0.03, "community_and_government": 0.026, "geographic_entities": 0.004, "lodging": 0.004}, "tfidf": {"services_and_business": 0.287, "food_and_drink": 0.222, "shopping": 0.126, "lifestyle_services": 0.094, "sports_and_recreation": 0.059, "health_care": 0.059, "travel_and_transportation": 0.043, "arts_and_entertainment": 0.039, "cultural_and_historic": 0.037, "education": 0.031, "community_and_government": 0.028, "geographic_entities": 0.008, "lodging": 0.005}, "cluster": -1}}, {"type": "Feature", "geometry": {"type": "Polygon", "coordinates": [[[-0.131595, 51.456308], [-0.138297, 51.455112], [-0.139519, 51.450635], [-0.13404, 51.447354], [-0.127338, 51.44855], [-0.126116, 51.453027], [-0.131595, 51.456308]]]}, "properties": {"h3": "88194ad13bfffff", "poi": 85, "richness": 12, "hill_q1": 9.429, "hill_q2": 7.189, "top_share": 0.294, "flagged": false, "dominant": "services_and_business", "dna": {"services_and_business": 0.294, "travel_and_transportation": 0.118, "education": 0.094, "shopping": 0.082, "sports_and_recreation": 0.082, "health_care": 0.071, "arts_and_entertainment": 0.047, "community_and_government": 0.047, "cultural_and_historic": 0.047, "food_and_drink": 0.047, "lifestyle_services": 0.035, "lodging": 0.035}, "tfidf": {"services_and_business": 0.294, "travel_and_transportation": 0.121, "education": 0.098, "sports_and_recreation": 0.083, "shopping": 0.083, "health_care": 0.077, "arts_and_entertainment": 0.051, "community_and_government": 0.051, "cultural_and_historic": 0.051, "food_and_drink": 0.049, "lodging": 0.048, "lifestyle_services": 0.037}, "cluster": -1}}, {"type": "Feature", "geometry": {"type": "Polygon", "coordinates": [[[-0.148038, 51.46615], [-0.154742, 51.464953], [-0.155963, 51.460476], [-0.150481, 51.457196], [-0.143778, 51.458393], [-0.142556, 51.46287], [-0.148038, 51.46615]]]}, "properties": {"h3": "88194ad13dfffff", "poi": 59, "richness": 12, "hill_q1": 8.39, "hill_q2": 6.605, "top_share": 0.271, "flagged": false, "dominant": "services_and_business", "dna": {"services_and_business": 0.271, "sports_and_recreation": 0.186, "education": 0.136, "shopping": 0.085, "travel_and_transportation": 0.085, "arts_and_entertainment": 0.068, "health_care": 0.051, "community_and_government": 0.034, "cultural_and_historic": 0.034, "food_and_drink": 0.017, "lifestyle_services": 0.017, "lodging": 0.017}, "tfidf": {"services_and_business": 0.271, "sports_and_recreation": 0.189, "education": 0.141, "travel_and_transportation": 0.087, "shopping": 0.086, "arts_and_entertainment": 0.074, "health_care": 0.055, "community_and_government": 0.037, "cultural_and_historic": 0.037, "lodging": 0.023, "lifestyle_services": 0.018, "food_and_drink": 0.018}, "cluster": -1}}, {"type": "Feature", "geometry": {"type": "Polygon", "coordinates": [[[-0.120583, 51.496592], [-0.12729, 51.495398], [-0.128514, 51.490922], [-0.123032, 51.487641], [-0.116326, 51.488835], [-0.115102, 51.49331], [-0.120583, 51.496592]]]}, "properties": {"h3": "88194ad141fffff", "poi": 575, "richness": 13, "hill_q1": 8.491, "hill_q2": 5.695, "top_share": 0.362, "flagged": false, "dominant": "services_and_business", "dna": {"services_and_business": 0.362, "food_and_drink": 0.108, "community_and_government": 0.104, "shopping": 0.083, "sports_and_recreation": 0.059, "travel_and_transportation": 0.057, "arts_and_entertainment": 0.05, "cultural_and_historic": 0.047, "education": 0.038, "lifestyle_services": 0.028, "health_care": 0.026, "lodging": 0.026, "geographic_entities": 0.01}, "tfidf": {"services_and_business": 0.362, "community_and_government": 0.114, "food_and_drink": 0.113, "shopping": 0.084, "sports_and_recreation": 0.06, "travel_and_transportation": 0.059, "arts_and_entertainment": 0.055, "cultural_and_historic": 0.051, "education": 0.04, "lodging": 0.036, "lifestyle_services": 0.03, "health_care": 0.028, "geographic_entities": 0.02}, "cluster": -1}}, {"type": "Feature", "geometry": {"type": "Polygon", "coordinates": [[[-0.116326, 51.488835], [-0.123032, 51.487641], [-0.124256, 51.483166], [-0.118775, 51.479885], [-0.11207, 51.481079], [-0.110845, 51.485554], [-0.116326, 51.488835]]]}, "properties": {"h3": "88194ad143fffff", "poi": 439, "richness": 13, "hill_q1": 9.077, "hill_q2": 7.099, "top_share": 0.28, "flagged": false, "dominant": "services_and_business", "dna": {"services_and_business": 0.28, "arts_and_entertainment": 0.125, "food_and_drink": 0.123, "community_and_government": 0.105, "travel_and_transportation": 0.08, "shopping": 0.077, "education": 0.055, "sports_and_recreation": 0.041, "lifestyle_services": 0.039, "cultural_and_historic": 0.036, "health_care": 0.023, "lodging": 0.014, "geographic_entities": 0.002}, "tfidf": {"services_and_business": 0.28, "arts_and_entertainment": 0.137, "food_and_drink": 0.129, "community_and_government": 0.114, "travel_and_transportation": 0.082, "shopping": 0.078, "education": 0.057, "sports_and_recreation": 0.042, "lifestyle_services": 0.041, "cultural_and_historic": 0.039, "health_care": 0.025, "lodging": 0.019, "geographic_entities": 0.004}, "cluster": -1}}, {"type": "Feature", "geometry": {"type": "Polygon", "coordinates": [[[-0.132774, 51.498678], [-0.139481, 51.497484], [-0.140704, 51.493008], [-0.13522, 51.489728], [-0.128514, 51.490922], [-0.12729, 51.495398], [-0.132774, 51.498678]]]}, "properties": {"h3": "88194ad145fffff", "poi": 1072, "richness": 13, "hill_q1": 8.394, "hill_q2": 5.983, "top_share": 0.334, "flagged": false, "dominant": "services_and_business", "dna": {"services_and_business": 0.334, "food_and_drink": 0.142, "shopping": 0.123, "community_and_government": 0.073, "lifestyle_services": 0.07, "education": 0.051, "travel_and_transportation": 0.049, "sports_and_recreation": 0.037, "cultural_and_historic": 0.036, "health_care": 0.035, "arts_and_entertainment": 0.025, "lodging": 0.021, "geographic_entities": 0.002}, "tfidf": {"services_and_business": 0.334, "food_and_drink": 0.148, "shopping": 0.125, "community_and_government": 0.079, "lifestyle_services": 0.074, "education": 0.053, "travel_and_transportation": 0.051, "cultural_and_historic": 0.039, "health_care": 0.038, "sports_and_recreation": 0.038, "lodging": 0.029, "arts_and_entertainment": 0.027, "geographic_entities": 0.004}, "cluster": -1}}, {"type": "Feature", "geometry": {"type": "Polygon", "coordinates": [[[-0.128514, 51.490922], [-0.13522, 51.489728], [-0.136443, 51.485252], [-0.130961, 51.481971], [-0.124256, 51.483166], [-0.123032, 51.487641], [-0.128514, 51.490922]]]}, "properties": {"h3": "88194ad147fffff", "poi": 367, "richness": 13, "hill_q1": 9.322, "hill_q2": 6.676, "top_share": 0.316, "flagged": false, "dominant": "services_and_business", "dna": {"services_and_business": 0.316, "shopping": 0.131, "arts_and_entertainment": 0.084, "food_and_drink": 0.082, "community_and_government": 0.076, "travel_and_transportation": 0.052, "lifestyle_services": 0.046, "sports_and_recreation": 0.046, "education": 0.044, "cultural_and_historic": 0.041, "health_care": 0.041, "lodging": 0.027, "geographic_entities": 0.014}, "tfidf": {"services_and_business": 0.316, "shopping": 0.132, "arts_and_entertainment": 0.092, "food_and_drink": 0.085, "community_and_government": 0.083, "travel_and_transportation": 0.053, "lifestyle_services": 0.049, "sports_and_recreation": 0.047, "education": 0.045, "health_care": 0.044, "cultural_and_historic": 0.044, "lodging": 0.037, "geographic_entities": 0.026}, "cluster": -1}}, {"type": "Feature", "geometry": {"type": "Polygon", "coordinates": [[[-0.112652, 51.50226], [-0.119359, 51.501066], [-0.120583, 51.496592], [-0.115102, 51.49331], [-0.108396, 51.494504], [-0.10717, 51.498978], [-0.112652, 51.50226]]]}, "properties": {"h3": "88194ad149fffff", "poi": 718, "richness": 13, "hill_q1": 9.774, "hill_q2": 7.804, "top_share": 0.253, "flagged": false, "dominant": "services_and_business", "dna": {"services_and_business": 0.253, "food_and_drink": 0.157, "shopping": 0.107, "health_care": 0.081, "community_and_government": 0.064, "arts_and_entertainment": 0.063, "education": 0.06, "travel_and_transportation": 0.056, "lifestyle_services": 0.053, "cultural_and_historic": 0.036, "lodging": 0.036, "sports_and_recreation": 0.031, "geographic_entities": 0.003}, "tfidf": {"services_and_business": 0.253, "food_and_drink": 0.165, "shopping": 0.109, "health_care": 0.088, "community_and_government": 0.07, "arts_and_entertainment": 0.068, "education": 0.062, "travel_and_transportation": 0.057, "lifestyle_services": 0.056, "lodging": 0.049, "cultural_and_historic": 0.039, "sports_and_recreation": 0.031, "geographic_entities": 0.005}, "cluster": -1}}, {"type": "Feature", "geometry": {"type": "Polygon", "coordinates": [[[-0.108396, 51.494504], [-0.115102, 51.49331], [-0.116326, 51.488835], [-0.110845, 51.485554], [-0.10414, 51.486748], [-0.102915, 51.491222], [-0.108396, 51.494504]]]}, "properties": {"h3": "88194ad14bfffff", "poi": 397, "richness": 13, "hill_q1": 8.62, "hill_q2": 6.274, "top_share": 0.317, "flagged": false, "dominant": "services_and_business", "dna": {"services_and_business": 0.317, "food_and_drink": 0.166, "shopping": 0.083, "lifestyle_services": 0.078, "community_and_government": 0.073, "travel_and_transportation": 0.065, "health_care": 0.048, "education": 0.043, "cultural_and_historic": 0.038, "sports_and_recreation": 0.038, "arts_and_entertainment": 0.035, "lodging": 0.013, "geographic_entities": 0.003}, "tfidf": {"services_and_business": 0.317, "food_and_drink": 0.174, "shopping": 0.084, "lifestyle_services": 0.083, "community_and_government": 0.08, "travel_and_transportation": 0.067, "health_care": 0.052, "education": 0.044, "cultural_and_historic": 0.041, "arts_and_entertainment": 0.038, "sports_and_recreation": 0.038, "lodging": 0.017, "geographic_entities": 0.005}, "cluster": -1}}, {"type": "Feature", "geometry": {"type": "Polygon", "coordinates": [[[-0.124842, 51.504347], [-0.13155, 51.503153], [-0.132774, 51.498678], [-0.12729, 51.495398], [-0.120583, 51.496592], [-0.119359, 51.501066], [-0.124842, 51.504347]]]}, "properties": {"h3": "88194ad14dfffff", "poi": 794, "richness": 13, "hill_q1": 8.081, "hill_q2": 6.09, "top_share": 0.296, "flagged": false, "dominant": "services_and_business", "dna": {"services_and_business": 0.296, "community_and_government": 0.208, "cultural_and_historic": 0.105, "food_and_drink": 0.088, "shopping": 0.062, "arts_and_entertainment": 0.06, "travel_and_transportation": 0.06, "education": 0.043, "sports_and_recreation": 0.033, "health_care": 0.021, "lodging": 0.011, "lifestyle_services": 0.01, "geographic_entities": 0.003}, "tfidf": {"services_and_business": 0.296, "community_and_government": 0.226, "cultural_and_historic": 0.113, "food_and_drink": 0.092, "arts_and_entertainment": 0.066, "shopping": 0.062, "travel_and_transportation": 0.062, "education": 0.044, "sports_and_recreation": 0.033, "health_care": 0.023, "lodging": 0.015, "lifestyle_services": 0.011, "geographic_entities": 0.005}, "cluster": -1}}, {"type": "Feature", "geometry": {"type": "Polygon", "coordinates": [[[-0.099887, 51.478991], [-0.10659, 51.477797], [-0.107815, 51.473322], [-0.102337, 51.47004], [-0.095634, 51.471234], [-0.094409, 51.475709], [-0.099887, 51.478991]]]}, "properties": {"h3": "88194ad151fffff", "poi": 237, "richness": 11, "hill_q1": 8.041, "hill_q2": 6.021, "top_share": 0.329, "flagged": false, "dominant": "services_and_business", "dna": {"services_and_business": 0.329, "cultural_and_historic": 0.131, "shopping": 0.118, "travel_and_transportation": 0.093, "food_and_drink": 0.084, "education": 0.063, "community_and_government": 0.046, "sports_and_recreation": 0.046, "lifestyle_services": 0.034, "arts_and_entertainment": 0.03, "health_care": 0.025}, "tfidf": {"services_and_business": 0.329, "cultural_and_historic": 0.141, "shopping": 0.12, "travel_and_transportation": 0.096, "food_and_drink": 0.088, "education": 0.066, "community_and_government": 0.051, "sports_and_recreation": 0.047, "lifestyle_services": 0.036, "arts_and_entertainment": 0.032, "health_care": 0.027}, "cluster": -1}}, {"type": "Feature", "geometry": {"type": "Polygon", "coordinates": [[[-0.095634, 51.471234], [-0.102337, 51.47004], [-0.103562, 51.465565], [-0.098085, 51.462283], [-0.091383, 51.463476], [-0.090157, 51.467952], [-0.095634, 51.471234]]]}, "properties": {"h3": "88194ad153fffff", "poi": 232, "richness": 13, "hill_q1": 9.168, "hill_q2": 7.365, "top_share": 0.254, "flagged": false, "dominant": "services_and_business", "dna": {"services_and_business": 0.254, "health_care": 0.151, "shopping": 0.129, "travel_and_transportation": 0.103, "food_and_drink": 0.099, "lifestyle_services": 0.056, "education": 0.052, "sports_and_recreation": 0.047, "arts_and_entertainment": 0.034, "cultural_and_historic": 0.034, "community_and_government": 0.022, "geographic_entities": 0.013, "lodging": 0.004}, "tfidf": {"services_and_business": 0.254, "health_care": 0.164, "shopping": 0.131, "travel_and_transportation": 0.106, "food_and_drink": 0.104, "lifestyle_services": 0.059, "education": 0.054, "sports_and_recreation": 0.048, "arts_and_entertainment": 0.038, "cultural_and_historic": 0.037, "geographic_entities": 0.025, "community_and_government": 0.023, "lodging": 0.006}, "cluster": -1}}, {"type": "Feature", "geometry": {"type": "Polygon", "coordinates": [[[-0.11207, 51.481079], [-0.118775, 51.479885], [-0.119998, 51.475409], [-0.114519, 51.472128], [-0.107815, 51.473322], [-0.10659, 51.477797], [-0.11207, 51.481079]]]}, "properties": {"h3": "88194ad155fffff", "poi": 313, "richness": 12, "hill_q1": 8.022, "hill_q2": 5.577, "top_share": 0.355, "flagged": false, "dominant": "services_and_business", "dna": {"services_and_business": 0.355, "shopping": 0.137, "food_and_drink": 0.131, "travel_and_transportation": 0.067, "lifestyle_services": 0.058, "arts_and_entertainment": 0.051, "sports_and_recreation": 0.045, "community_and_government": 0.038, "cultural_and_historic": 0.035, "education": 0.035, "health_care": 0.026, "lodging": 0.022}, "tfidf": {"services_and_business": 0.355, "shopping": 0.139, "food_and_drink": 0.137, "travel_and_transportation": 0.069, "lifestyle_services": 0.061, "arts_and_entertainment": 0.056, "sports_and_recreation": 0.045, "community_and_government": 0.042, "cultural_and_historic": 0.038, "education": 0.036, "lodging": 0.031, "health_care": 0.028}, "cluster": -1}}, {"type": "Feature", "geometry": {"type": "Polygon", "coordinates": [[[-0.107815, 51.473322], [-0.114519, 51.472128], [-0.115743, 51.467652], [-0.110264, 51.464371], [-0.103562, 51.465565], [-0.102337, 51.47004], [-0.107815, 51.473322]]]}, "properties": {"h3": "88194ad157fffff", "poi": 219, "richness": 12, "hill_q1": 8.425, "hill_q2": 6.225, "top_share": 0.324, "flagged": false, "dominant": "services_and_business", "dna": {"services_and_business": 0.324, "shopping": 0.128, "food_and_drink": 0.119, "community_and_government": 0.096, "travel_and_transportation": 0.059, "arts_and_entertainment": 0.055, "health_care": 0.05, "education": 0.046, "lifestyle_services": 0.046, "cultural_and_historic": 0.037, "sports_and_recreation": 0.037, "lodging": 0.005}, "tfidf": {"services_and_business": 0.324, "shopping": 0.129, "food_and_drink": 0.124, "community_and_government": 0.104, "travel_and_transportation": 0.061, "arts_and_entertainment": 0.06, "health_care": 0.055, "lifestyle_services": 0.048, "education": 0.047, "cultural_and_historic": 0.04, "sports_and_recreation": 0.037, "lodging": 0.006}, "cluster": -1}}, {"type": "Feature", "geometry": {"type": "Polygon", "coordinates": [[[-0.091957, 51.484658], [-0.098661, 51.483466], [-0.099887, 51.478991], [-0.094409, 51.475709], [-0.087705, 51.476902], [-0.086479, 51.481376], [-0.091957, 51.484658]]]}, "properties": {"h3": "88194ad159fffff", "poi": 381, "richness": 12, "hill_q1": 8.411, "hill_q2": 6.323, "top_share": 0.302, "flagged": false, "dominant": "services_and_business", "dna": {"services_and_business": 0.302, "shopping": 0.173, "food_and_drink": 0.126, "lifestyle_services": 0.087, "community_and_government": 0.055, "travel_and_transportation": 0.055, "cultural_and_historic": 0.045, "arts_and_entertainment": 0.042, "education": 0.039, "sports_and_recreation": 0.039, "health_care": 0.024, "lodging": 0.013}, "tfidf": {"services_and_business": 0.302, "shopping": 0.175, "food_and_drink": 0.132, "lifestyle_services": 0.092, "community_and_government": 0.06, "travel_and_transportation": 0.057, "cultural_and_historic": 0.048, "arts_and_entertainment": 0.046, "education": 0.041, "sports_and_recreation": 0.04, "health_care": 0.026, "lodging": 0.018}, "cluster": -1}}, {"type": "Feature", "geometry": {"type": "Polygon", "coordinates": [[[-0.087705, 51.476902], [-0.094409, 51.475709], [-0.095634, 51.471234], [-0.090157, 51.467952], [-0.083455, 51.469145], [-0.082229, 51.473619], [-0.087705, 51.476902]]]}, "properties": {"h3": "88194ad15bfffff", "poi": 431, "richness": 12, "hill_q1": 8.93, "hill_q2": 7.12, "top_share": 0.234, "flagged": false, "dominant": "food_and_drink", "dna": {"food_and_drink": 0.234, "services_and_business": 0.195, "shopping": 0.165, "health_care": 0.07, "education": 0.06, "lifestyle_services": 0.056, "travel_and_transportation": 0.056, "community_and_government": 0.042, "arts_and_entertainment": 0.037, "cultural_and_historic": 0.035, "sports_and_recreation": 0.032, "lodging": 0.019}, "tfidf": {"food_and_drink": 0.245, "services_and_business": 0.195, "shopping": 0.167, "health_care": 0.076, "education": 0.063, "lifestyle_services": 0.059, "travel_and_transportation": 0.057, "community_and_government": 0.045, "arts_and_entertainment": 0.04, "cultural_and_historic": 0.038, "sports_and_recreation": 0.033, "lodging": 0.025}, "cluster": -1}}, {"type": "Feature", "geometry": {"type": "Polygon", "coordinates": [[[-0.10414, 51.486748], [-0.110845, 51.485554], [-0.11207, 51.481079], [-0.10659, 51.477797], [-0.099887, 51.478991], [-0.098661, 51.483466], [-0.10414, 51.486748]]]}, "properties": {"h3": "88194ad15dfffff", "poi": 228, "richness": 12, "hill_q1": 8.463, "hill_q2": 6.104, "top_share": 0.338, "flagged": false, "dominant": "services_and_business", "dna": {"services_and_business": 0.338, "shopping": 0.123, "food_and_drink": 0.101, "education": 0.07, "sports_and_recreation": 0.066, "lifestyle_services": 0.061, "community_and_government": 0.053, "cultural_and_historic": 0.053, "travel_and_transportation": 0.053, "arts_and_entertainment": 0.044, "health_care": 0.035, "lodging": 0.004}, "tfidf": {"services_and_business": 0.338, "shopping": 0.124, "food_and_drink": 0.105, "education": 0.073, "sports_and_recreation": 0.067, "lifestyle_services": 0.065, "community_and_government": 0.057, "cultural_and_historic": 0.057, "travel_and_transportation": 0.054, "arts_and_entertainment": 0.048, "health_care": 0.038, "lodging": 0.006}, "cluster": -1}}, {"type": "Feature", "geometry": {"type": "Polygon", "coordinates": [[[-0.152896, 51.495093], [-0.159604, 51.493897], [-0.160825, 51.489421], [-0.15534, 51.486141], [-0.148633, 51.487337], [-0.147411, 51.491813], [-0.152896, 51.495093]]]}, "properties": {"h3": "88194ad161fffff", "poi": 784, "richness": 13, "hill_q1": 7.204, "hill_q2": 5.026, "top_share": 0.358, "flagged": false, "dominant": "shopping", "dna": {"shopping": 0.358, "services_and_business": 0.199, "food_and_drink": 0.135, "lifestyle_services": 0.057, "health_care": 0.056, "arts_and_entertainment": 0.046, "travel_and_transportation": 0.045, "lodging": 0.026, "education": 0.023, "cultural_and_historic": 0.019, "sports_and_recreation": 0.017, "community_and_government": 0.015, "geographic_entities": 0.004}, "tfidf": {"shopping": 0.363, "services_and_business": 0.199, "food_and_drink": 0.141, "lifestyle_services": 0.061, "health_care": 0.061, "arts_and_entertainment": 0.05, "travel_and_transportation": 0.046, "lodging": 0.035, "education": 0.024, "cultural_and_historic": 0.021, "sports_and_recreation": 0.017, "community_and_government": 0.017, "geographic_entities": 0.007}, "cluster": -1}}, {"type": "Feature", "geometry": {"type": "Polygon", "coordinates": [[[-0.148633, 51.487337], [-0.15534, 51.486141], [-0.156561, 51.481664], [-0.151077, 51.478384], [-0.144371, 51.47958], [-0.143149, 51.484056], [-0.148633, 51.487337]]]}, "properties": {"h3": "88194ad163fffff", "poi": 286, "richness": 13, "hill_q1": 7.39, "hill_q2": 5.207, "top_share": 0.343, "flagged": false, "dominant": "shopping", "dna": {"shopping": 0.343, "food_and_drink": 0.21, "services_and_business": 0.122, "sports_and_recreation": 0.087, "health_care": 0.059, "arts_and_entertainment": 0.038, "geographic_entities": 0.028, "cultural_and_historic": 0.024, "community_and_government": 0.021, "travel_and_transportation": 0.021, "lifestyle_services": 0.017, "lodging": 0.017, "education": 0.01}, "tfidf": {"shopping": 0.347, "food_and_drink": 0.219, "services_and_business": 0.122, "sports_and_recreation": 0.089, "health_care": 0.065, "geographic_entities": 0.054, "arts_and_entertainment": 0.042, "cultural_and_historic": 0.026, "lodging": 0.024, "community_and_government": 0.023, "travel_and_transportation": 0.022, "lifestyle_services": 0.019, "education": 0.011}, "cluster": -1}}, {"type": "Feature", "geometry": {"type": "Polygon", "coordinates": [[[-0.16509, 51.497176], [-0.171799, 51.49598], [-0.173019, 51.491503], [-0.167532, 51.488224], [-0.160825, 51.489421], [-0.159604, 51.493897], [-0.16509, 51.497176]]]}, "properties": {"h3": "88194ad165fffff", "poi": 983, "richness": 13, "hill_q1": 7.282, "hill_q2": 5.292, "top_share": 0.328, "flagged": false, "dominant": "shopping", "dna": {"shopping": 0.328, "services_and_business": 0.222, "food_and_drink": 0.124, "lifestyle_services": 0.098, "health_care": 0.049, "sports_and_recreation": 0.042, "travel_and_transportation": 0.033, "education": 0.026, "lodging": 0.026, "arts_and_entertainment": 0.022, "cultural_and_historic": 0.017, "community_and_government": 0.012, "geographic_entities": 0.001}, "tfidf": {"shopping": 0.331, "services_and_business": 0.222, "food_and_drink": 0.13, "lifestyle_services": 0.104, "health_care": 0.053, "sports_and_recreation": 0.042, "lodging": 0.036, "travel_and_transportation": 0.034, "education": 0.027, "arts_and_entertainment": 0.024, "cultural_and_historic": 0.019, "community_and_government": 0.013, "geographic_entities": 0.002}, "cluster": -1}}, {"type": "Feature", "geometry": {"type": "Polygon", "coordinates": [[[-0.160825, 51.489421], [-0.167532, 51.488224], [-0.168753, 51.483747], [-0.163267, 51.480467], [-0.156561, 51.481664], [-0.15534, 51.486141], [-0.160825, 51.489421]]]}, "properties": {"h3": "88194ad167fffff", "poi": 210, "richness": 13, "hill_q1": 9.152, "hill_q2": 7.097, "top_share": 0.252, "flagged": false, "dominant": "services_and_business", "dna": {"services_and_business": 0.252, "shopping": 0.195, "food_and_drink": 0.129, "lifestyle_services": 0.076, "cultural_and_historic": 0.071, "arts_and_entertainment": 0.062, "health_care": 0.052, "education": 0.048, "sports_and_recreation": 0.033, "community_and_government": 0.024, "lodging": 0.024, "travel_and_transportation": 0.019, "geographic_entities": 0.014}, "tfidf": {"services_and_business": 0.252, "shopping": 0.198, "food_and_drink": 0.134, "lifestyle_services": 0.081, "cultural_and_historic": 0.077, "arts_and_entertainment": 0.068, "health_care": 0.057, "education": 0.049, "sports_and_recreation": 0.034, "lodging": 0.033, "geographic_entities": 0.027, "community_and_government": 0.026, "travel_and_transportation": 0.02}, "cluster": -1}}, {"type": "Feature", "geometry": {"type": "Polygon", "coordinates": [[[-0.144966, 51.500764], [-0.151674, 51.499569], [-0.152896, 51.495093], [-0.147411, 51.491813], [-0.140704, 51.493008], [-0.139481, 51.497484], [-0.144966, 51.500764]]]}, "properties": {"h3": "88194ad169fffff", "poi": 1671, "richness": 13, "hill_q1": 8.04, "hill_q2": 5.721, "top_share": 0.339, "flagged": false, "dominant": "services_and_business", "dna": {"services_and_business": 0.339, "food_and_drink": 0.163, "health_care": 0.111, "shopping": 0.095, "travel_and_transportation": 0.064, "community_and_government": 0.048, "lifestyle_services": 0.043, "lodging": 0.035, "education": 0.029, "arts_and_entertainment": 0.025, "sports_and_recreation": 0.023, "cultural_and_historic": 0.023, "geographic_entities": 0.002}, "tfidf": {"services_and_business": 0.339, "food_and_drink": 0.171, "health_care": 0.121, "shopping": 0.096, "travel_and_transportation": 0.066, "community_and_government": 0.053, "lodging": 0.047, "lifestyle_services": 0.046, "education": 0.03, "arts_and_entertainment": 0.027, "cultural_and_historic": 0.025, "sports_and_recreation": 0.024, "geographic_entities": 0.003}, "cluster": -1}}, {"type": "Feature", "geometry": {"type": "Polygon", "coordinates": [[[-0.140704, 51.493008], [-0.147411, 51.491813], [-0.148633, 51.487337], [-0.143149, 51.484056], [-0.136443, 51.485252], [-0.13522, 51.489728], [-0.140704, 51.493008]]]}, "properties": {"h3": "88194ad16bfffff", "poi": 654, "richness": 13, "hill_q1": 9.404, "hill_q2": 7.435, "top_share": 0.268, "flagged": false, "dominant": "services_and_business", "dna": {"services_and_business": 0.268, "shopping": 0.13, "lodging": 0.116, "food_and_drink": 0.107, "lifestyle_services": 0.087, "travel_and_transportation": 0.063, "health_care": 0.055, "community_and_government": 0.047, "education": 0.047, "cultural_and_historic": 0.031, "sports_and_recreation": 0.028, "arts_and_entertainment": 0.017, "geographic_entities": 0.005}, "tfidf": {"services_and_business": 0.268, "lodging": 0.159, "shopping": 0.132, "food_and_drink": 0.112, "lifestyle_services": 0.093, "travel_and_transportation": 0.065, "health_care": 0.06, "community_and_government": 0.052, "education": 0.049, "cultural_and_historic": 0.033, "sports_and_recreation": 0.028, "arts_and_entertainment": 0.018, "geographic_entities": 0.009}, "cluster": -1}}, {"type": "Feature", "geometry": {"type": "Polygon", "coordinates": [[[-0.15716, 51.502848], [-0.163869, 51.501652], [-0.16509, 51.497176], [-0.159604, 51.493897], [-0.152896, 51.495093], [-0.151674, 51.499569], [-0.15716, 51.502848]]]}, "properties": {"h3": "88194ad16dfffff", "poi": 1370, "richness": 12, "hill_q1": 7.207, "hill_q2": 5.376, "top_share": 0.313, "flagged": false, "dominant": "shopping", "dna": {"shopping": 0.313, "services_and_business": 0.213, "food_and_drink": 0.169, "lifestyle_services": 0.08, "health_care": 0.05, "community_and_government": 0.047, "travel_and_transportation": 0.034, "lodging": 0.028, "arts_and_entertainment": 0.022, "education": 0.017, "sports_and_recreation": 0.015, "cultural_and_historic": 0.014}, "tfidf": {"shopping": 0.317, "services_and_business": 0.213, "food_and_drink": 0.176, "lifestyle_services": 0.084, "health_care": 0.054, "community_and_government": 0.052, "lodging": 0.038, "travel_and_transportation": 0.035, "arts_and_entertainment": 0.024, "education": 0.017, "cultural_and_historic": 0.015, "sports_and_recreation": 0.015}, "cluster": -1}}, {"type": "Feature", "geometry": {"type": "Polygon", "coordinates": [[[-0.102406, 51.423188], [-0.109103, 51.421992], [-0.110326, 51.417514], [-0.104853, 51.414232], [-0.098157, 51.415428], [-0.096933, 51.419906], [-0.102406, 51.423188]]]}, "properties": {"h3": "88194ad181fffff", "poi": 83, "richness": 12, "hill_q1": 8.138, "hill_q2": 6.349, "top_share": 0.277, "flagged": false, "dominant": "services_and_business", "dna": {"services_and_business": 0.277, "shopping": 0.193, "food_and_drink": 0.145, "education": 0.096, "lifestyle_services": 0.072, "community_and_government": 0.048, "travel_and_transportation": 0.048, "health_care": 0.036, "sports_and_recreation": 0.036, "cultural_and_historic": 0.024, "geographic_entities": 0.012, "lodging": 0.012}, "tfidf": {"services_and_business": 0.277, "shopping": 0.195, "food_and_drink": 0.151, "education": 0.1, "lifestyle_services": 0.077, "community_and_government": 0.052, "travel_and_transportation": 0.05, "health_care": 0.039, "sports_and_recreation": 0.037, "cultural_and_historic": 0.026, "geographic_entities": 0.023, "lodging": 0.016}, "cluster": -1}}, {"type": "Feature", "geometry": {"type": "Polygon", "coordinates": [[[-0.098157, 51.415428], [-0.104853, 51.414232], [-0.106077, 51.409754], [-0.100604, 51.406472], [-0.093909, 51.407668], [-0.092685, 51.412146], [-0.098157, 51.415428]]]}, "properties": {"h3": "88194ad183fffff", "poi": 50, "richness": 9, "hill_q1": 5.127, "hill_q2": 3.623, "top_share": 0.46, "flagged": false, "dominant": "services_and_business", "dna": {"services_and_business": 0.46, "shopping": 0.2, "education": 0.12, "food_and_drink": 0.06, "travel_and_transportation": 0.06, "lifestyle_services": 0.04, "cultural_and_historic": 0.02, "geographic_entities": 0.02, "sports_and_recreation": 0.02}, "tfidf": {"services_and_business": 0.46, "shopping": 0.202, "education": 0.124, "food_and_drink": 0.063, "travel_and_transportation": 0.062, "lifestyle_services": 0.042, "geographic_entities": 0.038, "cultural_and_historic": 0.022, "sports_and_recreation": 0.02}, "cluster": -1}}, {"type": "Feature", "geometry": {"type": "Polygon", "coordinates": [[[-0.114577, 51.425274], [-0.121275, 51.424077], [-0.122498, 51.419599], [-0.117023, 51.416318], [-0.110326, 51.417514], [-0.109103, 51.421992], [-0.114577, 51.425274]]]}, "properties": {"h3": "88194ad185fffff", "poi": 28, "richness": 8, "hill_q1": 6.395, "hill_q2": 5.37, "top_share": 0.286, "flagged": false, "dominant": "services_and_business", "dna": {"services_and_business": 0.286, "sports_and_recreation": 0.25, "food_and_drink": 0.143, "arts_and_entertainment": 0.071, "lifestyle_services": 0.071, "shopping": 0.071, "travel_and_transportation": 0.071, "education": 0.036}, "tfidf": {"services_and_business": 0.286, "sports_and_recreation": 0.253, "food_and_drink": 0.149, "arts_and_entertainment": 0.078, "lifestyle_services": 0.076, "travel_and_transportation": 0.074, "shopping": 0.072, "education": 0.037}, "cluster": -1}}, {"type": "Feature", "geometry": {"type": "Polygon", "coordinates": [[[-0.110326, 51.417514], [-0.117023, 51.416318], [-0.118246, 51.411839], [-0.112772, 51.408557], [-0.106077, 51.409754], [-0.104853, 51.414232], [-0.110326, 51.417514]]]}, "properties": {"h3": "88194ad187fffff", "poi": 50, "richness": 10, "hill_q1": 6.82, "hill_q2": 4.98, "top_share": 0.38, "flagged": false, "dominant": "services_and_business", "dna": {"services_and_business": 0.38, "education": 0.12, "sports_and_recreation": 0.12, "lifestyle_services": 0.1, "shopping": 0.1, "travel_and_transportation": 0.06, "cultural_and_historic": 0.04, "food_and_drink": 0.04, "community_and_government": 0.02, "health_care": 0.02}, "tfidf": {"services_and_business": 0.38, "education": 0.124, "sports_and_recreation": 0.122, "lifestyle_services": 0.106, "shopping": 0.101, "travel_and_transportation": 0.062, "cultural_and_historic": 0.043, "food_and_drink": 0.042, "community_and_government": 0.022, "health_care": 0.022}, "cluster": -1}}, {"type": "Feature", "geometry": {"type": "Polygon", "coordinates": [[[-0.094484, 51.42886], [-0.101181, 51.427665], [-0.102406, 51.423188], [-0.096933, 51.419906], [-0.090236, 51.421101], [-0.089011, 51.425578], [-0.094484, 51.42886]]]}, "properties": {"h3": "88194ad189fffff", "poi": 72, "richness": 12, "hill_q1": 8.639, "hill_q2": 6.894, "top_share": 0.236, "flagged": false, "dominant": "education", "dna": {"education": 0.236, "services_and_business": 0.222, "cultural_and_historic": 0.111, "travel_and_transportation": 0.097, "sports_and_recreation": 0.083, "shopping": 0.069, "food_and_drink": 0.056, "arts_and_entertainment": 0.028, "community_and_government": 0.028, "health_care": 0.028, "lodging": 0.028, "lifestyle_services": 0.014}, "tfidf": {"education": 0.245, "services_and_business": 0.222, "cultural_and_historic": 0.12, "travel_and_transportation": 0.1, "sports_and_recreation": 0.084, "shopping": 0.07, "food_and_drink": 0.058, "lodging": 0.038, "arts_and_entertainment": 0.03, "community_and_government": 0.03, "health_care": 0.03, "lifestyle_services": 0.015}, "cluster": -1}}, {"type": "Feature", "geometry": {"type": "Polygon", "coordinates": [[[-0.090236, 51.421101], [-0.096933, 51.419906], [-0.098157, 51.415428], [-0.092685, 51.412146], [-0.085989, 51.413341], [-0.084764, 51.417818], [-0.090236, 51.421101]]]}, "properties": {"h3": "88194ad18bfffff", "poi": 53, "richness": 8, "hill_q1": 5.65, "hill_q2": 4.125, "top_share": 0.434, "flagged": false, "dominant": "services_and_business", "dna": {"services_and_business": 0.434, "shopping": 0.132, "education": 0.113, "cultural_and_historic": 0.094, "sports_and_recreation": 0.094, "food_and_drink": 0.057, "health_care": 0.038, "lifestyle_services": 0.038}, "tfidf": {"services_and_business": 0.434, "shopping": 0.134, "education": 0.117, "cultural_and_historic": 0.102, "sports_and_recreation": 0.096, "food_and_drink": 0.059, "health_care": 0.041, "lifestyle_services": 0.04}, "cluster": -1}}, {"type": "Feature", "geometry": {"type": "Polygon", "coordinates": [[[-0.106656, 51.430947], [-0.113354, 51.429751], [-0.114577, 51.425274], [-0.109103, 51.421992], [-0.102406, 51.423188], [-0.101181, 51.427665], [-0.106656, 51.430947]]]}, "properties": {"h3": "88194ad18dfffff", "poi": 95, "richness": 10, "hill_q1": 7.555, "hill_q2": 5.68, "top_share": 0.347, "flagged": false, "dominant": "services_and_business", "dna": {"services_and_business": 0.347, "travel_and_transportation": 0.126, "lifestyle_services": 0.105, "food_and_drink": 0.084, "shopping": 0.084, "health_care": 0.074, "cultural_and_historic": 0.063, "sports_and_recreation": 0.053, "community_and_government": 0.032, "education": 0.032}, "tfidf": {"services_and_business": 0.347, "travel_and_transportation": 0.13, "lifestyle_services": 0.112, "food_and_drink": 0.088, "shopping": 0.085, "health_care": 0.08, "cultural_and_historic": 0.068, "sports_and_recreation": 0.053, "community_and_government": 0.034, "education": 0.033}, "cluster": -1}}, {"type": "Feature", "geometry": {"type": "Polygon", "coordinates": [[[-0.081744, 51.40558], [-0.088439, 51.404385], [-0.089663, 51.399907], [-0.084194, 51.396624], [-0.0775, 51.39782], [-0.076275, 51.402297], [-0.081744, 51.40558]]]}, "properties": {"h3": "88194ad191fffff", "poi": 114, "richness": 11, "hill_q1": 8.747, "hill_q2": 6.804, "top_share": 0.298, "flagged": false, "dominant": "services_and_business", "dna": {"services_and_business": 0.298, "travel_and_transportation": 0.14, "shopping": 0.105, "education": 0.07, "health_care": 0.07, "sports_and_recreation": 0.07, "food_and_drink": 0.061, "arts_and_entertainment": 0.053, "lifestyle_services": 0.053, "community_and_government": 0.044, "cultural_and_historic": 0.035}, "tfidf": {"services_and_business": 0.298, "travel_and_transportation": 0.144, "shopping": 0.107, "health_care": 0.076, "education": 0.073, "sports_and_recreation": 0.071, "food_and_drink": 0.064, "arts_and_entertainment": 0.057, "lifestyle_services": 0.056, "community_and_government": 0.048, "cultural_and_historic": 0.038}, "cluster": -1}}, {"type": "Feature", "geometry": {"type": "Polygon", "coordinates": [[[-0.0775, 51.39782], [-0.084194, 51.396624], [-0.085418, 51.392146], [-0.07995, 51.388863], [-0.073257, 51.390058], [-0.072032, 51.394537], [-0.0775, 51.39782]]]}, "properties": {"h3": "88194ad193fffff", "poi": 46, "richness": 10, "hill_q1": 7.387, "hill_q2": 5.75, "top_share": 0.326, "flagged": false, "dominant": "services_and_business", "dna": {"services_and_business": 0.326, "education": 0.152, "shopping": 0.13, "travel_and_transportation": 0.109, "sports_and_recreation": 0.087, "community_and_government": 0.043, "cultural_and_historic": 0.043, "food_and_drink": 0.043, "lifestyle_services": 0.043, "health_care": 0.022}, "tfidf": {"services_and_business": 0.326, "education": 0.158, "shopping": 0.132, "travel_and_transportation": 0.112, "sports_and_recreation": 0.088, "community_and_government": 0.047, "cultural_and_historic": 0.047, "lifestyle_services": 0.046, "food_and_drink": 0.045, "health_care": 0.024}, "cluster": -1}}, {"type": "Feature", "geometry": {"type": "Polygon", "coordinates": [[[-0.093909, 51.407668], [-0.100604, 51.406472], [-0.101828, 51.401993], [-0.096357, 51.398711], [-0.089663, 51.399907], [-0.088439, 51.404385], [-0.093909, 51.407668]]]}, "properties": {"h3": "88194ad195fffff", "poi": 143, "richness": 11, "hill_q1": 7.405, "hill_q2": 5.38, "top_share": 0.357, "flagged": false, "dominant": "services_and_business", "dna": {"services_and_business": 0.357, "shopping": 0.161, "cultural_and_historic": 0.084, "education": 0.084, "lifestyle_services": 0.084, "food_and_drink": 0.077, "travel_and_transportation": 0.056, "community_and_government": 0.035, "health_care": 0.028, "sports_and_recreation": 0.021, "arts_and_entertainment": 0.014}, "tfidf": {"services_and_business": 0.357, "shopping": 0.163, "cultural_and_historic": 0.091, "lifestyle_services": 0.089, "education": 0.087, "food_and_drink": 0.08, "travel_and_transportation": 0.058, "community_and_government": 0.038, "health_care": 0.03, "sports_and_recreation": 0.021, "arts_and_entertainment": 0.015}, "cluster": -1}}, {"type": "Feature", "geometry": {"type": "Polygon", "coordinates": [[[-0.089663, 51.399907], [-0.096357, 51.398711], [-0.097581, 51.394233], [-0.092111, 51.39095], [-0.085418, 51.392146], [-0.084194, 51.396624], [-0.089663, 51.399907]]]}, "properties": {"h3": "88194ad197fffff", "poi": 228, "richness": 12, "hill_q1": 8.154, "hill_q2": 6.41, "top_share": 0.281, "flagged": false, "dominant": "services_and_business", "dna": {"services_and_business": 0.281, "food_and_drink": 0.154, "shopping": 0.154, "lifestyle_services": 0.127, "travel_and_transportation": 0.088, "cultural_and_historic": 0.039, "health_care": 0.039, "community_and_government": 0.031, "arts_and_entertainment": 0.026, "education": 0.026, "sports_and_recreation": 0.026, "lodging": 0.009}, "tfidf": {"services_and_business": 0.281, "food_and_drink": 0.16, "shopping": 0.155, "lifestyle_services": 0.135, "travel_and_transportation": 0.09, "health_care": 0.043, "cultural_and_historic": 0.043, "community_and_government": 0.033, "arts_and_entertainment": 0.029, "education": 0.027, "sports_and_recreation": 0.027, "lodging": 0.012}, "cluster": -1}}, {"type": "Feature", "geometry": {"type": "Polygon", "coordinates": [[[-0.073824, 51.411252], [-0.080519, 51.410058], [-0.081744, 51.40558], [-0.076275, 51.402297], [-0.069581, 51.403492], [-0.068355, 51.407969], [-0.073824, 51.411252]]]}, "properties": {"h3": "88194ad199fffff", "poi": 46, "richness": 12, "hill_q1": 8.758, "hill_q2": 6.571, "top_share": 0.304, "flagged": false, "dominant": "services_and_business", "dna": {"services_and_business": 0.304, "sports_and_recreation": 0.152, "health_care": 0.109, "community_and_government": 0.087, "cultural_and_historic": 0.065, "food_and_drink": 0.065, "arts_and_entertainment": 0.043, "education": 0.043, "geographic_entities": 0.043, "shopping": 0.043, "lifestyle_services": 0.022, "travel_and_transportation": 0.022}, "tfidf": {"services_and_business": 0.304, "sports_and_recreation": 0.154, "health_care": 0.118, "community_and_government": 0.095, "geographic_entities": 0.083, "cultural_and_historic": 0.071, "food_and_drink": 0.068, "arts_and_entertainment": 0.047, "education": 0.045, "shopping": 0.044, "lifestyle_services": 0.023, "travel_and_transportation": 0.022}, "cluster": -1}}, {"type": "Feature", "geometry": {"type": "Polygon", "coordinates": [[[-0.069581, 51.403492], [-0.076275, 51.402297], [-0.0775, 51.39782], [-0.072032, 51.394537], [-0.065339, 51.395731], [-0.064113, 51.400209], [-0.069581, 51.403492]]]}, "properties": {"h3": "88194ad19bfffff", "poi": 351, "richness": 13, "hill_q1": 7.454, "hill_q2": 5.723, "top_share": 0.282, "flagged": false, "dominant": "services_and_business", "dna": {"services_and_business": 0.282, "food_and_drink": 0.234, "shopping": 0.128, "travel_and_transportation": 0.103, "lifestyle_services": 0.1, "community_and_government": 0.034, "health_care": 0.028, "education": 0.026, "sports_and_recreation": 0.02, "arts_and_entertainment": 0.017, "cultural_and_historic": 0.017, "lodging": 0.009, "geographic_entities": 0.003}, "tfidf": {"services_and_business": 0.282, "food_and_drink": 0.244, "shopping": 0.13, "lifestyle_services": 0.106, "travel_and_transportation": 0.106, "community_and_government": 0.037, "health_care": 0.031, "education": 0.027, "sports_and_recreation": 0.02, "arts_and_entertainment": 0.019, "cultural_and_historic": 0.018, "lodging": 0.012, "geographic_entities": 0.005}, "cluster": -1}}, {"type": "Feature", "geometry": {"type": "Polygon", "coordinates": [[[-0.085989, 51.413341], [-0.092685, 51.412146], [-0.093909, 51.407668], [-0.088439, 51.404385], [-0.081744, 51.40558], [-0.080519, 51.410058], [-0.085989, 51.413341]]]}, "properties": {"h3": "88194ad19dfffff", "poi": 71, "richness": 11, "hill_q1": 8.193, "hill_q2": 5.855, "top_share": 0.352, "flagged": false, "dominant": "services_and_business", "dna": {"services_and_business": 0.352, "shopping": 0.113, "cultural_and_historic": 0.085, "lifestyle_services": 0.07, "sports_and_recreation": 0.07, "travel_and_transportation": 0.07, "education": 0.056, "food_and_drink": 0.056, "lodging": 0.056, "health_care": 0.042, "arts_and_entertainment": 0.028}, "tfidf": {"services_and_business": 0.352, "shopping": 0.114, "cultural_and_historic": 0.091, "lodging": 0.077, "lifestyle_services": 0.075, "travel_and_transportation": 0.072, "sports_and_recreation": 0.071, "food_and_drink": 0.059, "education": 0.058, "health_care": 0.046, "arts_and_entertainment": 0.031}, "cluster": -1}}, {"type": "Feature", "geometry": {"type": "Polygon", "coordinates": [[[-0.134672, 51.421683], [-0.14137, 51.420485], [-0.142591, 51.416006], [-0.137115, 51.412725], [-0.130418, 51.413923], [-0.129196, 51.418402], [-0.134672, 51.421683]]]}, "properties": {"h3": "88194ad1a1fffff", "poi": 149, "richness": 11, "hill_q1": 6.768, "hill_q2": 4.667, "top_share": 0.389, "flagged": false, "dominant": "services_and_business", "dna": {"services_and_business": 0.389, "shopping": 0.201, "food_and_drink": 0.074, "lifestyle_services": 0.074, "health_care": 0.054, "travel_and_transportation": 0.054, "education": 0.047, "sports_and_recreation": 0.04, "cultural_and_historic": 0.034, "community_and_government": 0.02, "arts_and_entertainment": 0.013}, "tfidf": {"services_and_business": 0.389, "shopping": 0.204, "lifestyle_services": 0.078, "food_and_drink": 0.077, "health_care": 0.058, "travel_and_transportation": 0.055, "education": 0.049, "sports_and_recreation": 0.041, "cultural_and_historic": 0.036, "community_and_government": 0.022, "arts_and_entertainment": 0.015}, "cluster": -1}}, {"type": "Feature", "geometry": {"type": "Polygon", "coordinates": [[[-0.130418, 51.413923], [-0.137115, 51.412725], [-0.138336, 51.408246], [-0.132861, 51.404965], [-0.126165, 51.406163], [-0.124943, 51.410642], [-0.130418, 51.413923]]]}, "properties": {"h3": "88194ad1a3fffff", "poi": 54, "richness": 10, "hill_q1": 5.352, "hill_q2": 3.565, "top_share": 0.481, "flagged": false, "dominant": "services_and_business", "dna": {"services_and_business": 0.481, "education": 0.148, "sports_and_recreation": 0.111, "shopping": 0.093, "lifestyle_services": 0.056, "food_and_drink": 0.037, "cultural_and_historic": 0.019, "geographic_entities": 0.019, "lodging": 0.019, "travel_and_transportation": 0.019}, "tfidf": {"services_and_business": 0.481, "education": 0.154, "sports_and_recreation": 0.113, "shopping": 0.094, "lifestyle_services": 0.059, "food_and_drink": 0.039, "geographic_entities": 0.035, "lodging": 0.025, "cultural_and_historic": 0.02, "travel_and_transportation": 0.019}, "cluster": -1}}, {"type": "Feature", "geometry": {"type": "Polygon", "coordinates": [[[-0.146848, 51.423766], [-0.153547, 51.422567], [-0.154767, 51.418088], [-0.14929, 51.414808], [-0.142591, 51.416006], [-0.14137, 51.420485], [-0.146848, 51.423766]]]}, "properties": {"h3": "88194ad1a5fffff", "poi": 129, "richness": 11, "hill_q1": 7.31, "hill_q2": 5.523, "top_share": 0.341, "flagged": false, "dominant": "services_and_business", "dna": {"services_and_business": 0.341, "shopping": 0.147, "travel_and_transportation": 0.132, "food_and_drink": 0.101, "lifestyle_services": 0.085, "cultural_and_historic": 0.054, "health_care": 0.054, "education": 0.039, "sports_and_recreation": 0.023, "arts_and_entertainment": 0.016, "community_and_government": 0.008}, "tfidf": {"services_and_business": 0.341, "shopping": 0.149, "travel_and_transportation": 0.136, "food_and_drink": 0.105, "lifestyle_services": 0.091, "health_care": 0.059, "cultural_and_historic": 0.059, "education": 0.04, "sports_and_recreation": 0.024, "arts_and_entertainment": 0.017, "community_and_government": 0.008}, "cluster": -1}}, {"type": "Feature", "geometry": {"type": "Polygon", "coordinates": [[[-0.142591, 51.416006], [-0.14929, 51.414808], [-0.15051, 51.410328], [-0.145033, 51.407047], [-0.138336, 51.408246], [-0.137115, 51.412725], [-0.142591, 51.416006]]]}, "properties": {"h3": "88194ad1a7fffff", "poi": 120, "richness": 10, "hill_q1": 6.201, "hill_q2": 4.444, "top_share": 0.408, "flagged": false, "dominant": "services_and_business", "dna": {"services_and_business": 0.408, "shopping": 0.15, "food_and_drink": 0.125, "travel_and_transportation": 0.1, "community_and_government": 0.067, "lifestyle_services": 0.05, "sports_and_recreation": 0.042, "cultural_and_historic": 0.033, "arts_and_entertainment": 0.017, "education": 0.008}, "tfidf": {"services_and_business": 0.408, "shopping": 0.152, "food_and_drink": 0.131, "travel_and_transportation": 0.103, "community_and_government": 0.073, "lifestyle_services": 0.053, "sports_and_recreation": 0.042, "cultural_and_historic": 0.036, "arts_and_entertainment": 0.018, "education": 0.009}, "cluster": -1}}, {"type": "Feature", "geometry": {"type": "Polygon", "coordinates": [[[-0.126751, 51.427359], [-0.13345, 51.426161], [-0.134672, 51.421683], [-0.129196, 51.418402], [-0.122498, 51.419599], [-0.121275, 51.424077], [-0.126751, 51.427359]]]}, "properties": {"h3": "88194ad1a9fffff", "poi": 217, "richness": 12, "hill_q1": 7.966, "hill_q2": 6.077, "top_share": 0.323, "flagged": false, "dominant": "services_and_business", "dna": {"services_and_business": 0.323, "shopping": 0.124, "food_and_drink": 0.12, "lifestyle_services": 0.106, "travel_and_transportation": 0.083, "sports_and_recreation": 0.074, "education": 0.055, "health_care": 0.046, "cultural_and_historic": 0.037, "community_and_government": 0.023, "arts_and_entertainment": 0.005, "lodging": 0.005}, "tfidf": {"services_and_business": 0.323, "shopping": 0.126, "food_and_drink": 0.125, "lifestyle_services": 0.113, "travel_and_transportation": 0.085, "sports_and_recreation": 0.075, "education": 0.057, "health_care": 0.05, "cultural_and_historic": 0.04, "community_and_government": 0.025, "lodging": 0.006, "arts_and_entertainment": 0.005}, "cluster": -1}}, {"type": "Feature", "geometry": {"type": "Polygon", "coordinates": [[[-0.122498, 51.419599], [-0.129196, 51.418402], [-0.130418, 51.413923], [-0.124943, 51.410642], [-0.118246, 51.411839], [-0.117023, 51.416318], [-0.122498, 51.419599]]]}, "properties": {"h3": "88194ad1abfffff", "poi": 215, "richness": 12, "hill_q1": 7.207, "hill_q2": 5.47, "top_share": 0.326, "flagged": false, "dominant": "services_and_business", "dna": {"services_and_business": 0.326, "food_and_drink": 0.177, "shopping": 0.149, "lifestyle_services": 0.107, "travel_and_transportation": 0.088, "education": 0.042, "health_care": 0.028, "cultural_and_historic": 0.023, "sports_and_recreation": 0.023, "arts_and_entertainment": 0.019, "community_and_government": 0.014, "lodging": 0.005}, "tfidf": {"services_and_business": 0.326, "food_and_drink": 0.185, "shopping": 0.151, "lifestyle_services": 0.114, "travel_and_transportation": 0.091, "education": 0.043, "health_care": 0.03, "cultural_and_historic": 0.025, "sports_and_recreation": 0.024, "arts_and_entertainment": 0.02, "community_and_government": 0.015, "lodging": 0.006}, "cluster": -1}}, {"type": "Feature", "geometry": {"type": "Polygon", "coordinates": [[[-0.138928, 51.429442], [-0.145627, 51.428245], [-0.146848, 51.423766], [-0.14137, 51.420485], [-0.134672, 51.421683], [-0.13345, 51.426161], [-0.138928, 51.429442]]]}, "properties": {"h3": "88194ad1adfffff", "poi": 179, "richness": 12, "hill_q1": 7.939, "hill_q2": 5.692, "top_share": 0.352, "flagged": false, "dominant": "services_and_business", "dna": {"services_and_business": 0.352, "shopping": 0.128, "education": 0.084, "food_and_drink": 0.084, "lifestyle_services": 0.084, "travel_and_transportation": 0.078, "community_and_government": 0.061, "health_care": 0.039, "sports_and_recreation": 0.039, "cultural_and_historic": 0.034, "arts_and_entertainment": 0.011, "lodging": 0.006}, "tfidf": {"services_and_business": 0.352, "shopping": 0.13, "lifestyle_services": 0.089, "food_and_drink": 0.088, "education": 0.087, "travel_and_transportation": 0.081, "community_and_government": 0.067, "health_care": 0.042, "sports_and_recreation": 0.04, "cultural_and_historic": 0.036, "arts_and_entertainment": 0.012, "lodging": 0.008}, "cluster": -1}}, {"type": "Feature", "geometry": {"type": "Polygon", "coordinates": [[[-0.113995, 51.404079], [-0.120691, 51.402881], [-0.121913, 51.398402], [-0.11644, 51.395121], [-0.109746, 51.396318], [-0.108523, 51.400797], [-0.113995, 51.404079]]]}, "properties": {"h3": "88194ad1b1fffff", "poi": 154, "richness": 10, "hill_q1": 6.174, "hill_q2": 4.799, "top_share": 0.351, "flagged": false, "dominant": "services_and_business", "dna": {"services_and_business": 0.351, "shopping": 0.188, "food_and_drink": 0.182, "travel_and_transportation": 0.097, "education": 0.058, "lifestyle_services": 0.045, "cultural_and_historic": 0.032, "health_care": 0.026, "sports_and_recreation": 0.013, "community_and_government": 0.006}, "tfidf": {"services_and_business": 0.351, "shopping": 0.191, "food_and_drink": 0.19, "travel_and_transportation": 0.1, "education": 0.061, "lifestyle_services": 0.048, "cultural_and_historic": 0.035, "health_care": 0.028, "sports_and_recreation": 0.013, "community_and_government": 0.007}, "cluster": -1}}, {"type": "Feature", "geometry": {"type": "Polygon", "coordinates": [[[-0.109746, 51.396318], [-0.11644, 51.395121], [-0.117663, 51.390641], [-0.112191, 51.387359], [-0.105498, 51.388557], [-0.104275, 51.393036], [-0.109746, 51.396318]]]}, "properties": {"h3": "88194ad1b3fffff", "poi": 156, "richness": 12, "hill_q1": 7.766, "hill_q2": 5.662, "top_share": 0.327, "flagged": false, "dominant": "services_and_business", "dna": {"services_and_business": 0.327, "shopping": 0.192, "food_and_drink": 0.122, "lifestyle_services": 0.077, "health_care": 0.058, "travel_and_transportation": 0.058, "cultural_and_historic": 0.045, "education": 0.038, "arts_and_entertainment": 0.026, "sports_and_recreation": 0.026, "community_and_government": 0.019, "lodging": 0.013}, "tfidf": {"services_and_business": 0.327, "shopping": 0.195, "food_and_drink": 0.127, "lifestyle_services": 0.082, "health_care": 0.063, "travel_and_transportation": 0.059, "cultural_and_historic": 0.049, "education": 0.04, "arts_and_entertainment": 0.028, "sports_and_recreation": 0.026, "community_and_government": 0.021, "lodging": 0.018}, "cluster": -1}}, {"type": "Feature", "geometry": {"type": "Polygon", "coordinates": [[[-0.126165, 51.406163], [-0.132861, 51.404965], [-0.134082, 51.400486], [-0.128608, 51.397204], [-0.121913, 51.398402], [-0.120691, 51.402881], [-0.126165, 51.406163]]]}, "properties": {"h3": "88194ad1b5fffff", "poi": 63, "richness": 10, "hill_q1": 8.266, "hill_q2": 7.23, "top_share": 0.238, "flagged": false, "dominant": "services_and_business", "dna": {"services_and_business": 0.238, "travel_and_transportation": 0.159, "shopping": 0.143, "cultural_and_historic": 0.095, "lifestyle_services": 0.095, "health_care": 0.079, "sports_and_recreation": 0.079, "education": 0.063, "community_and_government": 0.032, "food_and_drink": 0.016}, "tfidf": {"services_and_business": 0.238, "travel_and_transportation": 0.163, "shopping": 0.145, "cultural_and_historic": 0.103, "lifestyle_services": 0.101, "health_care": 0.086, "sports_and_recreation": 0.08, "education": 0.066, "community_and_government": 0.035, "food_and_drink": 0.017}, "cluster": -1}}, {"type": "Feature", "geometry": {"type": "Polygon", "coordinates": [[[-0.121913, 51.398402], [-0.128608, 51.397204], [-0.12983, 51.392725], [-0.124357, 51.389443], [-0.117663, 51.390641], [-0.11644, 51.395121], [-0.121913, 51.398402]]]}, "properties": {"h3": "88194ad1b7fffff", "poi": 45, "richness": 10, "hill_q1": 7.489, "hill_q2": 5.938, "top_share": 0.311, "flagged": false, "dominant": "services_and_business", "dna": {"services_and_business": 0.311, "shopping": 0.178, "travel_and_transportation": 0.111, "community_and_government": 0.089, "cultural_and_historic": 0.089, "health_care": 0.067, "sports_and_recreation": 0.067, "food_and_drink": 0.044, "arts_and_entertainment": 0.022, "education": 0.022}, "tfidf": {"services_and_business": 0.311, "shopping": 0.18, "travel_and_transportation": 0.114, "community_and_government": 0.097, "cultural_and_historic": 0.096, "health_care": 0.072, "sports_and_recreation": 0.068, "food_and_drink": 0.046, "arts_and_entertainment": 0.024, "education": 0.023}, "cluster": -1}}, {"type": "Feature", "geometry": {"type": "Polygon", "coordinates": [[[-0.106077, 51.409754], [-0.112772, 51.408557], [-0.113995, 51.404079], [-0.108523, 51.400797], [-0.101828, 51.401993], [-0.100604, 51.406472], [-0.106077, 51.409754]]]}, "properties": {"h3": "88194ad1b9fffff", "poi": 111, "richness": 12, "hill_q1": 7.716, "hill_q2": 5.558, "top_share": 0.342, "flagged": false, "dominant": "services_and_business", "dna": {"services_and_business": 0.342, "shopping": 0.153, "travel_and_transportation": 0.144, "food_and_drink": 0.081, "sports_and_recreation": 0.063, "education": 0.054, "cultural_and_historic": 0.045, "lifestyle_services": 0.036, "health_care": 0.027, "arts_and_entertainment": 0.018, "community_and_government": 0.018, "geographic_entities": 0.018}, "tfidf": {"services_and_business": 0.342, "shopping": 0.155, "travel_and_transportation": 0.148, "food_and_drink": 0.085, "sports_and_recreation": 0.064, "education": 0.056, "cultural_and_historic": 0.049, "lifestyle_services": 0.038, "geographic_entities": 0.035, "health_care": 0.029, "arts_and_entertainment": 0.02, "community_and_government": 0.02}, "cluster": -1}}, {"type": "Feature", "geometry": {"type": "Polygon", "coordinates": [[[-0.101828, 51.401993], [-0.108523, 51.400797], [-0.109746, 51.396318], [-0.104275, 51.393036], [-0.097581, 51.394233], [-0.096357, 51.398711], [-0.101828, 51.401993]]]}, "properties": {"h3": "88194ad1bbfffff", "poi": 237, "richness": 12, "hill_q1": 8.669, "hill_q2": 6.654, "top_share": 0.287, "flagged": false, "dominant": "services_and_business", "dna": {"services_and_business": 0.287, "shopping": 0.169, "food_and_drink": 0.135, "lifestyle_services": 0.063, "education": 0.059, "health_care": 0.059, "cultural_and_historic": 0.055, "travel_and_transportation": 0.055, "community_and_government": 0.051, "sports_and_recreation": 0.03, "arts_and_entertainment": 0.025, "lodging": 0.013}, "tfidf": {"services_and_business": 0.287, "shopping": 0.171, "food_and_drink": 0.141, "lifestyle_services": 0.067, "health_care": 0.064, "education": 0.061, "cultural_and_historic": 0.059, "travel_and_transportation": 0.056, "community_and_government": 0.055, "sports_and_recreation": 0.03, "arts_and_entertainment": 0.028, "lodging": 0.017}, "cluster": -1}}, {"type": "Feature", "geometry": {"type": "Polygon", "coordinates": [[[-0.118246, 51.411839], [-0.124943, 51.410642], [-0.126165, 51.406163], [-0.120691, 51.402881], [-0.113995, 51.404079], [-0.112772, 51.408557], [-0.118246, 51.411839]]]}, "properties": {"h3": "88194ad1bdfffff", "poi": 243, "richness": 12, "hill_q1": 8.368, "hill_q2": 6.514, "top_share": 0.259, "flagged": false, "dominant": "services_and_business", "dna": {"services_and_business": 0.259, "food_and_drink": 0.214, "shopping": 0.136, "lifestyle_services": 0.099, "education": 0.066, "cultural_and_historic": 0.041, "health_care": 0.041, "travel_and_transportation": 0.041, "sports_and_recreation": 0.037, "arts_and_entertainment": 0.029, "lodging": 0.021, "community_and_government": 0.016}, "tfidf": {"services_and_business": 0.259, "food_and_drink": 0.224, "shopping": 0.137, "lifestyle_services": 0.105, "education": 0.068, "health_care": 0.045, "cultural_and_historic": 0.045, "travel_and_transportation": 0.042, "sports_and_recreation": 0.038, "arts_and_entertainment": 0.031, "lodging": 0.028, "community_and_government": 0.018}, "cluster": -1}}, {"type": "Feature", "geometry": {"type": "Polygon", "coordinates": [[[-0.090809, 51.442291], [-0.097508, 51.441096], [-0.098733, 51.436619], [-0.093259, 51.433337], [-0.086561, 51.434532], [-0.085336, 51.439008], [-0.090809, 51.442291]]]}, "properties": {"h3": "88194ad1c1fffff", "poi": 122, "richness": 12, "hill_q1": 8.254, "hill_q2": 6.505, "top_share": 0.27, "flagged": false, "dominant": "services_and_business", "dna": {"services_and_business": 0.27, "shopping": 0.197, "food_and_drink": 0.123, "health_care": 0.107, "travel_and_transportation": 0.082, "education": 0.057, "lifestyle_services": 0.041, "sports_and_recreation": 0.041, "arts_and_entertainment": 0.033, "lodging": 0.025, "community_and_government": 0.016, "cultural_and_historic": 0.008}, "tfidf": {"services_and_business": 0.27, "shopping": 0.199, "food_and_drink": 0.129, "health_care": 0.116, "travel_and_transportation": 0.084, "education": 0.059, "lifestyle_services": 0.044, "sports_and_recreation": 0.042, "arts_and_entertainment": 0.036, "lodging": 0.034, "community_and_government": 0.018, "cultural_and_historic": 0.009}, "cluster": -1}}, {"type": "Feature", "geometry": {"type": "Polygon", "coordinates": [[[-0.086561, 51.434532], [-0.093259, 51.433337], [-0.094484, 51.42886], [-0.089011, 51.425578], [-0.082314, 51.426772], [-0.081089, 51.431249], [-0.086561, 51.434532]]]}, "properties": {"h3": "88194ad1c3fffff", "poi": 123, "richness": 12, "hill_q1": 9.351, "hill_q2": 7.614, "top_share": 0.252, "flagged": false, "dominant": "services_and_business", "dna": {"services_and_business": 0.252, "education": 0.138, "food_and_drink": 0.122, "shopping": 0.122, "travel_and_transportation": 0.073, "lifestyle_services": 0.057, "arts_and_entertainment": 0.049, "community_and_government": 0.049, "cultural_and_historic": 0.049, "health_care": 0.049, "lodging": 0.024, "sports_and_recreation": 0.016}, "tfidf": {"services_and_business": 0.252, "education": 0.143, "food_and_drink": 0.127, "shopping": 0.123, "travel_and_transportation": 0.075, "lifestyle_services": 0.06, "arts_and_entertainment": 0.053, "community_and_government": 0.053, "health_care": 0.053, "cultural_and_historic": 0.053, "lodging": 0.033, "sports_and_recreation": 0.016}, "cluster": -1}}, {"type": "Feature", "geometry": {"type": "Polygon", "coordinates": [[[-0.102983, 51.444378], [-0.109683, 51.443183], [-0.110907, 51.438706], [-0.105432, 51.435424], [-0.098733, 51.436619], [-0.097508, 51.441096], [-0.102983, 51.444378]]]}, "properties": {"h3": "88194ad1c5fffff", "poi": 244, "richness": 13, "hill_q1": 8.338, "hill_q2": 6.367, "top_share": 0.299, "flagged": false, "dominant": "services_and_business", "dna": {"services_and_business": 0.299, "food_and_drink": 0.152, "shopping": 0.135, "travel_and_transportation": 0.102, "health_care": 0.078, "lifestyle_services": 0.061, "cultural_and_historic": 0.045, "education": 0.041, "arts_and_entertainment": 0.037, "sports_and_recreation": 0.025, "community_and_government": 0.012, "lodging": 0.008, "geographic_entities": 0.004}, "tfidf": {"services_and_business": 0.299, "food_and_drink": 0.159, "shopping": 0.137, "travel_and_transportation": 0.105, "health_care": 0.085, "lifestyle_services": 0.065, "cultural_and_historic": 0.049, "education": 0.042, "arts_and_entertainment": 0.04, "sports_and_recreation": 0.025, "community_and_government": 0.013, "lodging": 0.011, "geographic_entities": 0.008}, "cluster": -1}}, {"type": "Feature", "geometry": {"type": "Polygon", "coordinates": [[[-0.098733, 51.436619], [-0.105432, 51.435424], [-0.106656, 51.430947], [-0.101181, 51.427665], [-0.094484, 51.42886], [-0.093259, 51.433337], [-0.098733, 51.436619]]]}, "properties": {"h3": "88194ad1c7fffff", "poi": 389, "richness": 11, "hill_q1": 6.655, "hill_q2": 4.879, "top_share": 0.344, "flagged": false, "dominant": "services_and_business", "dna": {"services_and_business": 0.344, "shopping": 0.221, "food_and_drink": 0.165, "lifestyle_services": 0.062, "community_and_government": 0.041, "travel_and_transportation": 0.036, "cultural_and_historic": 0.033, "arts_and_entertainment": 0.028, "education": 0.026, "health_care": 0.026, "sports_and_recreation": 0.018}, "tfidf": {"services_and_business": 0.344, "shopping": 0.224, "food_and_drink": 0.172, "lifestyle_services": 0.065, "community_and_government": 0.045, "travel_and_transportation": 0.037, "cultural_and_historic": 0.036, "arts_and_entertainment": 0.031, "health_care": 0.028, "education": 0.027, "sports_and_recreation": 0.018}, "cluster": -1}}, {"type": "Feature", "geometry": {"type": "Polygon", "coordinates": [[[-0.082884, 51.44796], [-0.089584, 51.446767], [-0.090809, 51.442291], [-0.085336, 51.439008], [-0.078637, 51.440202], [-0.077411, 51.444678], [-0.082884, 51.44796]]]}, "properties": {"h3": "88194ad1c9fffff", "poi": 43, "richness": 12, "hill_q1": 8.19, "hill_q2": 6.184, "top_share": 0.302, "flagged": false, "dominant": "sports_and_recreation", "dna": {"sports_and_recreation": 0.302, "services_and_business": 0.163, "food_and_drink": 0.14, "community_and_government": 0.116, "arts_and_entertainment": 0.047, "cultural_and_historic": 0.047, "health_care": 0.047, "shopping": 0.047, "education": 0.023, "geographic_entities": 0.023, "lifestyle_services": 0.023, "travel_and_transportation": 0.023}, "tfidf": {"sports_and_recreation": 0.306, "services_and_business": 0.163, "food_and_drink": 0.146, "community_and_government": 0.127, "arts_and_entertainment": 0.051, "health_care": 0.05, "cultural_and_historic": 0.05, "shopping": 0.047, "geographic_entities": 0.045, "lifestyle_services": 0.025, "education": 0.024, "travel_and_transportation": 0.024}, "cluster": -1}}, {"type": "Feature", "geometry": {"type": "Polygon", "coordinates": [[[-0.078637, 51.440202], [-0.085336, 51.439008], [-0.086561, 51.434532], [-0.081089, 51.431249], [-0.074391, 51.432443], [-0.073165, 51.436919], [-0.078637, 51.440202]]]}, "properties": {"h3": "88194ad1cbfffff", "poi": 30, "richness": 11, "hill_q1": 9.122, "hill_q2": 7.759, "top_share": 0.233, "flagged": false, "dominant": "services_and_business", "dna": {"services_and_business": 0.233, "travel_and_transportation": 0.167, "community_and_government": 0.1, "education": 0.1, "sports_and_recreation": 0.1, "arts_and_entertainment": 0.067, "cultural_and_historic": 0.067, "food_and_drink": 0.067, "geographic_entities": 0.033, "lodging": 0.033, "shopping": 0.033}, "tfidf": {"services_and_business": 0.233, "travel_and_transportation": 0.172, "community_and_government": 0.109, "education": 0.104, "sports_and_recreation": 0.101, "arts_and_entertainment": 0.073, "cultural_and_historic": 0.072, "food_and_drink": 0.07, "geographic_entities": 0.064, "lodging": 0.046, "shopping": 0.034}, "cluster": -1}}, {"type": "Feature", "geometry": {"type": "Polygon", "coordinates": [[[-0.095059, 51.450049], [-0.101759, 51.448855], [-0.102983, 51.444378], [-0.097508, 51.441096], [-0.090809, 51.442291], [-0.089584, 51.446767], [-0.095059, 51.450049]]]}, "properties": {"h3": "88194ad1cdfffff", "poi": 74, "richness": 12, "hill_q1": 9.336, "hill_q2": 7.46, "top_share": 0.27, "flagged": false, "dominant": "services_and_business", "dna": {"services_and_business": 0.27, "sports_and_recreation": 0.135, "shopping": 0.108, "cultural_and_historic": 0.081, "health_care": 0.081, "education": 0.068, "food_and_drink": 0.068, "travel_and_transportation": 0.068, "arts_and_entertainment": 0.041, "community_and_government": 0.041, "lifestyle_services": 0.027, "geographic_entities": 0.014}, "tfidf": {"services_and_business": 0.27, "sports_and_recreation": 0.137, "shopping": 0.109, "health_care": 0.088, "cultural_and_historic": 0.088, "food_and_drink": 0.071, "education": 0.07, "travel_and_transportation": 0.07, "arts_and_entertainment": 0.044, "community_and_government": 0.044, "lifestyle_services": 0.029, "geographic_entities": 0.026}, "cluster": -1}}, {"type": "Feature", "geometry": {"type": "Polygon", "coordinates": [[[-0.070146, 51.424683], [-0.076843, 51.42349], [-0.078068, 51.419013], [-0.072598, 51.41573], [-0.065903, 51.416923], [-0.064677, 51.4214], [-0.070146, 51.424683]]]}, "properties": {"h3": "88194ad1d1fffff", "poi": 124, "richness": 12, "hill_q1": 9.205, "hill_q2": 7.696, "top_share": 0.202, "flagged": false, "dominant": "services_and_business", "dna": {"services_and_business": 0.202, "sports_and_recreation": 0.202, "food_and_drink": 0.137, "shopping": 0.097, "lifestyle_services": 0.081, "travel_and_transportation": 0.073, "arts_and_entertainment": 0.056, "education": 0.048, "health_care": 0.04, "cultural_and_historic": 0.032, "community_and_government": 0.016, "lodging": 0.016}, "tfidf": {"sports_and_recreation": 0.204, "services_and_business": 0.202, "food_and_drink": 0.143, "shopping": 0.098, "lifestyle_services": 0.086, "travel_and_transportation": 0.075, "arts_and_entertainment": 0.062, "education": 0.05, "health_care": 0.044, "cultural_and_historic": 0.035, "lodging": 0.022, "community_and_government": 0.018}, "cluster": -1}}, {"type": "Feature", "geometry": {"type": "Polygon", "coordinates": [[[-0.065903, 51.416923], [-0.072598, 51.41573], [-0.073824, 51.411252], [-0.068355, 51.407969], [-0.061661, 51.409163], [-0.060434, 51.41364], [-0.065903, 51.416923]]]}, "properties": {"h3": "88194ad1d3fffff", "poi": 168, "richness": 13, "hill_q1": 8.512, "hill_q2": 6.371, "top_share": 0.315, "flagged": false, "dominant": "services_and_business", "dna": {"services_and_business": 0.315, "shopping": 0.125, "travel_and_transportation": 0.113, "lifestyle_services": 0.095, "sports_and_recreation": 0.077, "food_and_drink": 0.071, "health_care": 0.06, "community_and_government": 0.048, "education": 0.048, "arts_and_entertainment": 0.024, "cultural_and_historic": 0.012, "geographic_entities": 0.006, "lodging": 0.006}, "tfidf": {"services_and_business": 0.315, "shopping": 0.126, "travel_and_transportation": 0.116, "lifestyle_services": 0.101, "sports_and_recreation": 0.078, "food_and_drink": 0.075, "health_care": 0.065, "community_and_government": 0.052, "education": 0.049, "arts_and_entertainment": 0.026, "cultural_and_historic": 0.013, "geographic_entities": 0.011, "lodging": 0.008}, "cluster": -1}}, {"type": "Feature", "geometry": {"type": "Polygon", "coordinates": [[[-0.082314, 51.426772], [-0.089011, 51.425578], [-0.090236, 51.421101], [-0.084764, 51.417818], [-0.078068, 51.419013], [-0.076843, 51.42349], [-0.082314, 51.426772]]]}, "properties": {"h3": "88194ad1d5fffff", "poi": 384, "richness": 13, "hill_q1": 7.525, "hill_q2": 5.856, "top_share": 0.245, "flagged": false, "dominant": "food_and_drink", "dna": {"food_and_drink": 0.245, "services_and_business": 0.229, "shopping": 0.206, "lifestyle_services": 0.089, "health_care": 0.049, "travel_and_transportation": 0.047, "education": 0.034, "arts_and_entertainment": 0.029, "community_and_government": 0.023, "sports_and_recreation": 0.023, "cultural_and_historic": 0.021, "geographic_entities": 0.003, "lodging": 0.003}, "tfidf": {"food_and_drink": 0.256, "services_and_business": 0.229, "shopping": 0.208, "lifestyle_services": 0.094, "health_care": 0.054, "travel_and_transportation": 0.048, "education": 0.035, "arts_and_entertainment": 0.031, "community_and_government": 0.026, "sports_and_recreation": 0.024, "cultural_and_historic": 0.023, "geographic_entities": 0.005, "lodging": 0.004}, "cluster": -1}}, {"type": "Feature", "geometry": {"type": "Polygon", "coordinates": [[[-0.078068, 51.419013], [-0.084764, 51.417818], [-0.085989, 51.413341], [-0.080519, 51.410058], [-0.073824, 51.411252], [-0.072598, 51.41573], [-0.078068, 51.419013]]]}, "properties": {"h3": "88194ad1d7fffff", "poi": 203, "richness": 13, "hill_q1": 8.41, "hill_q2": 6.066, "top_share": 0.33, "flagged": false, "dominant": "services_and_business", "dna": {"services_and_business": 0.33, "shopping": 0.143, "food_and_drink": 0.099, "sports_and_recreation": 0.079, "community_and_government": 0.074, "health_care": 0.074, "lifestyle_services": 0.074, "cultural_and_historic": 0.034, "arts_and_entertainment": 0.025, "education": 0.025, "lodging": 0.02, "travel_and_transportation": 0.02, "geographic_entities": 0.005}, "tfidf": {"services_and_business": 0.33, "shopping": 0.145, "food_and_drink": 0.103, "community_and_government": 0.08, "health_care": 0.08, "sports_and_recreation": 0.08, "lifestyle_services": 0.078, "cultural_and_historic": 0.037, "lodging": 0.027, "arts_and_entertainment": 0.027, "education": 0.026, "travel_and_transportation": 0.02, "geographic_entities": 0.009}, "cluster": -1}}, {"type": "Feature", "geometry": {"type": "Polygon", "coordinates": [[[-0.062223, 51.430353], [-0.06892, 51.42916], [-0.070146, 51.424683], [-0.064677, 51.4214], [-0.057981, 51.422593], [-0.056754, 51.427069], [-0.062223, 51.430353]]]}, "properties": {"h3": "88194ad1d9fffff", "poi": 52, "richness": 12, "hill_q1": 9.102, "hill_q2": 7.079, "top_share": 0.288, "flagged": false, "dominant": "services_and_business", "dna": {"services_and_business": 0.288, "education": 0.115, "sports_and_recreation": 0.115, "travel_and_transportation": 0.096, "arts_and_entertainment": 0.077, "shopping": 0.077, "cultural_and_historic": 0.058, "lifestyle_services": 0.058, "community_and_government": 0.038, "health_care": 0.038, "food_and_drink": 0.019, "geographic_entities": 0.019}, "tfidf": {"services_and_business": 0.288, "education": 0.12, "sports_and_recreation": 0.117, "travel_and_transportation": 0.099, "arts_and_entertainment": 0.084, "shopping": 0.078, "cultural_and_historic": 0.062, "lifestyle_services": 0.061, "community_and_government": 0.042, "health_care": 0.042, "geographic_entities": 0.037, "food_and_drink": 0.02}, "cluster": -1}}, {"type": "Feature", "geometry": {"type": "Polygon", "coordinates": [[[-0.057981, 51.422593], [-0.064677, 51.4214], [-0.065903, 51.416923], [-0.060434, 51.41364], [-0.05374, 51.414833], [-0.052513, 51.41931], [-0.057981, 51.422593]]]}, "properties": {"h3": "88194ad1dbfffff", "poi": 209, "richness": 11, "hill_q1": 7.534, "hill_q2": 6.017, "top_share": 0.263, "flagged": false, "dominant": "services_and_business", "dna": {"services_and_business": 0.263, "shopping": 0.22, "food_and_drink": 0.163, "lifestyle_services": 0.1, "sports_and_recreation": 0.081, "education": 0.038, "cultural_and_historic": 0.033, "health_care": 0.033, "travel_and_transportation": 0.029, "community_and_government": 0.024, "arts_and_entertainment": 0.014}, "tfidf": {"services_and_business": 0.263, "shopping": 0.223, "food_and_drink": 0.17, "lifestyle_services": 0.107, "sports_and_recreation": 0.082, "education": 0.04, "health_care": 0.036, "cultural_and_historic": 0.036, "travel_and_transportation": 0.03, "community_and_government": 0.026, "arts_and_entertainment": 0.016}, "cluster": -1}}, {"type": "Feature", "geometry": {"type": "Polygon", "coordinates": [[[-0.074391, 51.432443], [-0.081089, 51.431249], [-0.082314, 51.426772], [-0.076843, 51.42349], [-0.070146, 51.424683], [-0.06892, 51.42916], [-0.074391, 51.432443]]]}, "properties": {"h3": "88194ad1ddfffff", "poi": 56, "richness": 12, "hill_q1": 6.862, "hill_q2": 4.238, "top_share": 0.446, "flagged": false, "dominant": "services_and_business", "dna": {"services_and_business": 0.446, "education": 0.107, "cultural_and_historic": 0.071, "lifestyle_services": 0.071, "shopping": 0.071, "travel_and_transportation": 0.071, "arts_and_entertainment": 0.036, "community_and_government": 0.036, "sports_and_recreation": 0.036, "food_and_drink": 0.018, "health_care": 0.018, "lodging": 0.018}, "tfidf": {"services_and_business": 0.446, "education": 0.111, "cultural_and_historic": 0.077, "lifestyle_services": 0.076, "travel_and_transportation": 0.074, "shopping": 0.072, "arts_and_entertainment": 0.039, "community_and_government": 0.039, "sports_and_recreation": 0.036, "lodging": 0.024, "health_care": 0.019, "food_and_drink": 0.019}, "cluster": -1}}, {"type": "Feature", "geometry": {"type": "Polygon", "coordinates": [[[-0.123083, 51.440792], [-0.129784, 51.439596], [-0.131006, 51.435118], [-0.125529, 51.431837], [-0.11883, 51.433033], [-0.117607, 51.437511], [-0.123083, 51.440792]]]}, "properties": {"h3": "88194ad1e1fffff", "poi": 398, "richness": 12, "hill_q1": 7.914, "hill_q2": 6.285, "top_share": 0.239, "flagged": false, "dominant": "services_and_business", "dna": {"services_and_business": 0.239, "food_and_drink": 0.236, "shopping": 0.146, "lifestyle_services": 0.116, "travel_and_transportation": 0.075, "health_care": 0.043, "education": 0.04, "sports_and_recreation": 0.035, "community_and_government": 0.023, "cultural_and_historic": 0.023, "arts_and_entertainment": 0.018, "lodging": 0.008}, "tfidf": {"food_and_drink": 0.247, "services_and_business": 0.239, "shopping": 0.147, "lifestyle_services": 0.123, "travel_and_transportation": 0.078, "health_care": 0.046, "education": 0.042, "sports_and_recreation": 0.036, "community_and_government": 0.025, "cultural_and_historic": 0.024, "arts_and_entertainment": 0.019, "lodging": 0.01}, "cluster": -1}}, {"type": "Feature", "geometry": {"type": "Polygon", "coordinates": [[[-0.11883, 51.433033], [-0.125529, 51.431837], [-0.126751, 51.427359], [-0.121275, 51.424077], [-0.114577, 51.425274], [-0.113354, 51.429751], [-0.11883, 51.433033]]]}, "properties": {"h3": "88194ad1e3fffff", "poi": 86, "richness": 11, "hill_q1": 7.389, "hill_q2": 5.253, "top_share": 0.372, "flagged": false, "dominant": "services_and_business", "dna": {"services_and_business": 0.372, "shopping": 0.128, "travel_and_transportation": 0.105, "education": 0.081, "food_and_drink": 0.081, "lifestyle_services": 0.07, "health_care": 0.058, "arts_and_entertainment": 0.035, "sports_and_recreation": 0.035, "community_and_government": 0.023, "lodging": 0.012}, "tfidf": {"services_and_business": 0.372, "shopping": 0.129, "travel_and_transportation": 0.108, "food_and_drink": 0.085, "education": 0.084, "lifestyle_services": 0.074, "health_care": 0.063, "arts_and_entertainment": 0.038, "sports_and_recreation": 0.035, "community_and_government": 0.025, "lodging": 0.016}, "cluster": -1}}, {"type": "Feature", "geometry": {"type": "Polygon", "coordinates": [[[-0.135262, 51.442876], [-0.141963, 51.441679], [-0.143184, 51.437201], [-0.137706, 51.433921], [-0.131006, 51.435118], [-0.129784, 51.439596], [-0.135262, 51.442876]]]}, "properties": {"h3": "88194ad1e5fffff", "poi": 55, "richness": 10, "hill_q1": 7.985, "hill_q2": 6.986, "top_share": 0.236, "flagged": false, "dominant": "services_and_business", "dna": {"services_and_business": 0.236, "education": 0.145, "shopping": 0.145, "sports_and_recreation": 0.145, "lifestyle_services": 0.109, "cultural_and_historic": 0.073, "food_and_drink": 0.055, "travel_and_transportation": 0.055, "community_and_government": 0.018, "health_care": 0.018}, "tfidf": {"services_and_business": 0.236, "education": 0.151, "sports_and_recreation": 0.147, "shopping": 0.147, "lifestyle_services": 0.116, "cultural_and_historic": 0.079, "food_and_drink": 0.057, "travel_and_transportation": 0.056, "community_and_government": 0.02, "health_care": 0.02}, "cluster": -1}}, {"type": "Feature", "geometry": {"type": "Polygon", "coordinates": [[[-0.131006, 51.435118], [-0.137706, 51.433921], [-0.138928, 51.429442], [-0.13345, 51.426161], [-0.126751, 51.427359], [-0.125529, 51.431837], [-0.131006, 51.435118]]]}, "properties": {"h3": "88194ad1e7fffff", "poi": 475, "richness": 12, "hill_q1": 7.713, "hill_q2": 5.635, "top_share": 0.326, "flagged": false, "dominant": "services_and_business", "dna": {"services_and_business": 0.326, "shopping": 0.187, "food_and_drink": 0.139, "lifestyle_services": 0.069, "health_care": 0.063, "travel_and_transportation": 0.055, "education": 0.042, "community_and_government": 0.029, "cultural_and_historic": 0.027, "sports_and_recreation": 0.027, "arts_and_entertainment": 0.021, "lodging": 0.013}, "tfidf": {"services_and_business": 0.326, "shopping": 0.19, "food_and_drink": 0.145, "lifestyle_services": 0.074, "health_care": 0.069, "travel_and_transportation": 0.056, "education": 0.044, "community_and_government": 0.032, "cultural_and_historic": 0.03, "sports_and_recreation": 0.028, "arts_and_entertainment": 0.023, "lodging": 0.017}, "cluster": -1}}, {"type": "Feature", "geometry": {"type": "Polygon", "coordinates": [[[-0.11516, 51.446465], [-0.12186, 51.445269], [-0.123083, 51.440792], [-0.117607, 51.437511], [-0.110907, 51.438706], [-0.109683, 51.443183], [-0.11516, 51.446465]]]}, "properties": {"h3": "88194ad1e9fffff", "poi": 82, "richness": 12, "hill_q1": 7.999, "hill_q2": 5.827, "top_share": 0.341, "flagged": false, "dominant": "services_and_business", "dna": {"services_and_business": 0.341, "shopping": 0.122, "cultural_and_historic": 0.098, "education": 0.098, "lifestyle_services": 0.098, "community_and_government": 0.073, "health_care": 0.049, "travel_and_transportation": 0.049, "food_and_drink": 0.024, "sports_and_recreation": 0.024, "arts_and_entertainment": 0.012, "geographic_entities": 0.012}, "tfidf": {"services_and_business": 0.341, "shopping": 0.123, "cultural_and_historic": 0.106, "lifestyle_services": 0.104, "education": 0.101, "community_and_government": 0.08, "health_care": 0.053, "travel_and_transportation": 0.05, "food_and_drink": 0.025, "sports_and_recreation": 0.025, "geographic_entities": 0.023, "arts_and_entertainment": 0.013}, "cluster": -1}}, {"type": "Feature", "geometry": {"type": "Polygon", "coordinates": [[[-0.110907, 51.438706], [-0.117607, 51.437511], [-0.11883, 51.433033], [-0.113354, 51.429751], [-0.106656, 51.430947], [-0.105432, 51.435424], [-0.110907, 51.438706]]]}, "properties": {"h3": "88194ad1ebfffff", "poi": 75, "richness": 13, "hill_q1": 7.615, "hill_q2": 5.146, "top_share": 0.373, "flagged": false, "dominant": "services_and_business", "dna": {"services_and_business": 0.373, "shopping": 0.16, "travel_and_transportation": 0.107, "health_care": 0.08, "sports_and_recreation": 0.067, "education": 0.053, "arts_and_entertainment": 0.04, "cultural_and_historic": 0.027, "food_and_drink": 0.027, "lifestyle_services": 0.027, "community_and_government": 0.013, "geographic_entities": 0.013, "lodging": 0.013}, "tfidf": {"services_and_business": 0.373, "shopping": 0.162, "travel_and_transportation": 0.11, "health_care": 0.087, "sports_and_recreation": 0.068, "education": 0.055, "arts_and_entertainment": 0.044, "cultural_and_historic": 0.029, "lifestyle_services": 0.028, "food_and_drink": 0.028, "geographic_entities": 0.026, "lodging": 0.018, "community_and_government": 0.015}, "cluster": -1}}, {"type": "Feature", "geometry": {"type": "Polygon", "coordinates": [[[-0.127338, 51.44855], [-0.13404, 51.447354], [-0.135262, 51.442876], [-0.129784, 51.439596], [-0.123083, 51.440792], [-0.12186, 51.445269], [-0.127338, 51.44855]]]}, "properties": {"h3": "88194ad1edfffff", "poi": 170, "richness": 12, "hill_q1": 7.53, "hill_q2": 5.912, "top_share": 0.3, "flagged": false, "dominant": "services_and_business", "dna": {"services_and_business": 0.3, "food_and_drink": 0.171, "shopping": 0.159, "lifestyle_services": 0.1, "travel_and_transportation": 0.076, "health_care": 0.071, "sports_and_recreation": 0.053, "cultural_and_historic": 0.024, "arts_and_entertainment": 0.018, "education": 0.012, "lodging": 0.012, "community_and_government": 0.006}, "tfidf": {"services_and_business": 0.3, "food_and_drink": 0.178, "shopping": 0.161, "lifestyle_services": 0.106, "travel_and_transportation": 0.079, "health_care": 0.077, "sports_and_recreation": 0.054, "cultural_and_historic": 0.025, "arts_and_entertainment": 0.019, "lodging": 0.016, "education": 0.012, "community_and_government": 0.006}, "cluster": -1}}, {"type": "Feature", "geometry": {"type": "Polygon", "coordinates": [[[-0.02369, 51.501032], [-0.030394, 51.499844], [-0.031624, 51.495372], [-0.026151, 51.492088], [-0.019449, 51.493276], [-0.018218, 51.497748], [-0.02369, 51.501032]]]}, "properties": {"h3": "88194ad221fffff", "poi": 245, "richness": 13, "hill_q1": 8.361, "hill_q2": 5.869, "top_share": 0.347, "flagged": false, "dominant": "services_and_business", "dna": {"services_and_business": 0.347, "shopping": 0.131, "education": 0.094, "travel_and_transportation": 0.078, "food_and_drink": 0.069, "sports_and_recreation": 0.065, "lifestyle_services": 0.057, "community_and_government": 0.049, "cultural_and_historic": 0.041, "health_care": 0.029, "lodging": 0.029, "arts_and_entertainment": 0.008, "geographic_entities": 0.004}, "tfidf": {"services_and_business": 0.347, "shopping": 0.132, "education": 0.097, "travel_and_transportation": 0.08, "food_and_drink": 0.073, "sports_and_recreation": 0.066, "lifestyle_services": 0.061, "community_and_government": 0.053, "cultural_and_historic": 0.044, "lodging": 0.039, "health_care": 0.031, "arts_and_entertainment": 0.009, "geographic_entities": 0.008}, "cluster": -1}}, {"type": "Feature", "geometry": {"type": "Polygon", "coordinates": [[[-0.019449, 51.493276], [-0.026151, 51.492088], [-0.027382, 51.487616], [-0.021911, 51.484331], [-0.015209, 51.485519], [-0.013978, 51.489991], [-0.019449, 51.493276]]]}, "properties": {"h3": "88194ad223fffff", "poi": 71, "richness": 10, "hill_q1": 6.721, "hill_q2": 5.036, "top_share": 0.352, "flagged": false, "dominant": "services_and_business", "dna": {"services_and_business": 0.352, "shopping": 0.211, "food_and_drink": 0.099, "travel_and_transportation": 0.085, "sports_and_recreation": 0.07, "cultural_and_historic": 0.056, "education": 0.056, "arts_and_entertainment": 0.028, "health_care": 0.028, "geographic_entities": 0.014}, "tfidf": {"services_and_business": 0.352, "shopping": 0.214, "food_and_drink": 0.103, "travel_and_transportation": 0.087, "sports_and_recreation": 0.071, "cultural_and_historic": 0.061, "education": 0.058, "arts_and_entertainment": 0.031, "health_care": 0.031, "geographic_entities": 0.027}, "cluster": -1}}, {"type": "Feature", "geometry": {"type": "Polygon", "coordinates": [[[-0.035867, 51.503128], [-0.042572, 51.501939], [-0.043801, 51.497467], [-0.038327, 51.494183], [-0.031624, 51.495372], [-0.030394, 51.499844], [-0.035867, 51.503128]]]}, "properties": {"h3": "88194ad225fffff", "poi": 87, "richness": 13, "hill_q1": 10.251, "hill_q2": 8.218, "top_share": 0.253, "flagged": false, "dominant": "services_and_business", "dna": {"services_and_business": 0.253, "food_and_drink": 0.126, "cultural_and_historic": 0.092, "shopping": 0.092, "lifestyle_services": 0.08, "sports_and_recreation": 0.069, "arts_and_entertainment": 0.057, "education": 0.057, "travel_and_transportation": 0.057, "community_and_government": 0.034, "geographic_entities": 0.034, "health_care": 0.034, "lodging": 0.011}, "tfidf": {"services_and_business": 0.253, "food_and_drink": 0.132, "cultural_and_historic": 0.099, "shopping": 0.093, "lifestyle_services": 0.085, "sports_and_recreation": 0.07, "geographic_entities": 0.066, "arts_and_entertainment": 0.063, "education": 0.06, "travel_and_transportation": 0.059, "community_and_government": 0.038, "health_care": 0.037, "lodging": 0.016}, "cluster": -1}}, {"type": "Feature", "geometry": {"type": "Polygon", "coordinates": [[[-0.031624, 51.495372], [-0.038327, 51.494183], [-0.039557, 51.489711], [-0.034084, 51.486427], [-0.027382, 51.487616], [-0.026151, 51.492088], [-0.031624, 51.495372]]]}, "properties": {"h3": "88194ad227fffff", "poi": 119, "richness": 12, "hill_q1": 7.98, "hill_q2": 5.928, "top_share": 0.319, "flagged": false, "dominant": "services_and_business", "dna": {"services_and_business": 0.319, "shopping": 0.185, "cultural_and_historic": 0.092, "lifestyle_services": 0.092, "travel_and_transportation": 0.067, "food_and_drink": 0.059, "geographic_entities": 0.05, "sports_and_recreation": 0.05, "community_and_government": 0.042, "health_care": 0.017, "lodging": 0.017, "education": 0.008}, "tfidf": {"services_and_business": 0.319, "shopping": 0.187, "cultural_and_historic": 0.1, "lifestyle_services": 0.098, "geographic_entities": 0.097, "travel_and_transportation": 0.069, "food_and_drink": 0.061, "sports_and_recreation": 0.051, "community_and_government": 0.046, "lodging": 0.023, "health_care": 0.018, "education": 0.009}, "cluster": -1}}, {"type": "Feature", "geometry": {"type": "Polygon", "coordinates": [[[-0.015755, 51.506691], [-0.022459, 51.505504], [-0.02369, 51.501032], [-0.018218, 51.497748], [-0.011515, 51.498935], [-0.010283, 51.503406], [-0.015755, 51.506691]]]}, "properties": {"h3": "88194ad229fffff", "poi": 424, "richness": 13, "hill_q1": 6.415, "hill_q2": 4.049, "top_share": 0.443, "flagged": false, "dominant": "services_and_business", "dna": {"services_and_business": 0.443, "food_and_drink": 0.146, "shopping": 0.142, "health_care": 0.052, "lifestyle_services": 0.042, "education": 0.04, "travel_and_transportation": 0.028, "sports_and_recreation": 0.024, "cultural_and_historic": 0.021, "arts_and_entertainment": 0.019, "community_and_government": 0.019, "lodging": 0.017, "geographic_entities": 0.007}, "tfidf": {"services_and_business": 0.443, "food_and_drink": 0.153, "shopping": 0.143, "health_care": 0.056, "lifestyle_services": 0.045, "education": 0.042, "travel_and_transportation": 0.029, "sports_and_recreation": 0.024, "cultural_and_historic": 0.023, "lodging": 0.023, "arts_and_entertainment": 0.021, "community_and_government": 0.021, "geographic_entities": 0.014}, "cluster": -1}}, {"type": "Feature", "geometry": {"type": "Polygon", "coordinates": [[[-0.027932, 51.508788], [-0.034637, 51.5076], [-0.035867, 51.503128], [-0.030394, 51.499844], [-0.02369, 51.501032], [-0.022459, 51.505504], [-0.027932, 51.508788]]]}, "properties": {"h3": "88194ad22dfffff", "poi": 383, "richness": 13, "hill_q1": 7.712, "hill_q2": 4.788, "top_share": 0.413, "flagged": false, "dominant": "services_and_business", "dna": {"services_and_business": 0.413, "food_and_drink": 0.11, "shopping": 0.099, "travel_and_transportation": 0.068, "health_care": 0.057, "lodging": 0.047, "community_and_government": 0.039, "sports_and_recreation": 0.039, "education": 0.034, "cultural_and_historic": 0.031, "lifestyle_services": 0.031, "geographic_entities": 0.018, "arts_and_entertainment": 0.013}, "tfidf": {"services_and_business": 0.413, "food_and_drink": 0.115, "shopping": 0.1, "travel_and_transportation": 0.07, "lodging": 0.064, "health_care": 0.062, "community_and_government": 0.043, "sports_and_recreation": 0.04, "education": 0.035, "geographic_entities": 0.035, "cultural_and_historic": 0.034, "lifestyle_services": 0.033, "arts_and_entertainment": 0.014}, "cluster": -1}}, {"type": "Feature", "geometry": {"type": "Polygon", "coordinates": [[[-0.015209, 51.485519], [-0.021911, 51.484331], [-0.023141, 51.479859], [-0.017671, 51.476574], [-0.010971, 51.477762], [-0.009739, 51.482235], [-0.015209, 51.485519]]]}, "properties": {"h3": "88194ad235fffff", "poi": 81, "richness": 13, "hill_q1": 6.843, "hill_q2": 4.65, "top_share": 0.333, "flagged": false, "dominant": "services_and_business", "dna": {"services_and_business": 0.333, "shopping": 0.296, "cultural_and_historic": 0.062, "education": 0.049, "food_and_drink": 0.049, "sports_and_recreation": 0.049, "travel_and_transportation": 0.049, "health_care": 0.037, "lodging": 0.025, "arts_and_entertainment": 0.012, "community_and_government": 0.012, "geographic_entities": 0.012, "lifestyle_services": 0.012}, "tfidf": {"services_and_business": 0.333, "shopping": 0.3, "cultural_and_historic": 0.067, "food_and_drink": 0.052, "education": 0.051, "travel_and_transportation": 0.051, "sports_and_recreation": 0.05, "health_care": 0.04, "lodging": 0.034, "geographic_entities": 0.024, "arts_and_entertainment": 0.013, "community_and_government": 0.013, "lifestyle_services": 0.013}, "cluster": -1}}, {"type": "Feature", "geometry": {"type": "Polygon", "coordinates": [[[-0.024239, 51.522201], [-0.030945, 51.521014], [-0.032176, 51.516543], [-0.026701, 51.513259], [-0.019996, 51.514446], [-0.018765, 51.518917], [-0.024239, 51.522201]]]}, "properties": {"h3": "88194ad265fffff", "poi": 185, "richness": 13, "hill_q1": 8.683, "hill_q2": 6.143, "top_share": 0.335, "flagged": false, "dominant": "services_and_business", "dna": {"services_and_business": 0.335, "shopping": 0.124, "travel_and_transportation": 0.097, "cultural_and_historic": 0.081, "food_and_drink": 0.076, "sports_and_recreation": 0.065, "education": 0.059, "community_and_government": 0.049, "lifestyle_services": 0.038, "arts_and_entertainment": 0.032, "health_care": 0.016, "lodging": 0.016, "geographic_entities": 0.011}, "tfidf": {"services_and_business": 0.335, "shopping": 0.126, "travel_and_transportation": 0.1, "cultural_and_historic": 0.088, "food_and_drink": 0.079, "sports_and_recreation": 0.066, "education": 0.062, "community_and_government": 0.053, "lifestyle_services": 0.04, "arts_and_entertainment": 0.035, "lodging": 0.022, "geographic_entities": 0.021, "health_care": 0.018}, "cluster": -1}}, {"type": "Feature", "geometry": {"type": "Polygon", "coordinates": [[[-0.019996, 51.514446], [-0.026701, 51.513259], [-0.027932, 51.508788], [-0.022459, 51.505504], [-0.015755, 51.506691], [-0.014523, 51.511162], [-0.019996, 51.514446]]]}, "properties": {"h3": "88194ad267fffff", "poi": 225, "richness": 13, "hill_q1": 8.836, "hill_q2": 6.696, "top_share": 0.253, "flagged": false, "dominant": "services_and_business", "dna": {"services_and_business": 0.253, "food_and_drink": 0.236, "lifestyle_services": 0.076, "sports_and_recreation": 0.076, "health_care": 0.067, "shopping": 0.062, "travel_and_transportation": 0.058, "cultural_and_historic": 0.053, "arts_and_entertainment": 0.04, "lodging": 0.036, "education": 0.027, "community_and_government": 0.013, "geographic_entities": 0.004}, "tfidf": {"services_and_business": 0.253, "food_and_drink": 0.246, "lifestyle_services": 0.08, "sports_and_recreation": 0.077, "health_care": 0.072, "shopping": 0.063, "travel_and_transportation": 0.059, "cultural_and_historic": 0.058, "lodging": 0.049, "arts_and_entertainment": 0.044, "education": 0.028, "community_and_government": 0.015, "geographic_entities": 0.009}, "cluster": -1}}, {"type": "Feature", "geometry": {"type": "Polygon", "coordinates": [[[-0.016301, 51.527858], [-0.023008, 51.526672], [-0.024239, 51.522201], [-0.018765, 51.518917], [-0.012059, 51.520103], [-0.010827, 51.524574], [-0.016301, 51.527858]]]}, "properties": {"h3": "88194ad26dfffff", "poi": 61, "richness": 9, "hill_q1": 4.633, "hill_q2": 3.319, "top_share": 0.459, "flagged": false, "dominant": "services_and_business", "dna": {"services_and_business": 0.459, "food_and_drink": 0.279, "shopping": 0.066, "travel_and_transportation": 0.066, "community_and_government": 0.049, "sports_and_recreation": 0.033, "education": 0.016, "health_care": 0.016, "lifestyle_services": 0.016}, "tfidf": {"services_and_business": 0.459, "food_and_drink": 0.291, "travel_and_transportation": 0.068, "shopping": 0.066, "community_and_government": 0.054, "sports_and_recreation": 0.033, "health_care": 0.018, "lifestyle_services": 0.017, "education": 0.017}, "cluster": -1}}, {"type": "Feature", "geometry": {"type": "Polygon", "coordinates": [[[-0.076663, 51.517165], [-0.083371, 51.515974], [-0.084598, 51.511501], [-0.079119, 51.508219], [-0.072412, 51.50941], [-0.071184, 51.513882], [-0.076663, 51.517165]]]}, "properties": {"h3": "88194ad301fffff", "poi": 2549, "richness": 13, "hill_q1": 5.696, "hill_q2": 3.406, "top_share": 0.501, "flagged": true, "dominant": "services_and_business", "dna": {"services_and_business": 0.501, "food_and_drink": 0.171, "shopping": 0.079, "education": 0.035, "community_and_government": 0.031, "travel_and_transportation": 0.029, "health_care": 0.029, "lifestyle_services": 0.029, "sports_and_recreation": 0.028, "arts_and_entertainment": 0.027, "cultural_and_historic": 0.022, "lodging": 0.018, "geographic_entities": 0.0}, "tfidf": {"services_and_business": 0.501, "food_and_drink": 0.179, "shopping": 0.08, "education": 0.037, "community_and_government": 0.033, "health_care": 0.032, "lifestyle_services": 0.031, "travel_and_transportation": 0.03, "arts_and_entertainment": 0.029, "sports_and_recreation": 0.028, "lodging": 0.025, "cultural_and_historic": 0.024, "geographic_entities": 0.001}, "cluster": -1}}, {"type": "Feature", "geometry": {"type": "Polygon", "coordinates": [[[-0.072412, 51.50941], [-0.079119, 51.508219], [-0.080346, 51.503746], [-0.074867, 51.500463], [-0.068162, 51.501654], [-0.066934, 51.506127], [-0.072412, 51.50941]]]}, "properties": {"h3": "88194ad303fffff", "poi": 702, "richness": 13, "hill_q1": 8.05, "hill_q2": 5.375, "top_share": 0.362, "flagged": false, "dominant": "services_and_business", "dna": {"services_and_business": 0.362, "food_and_drink": 0.177, "cultural_and_historic": 0.081, "shopping": 0.073, "travel_and_transportation": 0.063, "arts_and_entertainment": 0.044, "sports_and_recreation": 0.041, "community_and_government": 0.034, "lifestyle_services": 0.033, "education": 0.031, "health_care": 0.021, "geographic_entities": 0.02, "lodging": 0.02}, "tfidf": {"services_and_business": 0.362, "food_and_drink": 0.185, "cultural_and_historic": 0.088, "shopping": 0.074, "travel_and_transportation": 0.065, "arts_and_entertainment": 0.048, "sports_and_recreation": 0.042, "geographic_entities": 0.038, "community_and_government": 0.037, "lifestyle_services": 0.035, "education": 0.032, "lodging": 0.027, "health_care": 0.023}, "cluster": -1}}, {"type": "Feature", "geometry": {"type": "Polygon", "coordinates": [[[-0.088852, 51.519256], [-0.09556, 51.518065], [-0.096786, 51.513592], [-0.091305, 51.51031], [-0.084598, 51.511501], [-0.083371, 51.515974], [-0.088852, 51.519256]]]}, "properties": {"h3": "88194ad305fffff", "poi": 3563, "richness": 13, "hill_q1": 4.948, "hill_q2": 2.893, "top_share": 0.561, "flagged": true, "dominant": "services_and_business", "dna": {"services_and_business": 0.561, "food_and_drink": 0.123, "shopping": 0.093, "health_care": 0.057, "lifestyle_services": 0.032, "community_and_government": 0.026, "sports_and_recreation": 0.024, "education": 0.023, "travel_and_transportation": 0.021, "cultural_and_historic": 0.02, "arts_and_entertainment": 0.013, "lodging": 0.006, "geographic_entities": 0.0}, "tfidf": {"services_and_business": 0.561, "food_and_drink": 0.129, "shopping": 0.094, "health_care": 0.062, "lifestyle_services": 0.034, "community_and_government": 0.028, "sports_and_recreation": 0.024, "education": 0.024, "travel_and_transportation": 0.022, "cultural_and_historic": 0.022, "arts_and_entertainment": 0.014, "lodging": 0.009, "geographic_entities": 0.001}, "cluster": -1}}, {"type": "Feature", "geometry": {"type": "Polygon", "coordinates": [[[-0.084598, 51.511501], [-0.091305, 51.51031], [-0.092532, 51.505837], [-0.087052, 51.502555], [-0.080346, 51.503746], [-0.079119, 51.508219], [-0.084598, 51.511501]]]}, "properties": {"h3": "88194ad307fffff", "poi": 1815, "richness": 13, "hill_q1": 7.083, "hill_q2": 4.762, "top_share": 0.374, "flagged": false, "dominant": "services_and_business", "dna": {"services_and_business": 0.374, "food_and_drink": 0.218, "shopping": 0.099, "health_care": 0.078, "lifestyle_services": 0.034, "community_and_government": 0.033, "sports_and_recreation": 0.031, "travel_and_transportation": 0.03, "arts_and_entertainment": 0.03, "education": 0.026, "cultural_and_historic": 0.026, "lodging": 0.013, "geographic_entities": 0.008}, "tfidf": {"services_and_business": 0.374, "food_and_drink": 0.228, "shopping": 0.1, "health_care": 0.084, "community_and_government": 0.036, "lifestyle_services": 0.036, "arts_and_entertainment": 0.032, "sports_and_recreation": 0.031, "travel_and_transportation": 0.031, "cultural_and_historic": 0.028, "education": 0.027, "lodging": 0.018, "geographic_entities": 0.015}, "cluster": -1}}, {"type": "Feature", "geometry": {"type": "Polygon", "coordinates": [[[-0.068728, 51.522827], [-0.075436, 51.521637], [-0.076663, 51.517165], [-0.071184, 51.513882], [-0.064477, 51.515072], [-0.063249, 51.519544], [-0.068728, 51.522827]]]}, "properties": {"h3": "88194ad309fffff", "poi": 2453, "richness": 13, "hill_q1": 7.325, "hill_q2": 5.326, "top_share": 0.329, "flagged": false, "dominant": "services_and_business", "dna": {"services_and_business": 0.329, "food_and_drink": 0.196, "shopping": 0.166, "education": 0.079, "lifestyle_services": 0.042, "arts_and_entertainment": 0.041, "travel_and_transportation": 0.038, "community_and_government": 0.031, "health_care": 0.021, "lodging": 0.02, "sports_and_recreation": 0.02, "cultural_and_historic": 0.018, "geographic_entities": 0.001}, "tfidf": {"services_and_business": 0.329, "food_and_drink": 0.205, "shopping": 0.167, "education": 0.082, "arts_and_entertainment": 0.045, "lifestyle_services": 0.044, "travel_and_transportation": 0.039, "community_and_government": 0.033, "lodging": 0.027, "health_care": 0.023, "sports_and_recreation": 0.02, "cultural_and_historic": 0.019, "geographic_entities": 0.002}, "cluster": -1}}, {"type": "Feature", "geometry": {"type": "Polygon", "coordinates": [[[-0.064477, 51.515072], [-0.071184, 51.513882], [-0.072412, 51.50941], [-0.066934, 51.506127], [-0.060228, 51.507317], [-0.059, 51.511789], [-0.064477, 51.515072]]]}, "properties": {"h3": "88194ad30bfffff", "poi": 631, "richness": 12, "hill_q1": 7.73, "hill_q2": 5.142, "top_share": 0.385, "flagged": false, "dominant": "services_and_business", "dna": {"services_and_business": 0.385, "food_and_drink": 0.122, "shopping": 0.113, "travel_and_transportation": 0.079, "education": 0.059, "community_and_government": 0.049, "health_care": 0.038, "cultural_and_historic": 0.036, "lifestyle_services": 0.036, "arts_and_entertainment": 0.033, "sports_and_recreation": 0.03, "lodging": 0.019}, "tfidf": {"services_and_business": 0.385, "food_and_drink": 0.128, "shopping": 0.114, "travel_and_transportation": 0.082, "education": 0.061, "community_and_government": 0.054, "health_care": 0.041, "cultural_and_historic": 0.039, "lifestyle_services": 0.039, "arts_and_entertainment": 0.036, "sports_and_recreation": 0.031, "lodging": 0.026}, "cluster": -1}}, {"type": "Feature", "geometry": {"type": "Polygon", "coordinates": [[[-0.080916, 51.52492], [-0.087625, 51.523729], [-0.088852, 51.519256], [-0.083371, 51.515974], [-0.076663, 51.517165], [-0.075436, 51.521637], [-0.080916, 51.52492]]]}, "properties": {"h3": "88194ad30dfffff", "poi": 3136, "richness": 13, "hill_q1": 5.688, "hill_q2": 3.473, "top_share": 0.495, "flagged": false, "dominant": "services_and_business", "dna": {"services_and_business": 0.495, "food_and_drink": 0.159, "shopping": 0.097, "health_care": 0.05, "lifestyle_services": 0.04, "education": 0.032, "arts_and_entertainment": 0.03, "sports_and_recreation": 0.026, "community_and_government": 0.025, "travel_and_transportation": 0.025, "cultural_and_historic": 0.011, "lodging": 0.011, "geographic_entities": 0.0}, "tfidf": {"services_and_business": 0.495, "food_and_drink": 0.166, "shopping": 0.098, "health_care": 0.054, "lifestyle_services": 0.043, "education": 0.033, "arts_and_entertainment": 0.032, "community_and_government": 0.027, "sports_and_recreation": 0.026, "travel_and_transportation": 0.026, "lodging": 0.014, "cultural_and_historic": 0.012, "geographic_entities": 0.001}, "cluster": -1}}, {"type": "Feature", "geometry": {"type": "Polygon", "coordinates": [[[-0.055981, 51.499561], [-0.062685, 51.498371], [-0.063913, 51.493898], [-0.058438, 51.490615], [-0.051734, 51.491805], [-0.050505, 51.496278], [-0.055981, 51.499561]]]}, "properties": {"h3": "88194ad311fffff", "poi": 286, "richness": 12, "hill_q1": 7.889, "hill_q2": 5.588, "top_share": 0.357, "flagged": false, "dominant": "services_and_business", "dna": {"services_and_business": 0.357, "shopping": 0.143, "arts_and_entertainment": 0.087, "lifestyle_services": 0.07, "sports_and_recreation": 0.07, "community_and_government": 0.063, "food_and_drink": 0.059, "travel_and_transportation": 0.056, "education": 0.045, "health_care": 0.028, "cultural_and_historic": 0.017, "geographic_entities": 0.003}, "tfidf": {"services_and_business": 0.357, "shopping": 0.145, "arts_and_entertainment": 0.095, "lifestyle_services": 0.074, "sports_and_recreation": 0.071, "community_and_government": 0.069, "food_and_drink": 0.062, "travel_and_transportation": 0.058, "education": 0.047, "health_care": 0.03, "cultural_and_historic": 0.019, "geographic_entities": 0.007}, "cluster": -1}}, {"type": "Feature", "geometry": {"type": "Polygon", "coordinates": [[[-0.051734, 51.491805], [-0.058438, 51.490615], [-0.059666, 51.486142], [-0.054191, 51.482858], [-0.047489, 51.484048], [-0.04626, 51.488522], [-0.051734, 51.491805]]]}, "properties": {"h3": "88194ad313fffff", "poi": 212, "richness": 13, "hill_q1": 7.683, "hill_q2": 5.61, "top_share": 0.325, "flagged": false, "dominant": "services_and_business", "dna": {"services_and_business": 0.325, "shopping": 0.189, "food_and_drink": 0.127, "travel_and_transportation": 0.104, "cultural_and_historic": 0.057, "lifestyle_services": 0.052, "arts_and_entertainment": 0.038, "sports_and_recreation": 0.033, "community_and_government": 0.024, "education": 0.019, "health_care": 0.014, "lodging": 0.014, "geographic_entities": 0.005}, "tfidf": {"services_and_business": 0.325, "shopping": 0.191, "food_and_drink": 0.133, "travel_and_transportation": 0.107, "cultural_and_historic": 0.061, "lifestyle_services": 0.055, "arts_and_entertainment": 0.041, "sports_and_recreation": 0.033, "community_and_government": 0.026, "education": 0.02, "lodging": 0.019, "health_care": 0.015, "geographic_entities": 0.009}, "cluster": -1}}, {"type": "Feature", "geometry": {"type": "Polygon", "coordinates": [[[-0.068162, 51.501654], [-0.074867, 51.500463], [-0.076095, 51.49599], [-0.070618, 51.492707], [-0.063913, 51.493898], [-0.062685, 51.498371], [-0.068162, 51.501654]]]}, "properties": {"h3": "88194ad315fffff", "poi": 336, "richness": 13, "hill_q1": 8.087, "hill_q2": 6.166, "top_share": 0.265, "flagged": false, "dominant": "services_and_business", "dna": {"services_and_business": 0.265, "food_and_drink": 0.211, "shopping": 0.179, "lifestyle_services": 0.06, "sports_and_recreation": 0.06, "travel_and_transportation": 0.057, "arts_and_entertainment": 0.039, "cultural_and_historic": 0.039, "education": 0.03, "health_care": 0.027, "community_and_government": 0.021, "lodging": 0.012, "geographic_entities": 0.003}, "tfidf": {"services_and_business": 0.265, "food_and_drink": 0.221, "shopping": 0.181, "lifestyle_services": 0.063, "sports_and_recreation": 0.06, "travel_and_transportation": 0.058, "arts_and_entertainment": 0.042, "cultural_and_historic": 0.042, "education": 0.031, "health_care": 0.029, "community_and_government": 0.023, "lodging": 0.016, "geographic_entities": 0.006}, "cluster": -1}}, {"type": "Feature", "geometry": {"type": "Polygon", "coordinates": [[[-0.063913, 51.493898], [-0.070618, 51.492707], [-0.071845, 51.488234], [-0.066369, 51.484951], [-0.059666, 51.486142], [-0.058438, 51.490615], [-0.063913, 51.493898]]]}, "properties": {"h3": "88194ad317fffff", "poi": 270, "richness": 12, "hill_q1": 8.443, "hill_q2": 6.6, "top_share": 0.274, "flagged": false, "dominant": "services_and_business", "dna": {"services_and_business": 0.274, "shopping": 0.189, "food_and_drink": 0.133, "travel_and_transportation": 0.085, "lifestyle_services": 0.063, "education": 0.059, "sports_and_recreation": 0.059, "cultural_and_historic": 0.052, "arts_and_entertainment": 0.03, "community_and_government": 0.026, "health_care": 0.019, "lodging": 0.011}, "tfidf": {"services_and_business": 0.274, "shopping": 0.191, "food_and_drink": 0.139, "travel_and_transportation": 0.088, "lifestyle_services": 0.067, "education": 0.061, "sports_and_recreation": 0.06, "cultural_and_historic": 0.056, "arts_and_entertainment": 0.032, "community_and_government": 0.028, "health_care": 0.02, "lodging": 0.015}, "cluster": -1}}, {"type": "Feature", "geometry": {"type": "Polygon", "coordinates": [[[-0.048047, 51.505223], [-0.054752, 51.504034], [-0.055981, 51.499561], [-0.050505, 51.496278], [-0.043801, 51.497467], [-0.042572, 51.501939], [-0.048047, 51.505223]]]}, "properties": {"h3": "88194ad319fffff", "poi": 263, "richness": 13, "hill_q1": 9.365, "hill_q2": 7.07, "top_share": 0.297, "flagged": false, "dominant": "services_and_business", "dna": {"services_and_business": 0.297, "food_and_drink": 0.122, "travel_and_transportation": 0.091, "shopping": 0.08, "health_care": 0.076, "arts_and_entertainment": 0.072, "cultural_and_historic": 0.072, "education": 0.061, "lifestyle_services": 0.038, "community_and_government": 0.034, "geographic_entities": 0.027, "sports_and_recreation": 0.027, "lodging": 0.004}, "tfidf": {"services_and_business": 0.297, "food_and_drink": 0.127, "travel_and_transportation": 0.094, "health_care": 0.083, "shopping": 0.081, "arts_and_entertainment": 0.079, "cultural_and_historic": 0.078, "education": 0.063, "geographic_entities": 0.051, "lifestyle_services": 0.04, "community_and_government": 0.037, "sports_and_recreation": 0.027, "lodging": 0.005}, "cluster": -1}}, {"type": "Feature", "geometry": {"type": "Polygon", "coordinates": [[[-0.043801, 51.497467], [-0.050505, 51.496278], [-0.051734, 51.491805], [-0.04626, 51.488522], [-0.039557, 51.489711], [-0.038327, 51.494183], [-0.043801, 51.497467]]]}, "properties": {"h3": "88194ad31bfffff", "poi": 311, "richness": 12, "hill_q1": 7.869, "hill_q2": 6.266, "top_share": 0.257, "flagged": false, "dominant": "services_and_business", "dna": {"services_and_business": 0.257, "shopping": 0.19, "food_and_drink": 0.183, "lifestyle_services": 0.116, "travel_and_transportation": 0.064, "sports_and_recreation": 0.048, "education": 0.039, "health_care": 0.032, "arts_and_entertainment": 0.026, "community_and_government": 0.019, "cultural_and_historic": 0.019, "geographic_entities": 0.006}, "tfidf": {"services_and_business": 0.257, "shopping": 0.192, "food_and_drink": 0.192, "lifestyle_services": 0.123, "travel_and_transportation": 0.066, "sports_and_recreation": 0.049, "education": 0.04, "health_care": 0.035, "arts_and_entertainment": 0.028, "community_and_government": 0.021, "cultural_and_historic": 0.021, "geographic_entities": 0.012}, "cluster": -1}}, {"type": "Feature", "geometry": {"type": "Polygon", "coordinates": [[[-0.060228, 51.507317], [-0.066934, 51.506127], [-0.068162, 51.501654], [-0.062685, 51.498371], [-0.055981, 51.499561], [-0.054752, 51.504034], [-0.060228, 51.507317]]]}, "properties": {"h3": "88194ad31dfffff", "poi": 191, "richness": 13, "hill_q1": 10.478, "hill_q2": 8.7, "top_share": 0.22, "flagged": false, "dominant": "services_and_business", "dna": {"services_and_business": 0.22, "food_and_drink": 0.147, "shopping": 0.115, "travel_and_transportation": 0.094, "cultural_and_historic": 0.073, "health_care": 0.068, "sports_and_recreation": 0.068, "community_and_government": 0.047, "lifestyle_services": 0.047, "geographic_entities": 0.042, "education": 0.031, "arts_and_entertainment": 0.026, "lodging": 0.021}, "tfidf": {"services_and_business": 0.22, "food_and_drink": 0.153, "shopping": 0.117, "travel_and_transportation": 0.097, "geographic_entities": 0.08, "cultural_and_historic": 0.079, "health_care": 0.074, "sports_and_recreation": 0.069, "community_and_government": 0.051, "lifestyle_services": 0.05, "education": 0.033, "lodging": 0.029, "arts_and_entertainment": 0.029}, "cluster": -1}}, {"type": "Feature", "geometry": {"type": "Polygon", "coordinates": [[[-0.108976, 51.515682], [-0.115685, 51.514489], [-0.11691, 51.510015], [-0.111427, 51.506734], [-0.10472, 51.507926], [-0.103494, 51.5124], [-0.108976, 51.515682]]]}, "properties": {"h3": "88194ad321fffff", "poi": 1869, "richness": 13, "hill_q1": 6.056, "hill_q2": 3.474, "top_share": 0.507, "flagged": true, "dominant": "services_and_business", "dna": {"services_and_business": 0.507, "shopping": 0.109, "food_and_drink": 0.094, "education": 0.058, "community_and_government": 0.048, "travel_and_transportation": 0.034, "arts_and_entertainment": 0.032, "cultural_and_historic": 0.026, "health_care": 0.026, "sports_and_recreation": 0.023, "lifestyle_services": 0.022, "lodging": 0.014, "geographic_entities": 0.007}, "tfidf": {"services_and_business": 0.507, "shopping": 0.11, "food_and_drink": 0.098, "education": 0.06, "community_and_government": 0.052, "travel_and_transportation": 0.035, "arts_and_entertainment": 0.035, "health_care": 0.028, "cultural_and_historic": 0.028, "lifestyle_services": 0.024, "sports_and_recreation": 0.023, "lodging": 0.019, "geographic_entities": 0.014}, "cluster": -1}}, {"type": "Feature", "geometry": {"type": "Polygon", "coordinates": [[[-0.10472, 51.507926], [-0.111427, 51.506734], [-0.112652, 51.50226], [-0.10717, 51.498978], [-0.100464, 51.500171], [-0.099238, 51.504645], [-0.10472, 51.507926]]]}, "properties": {"h3": "88194ad323fffff", "poi": 1286, "richness": 13, "hill_q1": 7.415, "hill_q2": 4.721, "top_share": 0.407, "flagged": false, "dominant": "services_and_business", "dna": {"services_and_business": 0.407, "food_and_drink": 0.159, "shopping": 0.078, "sports_and_recreation": 0.05, "arts_and_entertainment": 0.045, "travel_and_transportation": 0.045, "health_care": 0.044, "community_and_government": 0.044, "education": 0.038, "lifestyle_services": 0.033, "cultural_and_historic": 0.031, "lodging": 0.025, "geographic_entities": 0.001}, "tfidf": {"services_and_business": 0.407, "food_and_drink": 0.166, "shopping": 0.079, "sports_and_recreation": 0.05, "arts_and_entertainment": 0.049, "health_care": 0.048, "community_and_government": 0.047, "travel_and_transportation": 0.046, "education": 0.039, "lifestyle_services": 0.035, "lodging": 0.034, "cultural_and_historic": 0.034, "geographic_entities": 0.001}, "cluster": -1}}, {"type": "Feature", "geometry": {"type": "Polygon", "coordinates": [[[-0.121169, 51.51777], [-0.127878, 51.516577], [-0.129102, 51.512103], [-0.123618, 51.508822], [-0.11691, 51.510015], [-0.115685, 51.514489], [-0.121169, 51.51777]]]}, "properties": {"h3": "88194ad325fffff", "poi": 6807, "richness": 13, "hill_q1": 6.309, "hill_q2": 4.256, "top_share": 0.409, "flagged": false, "dominant": "services_and_business", "dna": {"services_and_business": 0.409, "shopping": 0.203, "food_and_drink": 0.136, "arts_and_entertainment": 0.044, "education": 0.042, "lifestyle_services": 0.04, "travel_and_transportation": 0.033, "community_and_government": 0.028, "health_care": 0.023, "sports_and_recreation": 0.019, "lodging": 0.012, "cultural_and_historic": 0.01, "geographic_entities": 0.001}, "tfidf": {"services_and_business": 0.409, "shopping": 0.205, "food_and_drink": 0.142, "arts_and_entertainment": 0.048, "education": 0.043, "lifestyle_services": 0.043, "travel_and_transportation": 0.034, "community_and_government": 0.031, "health_care": 0.025, "sports_and_recreation": 0.02, "lodging": 0.016, "cultural_and_historic": 0.011, "geographic_entities": 0.002}, "cluster": -1}}, {"type": "Feature", "geometry": {"type": "Polygon", "coordinates": [[[-0.11691, 51.510015], [-0.123618, 51.508822], [-0.124842, 51.504347], [-0.119359, 51.501066], [-0.112652, 51.50226], [-0.111427, 51.506734], [-0.11691, 51.510015]]]}, "properties": {"h3": "88194ad327fffff", "poi": 843, "richness": 13, "hill_q1": 8.866, "hill_q2": 6.848, "top_share": 0.249, "flagged": false, "dominant": "food_and_drink", "dna": {"food_and_drink": 0.249, "services_and_business": 0.216, "arts_and_entertainment": 0.116, "shopping": 0.09, "travel_and_transportation": 0.078, "cultural_and_historic": 0.056, "education": 0.045, "community_and_government": 0.043, "sports_and_recreation": 0.037, "geographic_entities": 0.024, "lifestyle_services": 0.017, "health_care": 0.015, "lodging": 0.014}, "tfidf": {"food_and_drink": 0.26, "services_and_business": 0.216, "arts_and_entertainment": 0.127, "shopping": 0.091, "travel_and_transportation": 0.081, "cultural_and_historic": 0.06, "education": 0.047, "community_and_government": 0.047, "geographic_entities": 0.045, "sports_and_recreation": 0.037, "lodging": 0.019, "lifestyle_services": 0.018, "health_care": 0.017}, "cluster": -1}}, {"type": "Feature", "geometry": {"type": "Polygon", "coordinates": [[[-0.101042, 51.521347], [-0.107751, 51.520155], [-0.108976, 51.515682], [-0.103494, 51.5124], [-0.096786, 51.513592], [-0.09556, 51.518065], [-0.101042, 51.521347]]]}, "properties": {"h3": "88194ad329fffff", "poi": 2837, "richness": 13, "hill_q1": 5.636, "hill_q2": 3.51, "top_share": 0.487, "flagged": false, "dominant": "services_and_business", "dna": {"services_and_business": 0.487, "shopping": 0.158, "food_and_drink": 0.13, "community_and_government": 0.04, "education": 0.032, "health_care": 0.029, "arts_and_entertainment": 0.027, "travel_and_transportation": 0.024, "lifestyle_services": 0.024, "cultural_and_historic": 0.019, "sports_and_recreation": 0.018, "lodging": 0.012, "geographic_entities": 0.0}, "tfidf": {"services_and_business": 0.487, "shopping": 0.16, "food_and_drink": 0.136, "community_and_government": 0.043, "education": 0.033, "health_care": 0.031, "arts_and_entertainment": 0.03, "lifestyle_services": 0.025, "travel_and_transportation": 0.025, "cultural_and_historic": 0.021, "sports_and_recreation": 0.018, "lodging": 0.016, "geographic_entities": 0.001}, "cluster": -1}}, {"type": "Feature", "geometry": {"type": "Polygon", "coordinates": [[[-0.096786, 51.513592], [-0.103494, 51.5124], [-0.10472, 51.507926], [-0.099238, 51.504645], [-0.092532, 51.505837], [-0.091305, 51.51031], [-0.096786, 51.513592]]]}, "properties": {"h3": "88194ad32bfffff", "poi": 753, "richness": 13, "hill_q1": 6.776, "hill_q2": 4.16, "top_share": 0.442, "flagged": false, "dominant": "services_and_business", "dna": {"services_and_business": 0.442, "food_and_drink": 0.165, "community_and_government": 0.06, "arts_and_entertainment": 0.058, "cultural_and_historic": 0.057, "shopping": 0.052, "travel_and_transportation": 0.044, "sports_and_recreation": 0.035, "education": 0.021, "lodging": 0.021, "lifestyle_services": 0.02, "geographic_entities": 0.016, "health_care": 0.009}, "tfidf": {"services_and_business": 0.442, "food_and_drink": 0.172, "community_and_government": 0.065, "arts_and_entertainment": 0.064, "cultural_and_historic": 0.062, "shopping": 0.052, "travel_and_transportation": 0.045, "sports_and_recreation": 0.035, "geographic_entities": 0.031, "lodging": 0.029, "education": 0.022, "lifestyle_services": 0.021, "health_care": 0.01}, "cluster": -1}}, {"type": "Feature", "geometry": {"type": "Polygon", "coordinates": [[[-0.113235, 51.523436], [-0.119944, 51.522244], [-0.121169, 51.51777], [-0.115685, 51.514489], [-0.108976, 51.515682], [-0.107751, 51.520155], [-0.113235, 51.523436]]]}, "properties": {"h3": "88194ad32dfffff", "poi": 2961, "richness": 13, "hill_q1": 5.927, "hill_q2": 3.775, "top_share": 0.464, "flagged": false, "dominant": "services_and_business", "dna": {"services_and_business": 0.464, "shopping": 0.166, "food_and_drink": 0.116, "education": 0.05, "community_and_government": 0.044, "health_care": 0.042, "lifestyle_services": 0.037, "travel_and_transportation": 0.024, "arts_and_entertainment": 0.023, "sports_and_recreation": 0.017, "lodging": 0.01, "cultural_and_historic": 0.009, "geographic_entities": 0.0}, "tfidf": {"services_and_business": 0.464, "shopping": 0.168, "food_and_drink": 0.121, "education": 0.051, "community_and_government": 0.048, "health_care": 0.045, "lifestyle_services": 0.039, "arts_and_entertainment": 0.025, "travel_and_transportation": 0.025, "sports_and_recreation": 0.017, "lodging": 0.014, "cultural_and_historic": 0.01, "geographic_entities": 0.001}, "cluster": -1}}, {"type": "Feature", "geometry": {"type": "Polygon", "coordinates": [[[-0.088278, 51.498081], [-0.094984, 51.496889], [-0.09621, 51.492415], [-0.090731, 51.489133], [-0.084026, 51.490325], [-0.0828, 51.494799], [-0.088278, 51.498081]]]}, "properties": {"h3": "88194ad331fffff", "poi": 261, "richness": 12, "hill_q1": 9.6, "hill_q2": 7.817, "top_share": 0.245, "flagged": false, "dominant": "services_and_business", "dna": {"services_and_business": 0.245, "food_and_drink": 0.161, "shopping": 0.119, "cultural_and_historic": 0.077, "travel_and_transportation": 0.073, "education": 0.065, "sports_and_recreation": 0.065, "health_care": 0.05, "arts_and_entertainment": 0.046, "lifestyle_services": 0.046, "community_and_government": 0.027, "lodging": 0.027}, "tfidf": {"services_and_business": 0.245, "food_and_drink": 0.168, "shopping": 0.12, "cultural_and_historic": 0.083, "travel_and_transportation": 0.075, "education": 0.068, "sports_and_recreation": 0.066, "health_care": 0.054, "arts_and_entertainment": 0.05, "lifestyle_services": 0.049, "lodging": 0.037, "community_and_government": 0.029}, "cluster": -1}}, {"type": "Feature", "geometry": {"type": "Polygon", "coordinates": [[[-0.084026, 51.490325], [-0.090731, 51.489133], [-0.091957, 51.484658], [-0.086479, 51.481376], [-0.079776, 51.482568], [-0.078549, 51.487043], [-0.084026, 51.490325]]]}, "properties": {"h3": "88194ad333fffff", "poi": 93, "richness": 12, "hill_q1": 9.741, "hill_q2": 8.277, "top_share": 0.237, "flagged": false, "dominant": "services_and_business", "dna": {"services_and_business": 0.237, "shopping": 0.108, "sports_and_recreation": 0.108, "travel_and_transportation": 0.108, "food_and_drink": 0.097, "arts_and_entertainment": 0.075, "education": 0.075, "lifestyle_services": 0.065, "health_care": 0.054, "cultural_and_historic": 0.043, "community_and_government": 0.022, "geographic_entities": 0.011}, "tfidf": {"services_and_business": 0.237, "travel_and_transportation": 0.111, "sports_and_recreation": 0.109, "shopping": 0.109, "food_and_drink": 0.101, "arts_and_entertainment": 0.082, "education": 0.078, "lifestyle_services": 0.068, "health_care": 0.058, "cultural_and_historic": 0.047, "community_and_government": 0.023, "geographic_entities": 0.021}, "cluster": -1}}, {"type": "Feature", "geometry": {"type": "Polygon", "coordinates": [[[-0.100464, 51.500171], [-0.10717, 51.498978], [-0.108396, 51.494504], [-0.102915, 51.491222], [-0.09621, 51.492415], [-0.094984, 51.496889], [-0.100464, 51.500171]]]}, "properties": {"h3": "88194ad335fffff", "poi": 676, "richness": 13, "hill_q1": 9.642, "hill_q2": 7.757, "top_share": 0.234, "flagged": false, "dominant": "services_and_business", "dna": {"services_and_business": 0.234, "food_and_drink": 0.188, "shopping": 0.109, "education": 0.087, "arts_and_entertainment": 0.07, "sports_and_recreation": 0.067, "lifestyle_services": 0.049, "community_and_government": 0.046, "travel_and_transportation": 0.043, "health_care": 0.04, "cultural_and_historic": 0.038, "lodging": 0.027, "geographic_entities": 0.003}, "tfidf": {"services_and_business": 0.234, "food_and_drink": 0.196, "shopping": 0.111, "education": 0.09, "arts_and_entertainment": 0.076, "sports_and_recreation": 0.067, "lifestyle_services": 0.052, "community_and_government": 0.05, "travel_and_transportation": 0.044, "health_care": 0.043, "cultural_and_historic": 0.042, "lodging": 0.036, "geographic_entities": 0.006}, "cluster": -1}}, {"type": "Feature", "geometry": {"type": "Polygon", "coordinates": [[[-0.09621, 51.492415], [-0.102915, 51.491222], [-0.10414, 51.486748], [-0.098661, 51.483466], [-0.091957, 51.484658], [-0.090731, 51.489133], [-0.09621, 51.492415]]]}, "properties": {"h3": "88194ad337fffff", "poi": 557, "richness": 13, "hill_q1": 8.158, "hill_q2": 6.186, "top_share": 0.262, "flagged": false, "dominant": "services_and_business", "dna": {"services_and_business": 0.262, "shopping": 0.23, "food_and_drink": 0.156, "lifestyle_services": 0.07, "arts_and_entertainment": 0.05, "cultural_and_historic": 0.047, "travel_and_transportation": 0.043, "sports_and_recreation": 0.038, "community_and_government": 0.036, "education": 0.029, "health_care": 0.023, "lodging": 0.014, "geographic_entities": 0.002}, "tfidf": {"services_and_business": 0.262, "shopping": 0.233, "food_and_drink": 0.163, "lifestyle_services": 0.074, "arts_and_entertainment": 0.055, "cultural_and_historic": 0.05, "travel_and_transportation": 0.044, "community_and_government": 0.039, "sports_and_recreation": 0.038, "education": 0.03, "health_care": 0.025, "lodging": 0.02, "geographic_entities": 0.003}, "cluster": -1}}, {"type": "Feature", "geometry": {"type": "Polygon", "coordinates": [[[-0.080346, 51.503746], [-0.087052, 51.502555], [-0.088278, 51.498081], [-0.0828, 51.494799], [-0.076095, 51.49599], [-0.074867, 51.500463], [-0.080346, 51.503746]]]}, "properties": {"h3": "88194ad339fffff", "poi": 1099, "richness": 13, "hill_q1": 6.7, "hill_q2": 4.195, "top_share": 0.437, "flagged": false, "dominant": "services_and_business", "dna": {"services_and_business": 0.437, "food_and_drink": 0.163, "shopping": 0.102, "community_and_government": 0.053, "sports_and_recreation": 0.041, "lifestyle_services": 0.039, "travel_and_transportation": 0.037, "arts_and_entertainment": 0.035, "education": 0.03, "health_care": 0.024, "lodging": 0.019, "cultural_and_historic": 0.017, "geographic_entities": 0.004}, "tfidf": {"services_and_business": 0.437, "food_and_drink": 0.17, "shopping": 0.103, "community_and_government": 0.057, "lifestyle_services": 0.042, "sports_and_recreation": 0.042, "travel_and_transportation": 0.038, "arts_and_entertainment": 0.038, "education": 0.031, "lodging": 0.026, "health_care": 0.026, "cultural_and_historic": 0.019, "geographic_entities": 0.007}, "cluster": -1}}, {"type": "Feature", "geometry": {"type": "Polygon", "coordinates": [[[-0.076095, 51.49599], [-0.0828, 51.494799], [-0.084026, 51.490325], [-0.078549, 51.487043], [-0.071845, 51.488234], [-0.070618, 51.492707], [-0.076095, 51.49599]]]}, "properties": {"h3": "88194ad33bfffff", "poi": 356, "richness": 12, "hill_q1": 7.996, "hill_q2": 6.143, "top_share": 0.292, "flagged": false, "dominant": "services_and_business", "dna": {"services_and_business": 0.292, "food_and_drink": 0.169, "shopping": 0.169, "travel_and_transportation": 0.087, "lifestyle_services": 0.079, "cultural_and_historic": 0.042, "health_care": 0.039, "sports_and_recreation": 0.037, "education": 0.034, "arts_and_entertainment": 0.022, "community_and_government": 0.022, "lodging": 0.008}, "tfidf": {"services_and_business": 0.292, "food_and_drink": 0.176, "shopping": 0.171, "travel_and_transportation": 0.09, "lifestyle_services": 0.083, "cultural_and_historic": 0.046, "health_care": 0.043, "sports_and_recreation": 0.037, "education": 0.035, "arts_and_entertainment": 0.025, "community_and_government": 0.024, "lodging": 0.012}, "cluster": -1}}, {"type": "Feature", "geometry": {"type": "Polygon", "coordinates": [[[-0.092532, 51.505837], [-0.099238, 51.504645], [-0.100464, 51.500171], [-0.094984, 51.496889], [-0.088278, 51.498081], [-0.087052, 51.502555], [-0.092532, 51.505837]]]}, "properties": {"h3": "88194ad33dfffff", "poi": 1387, "richness": 13, "hill_q1": 6.854, "hill_q2": 4.178, "top_share": 0.448, "flagged": false, "dominant": "services_and_business", "dna": {"services_and_business": 0.448, "food_and_drink": 0.127, "shopping": 0.093, "community_and_government": 0.057, "health_care": 0.05, "education": 0.045, "travel_and_transportation": 0.039, "arts_and_entertainment": 0.037, "lifestyle_services": 0.032, "cultural_and_historic": 0.03, "sports_and_recreation": 0.026, "lodging": 0.013, "geographic_entities": 0.002}, "tfidf": {"services_and_business": 0.448, "food_and_drink": 0.133, "shopping": 0.094, "community_and_government": 0.062, "health_care": 0.054, "education": 0.047, "arts_and_entertainment": 0.04, "travel_and_transportation": 0.04, "lifestyle_services": 0.034, "cultural_and_historic": 0.033, "sports_and_recreation": 0.026, "lodging": 0.018, "geographic_entities": 0.004}, "cluster": -1}}, {"type": "Feature", "geometry": {"type": "Polygon", "coordinates": [[[-0.065042, 51.536242], [-0.071751, 51.535053], [-0.07298, 51.530581], [-0.067499, 51.527299], [-0.060791, 51.528488], [-0.059562, 51.53296], [-0.065042, 51.536242]]]}, "properties": {"h3": "88194ad341fffff", "poi": 481, "richness": 12, "hill_q1": 7.393, "hill_q2": 5.683, "top_share": 0.268, "flagged": false, "dominant": "services_and_business", "dna": {"services_and_business": 0.268, "shopping": 0.239, "food_and_drink": 0.179, "lifestyle_services": 0.081, "arts_and_entertainment": 0.046, "sports_and_recreation": 0.046, "education": 0.042, "cultural_and_historic": 0.035, "community_and_government": 0.023, "travel_and_transportation": 0.021, "health_care": 0.012, "lodging": 0.008}, "tfidf": {"services_and_business": 0.268, "shopping": 0.242, "food_and_drink": 0.187, "lifestyle_services": 0.086, "arts_and_entertainment": 0.05, "sports_and_recreation": 0.046, "education": 0.043, "cultural_and_historic": 0.038, "community_and_government": 0.025, "travel_and_transportation": 0.021, "health_care": 0.014, "lodging": 0.011}, "cluster": -1}}, {"type": "Feature", "geometry": {"type": "Polygon", "coordinates": [[[-0.060791, 51.528488], [-0.067499, 51.527299], [-0.068728, 51.522827], [-0.063249, 51.519544], [-0.056542, 51.520733], [-0.055313, 51.525205], [-0.060791, 51.528488]]]}, "properties": {"h3": "88194ad343fffff", "poi": 544, "richness": 13, "hill_q1": 8.508, "hill_q2": 6.649, "top_share": 0.259, "flagged": false, "dominant": "services_and_business", "dna": {"services_and_business": 0.259, "shopping": 0.202, "food_and_drink": 0.147, "travel_and_transportation": 0.083, "education": 0.059, "arts_and_entertainment": 0.051, "sports_and_recreation": 0.05, "community_and_government": 0.044, "lifestyle_services": 0.04, "health_care": 0.037, "cultural_and_historic": 0.017, "lodging": 0.009, "geographic_entities": 0.002}, "tfidf": {"services_and_business": 0.259, "shopping": 0.205, "food_and_drink": 0.154, "travel_and_transportation": 0.085, "education": 0.061, "arts_and_entertainment": 0.056, "sports_and_recreation": 0.05, "community_and_government": 0.048, "lifestyle_services": 0.043, "health_care": 0.04, "cultural_and_historic": 0.018, "lodging": 0.013, "geographic_entities": 0.004}, "cluster": -1}}, {"type": "Feature", "geometry": {"type": "Polygon", "coordinates": [[[-0.077233, 51.538336], [-0.083943, 51.537146], [-0.08517, 51.532674], [-0.079688, 51.529392], [-0.07298, 51.530581], [-0.071751, 51.535053], [-0.077233, 51.538336]]]}, "properties": {"h3": "88194ad345fffff", "poi": 676, "richness": 13, "hill_q1": 8.572, "hill_q2": 6.39, "top_share": 0.286, "flagged": false, "dominant": "services_and_business", "dna": {"services_and_business": 0.286, "food_and_drink": 0.206, "shopping": 0.117, "arts_and_entertainment": 0.075, "lifestyle_services": 0.061, "travel_and_transportation": 0.043, "education": 0.041, "community_and_government": 0.04, "health_care": 0.04, "sports_and_recreation": 0.038, "cultural_and_historic": 0.036, "lodging": 0.013, "geographic_entities": 0.004}, "tfidf": {"services_and_business": 0.286, "food_and_drink": 0.215, "shopping": 0.118, "arts_and_entertainment": 0.082, "lifestyle_services": 0.064, "travel_and_transportation": 0.044, "community_and_government": 0.043, "health_care": 0.043, "education": 0.043, "sports_and_recreation": 0.039, "cultural_and_historic": 0.038, "lodging": 0.018, "geographic_entities": 0.009}, "cluster": -1}}, {"type": "Feature", "geometry": {"type": "Polygon", "coordinates": [[[-0.07298, 51.530581], [-0.079688, 51.529392], [-0.080916, 51.52492], [-0.075436, 51.521637], [-0.068728, 51.522827], [-0.067499, 51.527299], [-0.07298, 51.530581]]]}, "properties": {"h3": "88194ad347fffff", "poi": 1753, "richness": 12, "hill_q1": 6.5, "hill_q2": 4.781, "top_share": 0.34, "flagged": false, "dominant": "services_and_business", "dna": {"services_and_business": 0.34, "shopping": 0.208, "food_and_drink": 0.202, "arts_and_entertainment": 0.059, "lifestyle_services": 0.056, "sports_and_recreation": 0.026, "education": 0.024, "community_and_government": 0.022, "travel_and_transportation": 0.021, "lodging": 0.015, "health_care": 0.014, "cultural_and_historic": 0.011}, "tfidf": {"services_and_business": 0.34, "food_and_drink": 0.211, "shopping": 0.211, "arts_and_entertainment": 0.065, "lifestyle_services": 0.06, "sports_and_recreation": 0.027, "education": 0.025, "community_and_government": 0.024, "travel_and_transportation": 0.022, "lodging": 0.021, "health_care": 0.015, "cultural_and_historic": 0.012}, "cluster": -1}}, {"type": "Feature", "geometry": {"type": "Polygon", "coordinates": [[[-0.057103, 51.541902], [-0.063813, 51.540714], [-0.065042, 51.536242], [-0.059562, 51.53296], [-0.052854, 51.534148], [-0.051624, 51.538619], [-0.057103, 51.541902]]]}, "properties": {"h3": "88194ad349fffff", "poi": 823, "richness": 13, "hill_q1": 7.317, "hill_q2": 5.405, "top_share": 0.301, "flagged": false, "dominant": "services_and_business", "dna": {"services_and_business": 0.301, "food_and_drink": 0.231, "shopping": 0.169, "lifestyle_services": 0.068, "arts_and_entertainment": 0.05, "travel_and_transportation": 0.04, "sports_and_recreation": 0.038, "health_care": 0.032, "education": 0.023, "cultural_and_historic": 0.019, "community_and_government": 0.016, "lodging": 0.007, "geographic_entities": 0.006}, "tfidf": {"services_and_business": 0.301, "food_and_drink": 0.241, "shopping": 0.171, "lifestyle_services": 0.072, "arts_and_entertainment": 0.054, "travel_and_transportation": 0.041, "sports_and_recreation": 0.038, "health_care": 0.034, "education": 0.024, "cultural_and_historic": 0.021, "community_and_government": 0.017, "geographic_entities": 0.012, "lodging": 0.01}, "cluster": -1}}, {"type": "Feature", "geometry": {"type": "Polygon", "coordinates": [[[-0.052854, 51.534148], [-0.059562, 51.53296], [-0.060791, 51.528488], [-0.055313, 51.525205], [-0.048605, 51.526393], [-0.047375, 51.530865], [-0.052854, 51.534148]]]}, "properties": {"h3": "88194ad34bfffff", "poi": 672, "richness": 13, "hill_q1": 9.518, "hill_q2": 7.802, "top_share": 0.204, "flagged": false, "dominant": "services_and_business", "dna": {"services_and_business": 0.204, "food_and_drink": 0.199, "shopping": 0.147, "arts_and_entertainment": 0.08, "community_and_government": 0.071, "lifestyle_services": 0.067, "education": 0.048, "travel_and_transportation": 0.045, "cultural_and_historic": 0.039, "health_care": 0.039, "sports_and_recreation": 0.036, "lodging": 0.024, "geographic_entities": 0.001}, "tfidf": {"food_and_drink": 0.208, "services_and_business": 0.204, "shopping": 0.149, "arts_and_entertainment": 0.088, "community_and_government": 0.078, "lifestyle_services": 0.071, "education": 0.049, "travel_and_transportation": 0.046, "health_care": 0.042, "cultural_and_historic": 0.042, "sports_and_recreation": 0.036, "lodging": 0.033, "geographic_entities": 0.003}, "cluster": -1}}, {"type": "Feature", "geometry": {"type": "Polygon", "coordinates": [[[-0.069294, 51.543996], [-0.076004, 51.542807], [-0.077233, 51.538336], [-0.071751, 51.535053], [-0.065042, 51.536242], [-0.063813, 51.540714], [-0.069294, 51.543996]]]}, "properties": {"h3": "88194ad34dfffff", "poi": 271, "richness": 12, "hill_q1": 7.899, "hill_q2": 5.793, "top_share": 0.332, "flagged": false, "dominant": "services_and_business", "dna": {"services_and_business": 0.332, "food_and_drink": 0.166, "shopping": 0.118, "travel_and_transportation": 0.081, "sports_and_recreation": 0.066, "lifestyle_services": 0.055, "cultural_and_historic": 0.052, "arts_and_entertainment": 0.037, "education": 0.037, "community_and_government": 0.026, "health_care": 0.026, "lodging": 0.004}, "tfidf": {"services_and_business": 0.332, "food_and_drink": 0.174, "shopping": 0.119, "travel_and_transportation": 0.084, "sports_and_recreation": 0.067, "lifestyle_services": 0.059, "cultural_and_historic": 0.056, "arts_and_entertainment": 0.04, "education": 0.038, "community_and_government": 0.028, "health_care": 0.028, "lodging": 0.005}, "cluster": -1}}, {"type": "Feature", "geometry": {"type": "Polygon", "coordinates": [[[-0.044358, 51.518639], [-0.051064, 51.51745], [-0.052294, 51.512978], [-0.046817, 51.509695], [-0.040112, 51.510884], [-0.038882, 51.515355], [-0.044358, 51.518639]]]}, "properties": {"h3": "88194ad351fffff", "poi": 409, "richness": 13, "hill_q1": 7.927, "hill_q2": 5.528, "top_share": 0.352, "flagged": false, "dominant": "services_and_business", "dna": {"services_and_business": 0.352, "shopping": 0.159, "travel_and_transportation": 0.103, "food_and_drink": 0.098, "community_and_government": 0.061, "education": 0.044, "lifestyle_services": 0.044, "arts_and_entertainment": 0.037, "sports_and_recreation": 0.029, "cultural_and_historic": 0.027, "health_care": 0.027, "lodging": 0.017, "geographic_entities": 0.002}, "tfidf": {"services_and_business": 0.352, "shopping": 0.161, "travel_and_transportation": 0.106, "food_and_drink": 0.102, "community_and_government": 0.067, "lifestyle_services": 0.047, "education": 0.046, "arts_and_entertainment": 0.04, "sports_and_recreation": 0.03, "health_care": 0.029, "cultural_and_historic": 0.029, "lodging": 0.023, "geographic_entities": 0.005}, "cluster": -1}}, {"type": "Feature", "geometry": {"type": "Polygon", "coordinates": [[[-0.040112, 51.510884], [-0.046817, 51.509695], [-0.048047, 51.505223], [-0.042572, 51.501939], [-0.035867, 51.503128], [-0.034637, 51.5076], [-0.040112, 51.510884]]]}, "properties": {"h3": "88194ad353fffff", "poi": 88, "richness": 13, "hill_q1": 9.022, "hill_q2": 7.251, "top_share": 0.239, "flagged": false, "dominant": "services_and_business", "dna": {"services_and_business": 0.239, "food_and_drink": 0.182, "sports_and_recreation": 0.125, "travel_and_transportation": 0.114, "shopping": 0.102, "lifestyle_services": 0.057, "cultural_and_historic": 0.045, "arts_and_entertainment": 0.034, "geographic_entities": 0.034, "education": 0.023, "health_care": 0.023, "community_and_government": 0.011, "lodging": 0.011}, "tfidf": {"services_and_business": 0.239, "food_and_drink": 0.19, "sports_and_recreation": 0.127, "travel_and_transportation": 0.117, "shopping": 0.103, "geographic_entities": 0.065, "lifestyle_services": 0.06, "cultural_and_historic": 0.049, "arts_and_entertainment": 0.037, "health_care": 0.025, "education": 0.024, "lodging": 0.016, "community_and_government": 0.012}, "cluster": -1}}, {"type": "Feature", "geometry": {"type": "Polygon", "coordinates": [[[-0.056542, 51.520733], [-0.063249, 51.519544], [-0.064477, 51.515072], [-0.059, 51.511789], [-0.052294, 51.512978], [-0.051064, 51.51745], [-0.056542, 51.520733]]]}, "properties": {"h3": "88194ad355fffff", "poi": 1103, "richness": 12, "hill_q1": 7.742, "hill_q2": 5.958, "top_share": 0.295, "flagged": false, "dominant": "services_and_business", "dna": {"services_and_business": 0.295, "shopping": 0.185, "food_and_drink": 0.153, "education": 0.115, "travel_and_transportation": 0.06, "health_care": 0.052, "community_and_government": 0.042, "lifestyle_services": 0.025, "arts_and_entertainment": 0.024, "sports_and_recreation": 0.022, "cultural_and_historic": 0.017, "lodging": 0.011}, "tfidf": {"services_and_business": 0.295, "shopping": 0.187, "food_and_drink": 0.16, "education": 0.119, "travel_and_transportation": 0.062, "health_care": 0.056, "community_and_government": 0.045, "lifestyle_services": 0.027, "arts_and_entertainment": 0.026, "sports_and_recreation": 0.022, "cultural_and_historic": 0.019, "lodging": 0.015}, "cluster": -1}}, {"type": "Feature", "geometry": {"type": "Polygon", "coordinates": [[[-0.052294, 51.512978], [-0.059, 51.511789], [-0.060228, 51.507317], [-0.054752, 51.504034], [-0.048047, 51.505223], [-0.046817, 51.509695], [-0.052294, 51.512978]]]}, "properties": {"h3": "88194ad357fffff", "poi": 257, "richness": 13, "hill_q1": 9.314, "hill_q2": 7.147, "top_share": 0.28, "flagged": false, "dominant": "services_and_business", "dna": {"services_and_business": 0.28, "shopping": 0.152, "sports_and_recreation": 0.101, "food_and_drink": 0.097, "cultural_and_historic": 0.066, "education": 0.066, "community_and_government": 0.054, "travel_and_transportation": 0.051, "lifestyle_services": 0.047, "arts_and_entertainment": 0.031, "health_care": 0.031, "lodging": 0.016, "geographic_entities": 0.008}, "tfidf": {"services_and_business": 0.28, "shopping": 0.154, "sports_and_recreation": 0.103, "food_and_drink": 0.102, "cultural_and_historic": 0.072, "education": 0.069, "community_and_government": 0.059, "travel_and_transportation": 0.052, "lifestyle_services": 0.05, "arts_and_entertainment": 0.034, "health_care": 0.034, "lodging": 0.021, "geographic_entities": 0.015}, "cluster": -1}}, {"type": "Feature", "geometry": {"type": "Polygon", "coordinates": [[[-0.036421, 51.524298], [-0.043128, 51.52311], [-0.044358, 51.518639], [-0.038882, 51.515355], [-0.032176, 51.516543], [-0.030945, 51.521014], [-0.036421, 51.524298]]]}, "properties": {"h3": "88194ad359fffff", "poi": 226, "richness": 13, "hill_q1": 8.566, "hill_q2": 6.241, "top_share": 0.314, "flagged": false, "dominant": "services_and_business", "dna": {"services_and_business": 0.314, "shopping": 0.142, "education": 0.133, "food_and_drink": 0.106, "sports_and_recreation": 0.071, "cultural_and_historic": 0.044, "travel_and_transportation": 0.035, "arts_and_entertainment": 0.031, "community_and_government": 0.031, "lifestyle_services": 0.031, "health_care": 0.027, "lodging": 0.027, "geographic_entities": 0.009}, "tfidf": {"services_and_business": 0.314, "shopping": 0.143, "education": 0.138, "food_and_drink": 0.111, "sports_and_recreation": 0.072, "cultural_and_historic": 0.048, "travel_and_transportation": 0.036, "lodging": 0.036, "arts_and_entertainment": 0.034, "community_and_government": 0.034, "lifestyle_services": 0.033, "health_care": 0.029, "geographic_entities": 0.017}, "cluster": -1}}, {"type": "Feature", "geometry": {"type": "Polygon", "coordinates": [[[-0.032176, 51.516543], [-0.038882, 51.515355], [-0.040112, 51.510884], [-0.034637, 51.5076], [-0.027932, 51.508788], [-0.026701, 51.513259], [-0.032176, 51.516543]]]}, "properties": {"h3": "88194ad35bfffff", "poi": 272, "richness": 13, "hill_q1": 9.965, "hill_q2": 7.806, "top_share": 0.246, "flagged": false, "dominant": "services_and_business", "dna": {"services_and_business": 0.246, "food_and_drink": 0.184, "shopping": 0.081, "cultural_and_historic": 0.07, "lifestyle_services": 0.066, "travel_and_transportation": 0.066, "education": 0.063, "sports_and_recreation": 0.055, "community_and_government": 0.051, "health_care": 0.044, "lodging": 0.033, "arts_and_entertainment": 0.022, "geographic_entities": 0.018}, "tfidf": {"services_and_business": 0.246, "food_and_drink": 0.192, "shopping": 0.082, "cultural_and_historic": 0.076, "lifestyle_services": 0.07, "travel_and_transportation": 0.068, "education": 0.065, "community_and_government": 0.056, "sports_and_recreation": 0.056, "health_care": 0.048, "lodging": 0.045, "geographic_entities": 0.035, "arts_and_entertainment": 0.024}, "cluster": -1}}, {"type": "Feature", "geometry": {"type": "Polygon", "coordinates": [[[-0.048605, 51.526393], [-0.055313, 51.525205], [-0.056542, 51.520733], [-0.051064, 51.51745], [-0.044358, 51.518639], [-0.043128, 51.52311], [-0.048605, 51.526393]]]}, "properties": {"h3": "88194ad35dfffff", "poi": 510, "richness": 13, "hill_q1": 8.076, "hill_q2": 6.122, "top_share": 0.296, "flagged": false, "dominant": "services_and_business", "dna": {"services_and_business": 0.296, "food_and_drink": 0.18, "shopping": 0.149, "travel_and_transportation": 0.09, "education": 0.078, "health_care": 0.039, "sports_and_recreation": 0.039, "community_and_government": 0.037, "cultural_and_historic": 0.029, "arts_and_entertainment": 0.027, "lifestyle_services": 0.022, "lodging": 0.01, "geographic_entities": 0.002}, "tfidf": {"services_and_business": 0.296, "food_and_drink": 0.189, "shopping": 0.151, "travel_and_transportation": 0.093, "education": 0.081, "health_care": 0.043, "community_and_government": 0.041, "sports_and_recreation": 0.04, "cultural_and_historic": 0.032, "arts_and_entertainment": 0.03, "lifestyle_services": 0.023, "lodging": 0.013, "geographic_entities": 0.004}, "cluster": -1}}, {"type": "Feature", "geometry": {"type": "Polygon", "coordinates": [[[-0.097363, 51.534765], [-0.104073, 51.533574], [-0.105299, 51.529101], [-0.099816, 51.52582], [-0.093107, 51.527011], [-0.09188, 51.531483], [-0.097363, 51.534765]]]}, "properties": {"h3": "88194ad361fffff", "poi": 1741, "richness": 13, "hill_q1": 5.529, "hill_q2": 3.123, "top_share": 0.54, "flagged": true, "dominant": "services_and_business", "dna": {"services_and_business": 0.54, "shopping": 0.127, "education": 0.052, "travel_and_transportation": 0.045, "food_and_drink": 0.045, "community_and_government": 0.039, "lifestyle_services": 0.033, "sports_and_recreation": 0.032, "health_care": 0.032, "arts_and_entertainment": 0.028, "cultural_and_historic": 0.013, "lodging": 0.011, "geographic_entities": 0.003}, "tfidf": {"services_and_business": 0.54, "shopping": 0.128, "education": 0.054, "food_and_drink": 0.047, "travel_and_transportation": 0.047, "community_and_government": 0.043, "lifestyle_services": 0.035, "health_care": 0.034, "sports_and_recreation": 0.033, "arts_and_entertainment": 0.031, "lodging": 0.015, "cultural_and_historic": 0.014, "geographic_entities": 0.006}, "cluster": -1}}, {"type": "Feature", "geometry": {"type": "Polygon", "coordinates": [[[-0.093107, 51.527011], [-0.099816, 51.52582], [-0.101042, 51.521347], [-0.09556, 51.518065], [-0.088852, 51.519256], [-0.087625, 51.523729], [-0.093107, 51.527011]]]}, "properties": {"h3": "88194ad363fffff", "poi": 1361, "richness": 13, "hill_q1": 6.824, "hill_q2": 4.157, "top_share": 0.45, "flagged": false, "dominant": "services_and_business", "dna": {"services_and_business": 0.45, "food_and_drink": 0.118, "shopping": 0.109, "sports_and_recreation": 0.048, "health_care": 0.046, "community_and_government": 0.043, "lifestyle_services": 0.042, "education": 0.041, "arts_and_entertainment": 0.039, "travel_and_transportation": 0.029, "cultural_and_historic": 0.022, "lodging": 0.011, "geographic_entities": 0.004}, "tfidf": {"services_and_business": 0.45, "food_and_drink": 0.123, "shopping": 0.111, "health_care": 0.049, "sports_and_recreation": 0.048, "community_and_government": 0.046, "lifestyle_services": 0.044, "education": 0.043, "arts_and_entertainment": 0.042, "travel_and_transportation": 0.029, "cultural_and_historic": 0.024, "lodging": 0.015, "geographic_entities": 0.007}, "cluster": -1}}, {"type": "Feature", "geometry": {"type": "Polygon", "coordinates": [[[-0.109558, 51.536855], [-0.116269, 51.535664], [-0.117494, 51.531191], [-0.112009, 51.52791], [-0.105299, 51.529101], [-0.104073, 51.533574], [-0.109558, 51.536855]]]}, "properties": {"h3": "88194ad365fffff", "poi": 902, "richness": 13, "hill_q1": 8.205, "hill_q2": 6.284, "top_share": 0.274, "flagged": false, "dominant": "services_and_business", "dna": {"services_and_business": 0.274, "food_and_drink": 0.192, "shopping": 0.173, "lifestyle_services": 0.081, "arts_and_entertainment": 0.052, "education": 0.047, "community_and_government": 0.042, "sports_and_recreation": 0.04, "health_care": 0.031, "travel_and_transportation": 0.03, "cultural_and_historic": 0.025, "lodging": 0.012, "geographic_entities": 0.001}, "tfidf": {"services_and_business": 0.274, "food_and_drink": 0.2, "shopping": 0.175, "lifestyle_services": 0.086, "arts_and_entertainment": 0.057, "education": 0.048, "community_and_government": 0.046, "sports_and_recreation": 0.04, "health_care": 0.034, "travel_and_transportation": 0.031, "cultural_and_historic": 0.028, "lodging": 0.017, "geographic_entities": 0.002}, "cluster": -1}}, {"type": "Feature", "geometry": {"type": "Polygon", "coordinates": [[[-0.105299, 51.529101], [-0.112009, 51.52791], [-0.113235, 51.523436], [-0.107751, 51.520155], [-0.101042, 51.521347], [-0.099816, 51.52582], [-0.105299, 51.529101]]]}, "properties": {"h3": "88194ad367fffff", "poi": 2655, "richness": 13, "hill_q1": 5.147, "hill_q2": 3.07, "top_share": 0.536, "flagged": true, "dominant": "services_and_business", "dna": {"services_and_business": 0.536, "shopping": 0.159, "food_and_drink": 0.087, "education": 0.034, "community_and_government": 0.032, "lifestyle_services": 0.03, "arts_and_entertainment": 0.03, "travel_and_transportation": 0.027, "health_care": 0.023, "sports_and_recreation": 0.019, "cultural_and_historic": 0.013, "lodging": 0.009, "geographic_entities": 0.0}, "tfidf": {"services_and_business": 0.536, "shopping": 0.161, "food_and_drink": 0.091, "education": 0.036, "community_and_government": 0.035, "arts_and_entertainment": 0.032, "lifestyle_services": 0.032, "travel_and_transportation": 0.028, "health_care": 0.025, "sports_and_recreation": 0.019, "cultural_and_historic": 0.014, "lodging": 0.013, "geographic_entities": 0.001}, "cluster": -1}}, {"type": "Feature", "geometry": {"type": "Polygon", "coordinates": [[[-0.089425, 51.540428], [-0.096136, 51.539237], [-0.097363, 51.534765], [-0.09188, 51.531483], [-0.08517, 51.532674], [-0.083943, 51.537146], [-0.089425, 51.540428]]]}, "properties": {"h3": "88194ad369fffff", "poi": 441, "richness": 13, "hill_q1": 7.295, "hill_q2": 4.518, "top_share": 0.426, "flagged": false, "dominant": "services_and_business", "dna": {"services_and_business": 0.426, "shopping": 0.129, "food_and_drink": 0.07, "health_care": 0.068, "sports_and_recreation": 0.068, "education": 0.052, "lifestyle_services": 0.043, "travel_and_transportation": 0.041, "community_and_government": 0.029, "cultural_and_historic": 0.029, "arts_and_entertainment": 0.02, "lodging": 0.016, "geographic_entities": 0.007}, "tfidf": {"services_and_business": 0.426, "shopping": 0.131, "health_care": 0.074, "food_and_drink": 0.073, "sports_and_recreation": 0.069, "education": 0.054, "lifestyle_services": 0.046, "travel_and_transportation": 0.042, "community_and_government": 0.032, "cultural_and_historic": 0.032, "arts_and_entertainment": 0.022, "lodging": 0.022, "geographic_entities": 0.013}, "cluster": -1}}, {"type": "Feature", "geometry": {"type": "Polygon", "coordinates": [[[-0.08517, 51.532674], [-0.09188, 51.531483], [-0.093107, 51.527011], [-0.087625, 51.523729], [-0.080916, 51.52492], [-0.079688, 51.529392], [-0.08517, 51.532674]]]}, "properties": {"h3": "88194ad36bfffff", "poi": 6188, "richness": 13, "hill_q1": 4.625, "hill_q2": 2.685, "top_share": 0.586, "flagged": true, "dominant": "services_and_business", "dna": {"services_and_business": 0.586, "shopping": 0.138, "food_and_drink": 0.054, "education": 0.047, "travel_and_transportation": 0.037, "lifestyle_services": 0.032, "community_and_government": 0.028, "health_care": 0.027, "arts_and_entertainment": 0.026, "sports_and_recreation": 0.015, "cultural_and_historic": 0.006, "lodging": 0.005, "geographic_entities": 0.0}, "tfidf": {"services_and_business": 0.586, "shopping": 0.14, "food_and_drink": 0.056, "education": 0.049, "travel_and_transportation": 0.038, "lifestyle_services": 0.034, "community_and_government": 0.031, "health_care": 0.029, "arts_and_entertainment": 0.028, "sports_and_recreation": 0.015, "lodging": 0.008, "cultural_and_historic": 0.006, "geographic_entities": 0.0}, "cluster": -1}}, {"type": "Feature", "geometry": {"type": "Polygon", "coordinates": [[[-0.10162, 51.542519], [-0.108332, 51.541328], [-0.109558, 51.536855], [-0.104073, 51.533574], [-0.097363, 51.534765], [-0.096136, 51.539237], [-0.10162, 51.542519]]]}, "properties": {"h3": "88194ad36dfffff", "poi": 1133, "richness": 12, "hill_q1": 7.319, "hill_q2": 5.642, "top_share": 0.257, "flagged": false, "dominant": "services_and_business", "dna": {"services_and_business": 0.257, "shopping": 0.222, "food_and_drink": 0.221, "lifestyle_services": 0.077, "arts_and_entertainment": 0.04, "sports_and_recreation": 0.038, "health_care": 0.035, "travel_and_transportation": 0.033, "education": 0.028, "community_and_government": 0.027, "cultural_and_historic": 0.018, "lodging": 0.004}, "tfidf": {"services_and_business": 0.257, "food_and_drink": 0.231, "shopping": 0.225, "lifestyle_services": 0.082, "arts_and_entertainment": 0.043, "sports_and_recreation": 0.038, "health_care": 0.038, "travel_and_transportation": 0.034, "community_and_government": 0.03, "education": 0.029, "cultural_and_historic": 0.019, "lodging": 0.006}, "cluster": -1}}, {"type": "Feature", "geometry": {"type": "Polygon", "coordinates": [[[-0.223598, 51.422798], [-0.230299, 51.421594], [-0.231515, 51.417113], [-0.226029, 51.413835], [-0.219328, 51.415038], [-0.218112, 51.41952], [-0.223598, 51.422798]]]}, "properties": {"h3": "88194ad8c9fffff", "poi": 17, "richness": 6, "hill_q1": 4.772, "hill_q2": 3.959, "top_share": 0.412, "flagged": false, "dominant": "services_and_business", "dna": {"services_and_business": 0.412, "cultural_and_historic": 0.176, "travel_and_transportation": 0.176, "shopping": 0.118, "community_and_government": 0.059, "sports_and_recreation": 0.059}, "tfidf": {"services_and_business": 0.412, "cultural_and_historic": 0.191, "travel_and_transportation": 0.182, "shopping": 0.119, "community_and_government": 0.064, "sports_and_recreation": 0.06}, "cluster": -1}}, {"type": "Feature", "geometry": {"type": "Polygon", "coordinates": [[[-0.219328, 51.415038], [-0.226029, 51.413835], [-0.227244, 51.409353], [-0.221759, 51.406075], [-0.21506, 51.407278], [-0.213844, 51.41176], [-0.219328, 51.415038]]]}, "properties": {"h3": "88194ad8cbfffff", "poi": 69, "richness": 11, "hill_q1": 6.128, "hill_q2": 4.232, "top_share": 0.42, "flagged": false, "dominant": "services_and_business", "dna": {"services_and_business": 0.42, "food_and_drink": 0.174, "shopping": 0.116, "lifestyle_services": 0.087, "travel_and_transportation": 0.072, "arts_and_entertainment": 0.029, "education": 0.029, "sports_and_recreation": 0.029, "cultural_and_historic": 0.014, "health_care": 0.014, "lodging": 0.014}, "tfidf": {"services_and_business": 0.42, "food_and_drink": 0.182, "shopping": 0.117, "lifestyle_services": 0.092, "travel_and_transportation": 0.075, "arts_and_entertainment": 0.032, "education": 0.03, "sports_and_recreation": 0.029, "lodging": 0.02, "health_care": 0.016, "cultural_and_historic": 0.016}, "cluster": -1}}, {"type": "Feature", "geometry": {"type": "Polygon", "coordinates": [[[-0.210793, 51.399518], [-0.217491, 51.398315], [-0.218707, 51.393832], [-0.213225, 51.390554], [-0.206527, 51.391757], [-0.205311, 51.396239], [-0.210793, 51.399518]]]}, "properties": {"h3": "88194ad8d1fffff", "poi": 31, "richness": 8, "hill_q1": 6.768, "hill_q2": 6.121, "top_share": 0.226, "flagged": false, "dominant": "services_and_business", "dna": {"services_and_business": 0.226, "travel_and_transportation": 0.226, "education": 0.129, "shopping": 0.129, "sports_and_recreation": 0.129, "lifestyle_services": 0.097, "community_and_government": 0.032, "health_care": 0.032}, "tfidf": {"travel_and_transportation": 0.232, "services_and_business": 0.226, "education": 0.134, "sports_and_recreation": 0.131, "shopping": 0.131, "lifestyle_services": 0.103, "community_and_government": 0.035, "health_care": 0.035}, "cluster": -1}}, {"type": "Feature", "geometry": {"type": "Polygon", "coordinates": [[[-0.218707, 51.393832], [-0.225405, 51.392628], [-0.22662, 51.388145], [-0.221137, 51.384867], [-0.21444, 51.386071], [-0.213225, 51.390554], [-0.218707, 51.393832]]]}, "properties": {"h3": "88194ad8d7fffff", "poi": 11, "richness": 6, "hill_q1": 5.164, "hill_q2": 4.481, "top_share": 0.364, "flagged": false, "dominant": "shopping", "dna": {"shopping": 0.364, "community_and_government": 0.182, "education": 0.182, "health_care": 0.091, "lifestyle_services": 0.091, "services_and_business": 0.091}, "tfidf": {"shopping": 0.368, "community_and_government": 0.198, "education": 0.188, "health_care": 0.099, "lifestyle_services": 0.096, "services_and_business": 0.091}, "cluster": -1}}, {"type": "Feature", "geometry": {"type": "Polygon", "coordinates": [[[-0.202878, 51.405202], [-0.209577, 51.404], [-0.210793, 51.399518], [-0.205311, 51.396239], [-0.198613, 51.397442], [-0.197396, 51.401923], [-0.202878, 51.405202]]]}, "properties": {"h3": "88194ad8d9fffff", "poi": 91, "richness": 11, "hill_q1": 7.159, "hill_q2": 5.071, "top_share": 0.374, "flagged": false, "dominant": "services_and_business", "dna": {"services_and_business": 0.374, "shopping": 0.165, "travel_and_transportation": 0.11, "cultural_and_historic": 0.066, "lifestyle_services": 0.066, "community_and_government": 0.055, "education": 0.055, "health_care": 0.044, "sports_and_recreation": 0.033, "food_and_drink": 0.022, "arts_and_entertainment": 0.011}, "tfidf": {"services_and_business": 0.374, "shopping": 0.167, "travel_and_transportation": 0.113, "cultural_and_historic": 0.071, "lifestyle_services": 0.07, "community_and_government": 0.06, "education": 0.057, "health_care": 0.048, "sports_and_recreation": 0.033, "food_and_drink": 0.023, "arts_and_entertainment": 0.012}, "cluster": -1}}, {"type": "Feature", "geometry": {"type": "Polygon", "coordinates": [[[-0.198613, 51.397442], [-0.205311, 51.396239], [-0.206527, 51.391757], [-0.201046, 51.388478], [-0.194349, 51.389681], [-0.193132, 51.394163], [-0.198613, 51.397442]]]}, "properties": {"h3": "88194ad8dbfffff", "poi": 44, "richness": 10, "hill_q1": 7.391, "hill_q2": 6.05, "top_share": 0.295, "flagged": false, "dominant": "services_and_business", "dna": {"services_and_business": 0.295, "sports_and_recreation": 0.159, "education": 0.136, "community_and_government": 0.114, "travel_and_transportation": 0.114, "cultural_and_historic": 0.068, "shopping": 0.045, "food_and_drink": 0.023, "health_care": 0.023, "lodging": 0.023}, "tfidf": {"services_and_business": 0.295, "sports_and_recreation": 0.161, "education": 0.141, "community_and_government": 0.124, "travel_and_transportation": 0.117, "cultural_and_historic": 0.074, "shopping": 0.046, "lodging": 0.031, "health_care": 0.025, "food_and_drink": 0.024}, "cluster": -1}}, {"type": "Feature", "geometry": {"type": "Polygon", "coordinates": [[[-0.21506, 51.407278], [-0.221759, 51.406075], [-0.222975, 51.401593], [-0.217491, 51.398315], [-0.210793, 51.399518], [-0.209577, 51.404], [-0.21506, 51.407278]]]}, "properties": {"h3": "88194ad8ddfffff", "poi": 83, "richness": 11, "hill_q1": 6.862, "hill_q2": 4.903, "top_share": 0.386, "flagged": false, "dominant": "services_and_business", "dna": {"services_and_business": 0.386, "shopping": 0.12, "travel_and_transportation": 0.12, "education": 0.096, "food_and_drink": 0.084, "sports_and_recreation": 0.084, "cultural_and_historic": 0.036, "community_and_government": 0.024, "health_care": 0.024, "arts_and_entertainment": 0.012, "lifestyle_services": 0.012}, "tfidf": {"services_and_business": 0.386, "travel_and_transportation": 0.124, "shopping": 0.122, "education": 0.1, "food_and_drink": 0.088, "sports_and_recreation": 0.085, "cultural_and_historic": 0.039, "community_and_government": 0.026, "health_care": 0.026, "arts_and_entertainment": 0.013, "lifestyle_services": 0.013}, "cluster": -1}}, {"type": "Feature", "geometry": {"type": "Polygon", "coordinates": [[[-0.217543, 51.492067], [-0.224252, 51.490867], [-0.225469, 51.486389], [-0.219977, 51.483111], [-0.213269, 51.484311], [-0.212051, 51.488789], [-0.217543, 51.492067]]]}, "properties": {"h3": "88194ada01fffff", "poi": 203, "richness": 13, "hill_q1": 10.053, "hill_q2": 8.117, "top_share": 0.256, "flagged": false, "dominant": "services_and_business", "dna": {"services_and_business": 0.256, "food_and_drink": 0.108, "shopping": 0.094, "health_care": 0.089, "sports_and_recreation": 0.084, "travel_and_transportation": 0.084, "lifestyle_services": 0.074, "community_and_government": 0.059, "education": 0.054, "arts_and_entertainment": 0.049, "cultural_and_historic": 0.02, "lodging": 0.02, "geographic_entities": 0.01}, "tfidf": {"services_and_business": 0.256, "food_and_drink": 0.113, "health_care": 0.096, "shopping": 0.095, "travel_and_transportation": 0.086, "sports_and_recreation": 0.085, "lifestyle_services": 0.078, "community_and_government": 0.064, "education": 0.056, "arts_and_entertainment": 0.054, "lodging": 0.027, "cultural_and_historic": 0.021, "geographic_entities": 0.019}, "cluster": -1}}, {"type": "Feature", "geometry": {"type": "Polygon", "coordinates": [[[-0.213269, 51.484311], [-0.219977, 51.483111], [-0.221195, 51.478633], [-0.215704, 51.475355], [-0.208996, 51.476555], [-0.207778, 51.481033], [-0.213269, 51.484311]]]}, "properties": {"h3": "88194ada03fffff", "poi": 311, "richness": 12, "hill_q1": 7.38, "hill_q2": 5.53, "top_share": 0.309, "flagged": false, "dominant": "services_and_business", "dna": {"services_and_business": 0.309, "shopping": 0.232, "food_and_drink": 0.116, "lifestyle_services": 0.084, "travel_and_transportation": 0.071, "health_care": 0.048, "sports_and_recreation": 0.039, "cultural_and_historic": 0.032, "education": 0.032, "community_and_government": 0.023, "arts_and_entertainment": 0.013, "geographic_entities": 0.003}, "tfidf": {"services_and_business": 0.309, "shopping": 0.234, "food_and_drink": 0.121, "lifestyle_services": 0.089, "travel_and_transportation": 0.073, "health_care": 0.052, "sports_and_recreation": 0.039, "cultural_and_historic": 0.035, "education": 0.033, "community_and_government": 0.025, "arts_and_entertainment": 0.014, "geographic_entities": 0.006}, "cluster": -1}}, {"type": "Feature", "geometry": {"type": "Polygon", "coordinates": [[[-0.209615, 51.497745], [-0.216325, 51.496545], [-0.217543, 51.492067], [-0.212051, 51.488789], [-0.205342, 51.489989], [-0.204123, 51.494466], [-0.209615, 51.497745]]]}, "properties": {"h3": "88194ada09fffff", "poi": 503, "richness": 12, "hill_q1": 8.719, "hill_q2": 6.568, "top_share": 0.302, "flagged": false, "dominant": "services_and_business", "dna": {"services_and_business": 0.302, "shopping": 0.145, "food_and_drink": 0.131, "lifestyle_services": 0.08, "arts_and_entertainment": 0.06, "travel_and_transportation": 0.06, "education": 0.056, "lodging": 0.046, "health_care": 0.042, "community_and_government": 0.032, "sports_and_recreation": 0.032, "cultural_and_historic": 0.016}, "tfidf": {"services_and_business": 0.302, "shopping": 0.147, "food_and_drink": 0.137, "lifestyle_services": 0.084, "arts_and_entertainment": 0.065, "lodging": 0.062, "travel_and_transportation": 0.061, "education": 0.058, "health_care": 0.045, "community_and_government": 0.035, "sports_and_recreation": 0.032, "cultural_and_historic": 0.017}, "cluster": -1}}, {"type": "Feature", "geometry": {"type": "Polygon", "coordinates": [[[-0.205342, 51.489989], [-0.212051, 51.488789], [-0.213269, 51.484311], [-0.207778, 51.481033], [-0.20107, 51.482233], [-0.199852, 51.486711], [-0.205342, 51.489989]]]}, "properties": {"h3": "88194ada0bfffff", "poi": 414, "richness": 12, "hill_q1": 8.678, "hill_q2": 6.992, "top_share": 0.217, "flagged": false, "dominant": "food_and_drink", "dna": {"food_and_drink": 0.217, "shopping": 0.203, "services_and_business": 0.179, "lifestyle_services": 0.097, "health_care": 0.056, "sports_and_recreation": 0.056, "travel_and_transportation": 0.056, "education": 0.041, "lodging": 0.029, "cultural_and_historic": 0.024, "arts_and_entertainment": 0.022, "community_and_government": 0.022}, "tfidf": {"food_and_drink": 0.227, "shopping": 0.205, "services_and_business": 0.179, "lifestyle_services": 0.103, "health_care": 0.06, "travel_and_transportation": 0.057, "sports_and_recreation": 0.056, "education": 0.043, "lodging": 0.04, "cultural_and_historic": 0.026, "arts_and_entertainment": 0.024, "community_and_government": 0.024}, "cluster": -1}}, {"type": "Feature", "geometry": {"type": "Polygon", "coordinates": [[[-0.221818, 51.499823], [-0.228528, 51.498623], [-0.229745, 51.494145], [-0.224252, 51.490867], [-0.217543, 51.492067], [-0.216325, 51.496545], [-0.221818, 51.499823]]]}, "properties": {"h3": "88194ada0dfffff", "poi": 151, "richness": 11, "hill_q1": 5.11, "hill_q2": 3.026, "top_share": 0.55, "flagged": true, "dominant": "services_and_business", "dna": {"services_and_business": 0.55, "shopping": 0.093, "education": 0.086, "travel_and_transportation": 0.066, "food_and_drink": 0.053, "lifestyle_services": 0.053, "health_care": 0.033, "community_and_government": 0.02, "cultural_and_historic": 0.02, "sports_and_recreation": 0.02, "lodging": 0.007}, "tfidf": {"services_and_business": 0.55, "shopping": 0.094, "education": 0.089, "travel_and_transportation": 0.068, "lifestyle_services": 0.056, "food_and_drink": 0.055, "health_care": 0.036, "community_and_government": 0.022, "cultural_and_historic": 0.021, "sports_and_recreation": 0.02, "lodging": 0.009}, "cluster": -1}}, {"type": "Feature", "geometry": {"type": "Polygon", "coordinates": [[[-0.1968, 51.474476], [-0.203507, 51.473277], [-0.204725, 51.468798], [-0.199237, 51.46552], [-0.192531, 51.466719], [-0.191312, 51.471197], [-0.1968, 51.474476]]]}, "properties": {"h3": "88194ada11fffff", "poi": 334, "richness": 12, "hill_q1": 7.292, "hill_q2": 5.345, "top_share": 0.341, "flagged": false, "dominant": "services_and_business", "dna": {"services_and_business": 0.341, "shopping": 0.186, "food_and_drink": 0.135, "lifestyle_services": 0.081, "sports_and_recreation": 0.069, "education": 0.051, "health_care": 0.042, "community_and_government": 0.036, "arts_and_entertainment": 0.021, "travel_and_transportation": 0.021, "cultural_and_historic": 0.012, "lodging": 0.006}, "tfidf": {"services_and_business": 0.341, "shopping": 0.188, "food_and_drink": 0.141, "lifestyle_services": 0.086, "sports_and_recreation": 0.07, "education": 0.053, "health_care": 0.045, "community_and_government": 0.039, "arts_and_entertainment": 0.023, "travel_and_transportation": 0.022, "cultural_and_historic": 0.013, "lodging": 0.008}, "cluster": -1}}, {"type": "Feature", "geometry": {"type": "Polygon", "coordinates": [[[-0.192531, 51.466719], [-0.199237, 51.46552], [-0.200455, 51.461041], [-0.194968, 51.457762], [-0.188264, 51.458962], [-0.187045, 51.46344], [-0.192531, 51.466719]]]}, "properties": {"h3": "88194ada13fffff", "poi": 352, "richness": 13, "hill_q1": 7.653, "hill_q2": 5.394, "top_share": 0.355, "flagged": false, "dominant": "services_and_business", "dna": {"services_and_business": 0.355, "shopping": 0.153, "food_and_drink": 0.128, "lifestyle_services": 0.082, "travel_and_transportation": 0.077, "sports_and_recreation": 0.045, "health_care": 0.043, "cultural_and_historic": 0.028, "education": 0.028, "community_and_government": 0.026, "arts_and_entertainment": 0.023, "lodging": 0.009, "geographic_entities": 0.003}, "tfidf": {"services_and_business": 0.355, "shopping": 0.155, "food_and_drink": 0.134, "lifestyle_services": 0.087, "travel_and_transportation": 0.079, "health_care": 0.046, "sports_and_recreation": 0.046, "cultural_and_historic": 0.031, "education": 0.029, "community_and_government": 0.028, "arts_and_entertainment": 0.025, "lodging": 0.012, "geographic_entities": 0.005}, "cluster": -1}}, {"type": "Feature", "geometry": {"type": "Polygon", "coordinates": [[[-0.208996, 51.476555], [-0.215704, 51.475355], [-0.216921, 51.470876], [-0.211432, 51.467598], [-0.204725, 51.468798], [-0.203507, 51.473277], [-0.208996, 51.476555]]]}, "properties": {"h3": "88194ada15fffff", "poi": 627, "richness": 12, "hill_q1": 6.724, "hill_q2": 4.472, "top_share": 0.416, "flagged": false, "dominant": "services_and_business", "dna": {"services_and_business": 0.416, "shopping": 0.145, "food_and_drink": 0.113, "lifestyle_services": 0.083, "travel_and_transportation": 0.054, "health_care": 0.048, "education": 0.045, "sports_and_recreation": 0.037, "community_and_government": 0.022, "arts_and_entertainment": 0.016, "cultural_and_historic": 0.014, "lodging": 0.006}, "tfidf": {"services_and_business": 0.416, "shopping": 0.147, "food_and_drink": 0.118, "lifestyle_services": 0.088, "travel_and_transportation": 0.056, "health_care": 0.052, "education": 0.046, "sports_and_recreation": 0.037, "community_and_government": 0.024, "arts_and_entertainment": 0.017, "cultural_and_historic": 0.016, "lodging": 0.009}, "cluster": -1}}, {"type": "Feature", "geometry": {"type": "Polygon", "coordinates": [[[-0.204725, 51.468798], [-0.211432, 51.467598], [-0.212649, 51.463119], [-0.207161, 51.459841], [-0.200455, 51.461041], [-0.199237, 51.46552], [-0.204725, 51.468798]]]}, "properties": {"h3": "88194ada17fffff", "poi": 200, "richness": 13, "hill_q1": 7.779, "hill_q2": 5.114, "top_share": 0.39, "flagged": false, "dominant": "services_and_business", "dna": {"services_and_business": 0.39, "lifestyle_services": 0.105, "travel_and_transportation": 0.095, "shopping": 0.08, "food_and_drink": 0.075, "health_care": 0.06, "sports_and_recreation": 0.06, "education": 0.05, "arts_and_entertainment": 0.03, "community_and_government": 0.015, "cultural_and_historic": 0.015, "geographic_entities": 0.015, "lodging": 0.01}, "tfidf": {"services_and_business": 0.39, "lifestyle_services": 0.111, "travel_and_transportation": 0.098, "shopping": 0.081, "food_and_drink": 0.078, "health_care": 0.065, "sports_and_recreation": 0.061, "education": 0.052, "arts_and_entertainment": 0.033, "geographic_entities": 0.029, "community_and_government": 0.016, "cultural_and_historic": 0.016, "lodging": 0.014}, "cluster": -1}}, {"type": "Feature", "geometry": {"type": "Polygon", "coordinates": [[[-0.188874, 51.480153], [-0.195582, 51.478954], [-0.1968, 51.474476], [-0.191312, 51.471197], [-0.184606, 51.472396], [-0.183387, 51.476874], [-0.188874, 51.480153]]]}, "properties": {"h3": "88194ada19fffff", "poi": 462, "richness": 13, "hill_q1": 7.006, "hill_q2": 5.175, "top_share": 0.301, "flagged": false, "dominant": "services_and_business", "dna": {"services_and_business": 0.301, "shopping": 0.264, "food_and_drink": 0.119, "lifestyle_services": 0.113, "sports_and_recreation": 0.045, "health_care": 0.037, "travel_and_transportation": 0.035, "education": 0.024, "arts_and_entertainment": 0.019, "cultural_and_historic": 0.019, "lodging": 0.011, "community_and_government": 0.009, "geographic_entities": 0.004}, "tfidf": {"services_and_business": 0.301, "shopping": 0.267, "food_and_drink": 0.124, "lifestyle_services": 0.119, "sports_and_recreation": 0.046, "health_care": 0.04, "travel_and_transportation": 0.036, "education": 0.025, "arts_and_entertainment": 0.021, "cultural_and_historic": 0.021, "lodging": 0.015, "community_and_government": 0.009, "geographic_entities": 0.008}, "cluster": -1}}, {"type": "Feature", "geometry": {"type": "Polygon", "coordinates": [[[-0.184606, 51.472396], [-0.191312, 51.471197], [-0.192531, 51.466719], [-0.187045, 51.46344], [-0.18034, 51.464639], [-0.17912, 51.469117], [-0.184606, 51.472396]]]}, "properties": {"h3": "88194ada1bfffff", "poi": 372, "richness": 13, "hill_q1": 6.897, "hill_q2": 4.487, "top_share": 0.414, "flagged": false, "dominant": "services_and_business", "dna": {"services_and_business": 0.414, "shopping": 0.169, "food_and_drink": 0.075, "lifestyle_services": 0.073, "travel_and_transportation": 0.073, "sports_and_recreation": 0.054, "health_care": 0.04, "education": 0.027, "cultural_and_historic": 0.022, "arts_and_entertainment": 0.019, "lodging": 0.019, "community_and_government": 0.013, "geographic_entities": 0.003}, "tfidf": {"services_and_business": 0.414, "shopping": 0.171, "food_and_drink": 0.079, "lifestyle_services": 0.077, "travel_and_transportation": 0.075, "sports_and_recreation": 0.055, "health_care": 0.044, "education": 0.028, "lodging": 0.026, "cultural_and_historic": 0.023, "arts_and_entertainment": 0.021, "community_and_government": 0.015, "geographic_entities": 0.005}, "cluster": -1}}, {"type": "Feature", "geometry": {"type": "Polygon", "coordinates": [[[-0.20107, 51.482233], [-0.207778, 51.481033], [-0.208996, 51.476555], [-0.203507, 51.473277], [-0.1968, 51.474476], [-0.195582, 51.478954], [-0.20107, 51.482233]]]}, "properties": {"h3": "88194ada1dfffff", "poi": 721, "richness": 12, "hill_q1": 7.678, "hill_q2": 5.846, "top_share": 0.307, "flagged": false, "dominant": "services_and_business", "dna": {"services_and_business": 0.307, "shopping": 0.18, "food_and_drink": 0.14, "lifestyle_services": 0.121, "health_care": 0.069, "sports_and_recreation": 0.044, "education": 0.037, "travel_and_transportation": 0.028, "community_and_government": 0.025, "cultural_and_historic": 0.021, "arts_and_entertainment": 0.017, "lodging": 0.011}, "tfidf": {"services_and_business": 0.307, "shopping": 0.182, "food_and_drink": 0.146, "lifestyle_services": 0.128, "health_care": 0.075, "sports_and_recreation": 0.045, "education": 0.039, "travel_and_transportation": 0.029, "community_and_government": 0.027, "cultural_and_historic": 0.023, "arts_and_entertainment": 0.018, "lodging": 0.015}, "cluster": -1}}, {"type": "Feature", "geometry": {"type": "Polygon", "coordinates": [[[-0.224845, 51.465196], [-0.231552, 51.463994], [-0.232768, 51.459514], [-0.227278, 51.456237], [-0.220572, 51.457438], [-0.219355, 51.461918], [-0.224845, 51.465196]]]}, "properties": {"h3": "88194ada33fffff", "poi": 12, "richness": 8, "hill_q1": 6.735, "hill_q2": 5.538, "top_share": 0.333, "flagged": false, "dominant": "health_care", "dna": {"health_care": 0.333, "services_and_business": 0.167, "arts_and_entertainment": 0.083, "education": 0.083, "lifestyle_services": 0.083, "shopping": 0.083, "sports_and_recreation": 0.083, "travel_and_transportation": 0.083}, "tfidf": {"health_care": 0.362, "services_and_business": 0.167, "arts_and_entertainment": 0.091, "lifestyle_services": 0.088, "education": 0.086, "travel_and_transportation": 0.086, "sports_and_recreation": 0.084, "shopping": 0.084}, "cluster": -1}}, {"type": "Feature", "geometry": {"type": "Polygon", "coordinates": [[[-0.221195, 51.478633], [-0.227903, 51.477432], [-0.229119, 51.472953], [-0.223628, 51.469675], [-0.216921, 51.470876], [-0.215704, 51.475355], [-0.221195, 51.478633]]]}, "properties": {"h3": "88194ada39fffff", "poi": 18, "richness": 8, "hill_q1": 6.939, "hill_q2": 6.231, "top_share": 0.222, "flagged": false, "dominant": "sports_and_recreation", "dna": {"sports_and_recreation": 0.222, "travel_and_transportation": 0.222, "health_care": 0.167, "food_and_drink": 0.111, "services_and_business": 0.111, "education": 0.056, "lifestyle_services": 0.056, "shopping": 0.056}, "tfidf": {"travel_and_transportation": 0.229, "sports_and_recreation": 0.225, "health_care": 0.181, "food_and_drink": 0.116, "services_and_business": 0.111, "lifestyle_services": 0.059, "education": 0.058, "shopping": 0.056}, "cluster": -1}}, {"type": "Feature", "geometry": {"type": "Polygon", "coordinates": [[[-0.216921, 51.470876], [-0.223628, 51.469675], [-0.224845, 51.465196], [-0.219355, 51.461918], [-0.212649, 51.463119], [-0.211432, 51.467598], [-0.216921, 51.470876]]]}, "properties": {"h3": "88194ada3bfffff", "poi": 424, "richness": 13, "hill_q1": 7.758, "hill_q2": 6.028, "top_share": 0.243, "flagged": false, "dominant": "shopping", "dna": {"shopping": 0.243, "services_and_business": 0.226, "food_and_drink": 0.196, "lifestyle_services": 0.087, "sports_and_recreation": 0.061, "travel_and_transportation": 0.047, "arts_and_entertainment": 0.035, "health_care": 0.035, "education": 0.026, "community_and_government": 0.017, "geographic_entities": 0.012, "cultural_and_historic": 0.007, "lodging": 0.007}, "tfidf": {"shopping": 0.246, "services_and_business": 0.226, "food_and_drink": 0.205, "lifestyle_services": 0.093, "sports_and_recreation": 0.062, "travel_and_transportation": 0.049, "arts_and_entertainment": 0.039, "health_care": 0.038, "education": 0.027, "geographic_entities": 0.023, "community_and_government": 0.018, "lodging": 0.01, "cultural_and_historic": 0.008}, "cluster": -1}}, {"type": "Feature", "geometry": {"type": "Polygon", "coordinates": [[[-0.205959, 51.511176], [-0.212671, 51.509977], [-0.213889, 51.5055], [-0.208396, 51.502222], [-0.201686, 51.503421], [-0.200467, 51.507898], [-0.205959, 51.511176]]]}, "properties": {"h3": "88194ada41fffff", "poi": 266, "richness": 12, "hill_q1": 9.699, "hill_q2": 7.752, "top_share": 0.263, "flagged": false, "dominant": "services_and_business", "dna": {"services_and_business": 0.263, "shopping": 0.135, "food_and_drink": 0.113, "community_and_government": 0.086, "health_care": 0.064, "lifestyle_services": 0.064, "education": 0.06, "arts_and_entertainment": 0.053, "cultural_and_historic": 0.045, "travel_and_transportation": 0.045, "sports_and_recreation": 0.041, "lodging": 0.03}, "tfidf": {"services_and_business": 0.263, "shopping": 0.137, "food_and_drink": 0.118, "community_and_government": 0.094, "health_care": 0.069, "lifestyle_services": 0.068, "education": 0.062, "arts_and_entertainment": 0.057, "cultural_and_historic": 0.049, "travel_and_transportation": 0.046, "sports_and_recreation": 0.042, "lodging": 0.041}, "cluster": -1}}, {"type": "Feature", "geometry": {"type": "Polygon", "coordinates": [[[-0.201686, 51.503421], [-0.208396, 51.502222], [-0.209615, 51.497745], [-0.204123, 51.494466], [-0.197414, 51.495665], [-0.196195, 51.500142], [-0.201686, 51.503421]]]}, "properties": {"h3": "88194ada43fffff", "poi": 543, "richness": 12, "hill_q1": 8.275, "hill_q2": 6.012, "top_share": 0.324, "flagged": false, "dominant": "services_and_business", "dna": {"services_and_business": 0.324, "shopping": 0.157, "food_and_drink": 0.134, "lifestyle_services": 0.07, "travel_and_transportation": 0.064, "sports_and_recreation": 0.055, "lodging": 0.044, "health_care": 0.037, "education": 0.031, "community_and_government": 0.029, "arts_and_entertainment": 0.028, "cultural_and_historic": 0.026}, "tfidf": {"services_and_business": 0.324, "shopping": 0.158, "food_and_drink": 0.141, "lifestyle_services": 0.074, "travel_and_transportation": 0.066, "lodging": 0.06, "sports_and_recreation": 0.056, "health_care": 0.04, "education": 0.032, "community_and_government": 0.032, "arts_and_entertainment": 0.03, "cultural_and_historic": 0.028}, "cluster": -1}}, {"type": "Feature", "geometry": {"type": "Polygon", "coordinates": [[[-0.218164, 51.513255], [-0.224877, 51.512056], [-0.226094, 51.507578], [-0.2206, 51.504301], [-0.213889, 51.5055], [-0.212671, 51.509977], [-0.218164, 51.513255]]]}, "properties": {"h3": "88194ada45fffff", "poi": 243, "richness": 11, "hill_q1": 7.494, "hill_q2": 5.904, "top_share": 0.284, "flagged": false, "dominant": "shopping", "dna": {"shopping": 0.284, "services_and_business": 0.214, "food_and_drink": 0.152, "travel_and_transportation": 0.078, "lifestyle_services": 0.07, "sports_and_recreation": 0.062, "education": 0.053, "arts_and_entertainment": 0.029, "cultural_and_historic": 0.029, "community_and_government": 0.016, "health_care": 0.012}, "tfidf": {"shopping": 0.287, "services_and_business": 0.214, "food_and_drink": 0.159, "travel_and_transportation": 0.08, "lifestyle_services": 0.074, "sports_and_recreation": 0.063, "education": 0.055, "arts_and_entertainment": 0.031, "cultural_and_historic": 0.031, "community_and_government": 0.018, "health_care": 0.013}, "cluster": -1}}, {"type": "Feature", "geometry": {"type": "Polygon", "coordinates": [[[-0.213889, 51.5055], [-0.2206, 51.504301], [-0.221818, 51.499823], [-0.216325, 51.496545], [-0.209615, 51.497745], [-0.208396, 51.502222], [-0.213889, 51.5055]]]}, "properties": {"h3": "88194ada47fffff", "poi": 386, "richness": 13, "hill_q1": 8.74, "hill_q2": 6.456, "top_share": 0.298, "flagged": false, "dominant": "services_and_business", "dna": {"services_and_business": 0.298, "shopping": 0.158, "food_and_drink": 0.153, "lifestyle_services": 0.06, "arts_and_entertainment": 0.057, "health_care": 0.054, "sports_and_recreation": 0.047, "education": 0.044, "lodging": 0.036, "travel_and_transportation": 0.031, "community_and_government": 0.028, "cultural_and_historic": 0.028, "geographic_entities": 0.005}, "tfidf": {"services_and_business": 0.298, "shopping": 0.16, "food_and_drink": 0.16, "lifestyle_services": 0.063, "arts_and_entertainment": 0.062, "health_care": 0.059, "lodging": 0.05, "sports_and_recreation": 0.047, "education": 0.046, "travel_and_transportation": 0.032, "community_and_government": 0.031, "cultural_and_historic": 0.031, "geographic_entities": 0.01}, "cluster": -1}}, {"type": "Feature", "geometry": {"type": "Polygon", "coordinates": [[[-0.198028, 51.51685], [-0.20474, 51.515652], [-0.205959, 51.511176], [-0.200467, 51.507898], [-0.193756, 51.509096], [-0.192536, 51.513572], [-0.198028, 51.51685]]]}, "properties": {"h3": "88194ada49fffff", "poi": 995, "richness": 12, "hill_q1": 7.616, "hill_q2": 5.733, "top_share": 0.275, "flagged": false, "dominant": "shopping", "dna": {"shopping": 0.275, "services_and_business": 0.229, "food_and_drink": 0.184, "lifestyle_services": 0.059, "travel_and_transportation": 0.045, "arts_and_entertainment": 0.044, "lodging": 0.038, "health_care": 0.032, "education": 0.029, "sports_and_recreation": 0.026, "community_and_government": 0.023, "cultural_and_historic": 0.014}, "tfidf": {"shopping": 0.279, "services_and_business": 0.229, "food_and_drink": 0.192, "lifestyle_services": 0.063, "lodging": 0.052, "arts_and_entertainment": 0.048, "travel_and_transportation": 0.047, "health_care": 0.035, "education": 0.03, "sports_and_recreation": 0.026, "community_and_government": 0.025, "cultural_and_historic": 0.015}, "cluster": -1}}, {"type": "Feature", "geometry": {"type": "Polygon", "coordinates": [[[-0.193756, 51.509096], [-0.200467, 51.507898], [-0.201686, 51.503421], [-0.196195, 51.500142], [-0.189485, 51.50134], [-0.188265, 51.505817], [-0.193756, 51.509096]]]}, "properties": {"h3": "88194ada4bfffff", "poi": 875, "richness": 12, "hill_q1": 7.772, "hill_q2": 5.686, "top_share": 0.306, "flagged": false, "dominant": "services_and_business", "dna": {"services_and_business": 0.306, "shopping": 0.227, "food_and_drink": 0.12, "lifestyle_services": 0.079, "health_care": 0.051, "travel_and_transportation": 0.04, "education": 0.038, "arts_and_entertainment": 0.033, "sports_and_recreation": 0.032, "cultural_and_historic": 0.031, "community_and_government": 0.027, "lodging": 0.015}, "tfidf": {"services_and_business": 0.306, "shopping": 0.23, "food_and_drink": 0.125, "lifestyle_services": 0.084, "health_care": 0.056, "travel_and_transportation": 0.041, "education": 0.039, "arts_and_entertainment": 0.036, "cultural_and_historic": 0.033, "sports_and_recreation": 0.032, "community_and_government": 0.03, "lodging": 0.02}, "cluster": -1}}, {"type": "Feature", "geometry": {"type": "Polygon", "coordinates": [[[-0.210234, 51.518931], [-0.216946, 51.517732], [-0.218164, 51.513255], [-0.212671, 51.509977], [-0.205959, 51.511176], [-0.20474, 51.515652], [-0.210234, 51.518931]]]}, "properties": {"h3": "88194ada4dfffff", "poi": 487, "richness": 13, "hill_q1": 9.09, "hill_q2": 7.181, "top_share": 0.246, "flagged": false, "dominant": "services_and_business", "dna": {"services_and_business": 0.246, "food_and_drink": 0.189, "shopping": 0.146, "travel_and_transportation": 0.068, "lifestyle_services": 0.062, "community_and_government": 0.057, "education": 0.053, "arts_and_entertainment": 0.051, "sports_and_recreation": 0.049, "cultural_and_historic": 0.031, "health_care": 0.025, "lodging": 0.021, "geographic_entities": 0.002}, "tfidf": {"services_and_business": 0.246, "food_and_drink": 0.197, "shopping": 0.148, "travel_and_transportation": 0.07, "lifestyle_services": 0.065, "community_and_government": 0.063, "arts_and_entertainment": 0.056, "education": 0.055, "sports_and_recreation": 0.05, "cultural_and_historic": 0.033, "lodging": 0.028, "health_care": 0.027, "geographic_entities": 0.004}, "cluster": -1}}, {"type": "Feature", "geometry": {"type": "Polygon", "coordinates": [[[-0.185216, 51.493585], [-0.191924, 51.492387], [-0.193144, 51.487909], [-0.187655, 51.484631], [-0.180947, 51.485829], [-0.179727, 51.490306], [-0.185216, 51.493585]]]}, "properties": {"h3": "88194ada51fffff", "poi": 415, "richness": 13, "hill_q1": 9.186, "hill_q2": 7.124, "top_share": 0.27, "flagged": false, "dominant": "services_and_business", "dna": {"services_and_business": 0.27, "food_and_drink": 0.171, "shopping": 0.118, "lifestyle_services": 0.077, "lodging": 0.072, "health_care": 0.067, "education": 0.051, "travel_and_transportation": 0.046, "sports_and_recreation": 0.034, "arts_and_entertainment": 0.031, "community_and_government": 0.031, "cultural_and_historic": 0.029, "geographic_entities": 0.002}, "tfidf": {"services_and_business": 0.27, "food_and_drink": 0.179, "shopping": 0.119, "lodging": 0.099, "lifestyle_services": 0.082, "health_care": 0.073, "education": 0.052, "travel_and_transportation": 0.047, "sports_and_recreation": 0.034, "arts_and_entertainment": 0.034, "community_and_government": 0.034, "cultural_and_historic": 0.031, "geographic_entities": 0.005}, "cluster": -1}}, {"type": "Feature", "geometry": {"type": "Polygon", "coordinates": [[[-0.180947, 51.485829], [-0.187655, 51.484631], [-0.188874, 51.480153], [-0.183387, 51.476874], [-0.17668, 51.478072], [-0.17546, 51.48255], [-0.180947, 51.485829]]]}, "properties": {"h3": "88194ada53fffff", "poi": 746, "richness": 13, "hill_q1": 7.303, "hill_q2": 5.101, "top_share": 0.345, "flagged": false, "dominant": "services_and_business", "dna": {"services_and_business": 0.345, "shopping": 0.231, "food_and_drink": 0.099, "health_care": 0.07, "lifestyle_services": 0.056, "arts_and_entertainment": 0.043, "education": 0.038, "sports_and_recreation": 0.034, "travel_and_transportation": 0.032, "cultural_and_historic": 0.023, "community_and_government": 0.016, "lodging": 0.011, "geographic_entities": 0.004}, "tfidf": {"services_and_business": 0.345, "shopping": 0.233, "food_and_drink": 0.104, "health_care": 0.076, "lifestyle_services": 0.06, "arts_and_entertainment": 0.047, "education": 0.039, "sports_and_recreation": 0.034, "travel_and_transportation": 0.033, "cultural_and_historic": 0.025, "community_and_government": 0.018, "lodging": 0.015, "geographic_entities": 0.008}, "cluster": -1}}, {"type": "Feature", "geometry": {"type": "Polygon", "coordinates": [[[-0.197414, 51.495665], [-0.204123, 51.494466], [-0.205342, 51.489989], [-0.199852, 51.486711], [-0.193144, 51.487909], [-0.191924, 51.492387], [-0.197414, 51.495665]]]}, "properties": {"h3": "88194ada55fffff", "poi": 539, "richness": 13, "hill_q1": 9.271, "hill_q2": 7.424, "top_share": 0.254, "flagged": false, "dominant": "services_and_business", "dna": {"services_and_business": 0.254, "food_and_drink": 0.152, "lodging": 0.121, "shopping": 0.121, "lifestyle_services": 0.078, "travel_and_transportation": 0.067, "arts_and_entertainment": 0.048, "health_care": 0.035, "sports_and_recreation": 0.033, "community_and_government": 0.032, "cultural_and_historic": 0.03, "education": 0.028, "geographic_entities": 0.002}, "tfidf": {"services_and_business": 0.254, "lodging": 0.165, "food_and_drink": 0.159, "shopping": 0.122, "lifestyle_services": 0.083, "travel_and_transportation": 0.069, "arts_and_entertainment": 0.053, "health_care": 0.038, "community_and_government": 0.034, "sports_and_recreation": 0.034, "cultural_and_historic": 0.032, "education": 0.029, "geographic_entities": 0.004}, "cluster": -1}}, {"type": "Feature", "geometry": {"type": "Polygon", "coordinates": [[[-0.193144, 51.487909], [-0.199852, 51.486711], [-0.20107, 51.482233], [-0.195582, 51.478954], [-0.188874, 51.480153], [-0.187655, 51.484631], [-0.193144, 51.487909]]]}, "properties": {"h3": "88194ada57fffff", "poi": 573, "richness": 13, "hill_q1": 8.496, "hill_q2": 6.587, "top_share": 0.255, "flagged": false, "dominant": "services_and_business", "dna": {"services_and_business": 0.255, "food_and_drink": 0.213, "shopping": 0.143, "lifestyle_services": 0.091, "arts_and_entertainment": 0.07, "travel_and_transportation": 0.051, "community_and_government": 0.037, "sports_and_recreation": 0.037, "education": 0.03, "health_care": 0.03, "lodging": 0.023, "cultural_and_historic": 0.021, "geographic_entities": 0.002}, "tfidf": {"services_and_business": 0.255, "food_and_drink": 0.223, "shopping": 0.145, "lifestyle_services": 0.096, "arts_and_entertainment": 0.076, "travel_and_transportation": 0.052, "community_and_government": 0.04, "sports_and_recreation": 0.037, "health_care": 0.032, "lodging": 0.031, "education": 0.031, "cultural_and_historic": 0.023, "geographic_entities": 0.003}, "cluster": -1}}, {"type": "Feature", "geometry": {"type": "Polygon", "coordinates": [[[-0.177287, 51.499259], [-0.183996, 51.498062], [-0.185216, 51.493585], [-0.179727, 51.490306], [-0.173019, 51.491503], [-0.171799, 51.49598], [-0.177287, 51.499259]]]}, "properties": {"h3": "88194ada59fffff", "poi": 1079, "richness": 12, "hill_q1": 9.311, "hill_q2": 7.467, "top_share": 0.242, "flagged": false, "dominant": "food_and_drink", "dna": {"food_and_drink": 0.242, "services_and_business": 0.194, "shopping": 0.112, "arts_and_entertainment": 0.076, "lifestyle_services": 0.067, "lodging": 0.059, "health_care": 0.058, "education": 0.057, "travel_and_transportation": 0.046, "community_and_government": 0.038, "sports_and_recreation": 0.032, "cultural_and_historic": 0.019}, "tfidf": {"food_and_drink": 0.253, "services_and_business": 0.194, "shopping": 0.113, "arts_and_entertainment": 0.083, "lodging": 0.081, "lifestyle_services": 0.071, "health_care": 0.063, "education": 0.059, "travel_and_transportation": 0.048, "community_and_government": 0.041, "sports_and_recreation": 0.032, "cultural_and_historic": 0.021}, "cluster": -1}}, {"type": "Feature", "geometry": {"type": "Polygon", "coordinates": [[[-0.173019, 51.491503], [-0.179727, 51.490306], [-0.180947, 51.485829], [-0.17546, 51.48255], [-0.168753, 51.483747], [-0.167532, 51.488224], [-0.173019, 51.491503]]]}, "properties": {"h3": "88194ada5bfffff", "poi": 728, "richness": 13, "hill_q1": 8.503, "hill_q2": 6.694, "top_share": 0.253, "flagged": false, "dominant": "shopping", "dna": {"shopping": 0.253, "food_and_drink": 0.181, "services_and_business": 0.177, "lifestyle_services": 0.088, "health_care": 0.073, "arts_and_entertainment": 0.049, "community_and_government": 0.04, "sports_and_recreation": 0.04, "travel_and_transportation": 0.03, "cultural_and_historic": 0.027, "education": 0.027, "lodging": 0.012, "geographic_entities": 0.001}, "tfidf": {"shopping": 0.256, "food_and_drink": 0.19, "services_and_business": 0.177, "lifestyle_services": 0.093, "health_care": 0.079, "arts_and_entertainment": 0.054, "community_and_government": 0.043, "sports_and_recreation": 0.04, "travel_and_transportation": 0.031, "cultural_and_historic": 0.03, "education": 0.028, "lodging": 0.017, "geographic_entities": 0.003}, "cluster": -1}}, {"type": "Feature", "geometry": {"type": "Polygon", "coordinates": [[[-0.189485, 51.50134], [-0.196195, 51.500142], [-0.197414, 51.495665], [-0.191924, 51.492387], [-0.185216, 51.493585], [-0.183996, 51.498062], [-0.189485, 51.50134]]]}, "properties": {"h3": "88194ada5dfffff", "poi": 820, "richness": 12, "hill_q1": 9.443, "hill_q2": 7.256, "top_share": 0.29, "flagged": false, "dominant": "services_and_business", "dna": {"services_and_business": 0.29, "food_and_drink": 0.111, "shopping": 0.106, "lodging": 0.089, "health_care": 0.076, "travel_and_transportation": 0.066, "lifestyle_services": 0.062, "sports_and_recreation": 0.044, "arts_and_entertainment": 0.043, "education": 0.043, "cultural_and_historic": 0.041, "community_and_government": 0.029}, "tfidf": {"services_and_business": 0.29, "lodging": 0.122, "food_and_drink": 0.116, "shopping": 0.107, "health_care": 0.082, "travel_and_transportation": 0.068, "lifestyle_services": 0.066, "arts_and_entertainment": 0.047, "cultural_and_historic": 0.045, "sports_and_recreation": 0.045, "education": 0.044, "community_and_government": 0.032}, "cluster": -1}}, {"type": "Feature", "geometry": {"type": "Polygon", "coordinates": [[[-0.187654, 51.437767], [-0.194356, 51.436566], [-0.195574, 51.432086], [-0.19009, 51.428807], [-0.183389, 51.430008], [-0.18217, 51.434487], [-0.187654, 51.437767]]]}, "properties": {"h3": "88194ada81fffff", "poi": 305, "richness": 12, "hill_q1": 5.768, "hill_q2": 4.096, "top_share": 0.387, "flagged": false, "dominant": "services_and_business", "dna": {"services_and_business": 0.387, "shopping": 0.269, "food_and_drink": 0.111, "travel_and_transportation": 0.075, "arts_and_entertainment": 0.039, "sports_and_recreation": 0.033, "community_and_government": 0.02, "education": 0.02, "lifestyle_services": 0.02, "health_care": 0.013, "cultural_and_historic": 0.01, "lodging": 0.003}, "tfidf": {"services_and_business": 0.387, "shopping": 0.272, "food_and_drink": 0.117, "travel_and_transportation": 0.078, "arts_and_entertainment": 0.043, "sports_and_recreation": 0.033, "community_and_government": 0.021, "lifestyle_services": 0.021, "education": 0.02, "health_care": 0.014, "cultural_and_historic": 0.011, "lodging": 0.004}, "cluster": -1}}, {"type": "Feature", "geometry": {"type": "Polygon", "coordinates": [[[-0.183389, 51.430008], [-0.19009, 51.428807], [-0.191308, 51.424327], [-0.185826, 51.421048], [-0.179126, 51.422249], [-0.177907, 51.426728], [-0.183389, 51.430008]]]}, "properties": {"h3": "88194ada83fffff", "poi": 125, "richness": 12, "hill_q1": 7.13, "hill_q2": 5.165, "top_share": 0.352, "flagged": false, "dominant": "services_and_business", "dna": {"services_and_business": 0.352, "shopping": 0.176, "travel_and_transportation": 0.152, "food_and_drink": 0.08, "community_and_government": 0.048, "lifestyle_services": 0.048, "cultural_and_historic": 0.04, "health_care": 0.04, "sports_and_recreation": 0.032, "geographic_entities": 0.016, "education": 0.008, "lodging": 0.008}, "tfidf": {"services_and_business": 0.352, "shopping": 0.178, "travel_and_transportation": 0.156, "food_and_drink": 0.084, "community_and_government": 0.052, "lifestyle_services": 0.051, "health_care": 0.043, "cultural_and_historic": 0.043, "sports_and_recreation": 0.032, "geographic_entities": 0.031, "lodging": 0.011, "education": 0.008}, "cluster": -1}}, {"type": "Feature", "geometry": {"type": "Polygon", "coordinates": [[[-0.199841, 51.439845], [-0.206544, 51.438644], [-0.207761, 51.434164], [-0.202276, 51.430885], [-0.195574, 51.432086], [-0.194356, 51.436566], [-0.199841, 51.439845]]]}, "properties": {"h3": "88194ada85fffff", "poi": 167, "richness": 11, "hill_q1": 7.48, "hill_q2": 5.9, "top_share": 0.311, "flagged": false, "dominant": "services_and_business", "dna": {"services_and_business": 0.311, "shopping": 0.156, "food_and_drink": 0.138, "sports_and_recreation": 0.12, "lifestyle_services": 0.072, "travel_and_transportation": 0.072, "health_care": 0.048, "education": 0.036, "cultural_and_historic": 0.03, "community_and_government": 0.012, "lodging": 0.006}, "tfidf": {"services_and_business": 0.311, "shopping": 0.158, "food_and_drink": 0.144, "sports_and_recreation": 0.121, "lifestyle_services": 0.076, "travel_and_transportation": 0.074, "health_care": 0.052, "education": 0.037, "cultural_and_historic": 0.032, "community_and_government": 0.013, "lodging": 0.008}, "cluster": -1}}, {"type": "Feature", "geometry": {"type": "Polygon", "coordinates": [[[-0.195574, 51.432086], [-0.202276, 51.430885], [-0.203493, 51.426405], [-0.198009, 51.423126], [-0.191308, 51.424327], [-0.19009, 51.428807], [-0.195574, 51.432086]]]}, "properties": {"h3": "88194ada87fffff", "poi": 145, "richness": 12, "hill_q1": 8.017, "hill_q2": 6.381, "top_share": 0.283, "flagged": false, "dominant": "services_and_business", "dna": {"services_and_business": 0.283, "shopping": 0.166, "travel_and_transportation": 0.138, "lifestyle_services": 0.11, "food_and_drink": 0.103, "community_and_government": 0.048, "education": 0.048, "health_care": 0.034, "arts_and_entertainment": 0.028, "sports_and_recreation": 0.028, "cultural_and_historic": 0.007, "lodging": 0.007}, "tfidf": {"services_and_business": 0.283, "shopping": 0.168, "travel_and_transportation": 0.142, "lifestyle_services": 0.117, "food_and_drink": 0.108, "community_and_government": 0.053, "education": 0.05, "health_care": 0.037, "arts_and_entertainment": 0.03, "sports_and_recreation": 0.028, "lodging": 0.009, "cultural_and_historic": 0.007}, "cluster": -1}}, {"type": "Feature", "geometry": {"type": "Polygon", "coordinates": [[[-0.179733, 51.443446], [-0.186435, 51.442246], [-0.187654, 51.437767], [-0.18217, 51.434487], [-0.175469, 51.435687], [-0.17425, 51.440166], [-0.179733, 51.443446]]]}, "properties": {"h3": "88194ada89fffff", "poi": 141, "richness": 12, "hill_q1": 8.651, "hill_q2": 7.243, "top_share": 0.241, "flagged": false, "dominant": "services_and_business", "dna": {"services_and_business": 0.241, "lifestyle_services": 0.163, "shopping": 0.135, "food_and_drink": 0.121, "sports_and_recreation": 0.092, "education": 0.064, "travel_and_transportation": 0.057, "health_care": 0.05, "community_and_government": 0.043, "arts_and_entertainment": 0.021, "cultural_and_historic": 0.007, "lodging": 0.007}, "tfidf": {"services_and_business": 0.241, "lifestyle_services": 0.173, "shopping": 0.136, "food_and_drink": 0.126, "sports_and_recreation": 0.093, "education": 0.066, "travel_and_transportation": 0.058, "health_care": 0.054, "community_and_government": 0.046, "arts_and_entertainment": 0.023, "lodging": 0.01, "cultural_and_historic": 0.008}, "cluster": -1}}, {"type": "Feature", "geometry": {"type": "Polygon", "coordinates": [[[-0.175469, 51.435687], [-0.18217, 51.434487], [-0.183389, 51.430008], [-0.177907, 51.426728], [-0.171207, 51.427928], [-0.169987, 51.432408], [-0.175469, 51.435687]]]}, "properties": {"h3": "88194ada8bfffff", "poi": 157, "richness": 13, "hill_q1": 8.802, "hill_q2": 7.013, "top_share": 0.274, "flagged": false, "dominant": "services_and_business", "dna": {"services_and_business": 0.274, "health_care": 0.134, "shopping": 0.121, "sports_and_recreation": 0.108, "education": 0.096, "food_and_drink": 0.076, "lifestyle_services": 0.07, "travel_and_transportation": 0.045, "arts_and_entertainment": 0.025, "community_and_government": 0.019, "cultural_and_historic": 0.019, "geographic_entities": 0.006, "lodging": 0.006}, "tfidf": {"services_and_business": 0.274, "health_care": 0.145, "shopping": 0.122, "sports_and_recreation": 0.11, "education": 0.099, "food_and_drink": 0.08, "lifestyle_services": 0.074, "travel_and_transportation": 0.046, "arts_and_entertainment": 0.028, "community_and_government": 0.021, "cultural_and_historic": 0.021, "geographic_entities": 0.012, "lodging": 0.009}, "cluster": -1}}, {"type": "Feature", "geometry": {"type": "Polygon", "coordinates": [[[-0.19192, 51.445525], [-0.198623, 51.444325], [-0.199841, 51.439845], [-0.194356, 51.436566], [-0.187654, 51.437767], [-0.186435, 51.442246], [-0.19192, 51.445525]]]}, "properties": {"h3": "88194ada8dfffff", "poi": 316, "richness": 13, "hill_q1": 7.742, "hill_q2": 5.565, "top_share": 0.342, "flagged": false, "dominant": "services_and_business", "dna": {"services_and_business": 0.342, "food_and_drink": 0.168, "shopping": 0.13, "travel_and_transportation": 0.073, "sports_and_recreation": 0.06, "lifestyle_services": 0.054, "health_care": 0.044, "education": 0.041, "arts_and_entertainment": 0.038, "cultural_and_historic": 0.025, "community_and_government": 0.019, "geographic_entities": 0.003, "lodging": 0.003}, "tfidf": {"services_and_business": 0.342, "food_and_drink": 0.175, "shopping": 0.131, "travel_and_transportation": 0.075, "sports_and_recreation": 0.061, "lifestyle_services": 0.057, "health_care": 0.048, "education": 0.043, "arts_and_entertainment": 0.041, "cultural_and_historic": 0.027, "community_and_government": 0.021, "geographic_entities": 0.006, "lodging": 0.004}, "cluster": -1}}, {"type": "Feature", "geometry": {"type": "Polygon", "coordinates": [[[-0.166946, 51.420169], [-0.173645, 51.418969], [-0.174864, 51.414489], [-0.169384, 51.411209], [-0.162686, 51.412409], [-0.161466, 51.416889], [-0.166946, 51.420169]]]}, "properties": {"h3": "88194ada91fffff", "poi": 89, "richness": 12, "hill_q1": 6.886, "hill_q2": 4.597, "top_share": 0.404, "flagged": false, "dominant": "services_and_business", "dna": {"services_and_business": 0.404, "travel_and_transportation": 0.169, "shopping": 0.09, "sports_and_recreation": 0.09, "community_and_government": 0.056, "cultural_and_historic": 0.045, "education": 0.034, "food_and_drink": 0.034, "health_care": 0.034, "lifestyle_services": 0.022, "arts_and_entertainment": 0.011, "geographic_entities": 0.011}, "tfidf": {"services_and_business": 0.404, "travel_and_transportation": 0.173, "sports_and_recreation": 0.091, "shopping": 0.091, "community_and_government": 0.061, "cultural_and_historic": 0.049, "health_care": 0.037, "food_and_drink": 0.035, "education": 0.035, "lifestyle_services": 0.024, "geographic_entities": 0.022, "arts_and_entertainment": 0.012}, "cluster": -1}}, {"type": "Feature", "geometry": {"type": "Polygon", "coordinates": [[[-0.162686, 51.412409], [-0.169384, 51.411209], [-0.170603, 51.406729], [-0.165125, 51.403449], [-0.158428, 51.404649], [-0.157208, 51.409129], [-0.162686, 51.412409]]]}, "properties": {"h3": "88194ada93fffff", "poi": 336, "richness": 11, "hill_q1": 7.621, "hill_q2": 5.691, "top_share": 0.324, "flagged": false, "dominant": "services_and_business", "dna": {"services_and_business": 0.324, "shopping": 0.193, "food_and_drink": 0.113, "lifestyle_services": 0.089, "community_and_government": 0.054, "health_care": 0.054, "travel_and_transportation": 0.048, "education": 0.045, "sports_and_recreation": 0.033, "cultural_and_historic": 0.03, "arts_and_entertainment": 0.018}, "tfidf": {"services_and_business": 0.324, "shopping": 0.196, "food_and_drink": 0.118, "lifestyle_services": 0.095, "community_and_government": 0.058, "health_care": 0.058, "travel_and_transportation": 0.049, "education": 0.046, "sports_and_recreation": 0.033, "cultural_and_historic": 0.032, "arts_and_entertainment": 0.019}, "cluster": -1}}, {"type": "Feature", "geometry": {"type": "Polygon", "coordinates": [[[-0.179126, 51.422249], [-0.185826, 51.421048], [-0.187044, 51.416568], [-0.181563, 51.413288], [-0.174864, 51.414489], [-0.173645, 51.418969], [-0.179126, 51.422249]]]}, "properties": {"h3": "88194ada95fffff", "poi": 247, "richness": 13, "hill_q1": 8.134, "hill_q2": 6.108, "top_share": 0.296, "flagged": false, "dominant": "services_and_business", "dna": {"services_and_business": 0.296, "shopping": 0.194, "food_and_drink": 0.134, "travel_and_transportation": 0.097, "health_care": 0.061, "sports_and_recreation": 0.049, "education": 0.04, "cultural_and_historic": 0.036, "lifestyle_services": 0.036, "arts_and_entertainment": 0.02, "community_and_government": 0.02, "lodging": 0.012, "geographic_entities": 0.004}, "tfidf": {"services_and_business": 0.296, "shopping": 0.197, "food_and_drink": 0.14, "travel_and_transportation": 0.1, "health_care": 0.066, "sports_and_recreation": 0.049, "education": 0.042, "cultural_and_historic": 0.039, "lifestyle_services": 0.039, "arts_and_entertainment": 0.022, "community_and_government": 0.022, "lodging": 0.017, "geographic_entities": 0.008}, "cluster": -1}}, {"type": "Feature", "geometry": {"type": "Polygon", "coordinates": [[[-0.174864, 51.414489], [-0.181563, 51.413288], [-0.182781, 51.408808], [-0.177301, 51.405528], [-0.170603, 51.406729], [-0.169384, 51.411209], [-0.174864, 51.414489]]]}, "properties": {"h3": "88194ada97fffff", "poi": 166, "richness": 12, "hill_q1": 5.73, "hill_q2": 4.038, "top_share": 0.392, "flagged": false, "dominant": "services_and_business", "dna": {"services_and_business": 0.392, "shopping": 0.265, "travel_and_transportation": 0.133, "food_and_drink": 0.048, "lifestyle_services": 0.042, "arts_and_entertainment": 0.024, "education": 0.024, "health_care": 0.024, "cultural_and_historic": 0.018, "community_and_government": 0.012, "sports_and_recreation": 0.012, "lodging": 0.006}, "tfidf": {"services_and_business": 0.392, "shopping": 0.268, "travel_and_transportation": 0.136, "food_and_drink": 0.05, "lifestyle_services": 0.045, "arts_and_entertainment": 0.026, "health_care": 0.026, "education": 0.025, "cultural_and_historic": 0.02, "community_and_government": 0.013, "sports_and_recreation": 0.012, "lodging": 0.008}, "cluster": -1}}, {"type": "Feature", "geometry": {"type": "Polygon", "coordinates": [[[-0.159026, 51.425848], [-0.165726, 51.424648], [-0.166946, 51.420169], [-0.161466, 51.416889], [-0.154767, 51.418088], [-0.153547, 51.422567], [-0.159026, 51.425848]]]}, "properties": {"h3": "88194ada99fffff", "poi": 371, "richness": 12, "hill_q1": 6.749, "hill_q2": 4.889, "top_share": 0.361, "flagged": false, "dominant": "services_and_business", "dna": {"services_and_business": 0.361, "shopping": 0.186, "food_and_drink": 0.159, "lifestyle_services": 0.078, "travel_and_transportation": 0.062, "cultural_and_historic": 0.038, "education": 0.03, "health_care": 0.03, "sports_and_recreation": 0.027, "community_and_government": 0.013, "lodging": 0.011, "arts_and_entertainment": 0.005}, "tfidf": {"services_and_business": 0.361, "shopping": 0.188, "food_and_drink": 0.166, "lifestyle_services": 0.083, "travel_and_transportation": 0.064, "cultural_and_historic": 0.041, "health_care": 0.032, "education": 0.031, "sports_and_recreation": 0.027, "lodging": 0.015, "community_and_government": 0.015, "arts_and_entertainment": 0.006}, "cluster": -1}}, {"type": "Feature", "geometry": {"type": "Polygon", "coordinates": [[[-0.154767, 51.418088], [-0.161466, 51.416889], [-0.162686, 51.412409], [-0.157208, 51.409129], [-0.15051, 51.410328], [-0.14929, 51.414808], [-0.154767, 51.418088]]]}, "properties": {"h3": "88194ada9bfffff", "poi": 109, "richness": 12, "hill_q1": 6.863, "hill_q2": 4.614, "top_share": 0.404, "flagged": false, "dominant": "services_and_business", "dna": {"services_and_business": 0.404, "shopping": 0.165, "education": 0.083, "sports_and_recreation": 0.083, "travel_and_transportation": 0.083, "food_and_drink": 0.046, "lifestyle_services": 0.046, "health_care": 0.028, "arts_and_entertainment": 0.018, "community_and_government": 0.018, "cultural_and_historic": 0.018, "lodging": 0.009}, "tfidf": {"services_and_business": 0.404, "shopping": 0.167, "education": 0.086, "travel_and_transportation": 0.085, "sports_and_recreation": 0.084, "lifestyle_services": 0.049, "food_and_drink": 0.048, "health_care": 0.03, "arts_and_entertainment": 0.02, "community_and_government": 0.02, "cultural_and_historic": 0.02, "lodging": 0.013}, "cluster": -1}}, {"type": "Feature", "geometry": {"type": "Polygon", "coordinates": [[[-0.171207, 51.427928], [-0.177907, 51.426728], [-0.179126, 51.422249], [-0.173645, 51.418969], [-0.166946, 51.420169], [-0.165726, 51.424648], [-0.171207, 51.427928]]]}, "properties": {"h3": "88194ada9dfffff", "poi": 258, "richness": 12, "hill_q1": 8.184, "hill_q2": 6.788, "top_share": 0.252, "flagged": false, "dominant": "services_and_business", "dna": {"services_and_business": 0.252, "food_and_drink": 0.155, "shopping": 0.147, "health_care": 0.136, "lifestyle_services": 0.101, "travel_and_transportation": 0.074, "sports_and_recreation": 0.043, "education": 0.035, "community_and_government": 0.027, "cultural_and_historic": 0.016, "arts_and_entertainment": 0.008, "lodging": 0.008}, "tfidf": {"services_and_business": 0.252, "food_and_drink": 0.162, "shopping": 0.149, "health_care": 0.147, "lifestyle_services": 0.107, "travel_and_transportation": 0.076, "sports_and_recreation": 0.043, "education": 0.036, "community_and_government": 0.03, "cultural_and_historic": 0.017, "lodging": 0.011, "arts_and_entertainment": 0.008}, "cluster": -1}}, {"type": "Feature", "geometry": {"type": "Polygon", "coordinates": [[[-0.21995, 51.43624], [-0.226653, 51.435038], [-0.227869, 51.430557], [-0.222382, 51.427279], [-0.21568, 51.428481], [-0.214463, 51.432962], [-0.21995, 51.43624]]]}, "properties": {"h3": "88194adaa1fffff", "poi": 13, "richness": 8, "hill_q1": 7.327, "hill_q2": 6.76, "top_share": 0.231, "flagged": false, "dominant": "travel_and_transportation", "dna": {"travel_and_transportation": 0.231, "food_and_drink": 0.154, "services_and_business": 0.154, "shopping": 0.154, "arts_and_entertainment": 0.077, "cultural_and_historic": 0.077, "health_care": 0.077, "sports_and_recreation": 0.077}, "tfidf": {"travel_and_transportation": 0.238, "food_and_drink": 0.161, "shopping": 0.156, "services_and_business": 0.154, "arts_and_entertainment": 0.084, "health_care": 0.083, "cultural_and_historic": 0.083, "sports_and_recreation": 0.078}, "cluster": -1}}, {"type": "Feature", "geometry": {"type": "Polygon", "coordinates": [[[-0.21568, 51.428481], [-0.222382, 51.427279], [-0.223598, 51.422798], [-0.218112, 51.41952], [-0.211411, 51.420722], [-0.210194, 51.425203], [-0.21568, 51.428481]]]}, "properties": {"h3": "88194adaa3fffff", "poi": 324, "richness": 12, "hill_q1": 6.975, "hill_q2": 5.18, "top_share": 0.327, "flagged": false, "dominant": "services_and_business", "dna": {"services_and_business": 0.327, "shopping": 0.222, "food_and_drink": 0.142, "lifestyle_services": 0.096, "health_care": 0.056, "travel_and_transportation": 0.037, "arts_and_entertainment": 0.031, "sports_and_recreation": 0.028, "cultural_and_historic": 0.022, "education": 0.022, "community_and_government": 0.012, "lodging": 0.006}, "tfidf": {"services_and_business": 0.327, "shopping": 0.225, "food_and_drink": 0.148, "lifestyle_services": 0.102, "health_care": 0.06, "travel_and_transportation": 0.038, "arts_and_entertainment": 0.034, "sports_and_recreation": 0.028, "cultural_and_historic": 0.023, "education": 0.022, "community_and_government": 0.013, "lodging": 0.008}, "cluster": -1}}, {"type": "Feature", "geometry": {"type": "Polygon", "coordinates": [[[-0.21203, 51.441922], [-0.218733, 51.440721], [-0.21995, 51.43624], [-0.214463, 51.432962], [-0.207761, 51.434164], [-0.206544, 51.438644], [-0.21203, 51.441922]]]}, "properties": {"h3": "88194adaa9fffff", "poi": 62, "richness": 12, "hill_q1": 9.147, "hill_q2": 7.813, "top_share": 0.21, "flagged": false, "dominant": "sports_and_recreation", "dna": {"sports_and_recreation": 0.21, "food_and_drink": 0.145, "services_and_business": 0.145, "arts_and_entertainment": 0.129, "travel_and_transportation": 0.113, "shopping": 0.081, "community_and_government": 0.048, "cultural_and_historic": 0.032, "lifestyle_services": 0.032, "lodging": 0.032, "education": 0.016, "health_care": 0.016}, "tfidf": {"sports_and_recreation": 0.213, "food_and_drink": 0.152, "services_and_business": 0.145, "arts_and_entertainment": 0.141, "travel_and_transportation": 0.116, "shopping": 0.082, "community_and_government": 0.053, "lodging": 0.044, "cultural_and_historic": 0.035, "lifestyle_services": 0.034, "health_care": 0.018, "education": 0.017}, "cluster": -1}}, {"type": "Feature", "geometry": {"type": "Polygon", "coordinates": [[[-0.207761, 51.434164], [-0.214463, 51.432962], [-0.21568, 51.428481], [-0.210194, 51.425203], [-0.203493, 51.426405], [-0.202276, 51.430885], [-0.207761, 51.434164]]]}, "properties": {"h3": "88194adaabfffff", "poi": 37, "richness": 10, "hill_q1": 8.455, "hill_q2": 7.648, "top_share": 0.162, "flagged": false, "dominant": "education", "dna": {"education": 0.162, "services_and_business": 0.162, "sports_and_recreation": 0.162, "travel_and_transportation": 0.162, "shopping": 0.108, "arts_and_entertainment": 0.081, "cultural_and_historic": 0.054, "food_and_drink": 0.054, "geographic_entities": 0.027, "lodging": 0.027}, "tfidf": {"education": 0.168, "travel_and_transportation": 0.167, "sports_and_recreation": 0.164, "services_and_business": 0.162, "shopping": 0.109, "arts_and_entertainment": 0.088, "cultural_and_historic": 0.058, "food_and_drink": 0.057, "geographic_entities": 0.052, "lodging": 0.037}, "cluster": -1}}, {"type": "Feature", "geometry": {"type": "Polygon", "coordinates": [[[-0.199226, 51.418646], [-0.205927, 51.417444], [-0.207144, 51.412963], [-0.201661, 51.409684], [-0.194961, 51.410886], [-0.193744, 51.415367], [-0.199226, 51.418646]]]}, "properties": {"h3": "88194adab1fffff", "poi": 191, "richness": 12, "hill_q1": 8.788, "hill_q2": 6.717, "top_share": 0.304, "flagged": false, "dominant": "services_and_business", "dna": {"services_and_business": 0.304, "shopping": 0.115, "travel_and_transportation": 0.11, "food_and_drink": 0.105, "lifestyle_services": 0.073, "education": 0.063, "health_care": 0.063, "sports_and_recreation": 0.052, "cultural_and_historic": 0.047, "community_and_government": 0.042, "arts_and_entertainment": 0.016, "lodging": 0.01}, "tfidf": {"services_and_business": 0.304, "shopping": 0.117, "travel_and_transportation": 0.113, "food_and_drink": 0.109, "lifestyle_services": 0.078, "health_care": 0.068, "education": 0.065, "sports_and_recreation": 0.053, "cultural_and_historic": 0.051, "community_and_government": 0.046, "arts_and_entertainment": 0.017, "lodging": 0.014}, "cluster": -1}}, {"type": "Feature", "geometry": {"type": "Polygon", "coordinates": [[[-0.194961, 51.410886], [-0.201661, 51.409684], [-0.202878, 51.405202], [-0.197396, 51.401923], [-0.190698, 51.403126], [-0.18948, 51.407607], [-0.194961, 51.410886]]]}, "properties": {"h3": "88194adab3fffff", "poi": 142, "richness": 11, "hill_q1": 7.512, "hill_q2": 5.655, "top_share": 0.338, "flagged": false, "dominant": "services_and_business", "dna": {"services_and_business": 0.338, "travel_and_transportation": 0.134, "shopping": 0.127, "food_and_drink": 0.113, "lifestyle_services": 0.085, "health_care": 0.063, "sports_and_recreation": 0.049, "education": 0.035, "arts_and_entertainment": 0.021, "community_and_government": 0.021, "cultural_and_historic": 0.014}, "tfidf": {"services_and_business": 0.338, "travel_and_transportation": 0.138, "shopping": 0.128, "food_and_drink": 0.118, "lifestyle_services": 0.09, "health_care": 0.069, "sports_and_recreation": 0.05, "education": 0.036, "arts_and_entertainment": 0.023, "community_and_government": 0.023, "cultural_and_historic": 0.015}, "cluster": -1}}, {"type": "Feature", "geometry": {"type": "Polygon", "coordinates": [[[-0.211411, 51.420722], [-0.218112, 51.41952], [-0.219328, 51.415038], [-0.213844, 51.41176], [-0.207144, 51.412963], [-0.205927, 51.417444], [-0.211411, 51.420722]]]}, "properties": {"h3": "88194adab5fffff", "poi": 136, "richness": 12, "hill_q1": 8.936, "hill_q2": 7.017, "top_share": 0.279, "flagged": false, "dominant": "services_and_business", "dna": {"services_and_business": 0.279, "sports_and_recreation": 0.132, "travel_and_transportation": 0.132, "health_care": 0.103, "education": 0.081, "food_and_drink": 0.059, "shopping": 0.059, "arts_and_entertainment": 0.044, "community_and_government": 0.044, "cultural_and_historic": 0.022, "lifestyle_services": 0.022, "lodging": 0.022}, "tfidf": {"services_and_business": 0.279, "travel_and_transportation": 0.136, "sports_and_recreation": 0.134, "health_care": 0.112, "education": 0.084, "food_and_drink": 0.061, "shopping": 0.06, "arts_and_entertainment": 0.048, "community_and_government": 0.048, "lodging": 0.03, "cultural_and_historic": 0.024, "lifestyle_services": 0.023}, "cluster": -1}}, {"type": "Feature", "geometry": {"type": "Polygon", "coordinates": [[[-0.207144, 51.412963], [-0.213844, 51.41176], [-0.21506, 51.407278], [-0.209577, 51.404], [-0.202878, 51.405202], [-0.201661, 51.409684], [-0.207144, 51.412963]]]}, "properties": {"h3": "88194adab7fffff", "poi": 165, "richness": 11, "hill_q1": 7.83, "hill_q2": 5.819, "top_share": 0.339, "flagged": false, "dominant": "services_and_business", "dna": {"services_and_business": 0.339, "shopping": 0.133, "food_and_drink": 0.103, "travel_and_transportation": 0.097, "education": 0.079, "health_care": 0.079, "sports_and_recreation": 0.048, "arts_and_entertainment": 0.036, "community_and_government": 0.036, "lifestyle_services": 0.036, "cultural_and_historic": 0.012}, "tfidf": {"services_and_business": 0.339, "shopping": 0.135, "food_and_drink": 0.108, "travel_and_transportation": 0.1, "health_care": 0.086, "education": 0.082, "sports_and_recreation": 0.049, "arts_and_entertainment": 0.04, "community_and_government": 0.04, "lifestyle_services": 0.039, "cultural_and_historic": 0.013}, "cluster": -1}}, {"type": "Feature", "geometry": {"type": "Polygon", "coordinates": [[[-0.191308, 51.424327], [-0.198009, 51.423126], [-0.199226, 51.418646], [-0.193744, 51.415367], [-0.187044, 51.416568], [-0.185826, 51.421048], [-0.191308, 51.424327]]]}, "properties": {"h3": "88194adab9fffff", "poi": 402, "richness": 12, "hill_q1": 7.66, "hill_q2": 5.345, "top_share": 0.363, "flagged": false, "dominant": "services_and_business", "dna": {"services_and_business": 0.363, "food_and_drink": 0.142, "shopping": 0.129, "lifestyle_services": 0.08, "travel_and_transportation": 0.057, "sports_and_recreation": 0.05, "health_care": 0.047, "education": 0.042, "cultural_and_historic": 0.03, "community_and_government": 0.027, "arts_and_entertainment": 0.022, "lodging": 0.01}, "tfidf": {"services_and_business": 0.363, "food_and_drink": 0.148, "shopping": 0.131, "lifestyle_services": 0.084, "travel_and_transportation": 0.059, "health_care": 0.051, "sports_and_recreation": 0.05, "education": 0.044, "cultural_and_historic": 0.032, "community_and_government": 0.03, "arts_and_entertainment": 0.024, "lodging": 0.014}, "cluster": -1}}, {"type": "Feature", "geometry": {"type": "Polygon", "coordinates": [[[-0.187044, 51.416568], [-0.193744, 51.415367], [-0.194961, 51.410886], [-0.18948, 51.407607], [-0.182781, 51.408808], [-0.181563, 51.413288], [-0.187044, 51.416568]]]}, "properties": {"h3": "88194adabbfffff", "poi": 642, "richness": 12, "hill_q1": 5.744, "hill_q2": 3.616, "top_share": 0.478, "flagged": false, "dominant": "services_and_business", "dna": {"services_and_business": 0.478, "shopping": 0.176, "food_and_drink": 0.079, "lifestyle_services": 0.058, "travel_and_transportation": 0.051, "sports_and_recreation": 0.042, "health_care": 0.034, "education": 0.033, "arts_and_entertainment": 0.016, "community_and_government": 0.016, "cultural_and_historic": 0.011, "lodging": 0.006}, "tfidf": {"services_and_business": 0.478, "shopping": 0.178, "food_and_drink": 0.083, "lifestyle_services": 0.061, "travel_and_transportation": 0.053, "sports_and_recreation": 0.043, "health_care": 0.037, "education": 0.034, "arts_and_entertainment": 0.017, "community_and_government": 0.017, "cultural_and_historic": 0.012, "lodging": 0.009}, "cluster": -1}}, {"type": "Feature", "geometry": {"type": "Polygon", "coordinates": [[[-0.203493, 51.426405], [-0.210194, 51.425203], [-0.211411, 51.420722], [-0.205927, 51.417444], [-0.199226, 51.418646], [-0.198009, 51.423126], [-0.203493, 51.426405]]]}, "properties": {"h3": "88194adabdfffff", "poi": 795, "richness": 12, "hill_q1": 7.6, "hill_q2": 5.617, "top_share": 0.317, "flagged": false, "dominant": "services_and_business", "dna": {"services_and_business": 0.317, "shopping": 0.186, "food_and_drink": 0.169, "health_care": 0.064, "lifestyle_services": 0.058, "travel_and_transportation": 0.048, "sports_and_recreation": 0.039, "arts_and_entertainment": 0.033, "education": 0.031, "community_and_government": 0.028, "lodging": 0.016, "cultural_and_historic": 0.011}, "tfidf": {"services_and_business": 0.317, "shopping": 0.188, "food_and_drink": 0.176, "health_care": 0.07, "lifestyle_services": 0.061, "travel_and_transportation": 0.049, "sports_and_recreation": 0.04, "arts_and_entertainment": 0.036, "education": 0.033, "community_and_government": 0.03, "lodging": 0.022, "cultural_and_historic": 0.012}, "cluster": -1}}, {"type": "Feature", "geometry": {"type": "Polygon", "coordinates": [[[-0.176074, 51.456882], [-0.182778, 51.455683], [-0.183998, 51.451204], [-0.178513, 51.447925], [-0.17181, 51.449124], [-0.17059, 51.453602], [-0.176074, 51.456882]]]}, "properties": {"h3": "88194adac1fffff", "poi": 89, "richness": 11, "hill_q1": 9.29, "hill_q2": 8.277, "top_share": 0.191, "flagged": false, "dominant": "services_and_business", "dna": {"services_and_business": 0.191, "travel_and_transportation": 0.169, "shopping": 0.124, "sports_and_recreation": 0.124, "education": 0.09, "community_and_government": 0.067, "cultural_and_historic": 0.056, "food_and_drink": 0.056, "health_care": 0.056, "lifestyle_services": 0.056, "arts_and_entertainment": 0.011}, "tfidf": {"services_and_business": 0.191, "travel_and_transportation": 0.173, "sports_and_recreation": 0.125, "shopping": 0.125, "education": 0.093, "community_and_government": 0.073, "health_care": 0.061, "cultural_and_historic": 0.061, "lifestyle_services": 0.06, "food_and_drink": 0.059, "arts_and_entertainment": 0.012}, "cluster": -1}}, {"type": "Feature", "geometry": {"type": "Polygon", "coordinates": [[[-0.17181, 51.449124], [-0.178513, 51.447925], [-0.179733, 51.443446], [-0.17425, 51.440166], [-0.167548, 51.441365], [-0.166328, 51.445844], [-0.17181, 51.449124]]]}, "properties": {"h3": "88194adac3fffff", "poi": 84, "richness": 11, "hill_q1": 6.558, "hill_q2": 4.748, "top_share": 0.381, "flagged": false, "dominant": "services_and_business", "dna": {"services_and_business": 0.381, "food_and_drink": 0.179, "shopping": 0.119, "travel_and_transportation": 0.095, "lifestyle_services": 0.06, "sports_and_recreation": 0.06, "arts_and_entertainment": 0.048, "community_and_government": 0.024, "cultural_and_historic": 0.012, "education": 0.012, "health_care": 0.012}, "tfidf": {"services_and_business": 0.381, "food_and_drink": 0.187, "shopping": 0.12, "travel_and_transportation": 0.098, "lifestyle_services": 0.063, "sports_and_recreation": 0.06, "arts_and_entertainment": 0.052, "community_and_government": 0.026, "health_care": 0.013, "cultural_and_historic": 0.013, "education": 0.012}, "cluster": -1}}, {"type": "Feature", "geometry": {"type": "Polygon", "coordinates": [[[-0.188264, 51.458962], [-0.194968, 51.457762], [-0.196187, 51.453283], [-0.190701, 51.450004], [-0.183998, 51.451204], [-0.182778, 51.455683], [-0.188264, 51.458962]]]}, "properties": {"h3": "88194adac5fffff", "poi": 461, "richness": 12, "hill_q1": 7.725, "hill_q2": 6.07, "top_share": 0.243, "flagged": false, "dominant": "shopping", "dna": {"shopping": 0.243, "services_and_business": 0.236, "food_and_drink": 0.176, "lifestyle_services": 0.085, "sports_and_recreation": 0.076, "travel_and_transportation": 0.05, "education": 0.041, "community_and_government": 0.024, "cultural_and_historic": 0.022, "arts_and_entertainment": 0.02, "health_care": 0.017, "lodging": 0.011}, "tfidf": {"shopping": 0.246, "services_and_business": 0.236, "food_and_drink": 0.184, "lifestyle_services": 0.09, "sports_and_recreation": 0.077, "travel_and_transportation": 0.051, "education": 0.043, "community_and_government": 0.026, "cultural_and_historic": 0.023, "arts_and_entertainment": 0.021, "health_care": 0.019, "lodging": 0.015}, "cluster": -1}}, {"type": "Feature", "geometry": {"type": "Polygon", "coordinates": [[[-0.183998, 51.451204], [-0.190701, 51.450004], [-0.19192, 51.445525], [-0.186435, 51.442246], [-0.179733, 51.443446], [-0.178513, 51.447925], [-0.183998, 51.451204]]]}, "properties": {"h3": "88194adac7fffff", "poi": 173, "richness": 13, "hill_q1": 7.535, "hill_q2": 5.222, "top_share": 0.37, "flagged": false, "dominant": "services_and_business", "dna": {"services_and_business": 0.37, "food_and_drink": 0.139, "shopping": 0.121, "lifestyle_services": 0.075, "travel_and_transportation": 0.075, "sports_and_recreation": 0.064, "education": 0.058, "health_care": 0.029, "arts_and_entertainment": 0.023, "cultural_and_historic": 0.017, "community_and_government": 0.012, "lodging": 0.012, "geographic_entities": 0.006}, "tfidf": {"services_and_business": 0.37, "food_and_drink": 0.145, "shopping": 0.123, "lifestyle_services": 0.08, "travel_and_transportation": 0.077, "sports_and_recreation": 0.064, "education": 0.06, "health_care": 0.031, "arts_and_entertainment": 0.025, "cultural_and_historic": 0.019, "lodging": 0.016, "community_and_government": 0.013, "geographic_entities": 0.011}, "cluster": -1}}, {"type": "Feature", "geometry": {"type": "Polygon", "coordinates": [[[-0.16815, 51.462558], [-0.174855, 51.46136], [-0.176074, 51.456882], [-0.17059, 51.453602], [-0.163887, 51.454801], [-0.162667, 51.459278], [-0.16815, 51.462558]]]}, "properties": {"h3": "88194adac9fffff", "poi": 479, "richness": 12, "hill_q1": 7.46, "hill_q2": 6.019, "top_share": 0.246, "flagged": false, "dominant": "shopping", "dna": {"shopping": 0.246, "food_and_drink": 0.205, "services_and_business": 0.2, "lifestyle_services": 0.117, "health_care": 0.065, "sports_and_recreation": 0.044, "education": 0.04, "travel_and_transportation": 0.04, "arts_and_entertainment": 0.013, "community_and_government": 0.013, "cultural_and_historic": 0.013, "lodging": 0.006}, "tfidf": {"shopping": 0.249, "food_and_drink": 0.214, "services_and_business": 0.2, "lifestyle_services": 0.124, "health_care": 0.07, "sports_and_recreation": 0.044, "education": 0.041, "travel_and_transportation": 0.041, "arts_and_entertainment": 0.014, "community_and_government": 0.014, "cultural_and_historic": 0.014, "lodging": 0.009}, "cluster": -1}}, {"type": "Feature", "geometry": {"type": "Polygon", "coordinates": [[[-0.163887, 51.454801], [-0.17059, 51.453602], [-0.17181, 51.449124], [-0.166328, 51.445844], [-0.159625, 51.447042], [-0.158405, 51.451521], [-0.163887, 51.454801]]]}, "properties": {"h3": "88194adacbfffff", "poi": 89, "richness": 11, "hill_q1": 8.42, "hill_q2": 6.776, "top_share": 0.281, "flagged": false, "dominant": "services_and_business", "dna": {"services_and_business": 0.281, "shopping": 0.169, "education": 0.09, "lifestyle_services": 0.09, "food_and_drink": 0.079, "sports_and_recreation": 0.079, "travel_and_transportation": 0.079, "health_care": 0.056, "community_and_government": 0.034, "cultural_and_historic": 0.034, "arts_and_entertainment": 0.011}, "tfidf": {"services_and_business": 0.281, "shopping": 0.171, "lifestyle_services": 0.095, "education": 0.093, "food_and_drink": 0.082, "travel_and_transportation": 0.081, "sports_and_recreation": 0.08, "health_care": 0.061, "community_and_government": 0.037, "cultural_and_historic": 0.036, "arts_and_entertainment": 0.012}, "cluster": -1}}, {"type": "Feature", "geometry": {"type": "Polygon", "coordinates": [[[-0.18034, 51.464639], [-0.187045, 51.46344], [-0.188264, 51.458962], [-0.182778, 51.455683], [-0.176074, 51.456882], [-0.174855, 51.46136], [-0.18034, 51.464639]]]}, "properties": {"h3": "88194adacdfffff", "poi": 285, "richness": 12, "hill_q1": 7.35, "hill_q2": 5.265, "top_share": 0.365, "flagged": false, "dominant": "services_and_business", "dna": {"services_and_business": 0.365, "food_and_drink": 0.137, "shopping": 0.126, "lifestyle_services": 0.084, "travel_and_transportation": 0.081, "sports_and_recreation": 0.053, "arts_and_entertainment": 0.046, "health_care": 0.046, "education": 0.035, "cultural_and_historic": 0.014, "community_and_government": 0.011, "lodging": 0.004}, "tfidf": {"services_and_business": 0.365, "food_and_drink": 0.143, "shopping": 0.128, "lifestyle_services": 0.089, "travel_and_transportation": 0.083, "sports_and_recreation": 0.053, "arts_and_entertainment": 0.05, "health_care": 0.05, "education": 0.036, "cultural_and_historic": 0.015, "community_and_government": 0.011, "lodging": 0.005}, "cluster": -1}}, {"type": "Feature", "geometry": {"type": "Polygon", "coordinates": [[[-0.155365, 51.439284], [-0.162066, 51.438086], [-0.163286, 51.433607], [-0.157806, 51.430327], [-0.151106, 51.431525], [-0.149885, 51.436004], [-0.155365, 51.439284]]]}, "properties": {"h3": "88194adad1fffff", "poi": 324, "richness": 12, "hill_q1": 7.395, "hill_q2": 5.567, "top_share": 0.306, "flagged": false, "dominant": "services_and_business", "dna": {"services_and_business": 0.306, "food_and_drink": 0.225, "shopping": 0.139, "lifestyle_services": 0.068, "travel_and_transportation": 0.068, "health_care": 0.049, "sports_and_recreation": 0.043, "education": 0.037, "cultural_and_historic": 0.025, "arts_and_entertainment": 0.019, "community_and_government": 0.019, "lodging": 0.003}, "tfidf": {"services_and_business": 0.306, "food_and_drink": 0.236, "shopping": 0.141, "lifestyle_services": 0.072, "travel_and_transportation": 0.07, "health_care": 0.054, "sports_and_recreation": 0.044, "education": 0.038, "cultural_and_historic": 0.027, "arts_and_entertainment": 0.02, "community_and_government": 0.02, "lodging": 0.004}, "cluster": -1}}, {"type": "Feature", "geometry": {"type": "Polygon", "coordinates": [[[-0.151106, 51.431525], [-0.157806, 51.430327], [-0.159026, 51.425848], [-0.153547, 51.422567], [-0.146848, 51.423766], [-0.145627, 51.428245], [-0.151106, 51.431525]]]}, "properties": {"h3": "88194adad3fffff", "poi": 97, "richness": 13, "hill_q1": 9.223, "hill_q2": 7.08, "top_share": 0.268, "flagged": false, "dominant": "services_and_business", "dna": {"services_and_business": 0.268, "shopping": 0.186, "sports_and_recreation": 0.093, "food_and_drink": 0.082, "travel_and_transportation": 0.082, "lodging": 0.062, "education": 0.052, "health_care": 0.052, "community_and_government": 0.041, "arts_and_entertainment": 0.031, "cultural_and_historic": 0.021, "lifestyle_services": 0.021, "geographic_entities": 0.01}, "tfidf": {"services_and_business": 0.268, "shopping": 0.188, "sports_and_recreation": 0.094, "food_and_drink": 0.086, "travel_and_transportation": 0.085, "lodging": 0.085, "health_care": 0.056, "education": 0.053, "community_and_government": 0.045, "arts_and_entertainment": 0.034, "cultural_and_historic": 0.022, "lifestyle_services": 0.022, "geographic_entities": 0.02}, "cluster": -1}}, {"type": "Feature", "geometry": {"type": "Polygon", "coordinates": [[[-0.167548, 51.441365], [-0.17425, 51.440166], [-0.175469, 51.435687], [-0.169987, 51.432408], [-0.163286, 51.433607], [-0.162066, 51.438086], [-0.167548, 51.441365]]]}, "properties": {"h3": "88194adad5fffff", "poi": 68, "richness": 11, "hill_q1": 8.747, "hill_q2": 7.248, "top_share": 0.25, "flagged": false, "dominant": "services_and_business", "dna": {"services_and_business": 0.25, "travel_and_transportation": 0.162, "sports_and_recreation": 0.132, "education": 0.118, "lifestyle_services": 0.074, "community_and_government": 0.059, "health_care": 0.059, "arts_and_entertainment": 0.044, "shopping": 0.044, "cultural_and_historic": 0.029, "food_and_drink": 0.029}, "tfidf": {"services_and_business": 0.25, "travel_and_transportation": 0.167, "sports_and_recreation": 0.134, "education": 0.122, "lifestyle_services": 0.078, "community_and_government": 0.064, "health_care": 0.064, "arts_and_entertainment": 0.048, "shopping": 0.045, "cultural_and_historic": 0.032, "food_and_drink": 0.031}, "cluster": -1}}, {"type": "Feature", "geometry": {"type": "Polygon", "coordinates": [[[-0.163286, 51.433607], [-0.169987, 51.432408], [-0.171207, 51.427928], [-0.165726, 51.424648], [-0.159026, 51.425848], [-0.157806, 51.430327], [-0.163286, 51.433607]]]}, "properties": {"h3": "88194adad7fffff", "poi": 704, "richness": 12, "hill_q1": 6.926, "hill_q2": 5.355, "top_share": 0.274, "flagged": false, "dominant": "food_and_drink", "dna": {"food_and_drink": 0.274, "shopping": 0.224, "services_and_business": 0.219, "travel_and_transportation": 0.075, "lifestyle_services": 0.067, "health_care": 0.03, "education": 0.028, "cultural_and_historic": 0.024, "arts_and_entertainment": 0.02, "sports_and_recreation": 0.018, "community_and_government": 0.014, "lodging": 0.006}, "tfidf": {"food_and_drink": 0.287, "shopping": 0.227, "services_and_business": 0.219, "travel_and_transportation": 0.077, "lifestyle_services": 0.071, "health_care": 0.032, "education": 0.029, "cultural_and_historic": 0.026, "arts_and_entertainment": 0.022, "sports_and_recreation": 0.019, "community_and_government": 0.015, "lodging": 0.008}, "cluster": -1}}, {"type": "Feature", "geometry": {"type": "Polygon", "coordinates": [[[-0.147443, 51.44496], [-0.154144, 51.443762], [-0.155365, 51.439284], [-0.149885, 51.436004], [-0.143184, 51.437201], [-0.141963, 51.441679], [-0.147443, 51.44496]]]}, "properties": {"h3": "88194adad9fffff", "poi": 275, "richness": 12, "hill_q1": 7.966, "hill_q2": 5.945, "top_share": 0.287, "flagged": false, "dominant": "services_and_business", "dna": {"services_and_business": 0.287, "food_and_drink": 0.225, "shopping": 0.142, "travel_and_transportation": 0.062, "sports_and_recreation": 0.047, "arts_and_entertainment": 0.04, "cultural_and_historic": 0.04, "education": 0.04, "lifestyle_services": 0.04, "health_care": 0.036, "community_and_government": 0.029, "lodging": 0.011}, "tfidf": {"services_and_business": 0.287, "food_and_drink": 0.236, "shopping": 0.144, "travel_and_transportation": 0.064, "sports_and_recreation": 0.048, "arts_and_entertainment": 0.044, "cultural_and_historic": 0.043, "lifestyle_services": 0.042, "education": 0.041, "health_care": 0.039, "community_and_government": 0.032, "lodging": 0.015}, "cluster": -1}}, {"type": "Feature", "geometry": {"type": "Polygon", "coordinates": [[[-0.143184, 51.437201], [-0.149885, 51.436004], [-0.151106, 51.431525], [-0.145627, 51.428245], [-0.138928, 51.429442], [-0.137706, 51.433921], [-0.143184, 51.437201]]]}, "properties": {"h3": "88194adadbfffff", "poi": 40, "richness": 10, "hill_q1": 5.929, "hill_q2": 4.255, "top_share": 0.375, "flagged": false, "dominant": "sports_and_recreation", "dna": {"sports_and_recreation": 0.375, "services_and_business": 0.275, "shopping": 0.075, "travel_and_transportation": 0.075, "food_and_drink": 0.05, "lifestyle_services": 0.05, "arts_and_entertainment": 0.025, "community_and_government": 0.025, "geographic_entities": 0.025, "lodging": 0.025}, "tfidf": {"sports_and_recreation": 0.38, "services_and_business": 0.275, "travel_and_transportation": 0.077, "shopping": 0.076, "lifestyle_services": 0.053, "food_and_drink": 0.052, "geographic_entities": 0.048, "lodging": 0.034, "arts_and_entertainment": 0.027, "community_and_government": 0.027}, "cluster": -1}}, {"type": "Feature", "geometry": {"type": "Polygon", "coordinates": [[[-0.159625, 51.447042], [-0.166328, 51.445844], [-0.167548, 51.441365], [-0.162066, 51.438086], [-0.155365, 51.439284], [-0.154144, 51.443762], [-0.159625, 51.447042]]]}, "properties": {"h3": "88194adaddfffff", "poi": 170, "richness": 12, "hill_q1": 9.29, "hill_q2": 7.723, "top_share": 0.247, "flagged": false, "dominant": "services_and_business", "dna": {"services_and_business": 0.247, "food_and_drink": 0.135, "shopping": 0.129, "health_care": 0.1, "travel_and_transportation": 0.082, "education": 0.071, "sports_and_recreation": 0.065, "cultural_and_historic": 0.059, "lifestyle_services": 0.047, "arts_and_entertainment": 0.029, "community_and_government": 0.029, "lodging": 0.006}, "tfidf": {"services_and_business": 0.247, "food_and_drink": 0.141, "shopping": 0.131, "health_care": 0.109, "travel_and_transportation": 0.085, "education": 0.073, "sports_and_recreation": 0.066, "cultural_and_historic": 0.064, "lifestyle_services": 0.05, "arts_and_entertainment": 0.032, "community_and_government": 0.032, "lodging": 0.008}, "cluster": -1}}, {"type": "Feature", "geometry": {"type": "Polygon", "coordinates": [[[-0.208378, 51.455361], [-0.215083, 51.45416], [-0.2163, 51.449681], [-0.210813, 51.446402], [-0.204109, 51.447603], [-0.202891, 51.452083], [-0.208378, 51.455361]]]}, "properties": {"h3": "88194adae1fffff", "poi": 62, "richness": 10, "hill_q1": 8.03, "hill_q2": 6.697, "top_share": 0.274, "flagged": false, "dominant": "services_and_business", "dna": {"services_and_business": 0.274, "travel_and_transportation": 0.145, "education": 0.129, "cultural_and_historic": 0.113, "health_care": 0.113, "shopping": 0.065, "lifestyle_services": 0.048, "sports_and_recreation": 0.048, "arts_and_entertainment": 0.032, "food_and_drink": 0.032}, "tfidf": {"services_and_business": 0.274, "travel_and_transportation": 0.149, "education": 0.134, "health_care": 0.123, "cultural_and_historic": 0.122, "shopping": 0.065, "lifestyle_services": 0.051, "sports_and_recreation": 0.049, "arts_and_entertainment": 0.035, "food_and_drink": 0.034}, "cluster": -1}}, {"type": "Feature", "geometry": {"type": "Polygon", "coordinates": [[[-0.204109, 51.447603], [-0.210813, 51.446402], [-0.21203, 51.441922], [-0.206544, 51.438644], [-0.199841, 51.439845], [-0.198623, 51.444325], [-0.204109, 51.447603]]]}, "properties": {"h3": "88194adae3fffff", "poi": 221, "richness": 12, "hill_q1": 7.356, "hill_q2": 5.667, "top_share": 0.29, "flagged": false, "dominant": "services_and_business", "dna": {"services_and_business": 0.29, "shopping": 0.244, "lifestyle_services": 0.095, "food_and_drink": 0.09, "health_care": 0.077, "travel_and_transportation": 0.068, "sports_and_recreation": 0.059, "education": 0.032, "arts_and_entertainment": 0.023, "cultural_and_historic": 0.009, "lodging": 0.009, "community_and_government": 0.005}, "tfidf": {"services_and_business": 0.29, "shopping": 0.247, "lifestyle_services": 0.101, "food_and_drink": 0.095, "health_care": 0.083, "travel_and_transportation": 0.07, "sports_and_recreation": 0.06, "education": 0.033, "arts_and_entertainment": 0.025, "lodging": 0.012, "cultural_and_historic": 0.01, "community_and_government": 0.005}, "cluster": -1}}, {"type": "Feature", "geometry": {"type": "Polygon", "coordinates": [[[-0.220572, 51.457438], [-0.227278, 51.456237], [-0.228494, 51.451757], [-0.223005, 51.448479], [-0.2163, 51.449681], [-0.215083, 51.45416], [-0.220572, 51.457438]]]}, "properties": {"h3": "88194adae5fffff", "poi": 25, "richness": 9, "hill_q1": 6.862, "hill_q2": 5.734, "top_share": 0.24, "flagged": false, "dominant": "services_and_business", "dna": {"services_and_business": 0.24, "travel_and_transportation": 0.24, "education": 0.2, "cultural_and_historic": 0.08, "shopping": 0.08, "arts_and_entertainment": 0.04, "food_and_drink": 0.04, "health_care": 0.04, "sports_and_recreation": 0.04}, "tfidf": {"travel_and_transportation": 0.247, "services_and_business": 0.24, "education": 0.207, "cultural_and_historic": 0.087, "shopping": 0.081, "arts_and_entertainment": 0.044, "health_care": 0.043, "food_and_drink": 0.042, "sports_and_recreation": 0.041}, "cluster": -1}}, {"type": "Feature", "geometry": {"type": "Polygon", "coordinates": [[[-0.2163, 51.449681], [-0.223005, 51.448479], [-0.224221, 51.443999], [-0.218733, 51.440721], [-0.21203, 51.441922], [-0.210813, 51.446402], [-0.2163, 51.449681]]]}, "properties": {"h3": "88194adae7fffff", "poi": 89, "richness": 11, "hill_q1": 8.357, "hill_q2": 6.787, "top_share": 0.247, "flagged": false, "dominant": "travel_and_transportation", "dna": {"travel_and_transportation": 0.247, "services_and_business": 0.213, "shopping": 0.112, "education": 0.101, "community_and_government": 0.079, "sports_and_recreation": 0.067, "cultural_and_historic": 0.045, "health_care": 0.045, "lifestyle_services": 0.045, "arts_and_entertainment": 0.022, "food_and_drink": 0.022}, "tfidf": {"travel_and_transportation": 0.254, "services_and_business": 0.213, "shopping": 0.114, "education": 0.105, "community_and_government": 0.086, "sports_and_recreation": 0.068, "health_care": 0.049, "cultural_and_historic": 0.049, "lifestyle_services": 0.048, "arts_and_entertainment": 0.025, "food_and_drink": 0.023}, "cluster": -1}}, {"type": "Feature", "geometry": {"type": "Polygon", "coordinates": [[[-0.200455, 51.461041], [-0.207161, 51.459841], [-0.208378, 51.455361], [-0.202891, 51.452083], [-0.196187, 51.453283], [-0.194968, 51.457762], [-0.200455, 51.461041]]]}, "properties": {"h3": "88194adae9fffff", "poi": 310, "richness": 13, "hill_q1": 7.895, "hill_q2": 5.49, "top_share": 0.358, "flagged": false, "dominant": "services_and_business", "dna": {"services_and_business": 0.358, "shopping": 0.135, "food_and_drink": 0.113, "travel_and_transportation": 0.1, "sports_and_recreation": 0.065, "lifestyle_services": 0.061, "education": 0.042, "health_care": 0.035, "arts_and_entertainment": 0.023, "community_and_government": 0.023, "cultural_and_historic": 0.023, "lodging": 0.019, "geographic_entities": 0.003}, "tfidf": {"services_and_business": 0.358, "shopping": 0.137, "food_and_drink": 0.118, "travel_and_transportation": 0.103, "sports_and_recreation": 0.065, "lifestyle_services": 0.065, "education": 0.043, "health_care": 0.039, "lodging": 0.026, "arts_and_entertainment": 0.025, "community_and_government": 0.025, "cultural_and_historic": 0.024, "geographic_entities": 0.006}, "cluster": -1}}, {"type": "Feature", "geometry": {"type": "Polygon", "coordinates": [[[-0.196187, 51.453283], [-0.202891, 51.452083], [-0.204109, 51.447603], [-0.198623, 51.444325], [-0.19192, 51.445525], [-0.190701, 51.450004], [-0.196187, 51.453283]]]}, "properties": {"h3": "88194adaebfffff", "poi": 300, "richness": 12, "hill_q1": 7.176, "hill_q2": 5.212, "top_share": 0.35, "flagged": false, "dominant": "services_and_business", "dna": {"services_and_business": 0.35, "shopping": 0.2, "food_and_drink": 0.1, "travel_and_transportation": 0.08, "sports_and_recreation": 0.063, "education": 0.057, "lifestyle_services": 0.057, "health_care": 0.037, "arts_and_entertainment": 0.03, "cultural_and_historic": 0.013, "community_and_government": 0.01, "lodging": 0.003}, "tfidf": {"services_and_business": 0.35, "shopping": 0.202, "food_and_drink": 0.105, "travel_and_transportation": 0.082, "sports_and_recreation": 0.064, "lifestyle_services": 0.06, "education": 0.059, "health_care": 0.04, "arts_and_entertainment": 0.033, "cultural_and_historic": 0.014, "community_and_government": 0.011, "lodging": 0.005}, "cluster": -1}}, {"type": "Feature", "geometry": {"type": "Polygon", "coordinates": [[[-0.212649, 51.463119], [-0.219355, 51.461918], [-0.220572, 51.457438], [-0.215083, 51.45416], [-0.208378, 51.455361], [-0.207161, 51.459841], [-0.212649, 51.463119]]]}, "properties": {"h3": "88194adaedfffff", "poi": 503, "richness": 13, "hill_q1": 7.472, "hill_q2": 5.396, "top_share": 0.35, "flagged": false, "dominant": "services_and_business", "dna": {"services_and_business": 0.35, "food_and_drink": 0.161, "shopping": 0.123, "lifestyle_services": 0.087, "travel_and_transportation": 0.078, "health_care": 0.068, "sports_and_recreation": 0.04, "education": 0.028, "community_and_government": 0.022, "arts_and_entertainment": 0.02, "cultural_and_historic": 0.016, "lodging": 0.006, "geographic_entities": 0.002}, "tfidf": {"services_and_business": 0.35, "food_and_drink": 0.168, "shopping": 0.125, "lifestyle_services": 0.093, "travel_and_transportation": 0.08, "health_care": 0.073, "sports_and_recreation": 0.04, "education": 0.029, "community_and_government": 0.024, "arts_and_entertainment": 0.022, "cultural_and_historic": 0.017, "lodging": 0.008, "geographic_entities": 0.004}, "cluster": -1}}, {"type": "Feature", "geometry": {"type": "Polygon", "coordinates": [[[-0.050842, 51.611037], [-0.05756, 51.609852], [-0.058791, 51.605384], [-0.053305, 51.602101], [-0.046588, 51.603286], [-0.045357, 51.607754], [-0.050842, 51.611037]]]}, "properties": {"h3": "88194e6901fffff", "poi": 151, "richness": 10, "hill_q1": 5.324, "hill_q2": 4.039, "top_share": 0.351, "flagged": false, "dominant": "services_and_business", "dna": {"services_and_business": 0.351, "shopping": 0.311, "travel_and_transportation": 0.132, "food_and_drink": 0.086, "cultural_and_historic": 0.026, "sports_and_recreation": 0.026, "arts_and_entertainment": 0.02, "community_and_government": 0.02, "education": 0.013, "lifestyle_services": 0.013}, "tfidf": {"services_and_business": 0.351, "shopping": 0.315, "travel_and_transportation": 0.136, "food_and_drink": 0.09, "cultural_and_historic": 0.029, "sports_and_recreation": 0.027, "arts_and_entertainment": 0.022, "community_and_government": 0.022, "lifestyle_services": 0.014, "education": 0.014}, "cluster": -1}}, {"type": "Feature", "geometry": {"type": "Polygon", "coordinates": [[[-0.046588, 51.603286], [-0.053305, 51.602101], [-0.054536, 51.597633], [-0.049051, 51.59435], [-0.042336, 51.595536], [-0.041104, 51.600003], [-0.046588, 51.603286]]]}, "properties": {"h3": "88194e6903fffff", "poi": 40, "richness": 9, "hill_q1": 5.983, "hill_q2": 4.624, "top_share": 0.35, "flagged": false, "dominant": "services_and_business", "dna": {"services_and_business": 0.35, "travel_and_transportation": 0.25, "shopping": 0.125, "food_and_drink": 0.075, "sports_and_recreation": 0.075, "geographic_entities": 0.05, "arts_and_entertainment": 0.025, "cultural_and_historic": 0.025, "education": 0.025}, "tfidf": {"services_and_business": 0.35, "travel_and_transportation": 0.257, "shopping": 0.126, "geographic_entities": 0.096, "food_and_drink": 0.078, "sports_and_recreation": 0.076, "arts_and_entertainment": 0.027, "cultural_and_historic": 0.027, "education": 0.026}, "cluster": -1}}, {"type": "Feature", "geometry": {"type": "Polygon", "coordinates": [[[-0.063047, 51.613134], [-0.069765, 51.611948], [-0.070995, 51.60748], [-0.065508, 51.604198], [-0.058791, 51.605384], [-0.05756, 51.609852], [-0.063047, 51.613134]]]}, "properties": {"h3": "88194e6905fffff", "poi": 279, "richness": 12, "hill_q1": 7.414, "hill_q2": 5.749, "top_share": 0.294, "flagged": false, "dominant": "services_and_business", "dna": {"services_and_business": 0.294, "shopping": 0.208, "food_and_drink": 0.154, "travel_and_transportation": 0.1, "lifestyle_services": 0.065, "education": 0.054, "cultural_and_historic": 0.036, "health_care": 0.036, "community_and_government": 0.022, "arts_and_entertainment": 0.018, "lodging": 0.007, "sports_and_recreation": 0.007}, "tfidf": {"services_and_business": 0.294, "shopping": 0.21, "food_and_drink": 0.161, "travel_and_transportation": 0.103, "lifestyle_services": 0.068, "education": 0.056, "health_care": 0.039, "cultural_and_historic": 0.039, "community_and_government": 0.023, "arts_and_entertainment": 0.02, "lodging": 0.01, "sports_and_recreation": 0.007}, "cluster": -1}}, {"type": "Feature", "geometry": {"type": "Polygon", "coordinates": [[[-0.058791, 51.605384], [-0.065508, 51.604198], [-0.066738, 51.599729], [-0.061252, 51.596447], [-0.054536, 51.597633], [-0.053305, 51.602101], [-0.058791, 51.605384]]]}, "properties": {"h3": "88194e6907fffff", "poi": 132, "richness": 12, "hill_q1": 8.045, "hill_q2": 5.971, "top_share": 0.318, "flagged": false, "dominant": "services_and_business", "dna": {"services_and_business": 0.318, "travel_and_transportation": 0.174, "food_and_drink": 0.106, "shopping": 0.098, "cultural_and_historic": 0.076, "education": 0.068, "lifestyle_services": 0.038, "health_care": 0.03, "sports_and_recreation": 0.03, "community_and_government": 0.023, "lodging": 0.023, "arts_and_entertainment": 0.015}, "tfidf": {"services_and_business": 0.318, "travel_and_transportation": 0.179, "food_and_drink": 0.111, "shopping": 0.1, "cultural_and_historic": 0.082, "education": 0.071, "lifestyle_services": 0.04, "health_care": 0.033, "lodging": 0.031, "sports_and_recreation": 0.031, "community_and_government": 0.025, "arts_and_entertainment": 0.017}, "cluster": -1}}, {"type": "Feature", "geometry": {"type": "Polygon", "coordinates": [[[-0.042893, 51.616689], [-0.049611, 51.615504], [-0.050842, 51.611037], [-0.045357, 51.607754], [-0.03864, 51.608939], [-0.037408, 51.613406], [-0.042893, 51.616689]]]}, "properties": {"h3": "88194e6909fffff", "poi": 164, "richness": 12, "hill_q1": 4.769, "hill_q2": 3.474, "top_share": 0.409, "flagged": false, "dominant": "shopping", "dna": {"shopping": 0.409, "services_and_business": 0.323, "travel_and_transportation": 0.098, "food_and_drink": 0.073, "arts_and_entertainment": 0.024, "cultural_and_historic": 0.024, "community_and_government": 0.012, "sports_and_recreation": 0.012, "education": 0.006, "geographic_entities": 0.006, "lifestyle_services": 0.006, "lodging": 0.006}, "tfidf": {"shopping": 0.413, "services_and_business": 0.323, "travel_and_transportation": 0.1, "food_and_drink": 0.076, "arts_and_entertainment": 0.027, "cultural_and_historic": 0.026, "community_and_government": 0.013, "sports_and_recreation": 0.012, "geographic_entities": 0.012, "lodging": 0.008, "lifestyle_services": 0.006, "education": 0.006}, "cluster": -1}}, {"type": "Feature", "geometry": {"type": "Polygon", "coordinates": [[[-0.03864, 51.608939], [-0.045357, 51.607754], [-0.046588, 51.603286], [-0.041104, 51.600003], [-0.034388, 51.601188], [-0.033156, 51.605655], [-0.03864, 51.608939]]]}, "properties": {"h3": "88194e690bfffff", "poi": 25, "richness": 7, "hill_q1": 5.344, "hill_q2": 4.496, "top_share": 0.32, "flagged": false, "dominant": "shopping", "dna": {"shopping": 0.32, "services_and_business": 0.28, "travel_and_transportation": 0.16, "geographic_entities": 0.08, "sports_and_recreation": 0.08, "arts_and_entertainment": 0.04, "food_and_drink": 0.04}, "tfidf": {"shopping": 0.324, "services_and_business": 0.28, "travel_and_transportation": 0.165, "geographic_entities": 0.153, "sports_and_recreation": 0.081, "arts_and_entertainment": 0.044, "food_and_drink": 0.042}, "cluster": -1}}, {"type": "Feature", "geometry": {"type": "Polygon", "coordinates": [[[-0.055098, 51.618787], [-0.061816, 51.617602], [-0.063047, 51.613134], [-0.05756, 51.609852], [-0.050842, 51.611037], [-0.049611, 51.615504], [-0.055098, 51.618787]]]}, "properties": {"h3": "88194e690dfffff", "poi": 64, "richness": 11, "hill_q1": 7.872, "hill_q2": 6.077, "top_share": 0.313, "flagged": false, "dominant": "services_and_business", "dna": {"services_and_business": 0.313, "travel_and_transportation": 0.172, "cultural_and_historic": 0.094, "education": 0.094, "food_and_drink": 0.078, "shopping": 0.078, "sports_and_recreation": 0.063, "lifestyle_services": 0.047, "community_and_government": 0.031, "arts_and_entertainment": 0.016, "lodging": 0.016}, "tfidf": {"services_and_business": 0.313, "travel_and_transportation": 0.177, "cultural_and_historic": 0.101, "education": 0.097, "food_and_drink": 0.082, "shopping": 0.079, "sports_and_recreation": 0.063, "lifestyle_services": 0.05, "community_and_government": 0.034, "lodging": 0.021, "arts_and_entertainment": 0.017}, "cluster": -1}}, {"type": "Feature", "geometry": {"type": "Polygon", "coordinates": [[[-0.030138, 51.593437], [-0.036853, 51.592252], [-0.038085, 51.587784], [-0.032603, 51.584501], [-0.025889, 51.585686], [-0.024656, 51.590153], [-0.030138, 51.593437]]]}, "properties": {"h3": "88194e6911fffff", "poi": 236, "richness": 11, "hill_q1": 7.434, "hill_q2": 5.59, "top_share": 0.335, "flagged": false, "dominant": "services_and_business", "dna": {"services_and_business": 0.335, "shopping": 0.174, "travel_and_transportation": 0.11, "food_and_drink": 0.089, "lifestyle_services": 0.089, "education": 0.059, "health_care": 0.055, "arts_and_entertainment": 0.03, "cultural_and_historic": 0.025, "community_and_government": 0.021, "sports_and_recreation": 0.013}, "tfidf": {"services_and_business": 0.335, "shopping": 0.176, "travel_and_transportation": 0.113, "lifestyle_services": 0.094, "food_and_drink": 0.093, "education": 0.061, "health_care": 0.06, "arts_and_entertainment": 0.032, "cultural_and_historic": 0.027, "community_and_government": 0.023, "sports_and_recreation": 0.013}, "cluster": -1}}, {"type": "Feature", "geometry": {"type": "Polygon", "coordinates": [[[-0.025889, 51.585686], [-0.032603, 51.584501], [-0.033835, 51.580033], [-0.028354, 51.576749], [-0.021641, 51.577934], [-0.020408, 51.582402], [-0.025889, 51.585686]]]}, "properties": {"h3": "88194e6913fffff", "poi": 522, "richness": 11, "hill_q1": 6.548, "hill_q2": 5.003, "top_share": 0.331, "flagged": false, "dominant": "shopping", "dna": {"shopping": 0.331, "food_and_drink": 0.209, "services_and_business": 0.176, "lifestyle_services": 0.09, "travel_and_transportation": 0.063, "education": 0.036, "community_and_government": 0.029, "arts_and_entertainment": 0.021, "health_care": 0.019, "cultural_and_historic": 0.013, "sports_and_recreation": 0.011}, "tfidf": {"shopping": 0.335, "food_and_drink": 0.218, "services_and_business": 0.176, "lifestyle_services": 0.096, "travel_and_transportation": 0.065, "education": 0.038, "community_and_government": 0.031, "arts_and_entertainment": 0.023, "health_care": 0.021, "cultural_and_historic": 0.015, "sports_and_recreation": 0.012}, "cluster": -1}}, {"type": "Feature", "geometry": {"type": "Polygon", "coordinates": [[[-0.042336, 51.595536], [-0.049051, 51.59435], [-0.050282, 51.589882], [-0.044799, 51.586599], [-0.038085, 51.587784], [-0.036853, 51.592252], [-0.042336, 51.595536]]]}, "properties": {"h3": "88194e6915fffff", "poi": 213, "richness": 12, "hill_q1": 6.437, "hill_q2": 4.613, "top_share": 0.371, "flagged": false, "dominant": "services_and_business", "dna": {"services_and_business": 0.371, "shopping": 0.211, "food_and_drink": 0.155, "travel_and_transportation": 0.066, "community_and_government": 0.042, "education": 0.038, "sports_and_recreation": 0.038, "lifestyle_services": 0.028, "arts_and_entertainment": 0.023, "health_care": 0.014, "geographic_entities": 0.009, "cultural_and_historic": 0.005}, "tfidf": {"services_and_business": 0.371, "shopping": 0.214, "food_and_drink": 0.162, "travel_and_transportation": 0.068, "community_and_government": 0.046, "education": 0.039, "sports_and_recreation": 0.038, "lifestyle_services": 0.03, "arts_and_entertainment": 0.026, "geographic_entities": 0.018, "health_care": 0.015, "cultural_and_historic": 0.005}, "cluster": -1}}, {"type": "Feature", "geometry": {"type": "Polygon", "coordinates": [[[-0.038085, 51.587784], [-0.044799, 51.586599], [-0.04603, 51.58213], [-0.040548, 51.578847], [-0.033835, 51.580033], [-0.032603, 51.584501], [-0.038085, 51.587784]]]}, "properties": {"h3": "88194e6917fffff", "poi": 102, "richness": 12, "hill_q1": 9.616, "hill_q2": 8.445, "top_share": 0.186, "flagged": false, "dominant": "services_and_business", "dna": {"services_and_business": 0.186, "shopping": 0.157, "education": 0.137, "travel_and_transportation": 0.118, "lifestyle_services": 0.098, "food_and_drink": 0.078, "sports_and_recreation": 0.069, "health_care": 0.049, "community_and_government": 0.039, "cultural_and_historic": 0.039, "arts_and_entertainment": 0.02, "lodging": 0.01}, "tfidf": {"services_and_business": 0.186, "shopping": 0.159, "education": 0.142, "travel_and_transportation": 0.121, "lifestyle_services": 0.104, "food_and_drink": 0.082, "sports_and_recreation": 0.07, "health_care": 0.053, "community_and_government": 0.043, "cultural_and_historic": 0.042, "arts_and_entertainment": 0.021, "lodging": 0.013}, "cluster": -1}}, {"type": "Feature", "geometry": {"type": "Polygon", "coordinates": [[[-0.02219, 51.599088], [-0.028905, 51.597905], [-0.030138, 51.593437], [-0.024656, 51.590153], [-0.017942, 51.591337], [-0.016709, 51.595805], [-0.02219, 51.599088]]]}, "properties": {"h3": "88194e6919fffff", "poi": 70, "richness": 11, "hill_q1": 7.999, "hill_q2": 6.218, "top_share": 0.314, "flagged": false, "dominant": "services_and_business", "dna": {"services_and_business": 0.314, "travel_and_transportation": 0.129, "shopping": 0.114, "education": 0.1, "sports_and_recreation": 0.1, "lifestyle_services": 0.071, "food_and_drink": 0.057, "arts_and_entertainment": 0.043, "community_and_government": 0.043, "cultural_and_historic": 0.014, "health_care": 0.014}, "tfidf": {"services_and_business": 0.314, "travel_and_transportation": 0.132, "shopping": 0.116, "education": 0.104, "sports_and_recreation": 0.101, "lifestyle_services": 0.076, "food_and_drink": 0.06, "arts_and_entertainment": 0.047, "community_and_government": 0.047, "health_care": 0.016, "cultural_and_historic": 0.015}, "cluster": -1}}, {"type": "Feature", "geometry": {"type": "Polygon", "coordinates": [[[-0.017942, 51.591337], [-0.024656, 51.590153], [-0.025889, 51.585686], [-0.020408, 51.582402], [-0.013695, 51.583586], [-0.012462, 51.588053], [-0.017942, 51.591337]]]}, "properties": {"h3": "88194e691bfffff", "poi": 259, "richness": 11, "hill_q1": 7.149, "hill_q2": 5.401, "top_share": 0.309, "flagged": false, "dominant": "services_and_business", "dna": {"services_and_business": 0.309, "food_and_drink": 0.205, "shopping": 0.189, "community_and_government": 0.05, "lifestyle_services": 0.05, "arts_and_entertainment": 0.046, "travel_and_transportation": 0.042, "sports_and_recreation": 0.035, "education": 0.031, "health_care": 0.023, "cultural_and_historic": 0.019}, "tfidf": {"services_and_business": 0.309, "food_and_drink": 0.214, "shopping": 0.191, "community_and_government": 0.055, "lifestyle_services": 0.053, "arts_and_entertainment": 0.051, "travel_and_transportation": 0.044, "sports_and_recreation": 0.035, "education": 0.032, "health_care": 0.025, "cultural_and_historic": 0.021}, "cluster": -1}}, {"type": "Feature", "geometry": {"type": "Polygon", "coordinates": [[[-0.034388, 51.601188], [-0.041104, 51.600003], [-0.042336, 51.595536], [-0.036853, 51.592252], [-0.030138, 51.593437], [-0.028905, 51.597905], [-0.034388, 51.601188]]]}, "properties": {"h3": "88194e691dfffff", "poi": 137, "richness": 11, "hill_q1": 7.592, "hill_q2": 5.805, "top_share": 0.321, "flagged": false, "dominant": "services_and_business", "dna": {"services_and_business": 0.321, "food_and_drink": 0.153, "shopping": 0.146, "travel_and_transportation": 0.102, "education": 0.08, "health_care": 0.051, "lifestyle_services": 0.044, "sports_and_recreation": 0.036, "arts_and_entertainment": 0.029, "community_and_government": 0.022, "cultural_and_historic": 0.015}, "tfidf": {"services_and_business": 0.321, "food_and_drink": 0.16, "shopping": 0.148, "travel_and_transportation": 0.105, "education": 0.083, "health_care": 0.055, "lifestyle_services": 0.046, "sports_and_recreation": 0.037, "arts_and_entertainment": 0.032, "community_and_government": 0.024, "cultural_and_historic": 0.016}, "cluster": -1}}, {"type": "Feature", "geometry": {"type": "Polygon", "coordinates": [[[-0.083202, 51.609575], [-0.089921, 51.608388], [-0.091149, 51.603919], [-0.08566, 51.600637], [-0.078943, 51.601825], [-0.077713, 51.606293], [-0.083202, 51.609575]]]}, "properties": {"h3": "88194e6921fffff", "poi": 62, "richness": 11, "hill_q1": 8.521, "hill_q2": 7.119, "top_share": 0.226, "flagged": false, "dominant": "services_and_business", "dna": {"services_and_business": 0.226, "shopping": 0.194, "travel_and_transportation": 0.161, "education": 0.081, "food_and_drink": 0.081, "arts_and_entertainment": 0.065, "lifestyle_services": 0.065, "community_and_government": 0.048, "cultural_and_historic": 0.032, "health_care": 0.032, "geographic_entities": 0.016}, "tfidf": {"services_and_business": 0.226, "shopping": 0.196, "travel_and_transportation": 0.166, "food_and_drink": 0.084, "education": 0.084, "arts_and_entertainment": 0.07, "lifestyle_services": 0.068, "community_and_government": 0.053, "health_care": 0.035, "cultural_and_historic": 0.035, "geographic_entities": 0.031}, "cluster": -1}}, {"type": "Feature", "geometry": {"type": "Polygon", "coordinates": [[[-0.078943, 51.601825], [-0.08566, 51.600637], [-0.086889, 51.596168], [-0.081401, 51.592887], [-0.074685, 51.594074], [-0.073455, 51.598543], [-0.078943, 51.601825]]]}, "properties": {"h3": "88194e6923fffff", "poi": 110, "richness": 11, "hill_q1": 8.639, "hill_q2": 6.914, "top_share": 0.282, "flagged": false, "dominant": "services_and_business", "dna": {"services_and_business": 0.282, "shopping": 0.136, "food_and_drink": 0.127, "education": 0.1, "travel_and_transportation": 0.091, "health_care": 0.055, "lifestyle_services": 0.055, "arts_and_entertainment": 0.045, "community_and_government": 0.045, "sports_and_recreation": 0.036, "cultural_and_historic": 0.027}, "tfidf": {"services_and_business": 0.282, "shopping": 0.138, "food_and_drink": 0.133, "education": 0.104, "travel_and_transportation": 0.094, "health_care": 0.059, "lifestyle_services": 0.058, "arts_and_entertainment": 0.05, "community_and_government": 0.05, "sports_and_recreation": 0.037, "cultural_and_historic": 0.029}, "cluster": -1}}, {"type": "Feature", "geometry": {"type": "Polygon", "coordinates": [[[-0.095411, 51.611669], [-0.10213, 51.610481], [-0.103358, 51.606012], [-0.097868, 51.602731], [-0.091149, 51.603919], [-0.089921, 51.608388], [-0.095411, 51.611669]]]}, "properties": {"h3": "88194e6925fffff", "poi": 85, "richness": 11, "hill_q1": 7.452, "hill_q2": 5.996, "top_share": 0.259, "flagged": false, "dominant": "services_and_business", "dna": {"services_and_business": 0.259, "shopping": 0.235, "sports_and_recreation": 0.141, "travel_and_transportation": 0.106, "food_and_drink": 0.082, "community_and_government": 0.047, "lifestyle_services": 0.047, "arts_and_entertainment": 0.035, "health_care": 0.024, "education": 0.012, "lodging": 0.012}, "tfidf": {"services_and_business": 0.259, "shopping": 0.238, "sports_and_recreation": 0.143, "travel_and_transportation": 0.109, "food_and_drink": 0.086, "community_and_government": 0.051, "lifestyle_services": 0.05, "arts_and_entertainment": 0.039, "health_care": 0.026, "lodging": 0.016, "education": 0.012}, "cluster": -1}}, {"type": "Feature", "geometry": {"type": "Polygon", "coordinates": [[[-0.091149, 51.603919], [-0.097868, 51.602731], [-0.099096, 51.598261], [-0.093606, 51.59498], [-0.086889, 51.596168], [-0.08566, 51.600637], [-0.091149, 51.603919]]]}, "properties": {"h3": "88194e6927fffff", "poi": 167, "richness": 12, "hill_q1": 7.312, "hill_q2": 5.53, "top_share": 0.329, "flagged": false, "dominant": "services_and_business", "dna": {"services_and_business": 0.329, "shopping": 0.18, "food_and_drink": 0.132, "lifestyle_services": 0.096, "health_care": 0.078, "travel_and_transportation": 0.06, "arts_and_entertainment": 0.048, "sports_and_recreation": 0.03, "cultural_and_historic": 0.018, "education": 0.018, "community_and_government": 0.006, "lodging": 0.006}, "tfidf": {"services_and_business": 0.329, "shopping": 0.182, "food_and_drink": 0.138, "lifestyle_services": 0.102, "health_care": 0.084, "travel_and_transportation": 0.062, "arts_and_entertainment": 0.052, "sports_and_recreation": 0.03, "cultural_and_historic": 0.019, "education": 0.019, "lodging": 0.008, "community_and_government": 0.007}, "cluster": -1}}, {"type": "Feature", "geometry": {"type": "Polygon", "coordinates": [[[-0.075254, 51.61523], [-0.081973, 51.614044], [-0.083202, 51.609575], [-0.077713, 51.606293], [-0.070995, 51.60748], [-0.069765, 51.611948], [-0.075254, 51.61523]]]}, "properties": {"h3": "88194e6929fffff", "poi": 178, "richness": 12, "hill_q1": 6.793, "hill_q2": 5.02, "top_share": 0.315, "flagged": false, "dominant": "services_and_business", "dna": {"services_and_business": 0.315, "shopping": 0.27, "travel_and_transportation": 0.107, "community_and_government": 0.079, "food_and_drink": 0.067, "cultural_and_historic": 0.045, "education": 0.045, "health_care": 0.028, "arts_and_entertainment": 0.017, "lifestyle_services": 0.011, "sports_and_recreation": 0.011, "lodging": 0.006}, "tfidf": {"services_and_business": 0.315, "shopping": 0.273, "travel_and_transportation": 0.11, "community_and_government": 0.086, "food_and_drink": 0.07, "cultural_and_historic": 0.049, "education": 0.047, "health_care": 0.03, "arts_and_entertainment": 0.018, "lifestyle_services": 0.012, "sports_and_recreation": 0.011, "lodging": 0.008}, "cluster": -1}}, {"type": "Feature", "geometry": {"type": "Polygon", "coordinates": [[[-0.070995, 51.60748], [-0.077713, 51.606293], [-0.078943, 51.601825], [-0.073455, 51.598543], [-0.066738, 51.599729], [-0.065508, 51.604198], [-0.070995, 51.60748]]]}, "properties": {"h3": "88194e692bfffff", "poi": 249, "richness": 13, "hill_q1": 9.464, "hill_q2": 7.782, "top_share": 0.213, "flagged": false, "dominant": "services_and_business", "dna": {"services_and_business": 0.213, "food_and_drink": 0.193, "shopping": 0.137, "travel_and_transportation": 0.088, "sports_and_recreation": 0.068, "community_and_government": 0.064, "lifestyle_services": 0.06, "cultural_and_historic": 0.052, "arts_and_entertainment": 0.044, "education": 0.044, "health_care": 0.02, "geographic_entities": 0.008, "lodging": 0.008}, "tfidf": {"services_and_business": 0.213, "food_and_drink": 0.202, "shopping": 0.138, "travel_and_transportation": 0.091, "community_and_government": 0.07, "sports_and_recreation": 0.069, "lifestyle_services": 0.064, "cultural_and_historic": 0.056, "arts_and_entertainment": 0.048, "education": 0.046, "health_care": 0.022, "geographic_entities": 0.015, "lodging": 0.011}, "cluster": -1}}, {"type": "Feature", "geometry": {"type": "Polygon", "coordinates": [[[-0.087463, 51.617325], [-0.094182, 51.616138], [-0.095411, 51.611669], [-0.089921, 51.608388], [-0.083202, 51.609575], [-0.081973, 51.614044], [-0.087463, 51.617325]]]}, "properties": {"h3": "88194e692dfffff", "poi": 82, "richness": 12, "hill_q1": 6.91, "hill_q2": 4.568, "top_share": 0.415, "flagged": false, "dominant": "services_and_business", "dna": {"services_and_business": 0.415, "shopping": 0.134, "education": 0.098, "lifestyle_services": 0.085, "food_and_drink": 0.061, "sports_and_recreation": 0.061, "travel_and_transportation": 0.049, "arts_and_entertainment": 0.037, "community_and_government": 0.024, "cultural_and_historic": 0.012, "health_care": 0.012, "lodging": 0.012}, "tfidf": {"services_and_business": 0.415, "shopping": 0.136, "education": 0.101, "lifestyle_services": 0.091, "food_and_drink": 0.064, "sports_and_recreation": 0.062, "travel_and_transportation": 0.05, "arts_and_entertainment": 0.04, "community_and_government": 0.027, "lodging": 0.017, "health_care": 0.013, "cultural_and_historic": 0.013}, "cluster": -1}}, {"type": "Feature", "geometry": {"type": "Polygon", "coordinates": [[[-0.062482, 51.591978], [-0.069198, 51.590792], [-0.070428, 51.586323], [-0.064943, 51.58304], [-0.058228, 51.584227], [-0.056997, 51.588696], [-0.062482, 51.591978]]]}, "properties": {"h3": "88194e6931fffff", "poi": 355, "richness": 12, "hill_q1": 7.115, "hill_q2": 4.849, "top_share": 0.383, "flagged": false, "dominant": "services_and_business", "dna": {"services_and_business": 0.383, "shopping": 0.183, "food_and_drink": 0.115, "travel_and_transportation": 0.045, "arts_and_entertainment": 0.042, "cultural_and_historic": 0.042, "education": 0.042, "community_and_government": 0.039, "sports_and_recreation": 0.039, "health_care": 0.034, "lifestyle_services": 0.031, "lodging": 0.003}, "tfidf": {"services_and_business": 0.383, "shopping": 0.185, "food_and_drink": 0.121, "travel_and_transportation": 0.046, "arts_and_entertainment": 0.046, "cultural_and_historic": 0.046, "education": 0.044, "community_and_government": 0.043, "sports_and_recreation": 0.04, "health_care": 0.037, "lifestyle_services": 0.033, "lodging": 0.004}, "cluster": -1}}, {"type": "Feature", "geometry": {"type": "Polygon", "coordinates": [[[-0.058228, 51.584227], [-0.064943, 51.58304], [-0.066172, 51.578571], [-0.060688, 51.575288], [-0.053975, 51.576475], [-0.052744, 51.580944], [-0.058228, 51.584227]]]}, "properties": {"h3": "88194e6933fffff", "poi": 37, "richness": 10, "hill_q1": 5.917, "hill_q2": 3.9, "top_share": 0.459, "flagged": false, "dominant": "services_and_business", "dna": {"services_and_business": 0.459, "food_and_drink": 0.135, "geographic_entities": 0.108, "shopping": 0.081, "cultural_and_historic": 0.054, "sports_and_recreation": 0.054, "arts_and_entertainment": 0.027, "community_and_government": 0.027, "health_care": 0.027, "travel_and_transportation": 0.027}, "tfidf": {"services_and_business": 0.459, "geographic_entities": 0.207, "food_and_drink": 0.141, "shopping": 0.082, "cultural_and_historic": 0.058, "sports_and_recreation": 0.055, "arts_and_entertainment": 0.029, "community_and_government": 0.029, "health_care": 0.029, "travel_and_transportation": 0.028}, "cluster": -1}}, {"type": "Feature", "geometry": {"type": "Polygon", "coordinates": [[[-0.074685, 51.594074], [-0.081401, 51.592887], [-0.08263, 51.588417], [-0.077143, 51.585135], [-0.070428, 51.586323], [-0.069198, 51.590792], [-0.074685, 51.594074]]]}, "properties": {"h3": "88194e6935fffff", "poi": 253, "richness": 11, "hill_q1": 8.831, "hill_q2": 7.235, "top_share": 0.269, "flagged": false, "dominant": "services_and_business", "dna": {"services_and_business": 0.269, "food_and_drink": 0.134, "shopping": 0.119, "cultural_and_historic": 0.103, "education": 0.087, "community_and_government": 0.075, "lifestyle_services": 0.063, "travel_and_transportation": 0.055, "arts_and_entertainment": 0.036, "health_care": 0.032, "sports_and_recreation": 0.028}, "tfidf": {"services_and_business": 0.269, "food_and_drink": 0.14, "shopping": 0.12, "cultural_and_historic": 0.111, "education": 0.09, "community_and_government": 0.082, "lifestyle_services": 0.067, "travel_and_transportation": 0.057, "arts_and_entertainment": 0.039, "health_care": 0.034, "sports_and_recreation": 0.028}, "cluster": -1}}, {"type": "Feature", "geometry": {"type": "Polygon", "coordinates": [[[-0.070428, 51.586323], [-0.077143, 51.585135], [-0.078372, 51.580666], [-0.072887, 51.577384], [-0.066172, 51.578571], [-0.064943, 51.58304], [-0.070428, 51.586323]]]}, "properties": {"h3": "88194e6937fffff", "poi": 383, "richness": 13, "hill_q1": 7.481, "hill_q2": 5.591, "top_share": 0.313, "flagged": false, "dominant": "services_and_business", "dna": {"services_and_business": 0.313, "food_and_drink": 0.178, "shopping": 0.178, "lifestyle_services": 0.084, "travel_and_transportation": 0.078, "health_care": 0.037, "education": 0.034, "sports_and_recreation": 0.029, "arts_and_entertainment": 0.021, "community_and_government": 0.018, "cultural_and_historic": 0.018, "lodging": 0.01, "geographic_entities": 0.003}, "tfidf": {"services_and_business": 0.313, "food_and_drink": 0.186, "shopping": 0.18, "lifestyle_services": 0.089, "travel_and_transportation": 0.081, "health_care": 0.04, "education": 0.035, "sports_and_recreation": 0.029, "arts_and_entertainment": 0.023, "community_and_government": 0.02, "cultural_and_historic": 0.02, "lodging": 0.014, "geographic_entities": 0.005}, "cluster": -1}}, {"type": "Feature", "geometry": {"type": "Polygon", "coordinates": [[[-0.054536, 51.597633], [-0.061252, 51.596447], [-0.062482, 51.591978], [-0.056997, 51.588696], [-0.050282, 51.589882], [-0.049051, 51.59435], [-0.054536, 51.597633]]]}, "properties": {"h3": "88194e6939fffff", "poi": 160, "richness": 12, "hill_q1": 4.739, "hill_q2": 2.908, "top_share": 0.544, "flagged": true, "dominant": "services_and_business", "dna": {"services_and_business": 0.544, "shopping": 0.2, "food_and_drink": 0.05, "arts_and_entertainment": 0.038, "cultural_and_historic": 0.031, "education": 0.031, "travel_and_transportation": 0.031, "community_and_government": 0.025, "health_care": 0.019, "lifestyle_services": 0.019, "geographic_entities": 0.006, "sports_and_recreation": 0.006}, "tfidf": {"services_and_business": 0.544, "shopping": 0.202, "food_and_drink": 0.052, "arts_and_entertainment": 0.041, "cultural_and_historic": 0.034, "education": 0.032, "travel_and_transportation": 0.032, "community_and_government": 0.027, "health_care": 0.02, "lifestyle_services": 0.02, "geographic_entities": 0.012, "sports_and_recreation": 0.006}, "cluster": -1}}, {"type": "Feature", "geometry": {"type": "Polygon", "coordinates": [[[-0.050282, 51.589882], [-0.056997, 51.588696], [-0.058228, 51.584227], [-0.052744, 51.580944], [-0.04603, 51.58213], [-0.044799, 51.586599], [-0.050282, 51.589882]]]}, "properties": {"h3": "88194e693bfffff", "poi": 30, "richness": 10, "hill_q1": 7.724, "hill_q2": 6.429, "top_share": 0.267, "flagged": false, "dominant": "services_and_business", "dna": {"services_and_business": 0.267, "cultural_and_historic": 0.167, "geographic_entities": 0.167, "food_and_drink": 0.1, "travel_and_transportation": 0.1, "shopping": 0.067, "arts_and_entertainment": 0.033, "education": 0.033, "health_care": 0.033, "lodging": 0.033}, "tfidf": {"geographic_entities": 0.319, "services_and_business": 0.267, "cultural_and_historic": 0.18, "food_and_drink": 0.105, "travel_and_transportation": 0.103, "shopping": 0.067, "lodging": 0.046, "arts_and_entertainment": 0.036, "health_care": 0.036, "education": 0.035}, "cluster": -1}}, {"type": "Feature", "geometry": {"type": "Polygon", "coordinates": [[[-0.066738, 51.599729], [-0.073455, 51.598543], [-0.074685, 51.594074], [-0.069198, 51.590792], [-0.062482, 51.591978], [-0.061252, 51.596447], [-0.066738, 51.599729]]]}, "properties": {"h3": "88194e693dfffff", "poi": 415, "richness": 13, "hill_q1": 8.722, "hill_q2": 6.727, "top_share": 0.258, "flagged": false, "dominant": "services_and_business", "dna": {"services_and_business": 0.258, "shopping": 0.21, "food_and_drink": 0.137, "cultural_and_historic": 0.067, "lifestyle_services": 0.058, "community_and_government": 0.053, "health_care": 0.053, "travel_and_transportation": 0.043, "education": 0.041, "arts_and_entertainment": 0.039, "sports_and_recreation": 0.024, "lodging": 0.014, "geographic_entities": 0.002}, "tfidf": {"services_and_business": 0.258, "shopping": 0.212, "food_and_drink": 0.144, "cultural_and_historic": 0.073, "lifestyle_services": 0.061, "community_and_government": 0.058, "health_care": 0.058, "travel_and_transportation": 0.045, "education": 0.042, "arts_and_entertainment": 0.042, "sports_and_recreation": 0.024, "lodging": 0.02, "geographic_entities": 0.005}, "cluster": -1}}, {"type": "Feature", "geometry": {"type": "Polygon", "coordinates": [[[-0.039196, 51.630089], [-0.045915, 51.628905], [-0.047147, 51.624439], [-0.041661, 51.621156], [-0.034942, 51.622339], [-0.033709, 51.626806], [-0.039196, 51.630089]]]}, "properties": {"h3": "88194e6941fffff", "poi": 61, "richness": 11, "hill_q1": 6.637, "hill_q2": 4.634, "top_share": 0.377, "flagged": false, "dominant": "services_and_business", "dna": {"services_and_business": 0.377, "shopping": 0.23, "travel_and_transportation": 0.082, "community_and_government": 0.066, "cultural_and_historic": 0.049, "education": 0.049, "food_and_drink": 0.049, "health_care": 0.033, "sports_and_recreation": 0.033, "arts_and_entertainment": 0.016, "lifestyle_services": 0.016}, "tfidf": {"services_and_business": 0.377, "shopping": 0.232, "travel_and_transportation": 0.084, "community_and_government": 0.071, "cultural_and_historic": 0.053, "food_and_drink": 0.051, "education": 0.051, "health_care": 0.036, "sports_and_recreation": 0.033, "arts_and_entertainment": 0.018, "lifestyle_services": 0.017}, "cluster": -1}}, {"type": "Feature", "geometry": {"type": "Polygon", "coordinates": [[[-0.051403, 51.632188], [-0.058123, 51.631004], [-0.059354, 51.626537], [-0.053866, 51.623254], [-0.047147, 51.624439], [-0.045915, 51.628905], [-0.051403, 51.632188]]]}, "properties": {"h3": "88194e6945fffff", "poi": 138, "richness": 11, "hill_q1": 7.564, "hill_q2": 6.023, "top_share": 0.283, "flagged": false, "dominant": "shopping", "dna": {"shopping": 0.283, "services_and_business": 0.21, "travel_and_transportation": 0.123, "food_and_drink": 0.116, "cultural_and_historic": 0.072, "lifestyle_services": 0.058, "education": 0.051, "community_and_government": 0.029, "sports_and_recreation": 0.029, "health_care": 0.022, "arts_and_entertainment": 0.007}, "tfidf": {"shopping": 0.286, "services_and_business": 0.21, "travel_and_transportation": 0.127, "food_and_drink": 0.121, "cultural_and_historic": 0.078, "lifestyle_services": 0.062, "education": 0.053, "community_and_government": 0.032, "sports_and_recreation": 0.029, "health_care": 0.024, "arts_and_entertainment": 0.008}, "cluster": -1}}, {"type": "Feature", "geometry": {"type": "Polygon", "coordinates": [[[-0.047147, 51.624439], [-0.053866, 51.623254], [-0.055098, 51.618787], [-0.049611, 51.615504], [-0.042893, 51.616689], [-0.041661, 51.621156], [-0.047147, 51.624439]]]}, "properties": {"h3": "88194e6947fffff", "poi": 108, "richness": 11, "hill_q1": 5.618, "hill_q2": 4.003, "top_share": 0.398, "flagged": false, "dominant": "services_and_business", "dna": {"services_and_business": 0.398, "shopping": 0.269, "travel_and_transportation": 0.093, "food_and_drink": 0.065, "sports_and_recreation": 0.056, "community_and_government": 0.037, "cultural_and_historic": 0.037, "lifestyle_services": 0.019, "arts_and_entertainment": 0.009, "education": 0.009, "health_care": 0.009}, "tfidf": {"services_and_business": 0.398, "shopping": 0.272, "travel_and_transportation": 0.095, "food_and_drink": 0.068, "sports_and_recreation": 0.056, "community_and_government": 0.04, "cultural_and_historic": 0.04, "lifestyle_services": 0.02, "arts_and_entertainment": 0.01, "health_care": 0.01, "education": 0.01}, "cluster": -1}}, {"type": "Feature", "geometry": {"type": "Polygon", "coordinates": [[[-0.026991, 51.627989], [-0.033709, 51.626806], [-0.034942, 51.622339], [-0.029457, 51.619056], [-0.02274, 51.620239], [-0.021506, 51.624706], [-0.026991, 51.627989]]]}, "properties": {"h3": "88194e694bfffff", "poi": 11, "richness": 6, "hill_q1": 4.924, "hill_q2": 4.172, "top_share": 0.364, "flagged": false, "dominant": "services_and_business", "dna": {"services_and_business": 0.364, "shopping": 0.273, "cultural_and_historic": 0.091, "geographic_entities": 0.091, "lifestyle_services": 0.091, "sports_and_recreation": 0.091}, "tfidf": {"services_and_business": 0.364, "shopping": 0.276, "geographic_entities": 0.174, "cultural_and_historic": 0.098, "lifestyle_services": 0.096, "sports_and_recreation": 0.092}, "cluster": -1}}, {"type": "Feature", "geometry": {"type": "Polygon", "coordinates": [[[-0.01849, 51.612489], [-0.025207, 51.611306], [-0.02644, 51.606839], [-0.020957, 51.603556], [-0.014242, 51.604739], [-0.013008, 51.609205], [-0.01849, 51.612489]]]}, "properties": {"h3": "88194e6951fffff", "poi": 77, "richness": 10, "hill_q1": 6.419, "hill_q2": 4.762, "top_share": 0.351, "flagged": false, "dominant": "services_and_business", "dna": {"services_and_business": 0.351, "shopping": 0.247, "food_and_drink": 0.091, "travel_and_transportation": 0.091, "education": 0.065, "sports_and_recreation": 0.052, "arts_and_entertainment": 0.026, "community_and_government": 0.026, "health_care": 0.026, "lifestyle_services": 0.026}, "tfidf": {"services_and_business": 0.351, "shopping": 0.25, "food_and_drink": 0.095, "travel_and_transportation": 0.094, "education": 0.067, "sports_and_recreation": 0.053, "arts_and_entertainment": 0.028, "community_and_government": 0.028, "health_care": 0.028, "lifestyle_services": 0.028}, "cluster": -1}}, {"type": "Feature", "geometry": {"type": "Polygon", "coordinates": [[[-0.014242, 51.604739], [-0.020957, 51.603556], [-0.02219, 51.599088], [-0.016709, 51.595805], [-0.009994, 51.596988], [-0.00876, 51.601455], [-0.014242, 51.604739]]]}, "properties": {"h3": "88194e6953fffff", "poi": 13, "richness": 5, "hill_q1": 3.769, "hill_q2": 3.189, "top_share": 0.385, "flagged": false, "dominant": "services_and_business", "dna": {"services_and_business": 0.385, "shopping": 0.385, "arts_and_entertainment": 0.077, "community_and_government": 0.077, "food_and_drink": 0.077}, "tfidf": {"shopping": 0.389, "services_and_business": 0.385, "arts_and_entertainment": 0.084, "community_and_government": 0.084, "food_and_drink": 0.08}, "cluster": -1}}, {"type": "Feature", "geometry": {"type": "Polygon", "coordinates": [[[-0.03069, 51.61459], [-0.037408, 51.613406], [-0.03864, 51.608939], [-0.033156, 51.605655], [-0.02644, 51.606839], [-0.025207, 51.611306], [-0.03069, 51.61459]]]}, "properties": {"h3": "88194e6955fffff", "poi": 124, "richness": 10, "hill_q1": 5.371, "hill_q2": 4.176, "top_share": 0.323, "flagged": false, "dominant": "shopping", "dna": {"shopping": 0.323, "services_and_business": 0.315, "travel_and_transportation": 0.169, "food_and_drink": 0.065, "arts_and_entertainment": 0.04, "lifestyle_services": 0.032, "education": 0.024, "geographic_entities": 0.016, "lodging": 0.008, "sports_and_recreation": 0.008}, "tfidf": {"shopping": 0.326, "services_and_business": 0.315, "travel_and_transportation": 0.174, "food_and_drink": 0.067, "arts_and_entertainment": 0.044, "lifestyle_services": 0.034, "geographic_entities": 0.031, "education": 0.025, "lodging": 0.011, "sports_and_recreation": 0.008}, "cluster": -1}}, {"type": "Feature", "geometry": {"type": "Polygon", "coordinates": [[[-0.02644, 51.606839], [-0.033156, 51.605655], [-0.034388, 51.601188], [-0.028905, 51.597905], [-0.02219, 51.599088], [-0.020957, 51.603556], [-0.02644, 51.606839]]]}, "properties": {"h3": "88194e6957fffff", "poi": 65, "richness": 9, "hill_q1": 6.93, "hill_q2": 5.671, "top_share": 0.323, "flagged": false, "dominant": "services_and_business", "dna": {"services_and_business": 0.323, "shopping": 0.154, "food_and_drink": 0.108, "sports_and_recreation": 0.108, "travel_and_transportation": 0.108, "education": 0.092, "community_and_government": 0.062, "health_care": 0.031, "arts_and_entertainment": 0.015}, "tfidf": {"services_and_business": 0.323, "shopping": 0.156, "food_and_drink": 0.113, "travel_and_transportation": 0.111, "sports_and_recreation": 0.109, "education": 0.096, "community_and_government": 0.067, "health_care": 0.033, "arts_and_entertainment": 0.017}, "cluster": -1}}, {"type": "Feature", "geometry": {"type": "Polygon", "coordinates": [[[-0.02274, 51.620239], [-0.029457, 51.619056], [-0.03069, 51.61459], [-0.025207, 51.611306], [-0.01849, 51.612489], [-0.017256, 51.616956], [-0.02274, 51.620239]]]}, "properties": {"h3": "88194e695dfffff", "poi": 64, "richness": 10, "hill_q1": 7.889, "hill_q2": 6.693, "top_share": 0.234, "flagged": false, "dominant": "travel_and_transportation", "dna": {"travel_and_transportation": 0.234, "services_and_business": 0.219, "health_care": 0.125, "shopping": 0.094, "sports_and_recreation": 0.094, "food_and_drink": 0.078, "education": 0.063, "community_and_government": 0.047, "lifestyle_services": 0.031, "arts_and_entertainment": 0.016}, "tfidf": {"travel_and_transportation": 0.241, "services_and_business": 0.219, "health_care": 0.136, "sports_and_recreation": 0.095, "shopping": 0.095, "food_and_drink": 0.082, "education": 0.065, "community_and_government": 0.051, "lifestyle_services": 0.033, "arts_and_entertainment": 0.017}, "cluster": -1}}, {"type": "Feature", "geometry": {"type": "Polygon", "coordinates": [[[-0.071563, 51.628633], [-0.078284, 51.627448], [-0.079514, 51.62298], [-0.074024, 51.619698], [-0.067304, 51.620884], [-0.066074, 51.625351], [-0.071563, 51.628633]]]}, "properties": {"h3": "88194e6961fffff", "poi": 56, "richness": 10, "hill_q1": 7.361, "hill_q2": 5.939, "top_share": 0.304, "flagged": false, "dominant": "services_and_business", "dna": {"services_and_business": 0.304, "lifestyle_services": 0.179, "travel_and_transportation": 0.125, "education": 0.089, "food_and_drink": 0.089, "shopping": 0.089, "sports_and_recreation": 0.054, "health_care": 0.036, "community_and_government": 0.018, "cultural_and_historic": 0.018}, "tfidf": {"services_and_business": 0.304, "lifestyle_services": 0.19, "travel_and_transportation": 0.129, "food_and_drink": 0.093, "education": 0.093, "shopping": 0.09, "sports_and_recreation": 0.054, "health_care": 0.039, "community_and_government": 0.019, "cultural_and_historic": 0.019}, "cluster": -1}}, {"type": "Feature", "geometry": {"type": "Polygon", "coordinates": [[[-0.067304, 51.620884], [-0.074024, 51.619698], [-0.075254, 51.61523], [-0.069765, 51.611948], [-0.063047, 51.613134], [-0.061816, 51.617602], [-0.067304, 51.620884]]]}, "properties": {"h3": "88194e6963fffff", "poi": 217, "richness": 11, "hill_q1": 7.483, "hill_q2": 5.609, "top_share": 0.332, "flagged": false, "dominant": "services_and_business", "dna": {"services_and_business": 0.332, "shopping": 0.171, "food_and_drink": 0.129, "travel_and_transportation": 0.101, "health_care": 0.074, "lifestyle_services": 0.046, "cultural_and_historic": 0.037, "education": 0.037, "arts_and_entertainment": 0.032, "community_and_government": 0.023, "sports_and_recreation": 0.018}, "tfidf": {"services_and_business": 0.332, "shopping": 0.173, "food_and_drink": 0.135, "travel_and_transportation": 0.104, "health_care": 0.08, "lifestyle_services": 0.049, "cultural_and_historic": 0.04, "education": 0.038, "arts_and_entertainment": 0.035, "community_and_government": 0.025, "sports_and_recreation": 0.019}, "cluster": -1}}, {"type": "Feature", "geometry": {"type": "Polygon", "coordinates": [[[-0.083775, 51.630729], [-0.090496, 51.629543], [-0.091725, 51.625075], [-0.086234, 51.621793], [-0.079514, 51.62298], [-0.078284, 51.627448], [-0.083775, 51.630729]]]}, "properties": {"h3": "88194e6965fffff", "poi": 24, "richness": 8, "hill_q1": 6.656, "hill_q2": 5.76, "top_share": 0.292, "flagged": false, "dominant": "services_and_business", "dna": {"services_and_business": 0.292, "community_and_government": 0.167, "sports_and_recreation": 0.167, "education": 0.125, "shopping": 0.083, "travel_and_transportation": 0.083, "health_care": 0.042, "lifestyle_services": 0.042}, "tfidf": {"services_and_business": 0.292, "community_and_government": 0.182, "sports_and_recreation": 0.169, "education": 0.13, "travel_and_transportation": 0.086, "shopping": 0.084, "health_care": 0.045, "lifestyle_services": 0.044}, "cluster": -1}}, {"type": "Feature", "geometry": {"type": "Polygon", "coordinates": [[[-0.079514, 51.62298], [-0.086234, 51.621793], [-0.087463, 51.617325], [-0.081973, 51.614044], [-0.075254, 51.61523], [-0.074024, 51.619698], [-0.079514, 51.62298]]]}, "properties": {"h3": "88194e6967fffff", "poi": 110, "richness": 11, "hill_q1": 7.777, "hill_q2": 5.984, "top_share": 0.318, "flagged": false, "dominant": "services_and_business", "dna": {"services_and_business": 0.318, "food_and_drink": 0.155, "shopping": 0.127, "health_care": 0.091, "travel_and_transportation": 0.082, "lifestyle_services": 0.073, "cultural_and_historic": 0.045, "arts_and_entertainment": 0.036, "education": 0.036, "sports_and_recreation": 0.027, "lodging": 0.009}, "tfidf": {"services_and_business": 0.318, "food_and_drink": 0.162, "shopping": 0.129, "health_care": 0.099, "travel_and_transportation": 0.084, "lifestyle_services": 0.077, "cultural_and_historic": 0.049, "arts_and_entertainment": 0.04, "education": 0.038, "sports_and_recreation": 0.028, "lodging": 0.012}, "cluster": -1}}, {"type": "Feature", "geometry": {"type": "Polygon", "coordinates": [[[-0.063612, 51.634286], [-0.070333, 51.633101], [-0.071563, 51.628633], [-0.066074, 51.625351], [-0.059354, 51.626537], [-0.058123, 51.631004], [-0.063612, 51.634286]]]}, "properties": {"h3": "88194e6969fffff", "poi": 51, "richness": 11, "hill_q1": 8.956, "hill_q2": 7.049, "top_share": 0.294, "flagged": false, "dominant": "services_and_business", "dna": {"services_and_business": 0.294, "cultural_and_historic": 0.118, "food_and_drink": 0.098, "education": 0.078, "lifestyle_services": 0.078, "shopping": 0.078, "community_and_government": 0.059, "health_care": 0.059, "sports_and_recreation": 0.059, "arts_and_entertainment": 0.039, "travel_and_transportation": 0.039}, "tfidf": {"services_and_business": 0.294, "cultural_and_historic": 0.127, "food_and_drink": 0.102, "lifestyle_services": 0.083, "education": 0.081, "shopping": 0.079, "community_and_government": 0.064, "health_care": 0.064, "sports_and_recreation": 0.06, "arts_and_entertainment": 0.043, "travel_and_transportation": 0.04}, "cluster": -1}}, {"type": "Feature", "geometry": {"type": "Polygon", "coordinates": [[[-0.059354, 51.626537], [-0.066074, 51.625351], [-0.067304, 51.620884], [-0.061816, 51.617602], [-0.055098, 51.618787], [-0.053866, 51.623254], [-0.059354, 51.626537]]]}, "properties": {"h3": "88194e696bfffff", "poi": 340, "richness": 12, "hill_q1": 8.258, "hill_q2": 6.647, "top_share": 0.229, "flagged": false, "dominant": "shopping", "dna": {"shopping": 0.229, "services_and_business": 0.226, "food_and_drink": 0.159, "travel_and_transportation": 0.071, "community_and_government": 0.068, "lifestyle_services": 0.068, "health_care": 0.053, "education": 0.047, "cultural_and_historic": 0.032, "sports_and_recreation": 0.029, "arts_and_entertainment": 0.015, "lodging": 0.003}, "tfidf": {"shopping": 0.232, "services_and_business": 0.226, "food_and_drink": 0.166, "community_and_government": 0.074, "travel_and_transportation": 0.073, "lifestyle_services": 0.072, "health_care": 0.057, "education": 0.049, "cultural_and_historic": 0.035, "sports_and_recreation": 0.03, "arts_and_entertainment": 0.016, "lodging": 0.004}, "cluster": -1}}, {"type": "Feature", "geometry": {"type": "Polygon", "coordinates": [[[-0.075823, 51.636383], [-0.082545, 51.635197], [-0.083775, 51.630729], [-0.078284, 51.627448], [-0.071563, 51.628633], [-0.070333, 51.633101], [-0.075823, 51.636383]]]}, "properties": {"h3": "88194e696dfffff", "poi": 11, "richness": 7, "hill_q1": 6.336, "hill_q2": 5.762, "top_share": 0.273, "flagged": false, "dominant": "travel_and_transportation", "dna": {"travel_and_transportation": 0.273, "health_care": 0.182, "services_and_business": 0.182, "cultural_and_historic": 0.091, "education": 0.091, "food_and_drink": 0.091, "sports_and_recreation": 0.091}, "tfidf": {"travel_and_transportation": 0.281, "health_care": 0.197, "services_and_business": 0.182, "cultural_and_historic": 0.098, "food_and_drink": 0.095, "education": 0.094, "sports_and_recreation": 0.092}, "cluster": -1}}, {"type": "Feature", "geometry": {"type": "Polygon", "coordinates": [[[-0.021092, 51.556775], [-0.027803, 51.55559], [-0.029034, 51.55112], [-0.023557, 51.547836], [-0.016848, 51.549022], [-0.015615, 51.553491], [-0.021092, 51.556775]]]}, "properties": {"h3": "88194e6981fffff", "poi": 18, "richness": 7, "hill_q1": 5.275, "hill_q2": 4.378, "top_share": 0.333, "flagged": false, "dominant": "sports_and_recreation", "dna": {"sports_and_recreation": 0.333, "services_and_business": 0.278, "arts_and_entertainment": 0.167, "community_and_government": 0.056, "education": 0.056, "food_and_drink": 0.056, "shopping": 0.056}, "tfidf": {"sports_and_recreation": 0.338, "services_and_business": 0.278, "arts_and_entertainment": 0.182, "community_and_government": 0.061, "food_and_drink": 0.058, "education": 0.058, "shopping": 0.056}, "cluster": -1}}, {"type": "Feature", "geometry": {"type": "Polygon", "coordinates": [[[-0.016848, 51.549022], [-0.023557, 51.547836], [-0.024789, 51.543367], [-0.019312, 51.540083], [-0.012604, 51.541268], [-0.011372, 51.545738], [-0.016848, 51.549022]]]}, "properties": {"h3": "88194e6983fffff", "poi": 183, "richness": 12, "hill_q1": 6.488, "hill_q2": 4.854, "top_share": 0.344, "flagged": false, "dominant": "services_and_business", "dna": {"services_and_business": 0.344, "food_and_drink": 0.235, "arts_and_entertainment": 0.126, "shopping": 0.077, "lifestyle_services": 0.066, "sports_and_recreation": 0.066, "education": 0.038, "travel_and_transportation": 0.016, "community_and_government": 0.011, "health_care": 0.011, "cultural_and_historic": 0.005, "geographic_entities": 0.005}, "tfidf": {"services_and_business": 0.344, "food_and_drink": 0.246, "arts_and_entertainment": 0.137, "shopping": 0.077, "lifestyle_services": 0.07, "sports_and_recreation": 0.066, "education": 0.04, "travel_and_transportation": 0.017, "community_and_government": 0.012, "health_care": 0.012, "geographic_entities": 0.01, "cultural_and_historic": 0.006}, "cluster": -1}}, {"type": "Feature", "geometry": {"type": "Polygon", "coordinates": [[[-0.033281, 51.558873], [-0.039992, 51.557687], [-0.041223, 51.553217], [-0.035744, 51.549934], [-0.029034, 51.55112], [-0.027803, 51.55559], [-0.033281, 51.558873]]]}, "properties": {"h3": "88194e6985fffff", "poi": 70, "richness": 11, "hill_q1": 8.359, "hill_q2": 6.731, "top_share": 0.286, "flagged": false, "dominant": "services_and_business", "dna": {"services_and_business": 0.286, "shopping": 0.129, "travel_and_transportation": 0.129, "sports_and_recreation": 0.114, "cultural_and_historic": 0.086, "education": 0.071, "community_and_government": 0.057, "lifestyle_services": 0.057, "arts_and_entertainment": 0.029, "health_care": 0.029, "food_and_drink": 0.014}, "tfidf": {"services_and_business": 0.286, "travel_and_transportation": 0.132, "shopping": 0.13, "sports_and_recreation": 0.116, "cultural_and_historic": 0.093, "education": 0.074, "community_and_government": 0.062, "lifestyle_services": 0.061, "arts_and_entertainment": 0.031, "health_care": 0.031, "food_and_drink": 0.015}, "cluster": -1}}, {"type": "Feature", "geometry": {"type": "Polygon", "coordinates": [[[-0.029034, 51.55112], [-0.035744, 51.549934], [-0.036975, 51.545464], [-0.031497, 51.54218], [-0.024789, 51.543367], [-0.023557, 51.547836], [-0.029034, 51.55112]]]}, "properties": {"h3": "88194e6987fffff", "poi": 187, "richness": 13, "hill_q1": 9.099, "hill_q2": 7.391, "top_share": 0.23, "flagged": false, "dominant": "services_and_business", "dna": {"services_and_business": 0.23, "food_and_drink": 0.182, "shopping": 0.15, "travel_and_transportation": 0.096, "arts_and_entertainment": 0.07, "lifestyle_services": 0.064, "sports_and_recreation": 0.059, "community_and_government": 0.053, "education": 0.037, "health_care": 0.021, "cultural_and_historic": 0.016, "lodging": 0.016, "geographic_entities": 0.005}, "tfidf": {"services_and_business": 0.23, "food_and_drink": 0.19, "shopping": 0.152, "travel_and_transportation": 0.099, "arts_and_entertainment": 0.076, "lifestyle_services": 0.068, "sports_and_recreation": 0.06, "community_and_government": 0.058, "education": 0.039, "health_care": 0.023, "lodging": 0.022, "cultural_and_historic": 0.017, "geographic_entities": 0.01}, "cluster": -1}}, {"type": "Feature", "geometry": {"type": "Polygon", "coordinates": [[[-0.025339, 51.564528], [-0.03205, 51.563343], [-0.033281, 51.558873], [-0.027803, 51.55559], [-0.021092, 51.556775], [-0.01986, 51.561244], [-0.025339, 51.564528]]]}, "properties": {"h3": "88194e698dfffff", "poi": 18, "richness": 6, "hill_q1": 4.5, "hill_q2": 3.6, "top_share": 0.444, "flagged": false, "dominant": "shopping", "dna": {"shopping": 0.444, "sports_and_recreation": 0.222, "food_and_drink": 0.111, "travel_and_transportation": 0.111, "community_and_government": 0.056, "services_and_business": 0.056}, "tfidf": {"shopping": 0.45, "sports_and_recreation": 0.225, "food_and_drink": 0.116, "travel_and_transportation": 0.114, "community_and_government": 0.061, "services_and_business": 0.056}, "cluster": -1}}, {"type": "Feature", "geometry": {"type": "Polygon", "coordinates": [[[-0.053414, 51.555313], [-0.060125, 51.554126], [-0.061355, 51.549655], [-0.055874, 51.546373], [-0.049164, 51.54756], [-0.047933, 51.55203], [-0.053414, 51.555313]]]}, "properties": {"h3": "88194e69a1fffff", "poi": 531, "richness": 12, "hill_q1": 7.642, "hill_q2": 6.007, "top_share": 0.232, "flagged": false, "dominant": "services_and_business", "dna": {"services_and_business": 0.232, "shopping": 0.23, "food_and_drink": 0.207, "lifestyle_services": 0.09, "arts_and_entertainment": 0.053, "travel_and_transportation": 0.049, "health_care": 0.036, "education": 0.03, "cultural_and_historic": 0.024, "community_and_government": 0.023, "sports_and_recreation": 0.021, "lodging": 0.006}, "tfidf": {"shopping": 0.233, "services_and_business": 0.232, "food_and_drink": 0.217, "lifestyle_services": 0.096, "arts_and_entertainment": 0.058, "travel_and_transportation": 0.05, "health_care": 0.039, "education": 0.031, "cultural_and_historic": 0.026, "community_and_government": 0.025, "sports_and_recreation": 0.021, "lodging": 0.008}, "cluster": -1}}, {"type": "Feature", "geometry": {"type": "Polygon", "coordinates": [[[-0.049164, 51.54756], [-0.055874, 51.546373], [-0.057103, 51.541902], [-0.051624, 51.538619], [-0.044915, 51.539806], [-0.043684, 51.544277], [-0.049164, 51.54756]]]}, "properties": {"h3": "88194e69a3fffff", "poi": 487, "richness": 12, "hill_q1": 8.708, "hill_q2": 6.974, "top_share": 0.246, "flagged": false, "dominant": "services_and_business", "dna": {"services_and_business": 0.246, "shopping": 0.189, "food_and_drink": 0.152, "lifestyle_services": 0.101, "arts_and_entertainment": 0.055, "health_care": 0.053, "cultural_and_historic": 0.049, "education": 0.041, "sports_and_recreation": 0.037, "community_and_government": 0.035, "travel_and_transportation": 0.033, "lodging": 0.008}, "tfidf": {"services_and_business": 0.246, "shopping": 0.191, "food_and_drink": 0.159, "lifestyle_services": 0.107, "arts_and_entertainment": 0.06, "health_care": 0.058, "cultural_and_historic": 0.053, "education": 0.043, "community_and_government": 0.038, "sports_and_recreation": 0.037, "travel_and_transportation": 0.034, "lodging": 0.011}, "cluster": -1}}, {"type": "Feature", "geometry": {"type": "Polygon", "coordinates": [[[-0.065607, 51.557409], [-0.072319, 51.55622], [-0.073548, 51.55175], [-0.068065, 51.548467], [-0.061355, 51.549655], [-0.060125, 51.554126], [-0.065607, 51.557409]]]}, "properties": {"h3": "88194e69a5fffff", "poi": 194, "richness": 13, "hill_q1": 7.989, "hill_q2": 5.997, "top_share": 0.309, "flagged": false, "dominant": "services_and_business", "dna": {"services_and_business": 0.309, "food_and_drink": 0.186, "shopping": 0.119, "sports_and_recreation": 0.088, "lifestyle_services": 0.072, "education": 0.067, "arts_and_entertainment": 0.046, "cultural_and_historic": 0.036, "health_care": 0.031, "travel_and_transportation": 0.026, "community_and_government": 0.01, "geographic_entities": 0.005, "lodging": 0.005}, "tfidf": {"services_and_business": 0.309, "food_and_drink": 0.194, "shopping": 0.12, "sports_and_recreation": 0.089, "lifestyle_services": 0.077, "education": 0.069, "arts_and_entertainment": 0.051, "cultural_and_historic": 0.039, "health_care": 0.034, "travel_and_transportation": 0.027, "community_and_government": 0.011, "geographic_entities": 0.01, "lodging": 0.007}, "cluster": -1}}, {"type": "Feature", "geometry": {"type": "Polygon", "coordinates": [[[-0.061355, 51.549655], [-0.068065, 51.548467], [-0.069294, 51.543996], [-0.063813, 51.540714], [-0.057103, 51.541902], [-0.055874, 51.546373], [-0.061355, 51.549655]]]}, "properties": {"h3": "88194e69a7fffff", "poi": 215, "richness": 12, "hill_q1": 9.751, "hill_q2": 8.1, "top_share": 0.237, "flagged": false, "dominant": "services_and_business", "dna": {"services_and_business": 0.237, "food_and_drink": 0.153, "shopping": 0.116, "travel_and_transportation": 0.084, "arts_and_entertainment": 0.07, "sports_and_recreation": 0.065, "community_and_government": 0.06, "health_care": 0.056, "lifestyle_services": 0.056, "education": 0.047, "cultural_and_historic": 0.042, "lodging": 0.014}, "tfidf": {"services_and_business": 0.237, "food_and_drink": 0.16, "shopping": 0.118, "travel_and_transportation": 0.086, "arts_and_entertainment": 0.076, "sports_and_recreation": 0.066, "community_and_government": 0.066, "health_care": 0.061, "lifestyle_services": 0.059, "education": 0.048, "cultural_and_historic": 0.045, "lodging": 0.019}, "cluster": -1}}, {"type": "Feature", "geometry": {"type": "Polygon", "coordinates": [[[-0.045472, 51.56097], [-0.052184, 51.559784], [-0.053414, 51.555313], [-0.047933, 51.55203], [-0.041223, 51.553217], [-0.039992, 51.557687], [-0.045472, 51.56097]]]}, "properties": {"h3": "88194e69a9fffff", "poi": 146, "richness": 12, "hill_q1": 8.719, "hill_q2": 6.85, "top_share": 0.281, "flagged": false, "dominant": "services_and_business", "dna": {"services_and_business": 0.281, "food_and_drink": 0.144, "shopping": 0.144, "cultural_and_historic": 0.082, "lifestyle_services": 0.082, "health_care": 0.062, "travel_and_transportation": 0.055, "sports_and_recreation": 0.048, "community_and_government": 0.034, "education": 0.034, "arts_and_entertainment": 0.027, "geographic_entities": 0.007}, "tfidf": {"services_and_business": 0.281, "food_and_drink": 0.15, "shopping": 0.146, "cultural_and_historic": 0.089, "lifestyle_services": 0.087, "health_care": 0.067, "travel_and_transportation": 0.056, "sports_and_recreation": 0.049, "community_and_government": 0.037, "education": 0.035, "arts_and_entertainment": 0.03, "geographic_entities": 0.013}, "cluster": -1}}, {"type": "Feature", "geometry": {"type": "Polygon", "coordinates": [[[-0.041223, 51.553217], [-0.047933, 51.55203], [-0.049164, 51.54756], [-0.043684, 51.544277], [-0.036975, 51.545464], [-0.035744, 51.549934], [-0.041223, 51.553217]]]}, "properties": {"h3": "88194e69abfffff", "poi": 239, "richness": 12, "hill_q1": 8.719, "hill_q2": 7.105, "top_share": 0.209, "flagged": false, "dominant": "services_and_business", "dna": {"services_and_business": 0.209, "food_and_drink": 0.205, "shopping": 0.18, "health_care": 0.084, "education": 0.059, "lifestyle_services": 0.059, "travel_and_transportation": 0.059, "arts_and_entertainment": 0.05, "community_and_government": 0.033, "cultural_and_historic": 0.033, "sports_and_recreation": 0.021, "lodging": 0.008}, "tfidf": {"food_and_drink": 0.214, "services_and_business": 0.209, "shopping": 0.182, "health_care": 0.091, "lifestyle_services": 0.062, "education": 0.061, "travel_and_transportation": 0.06, "arts_and_entertainment": 0.055, "community_and_government": 0.036, "cultural_and_historic": 0.036, "sports_and_recreation": 0.021, "lodging": 0.011}, "cluster": -1}}, {"type": "Feature", "geometry": {"type": "Polygon", "coordinates": [[[-0.057665, 51.563066], [-0.064378, 51.561879], [-0.065607, 51.557409], [-0.060125, 51.554126], [-0.053414, 51.555313], [-0.052184, 51.559784], [-0.057665, 51.563066]]]}, "properties": {"h3": "88194e69adfffff", "poi": 181, "richness": 11, "hill_q1": 8.582, "hill_q2": 7.041, "top_share": 0.265, "flagged": false, "dominant": "services_and_business", "dna": {"services_and_business": 0.265, "food_and_drink": 0.149, "shopping": 0.144, "cultural_and_historic": 0.077, "education": 0.077, "travel_and_transportation": 0.077, "arts_and_entertainment": 0.066, "lifestyle_services": 0.066, "sports_and_recreation": 0.033, "community_and_government": 0.022, "health_care": 0.022}, "tfidf": {"services_and_business": 0.265, "food_and_drink": 0.156, "shopping": 0.145, "cultural_and_historic": 0.084, "education": 0.08, "travel_and_transportation": 0.08, "arts_and_entertainment": 0.072, "lifestyle_services": 0.07, "sports_and_recreation": 0.034, "community_and_government": 0.024, "health_care": 0.024}, "cluster": -1}}, {"type": "Feature", "geometry": {"type": "Polygon", "coordinates": [[[-0.032728, 51.53771], [-0.039437, 51.536523], [-0.040667, 51.532052], [-0.03519, 51.528769], [-0.028483, 51.529956], [-0.027252, 51.534426], [-0.032728, 51.53771]]]}, "properties": {"h3": "88194e69b1fffff", "poi": 341, "richness": 12, "hill_q1": 7.698, "hill_q2": 6.141, "top_share": 0.235, "flagged": false, "dominant": "shopping", "dna": {"shopping": 0.235, "services_and_business": 0.223, "food_and_drink": 0.185, "lifestyle_services": 0.126, "sports_and_recreation": 0.047, "arts_and_entertainment": 0.044, "travel_and_transportation": 0.038, "health_care": 0.032, "community_and_government": 0.026, "education": 0.021, "cultural_and_historic": 0.018, "lodging": 0.006}, "tfidf": {"shopping": 0.237, "services_and_business": 0.223, "food_and_drink": 0.193, "lifestyle_services": 0.134, "arts_and_entertainment": 0.048, "sports_and_recreation": 0.048, "travel_and_transportation": 0.039, "health_care": 0.035, "community_and_government": 0.029, "education": 0.021, "cultural_and_historic": 0.019, "lodging": 0.008}, "cluster": -1}}, {"type": "Feature", "geometry": {"type": "Polygon", "coordinates": [[[-0.028483, 51.529956], [-0.03519, 51.528769], [-0.036421, 51.524298], [-0.030945, 51.521014], [-0.024239, 51.522201], [-0.023008, 51.526672], [-0.028483, 51.529956]]]}, "properties": {"h3": "88194e69b3fffff", "poi": 264, "richness": 13, "hill_q1": 9.347, "hill_q2": 7.483, "top_share": 0.25, "flagged": false, "dominant": "services_and_business", "dna": {"services_and_business": 0.25, "food_and_drink": 0.159, "shopping": 0.121, "education": 0.102, "cultural_and_historic": 0.091, "travel_and_transportation": 0.076, "community_and_government": 0.038, "health_care": 0.038, "lifestyle_services": 0.038, "sports_and_recreation": 0.034, "arts_and_entertainment": 0.03, "lodging": 0.015, "geographic_entities": 0.008}, "tfidf": {"services_and_business": 0.25, "food_and_drink": 0.166, "shopping": 0.123, "education": 0.106, "cultural_and_historic": 0.098, "travel_and_transportation": 0.078, "community_and_government": 0.041, "health_care": 0.041, "lifestyle_services": 0.04, "sports_and_recreation": 0.035, "arts_and_entertainment": 0.033, "lodging": 0.021, "geographic_entities": 0.015}, "cluster": -1}}, {"type": "Feature", "geometry": {"type": "Polygon", "coordinates": [[[-0.044915, 51.539806], [-0.051624, 51.538619], [-0.052854, 51.534148], [-0.047375, 51.530865], [-0.040667, 51.532052], [-0.039437, 51.536523], [-0.044915, 51.539806]]]}, "properties": {"h3": "88194e69b5fffff", "poi": 177, "richness": 12, "hill_q1": 7.983, "hill_q2": 6.421, "top_share": 0.26, "flagged": false, "dominant": "food_and_drink", "dna": {"food_and_drink": 0.26, "shopping": 0.181, "services_and_business": 0.164, "sports_and_recreation": 0.124, "lifestyle_services": 0.085, "travel_and_transportation": 0.045, "arts_and_entertainment": 0.04, "community_and_government": 0.028, "education": 0.028, "health_care": 0.023, "cultural_and_historic": 0.017, "geographic_entities": 0.006}, "tfidf": {"food_and_drink": 0.272, "shopping": 0.183, "services_and_business": 0.164, "sports_and_recreation": 0.126, "lifestyle_services": 0.09, "travel_and_transportation": 0.047, "arts_and_entertainment": 0.043, "community_and_government": 0.031, "education": 0.029, "health_care": 0.025, "cultural_and_historic": 0.018, "geographic_entities": 0.011}, "cluster": -1}}, {"type": "Feature", "geometry": {"type": "Polygon", "coordinates": [[[-0.040667, 51.532052], [-0.047375, 51.530865], [-0.048605, 51.526393], [-0.043128, 51.52311], [-0.036421, 51.524298], [-0.03519, 51.528769], [-0.040667, 51.532052]]]}, "properties": {"h3": "88194e69b7fffff", "poi": 199, "richness": 13, "hill_q1": 10.836, "hill_q2": 9.517, "top_share": 0.161, "flagged": false, "dominant": "services_and_business", "dna": {"services_and_business": 0.161, "food_and_drink": 0.146, "shopping": 0.146, "education": 0.116, "sports_and_recreation": 0.07, "cultural_and_historic": 0.06, "health_care": 0.06, "travel_and_transportation": 0.06, "lodging": 0.05, "community_and_government": 0.045, "arts_and_entertainment": 0.04, "lifestyle_services": 0.035, "geographic_entities": 0.01}, "tfidf": {"services_and_business": 0.161, "food_and_drink": 0.152, "shopping": 0.147, "education": 0.12, "sports_and_recreation": 0.071, "lodging": 0.069, "health_care": 0.065, "cultural_and_historic": 0.065, "travel_and_transportation": 0.062, "community_and_government": 0.049, "arts_and_entertainment": 0.044, "lifestyle_services": 0.037, "geographic_entities": 0.019}, "cluster": -1}}, {"type": "Feature", "geometry": {"type": "Polygon", "coordinates": [[[-0.024789, 51.543367], [-0.031497, 51.54218], [-0.032728, 51.53771], [-0.027252, 51.534426], [-0.020544, 51.535613], [-0.019312, 51.540083], [-0.024789, 51.543367]]]}, "properties": {"h3": "88194e69b9fffff", "poi": 265, "richness": 13, "hill_q1": 7.599, "hill_q2": 5.624, "top_share": 0.309, "flagged": false, "dominant": "services_and_business", "dna": {"services_and_business": 0.309, "shopping": 0.215, "food_and_drink": 0.14, "lifestyle_services": 0.064, "sports_and_recreation": 0.064, "arts_and_entertainment": 0.06, "cultural_and_historic": 0.042, "travel_and_transportation": 0.042, "health_care": 0.023, "education": 0.015, "community_and_government": 0.011, "geographic_entities": 0.008, "lodging": 0.008}, "tfidf": {"services_and_business": 0.309, "shopping": 0.218, "food_and_drink": 0.146, "lifestyle_services": 0.068, "arts_and_entertainment": 0.066, "sports_and_recreation": 0.065, "cultural_and_historic": 0.045, "travel_and_transportation": 0.043, "health_care": 0.025, "education": 0.016, "geographic_entities": 0.014, "community_and_government": 0.012, "lodging": 0.01}, "cluster": -1}}, {"type": "Feature", "geometry": {"type": "Polygon", "coordinates": [[[-0.020544, 51.535613], [-0.027252, 51.534426], [-0.028483, 51.529956], [-0.023008, 51.526672], [-0.016301, 51.527858], [-0.015069, 51.532328], [-0.020544, 51.535613]]]}, "properties": {"h3": "88194e69bbfffff", "poi": 194, "richness": 13, "hill_q1": 7.106, "hill_q2": 4.951, "top_share": 0.366, "flagged": false, "dominant": "services_and_business", "dna": {"services_and_business": 0.366, "shopping": 0.175, "travel_and_transportation": 0.155, "food_and_drink": 0.082, "arts_and_entertainment": 0.036, "education": 0.036, "lifestyle_services": 0.036, "community_and_government": 0.031, "health_care": 0.031, "sports_and_recreation": 0.021, "cultural_and_historic": 0.015, "lodging": 0.01, "geographic_entities": 0.005}, "tfidf": {"services_and_business": 0.366, "shopping": 0.177, "travel_and_transportation": 0.159, "food_and_drink": 0.086, "arts_and_entertainment": 0.039, "lifestyle_services": 0.038, "education": 0.037, "community_and_government": 0.034, "health_care": 0.034, "sports_and_recreation": 0.021, "cultural_and_historic": 0.017, "lodging": 0.014, "geographic_entities": 0.01}, "cluster": -1}}, {"type": "Feature", "geometry": {"type": "Polygon", "coordinates": [[[-0.036975, 51.545464], [-0.043684, 51.544277], [-0.044915, 51.539806], [-0.039437, 51.536523], [-0.032728, 51.53771], [-0.031497, 51.54218], [-0.036975, 51.545464]]]}, "properties": {"h3": "88194e69bdfffff", "poi": 50, "richness": 12, "hill_q1": 8.894, "hill_q2": 7.022, "top_share": 0.26, "flagged": false, "dominant": "services_and_business", "dna": {"services_and_business": 0.26, "sports_and_recreation": 0.18, "travel_and_transportation": 0.14, "community_and_government": 0.08, "education": 0.06, "food_and_drink": 0.06, "shopping": 0.06, "arts_and_entertainment": 0.04, "cultural_and_historic": 0.04, "lifestyle_services": 0.04, "geographic_entities": 0.02, "health_care": 0.02}, "tfidf": {"services_and_business": 0.26, "sports_and_recreation": 0.182, "travel_and_transportation": 0.144, "community_and_government": 0.087, "food_and_drink": 0.063, "education": 0.062, "shopping": 0.061, "arts_and_entertainment": 0.044, "cultural_and_historic": 0.043, "lifestyle_services": 0.042, "geographic_entities": 0.038, "health_care": 0.022}, "cluster": -1}}, {"type": "Feature", "geometry": {"type": "Polygon", "coordinates": [[[-0.021641, 51.577934], [-0.028354, 51.576749], [-0.029586, 51.57228], [-0.024106, 51.568997], [-0.017395, 51.570181], [-0.016162, 51.57465], [-0.021641, 51.577934]]]}, "properties": {"h3": "88194e69c5fffff", "poi": 171, "richness": 12, "hill_q1": 8.373, "hill_q2": 6.668, "top_share": 0.269, "flagged": false, "dominant": "services_and_business", "dna": {"services_and_business": 0.269, "food_and_drink": 0.17, "shopping": 0.135, "travel_and_transportation": 0.111, "lifestyle_services": 0.105, "cultural_and_historic": 0.047, "sports_and_recreation": 0.041, "education": 0.035, "health_care": 0.035, "arts_and_entertainment": 0.023, "lodging": 0.018, "community_and_government": 0.012}, "tfidf": {"services_and_business": 0.269, "food_and_drink": 0.177, "shopping": 0.136, "travel_and_transportation": 0.114, "lifestyle_services": 0.112, "cultural_and_historic": 0.051, "sports_and_recreation": 0.041, "health_care": 0.038, "education": 0.036, "arts_and_entertainment": 0.026, "lodging": 0.024, "community_and_government": 0.013}, "cluster": -1}}, {"type": "Feature", "geometry": {"type": "Polygon", "coordinates": [[[-0.017395, 51.570181], [-0.024106, 51.568997], [-0.025339, 51.564528], [-0.01986, 51.561244], [-0.01315, 51.562429], [-0.011917, 51.566897], [-0.017395, 51.570181]]]}, "properties": {"h3": "88194e69c7fffff", "poi": 106, "richness": 12, "hill_q1": 5.948, "hill_q2": 4.092, "top_share": 0.406, "flagged": false, "dominant": "services_and_business", "dna": {"services_and_business": 0.406, "shopping": 0.245, "food_and_drink": 0.085, "education": 0.075, "travel_and_transportation": 0.066, "cultural_and_historic": 0.028, "community_and_government": 0.019, "health_care": 0.019, "lifestyle_services": 0.019, "sports_and_recreation": 0.019, "arts_and_entertainment": 0.009, "lodging": 0.009}, "tfidf": {"services_and_business": 0.406, "shopping": 0.248, "food_and_drink": 0.089, "education": 0.078, "travel_and_transportation": 0.068, "cultural_and_historic": 0.031, "community_and_government": 0.021, "health_care": 0.02, "lifestyle_services": 0.02, "sports_and_recreation": 0.019, "lodging": 0.013, "arts_and_entertainment": 0.01}, "cluster": -1}}, {"type": "Feature", "geometry": {"type": "Polygon", "coordinates": [[[-0.041779, 51.574378], [-0.048492, 51.573192], [-0.049723, 51.568723], [-0.044241, 51.56544], [-0.03753, 51.566626], [-0.036298, 51.571095], [-0.041779, 51.574378]]]}, "properties": {"h3": "88194e69e1fffff", "poi": 195, "richness": 11, "hill_q1": 5.869, "hill_q2": 4.161, "top_share": 0.374, "flagged": false, "dominant": "services_and_business", "dna": {"services_and_business": 0.374, "shopping": 0.287, "food_and_drink": 0.087, "cultural_and_historic": 0.062, "travel_and_transportation": 0.046, "community_and_government": 0.041, "arts_and_entertainment": 0.031, "lifestyle_services": 0.026, "sports_and_recreation": 0.026, "education": 0.015, "geographic_entities": 0.005}, "tfidf": {"services_and_business": 0.374, "shopping": 0.291, "food_and_drink": 0.091, "cultural_and_historic": 0.067, "travel_and_transportation": 0.048, "community_and_government": 0.045, "arts_and_entertainment": 0.034, "lifestyle_services": 0.027, "sports_and_recreation": 0.026, "education": 0.016, "geographic_entities": 0.01}, "cluster": -1}}, {"type": "Feature", "geometry": {"type": "Polygon", "coordinates": [[[-0.03753, 51.566626], [-0.044241, 51.56544], [-0.045472, 51.56097], [-0.039992, 51.557687], [-0.033281, 51.558873], [-0.03205, 51.563343], [-0.03753, 51.566626]]]}, "properties": {"h3": "88194e69e3fffff", "poi": 28, "richness": 9, "hill_q1": 8.146, "hill_q2": 7.686, "top_share": 0.179, "flagged": false, "dominant": "services_and_business", "dna": {"services_and_business": 0.179, "shopping": 0.143, "sports_and_recreation": 0.143, "travel_and_transportation": 0.143, "community_and_government": 0.107, "cultural_and_historic": 0.107, "geographic_entities": 0.107, "arts_and_entertainment": 0.036, "food_and_drink": 0.036}, "tfidf": {"geographic_entities": 0.205, "services_and_business": 0.179, "travel_and_transportation": 0.147, "sports_and_recreation": 0.145, "shopping": 0.145, "community_and_government": 0.117, "cultural_and_historic": 0.116, "arts_and_entertainment": 0.039, "food_and_drink": 0.037}, "cluster": -1}}, {"type": "Feature", "geometry": {"type": "Polygon", "coordinates": [[[-0.053975, 51.576475], [-0.060688, 51.575288], [-0.061918, 51.570819], [-0.056435, 51.567536], [-0.049723, 51.568723], [-0.048492, 51.573192], [-0.053975, 51.576475]]]}, "properties": {"h3": "88194e69e5fffff", "poi": 31, "richness": 9, "hill_q1": 7.575, "hill_q2": 6.537, "top_share": 0.258, "flagged": false, "dominant": "sports_and_recreation", "dna": {"sports_and_recreation": 0.258, "geographic_entities": 0.194, "services_and_business": 0.129, "arts_and_entertainment": 0.097, "community_and_government": 0.097, "education": 0.065, "food_and_drink": 0.065, "travel_and_transportation": 0.065, "shopping": 0.032}, "tfidf": {"geographic_entities": 0.371, "sports_and_recreation": 0.262, "services_and_business": 0.129, "arts_and_entertainment": 0.106, "community_and_government": 0.105, "food_and_drink": 0.067, "education": 0.067, "travel_and_transportation": 0.066, "shopping": 0.033}, "cluster": -1}}, {"type": "Feature", "geometry": {"type": "Polygon", "coordinates": [[[-0.049723, 51.568723], [-0.056435, 51.567536], [-0.057665, 51.563066], [-0.052184, 51.559784], [-0.045472, 51.56097], [-0.044241, 51.56544], [-0.049723, 51.568723]]]}, "properties": {"h3": "88194e69e7fffff", "poi": 136, "richness": 13, "hill_q1": 7.108, "hill_q2": 4.824, "top_share": 0.375, "flagged": false, "dominant": "services_and_business", "dna": {"services_and_business": 0.375, "shopping": 0.199, "travel_and_transportation": 0.125, "lifestyle_services": 0.059, "education": 0.051, "sports_and_recreation": 0.044, "community_and_government": 0.029, "food_and_drink": 0.029, "health_care": 0.029, "geographic_entities": 0.022, "arts_and_entertainment": 0.015, "cultural_and_historic": 0.015, "lodging": 0.007}, "tfidf": {"services_and_business": 0.375, "shopping": 0.201, "travel_and_transportation": 0.129, "lifestyle_services": 0.062, "education": 0.053, "sports_and_recreation": 0.045, "geographic_entities": 0.042, "community_and_government": 0.032, "health_care": 0.032, "food_and_drink": 0.031, "arts_and_entertainment": 0.016, "cultural_and_historic": 0.016, "lodging": 0.01}, "cluster": -1}}, {"type": "Feature", "geometry": {"type": "Polygon", "coordinates": [[[-0.033835, 51.580033], [-0.040548, 51.578847], [-0.041779, 51.574378], [-0.036298, 51.571095], [-0.029586, 51.57228], [-0.028354, 51.576749], [-0.033835, 51.580033]]]}, "properties": {"h3": "88194e69e9fffff", "poi": 91, "richness": 12, "hill_q1": 9.308, "hill_q2": 7.805, "top_share": 0.231, "flagged": false, "dominant": "services_and_business", "dna": {"services_and_business": 0.231, "shopping": 0.143, "travel_and_transportation": 0.132, "food_and_drink": 0.121, "lifestyle_services": 0.088, "sports_and_recreation": 0.077, "education": 0.066, "lodging": 0.044, "community_and_government": 0.033, "arts_and_entertainment": 0.022, "cultural_and_historic": 0.022, "health_care": 0.022}, "tfidf": {"services_and_business": 0.231, "shopping": 0.145, "travel_and_transportation": 0.136, "food_and_drink": 0.126, "lifestyle_services": 0.093, "sports_and_recreation": 0.078, "education": 0.068, "lodging": 0.06, "community_and_government": 0.036, "arts_and_entertainment": 0.024, "health_care": 0.024, "cultural_and_historic": 0.024}, "cluster": -1}}, {"type": "Feature", "geometry": {"type": "Polygon", "coordinates": [[[-0.029586, 51.57228], [-0.036298, 51.571095], [-0.03753, 51.566626], [-0.03205, 51.563343], [-0.025339, 51.564528], [-0.024106, 51.568997], [-0.029586, 51.57228]]]}, "properties": {"h3": "88194e69ebfffff", "poi": 200, "richness": 12, "hill_q1": 6.319, "hill_q2": 4.532, "top_share": 0.38, "flagged": false, "dominant": "services_and_business", "dna": {"services_and_business": 0.38, "shopping": 0.2, "food_and_drink": 0.15, "travel_and_transportation": 0.095, "lifestyle_services": 0.035, "sports_and_recreation": 0.035, "arts_and_entertainment": 0.03, "cultural_and_historic": 0.025, "health_care": 0.02, "community_and_government": 0.015, "education": 0.01, "geographic_entities": 0.005}, "tfidf": {"services_and_business": 0.38, "shopping": 0.202, "food_and_drink": 0.157, "travel_and_transportation": 0.098, "lifestyle_services": 0.037, "sports_and_recreation": 0.035, "arts_and_entertainment": 0.033, "cultural_and_historic": 0.027, "health_care": 0.022, "community_and_government": 0.016, "education": 0.01, "geographic_entities": 0.01}, "cluster": -1}}, {"type": "Feature", "geometry": {"type": "Polygon", "coordinates": [[[-0.191934, 51.586051], [-0.198653, 51.584856], [-0.199874, 51.580383], [-0.194376, 51.577105], [-0.187657, 51.5783], [-0.186436, 51.582773], [-0.191934, 51.586051]]]}, "properties": {"h3": "88195da401fffff", "poi": 155, "richness": 13, "hill_q1": 8.372, "hill_q2": 6.258, "top_share": 0.258, "flagged": false, "dominant": "shopping", "dna": {"shopping": 0.258, "services_and_business": 0.252, "health_care": 0.084, "lifestyle_services": 0.084, "travel_and_transportation": 0.077, "cultural_and_historic": 0.058, "food_and_drink": 0.052, "community_and_government": 0.039, "arts_and_entertainment": 0.032, "sports_and_recreation": 0.026, "lodging": 0.019, "education": 0.013, "geographic_entities": 0.006}, "tfidf": {"shopping": 0.261, "services_and_business": 0.252, "health_care": 0.091, "lifestyle_services": 0.089, "travel_and_transportation": 0.08, "cultural_and_historic": 0.063, "food_and_drink": 0.054, "community_and_government": 0.042, "arts_and_entertainment": 0.035, "lodging": 0.026, "sports_and_recreation": 0.026, "education": 0.013, "geographic_entities": 0.012}, "cluster": -1}}, {"type": "Feature", "geometry": {"type": "Polygon", "coordinates": [[[-0.187657, 51.5783], [-0.194376, 51.577105], [-0.195597, 51.572631], [-0.1901, 51.569353], [-0.183382, 51.570548], [-0.18216, 51.575021], [-0.187657, 51.5783]]]}, "properties": {"h3": "88195da403fffff", "poi": 47, "richness": 11, "hill_q1": 7.06, "hill_q2": 4.986, "top_share": 0.383, "flagged": false, "dominant": "services_and_business", "dna": {"services_and_business": 0.383, "shopping": 0.128, "health_care": 0.106, "travel_and_transportation": 0.106, "cultural_and_historic": 0.085, "food_and_drink": 0.064, "arts_and_entertainment": 0.043, "community_and_government": 0.021, "education": 0.021, "lifestyle_services": 0.021, "sports_and_recreation": 0.021}, "tfidf": {"services_and_business": 0.383, "shopping": 0.129, "health_care": 0.115, "travel_and_transportation": 0.11, "cultural_and_historic": 0.092, "food_and_drink": 0.067, "arts_and_entertainment": 0.046, "community_and_government": 0.023, "lifestyle_services": 0.023, "education": 0.022, "sports_and_recreation": 0.022}, "cluster": -1}}, {"type": "Feature", "geometry": {"type": "Polygon", "coordinates": [[[-0.204153, 51.588134], [-0.210873, 51.586938], [-0.212093, 51.582465], [-0.206594, 51.579187], [-0.199874, 51.580383], [-0.198653, 51.584856], [-0.204153, 51.588134]]]}, "properties": {"h3": "88195da405fffff", "poi": 147, "richness": 12, "hill_q1": 7.082, "hill_q2": 5.129, "top_share": 0.299, "flagged": false, "dominant": "shopping", "dna": {"shopping": 0.299, "services_and_business": 0.286, "food_and_drink": 0.088, "health_care": 0.068, "lifestyle_services": 0.068, "sports_and_recreation": 0.054, "cultural_and_historic": 0.034, "education": 0.034, "community_and_government": 0.027, "arts_and_entertainment": 0.02, "travel_and_transportation": 0.014, "lodging": 0.007}, "tfidf": {"shopping": 0.303, "services_and_business": 0.286, "food_and_drink": 0.092, "health_care": 0.074, "lifestyle_services": 0.072, "sports_and_recreation": 0.055, "cultural_and_historic": 0.037, "education": 0.035, "community_and_government": 0.03, "arts_and_entertainment": 0.022, "travel_and_transportation": 0.014, "lodging": 0.009}, "cluster": -1}}, {"type": "Feature", "geometry": {"type": "Polygon", "coordinates": [[[-0.199874, 51.580383], [-0.206594, 51.579187], [-0.207814, 51.574713], [-0.202315, 51.571435], [-0.195597, 51.572631], [-0.194376, 51.577105], [-0.199874, 51.580383]]]}, "properties": {"h3": "88195da407fffff", "poi": 325, "richness": 12, "hill_q1": 8.483, "hill_q2": 6.697, "top_share": 0.274, "flagged": false, "dominant": "services_and_business", "dna": {"services_and_business": 0.274, "shopping": 0.166, "food_and_drink": 0.145, "lifestyle_services": 0.092, "health_care": 0.08, "travel_and_transportation": 0.074, "cultural_and_historic": 0.04, "education": 0.04, "lodging": 0.034, "sports_and_recreation": 0.025, "community_and_government": 0.018, "arts_and_entertainment": 0.012}, "tfidf": {"services_and_business": 0.274, "shopping": 0.168, "food_and_drink": 0.151, "lifestyle_services": 0.098, "health_care": 0.087, "travel_and_transportation": 0.076, "lodging": 0.046, "cultural_and_historic": 0.043, "education": 0.041, "sports_and_recreation": 0.025, "community_and_government": 0.02, "arts_and_entertainment": 0.013}, "cluster": -1}}, {"type": "Feature", "geometry": {"type": "Polygon", "coordinates": [[[-0.183992, 51.591718], [-0.190712, 51.590524], [-0.191934, 51.586051], [-0.186436, 51.582773], [-0.179717, 51.583967], [-0.178494, 51.588439], [-0.183992, 51.591718]]]}, "properties": {"h3": "88195da409fffff", "poi": 114, "richness": 11, "hill_q1": 7.806, "hill_q2": 6.415, "top_share": 0.281, "flagged": false, "dominant": "services_and_business", "dna": {"services_and_business": 0.281, "shopping": 0.167, "food_and_drink": 0.14, "health_care": 0.088, "sports_and_recreation": 0.088, "education": 0.079, "lifestyle_services": 0.061, "travel_and_transportation": 0.061, "arts_and_entertainment": 0.018, "cultural_and_historic": 0.009, "geographic_entities": 0.009}, "tfidf": {"services_and_business": 0.281, "shopping": 0.169, "food_and_drink": 0.147, "health_care": 0.095, "sports_and_recreation": 0.089, "education": 0.082, "lifestyle_services": 0.065, "travel_and_transportation": 0.063, "arts_and_entertainment": 0.019, "geographic_entities": 0.017, "cultural_and_historic": 0.009}, "cluster": -1}}, {"type": "Feature", "geometry": {"type": "Polygon", "coordinates": [[[-0.179717, 51.583967], [-0.186436, 51.582773], [-0.187657, 51.5783], [-0.18216, 51.575021], [-0.175442, 51.576215], [-0.17422, 51.580688], [-0.179717, 51.583967]]]}, "properties": {"h3": "88195da40bfffff", "poi": 10, "richness": 4, "hill_q1": 2.561, "hill_q2": 1.923, "top_share": 0.7, "flagged": true, "dominant": "services_and_business", "dna": {"services_and_business": 0.7, "education": 0.1, "health_care": 0.1, "lodging": 0.1}, "tfidf": {"services_and_business": 0.7, "lodging": 0.137, "health_care": 0.109, "education": 0.104}, "cluster": -1}}, {"type": "Feature", "geometry": {"type": "Polygon", "coordinates": [[[-0.196211, 51.593802], [-0.202932, 51.592607], [-0.204153, 51.588134], [-0.198653, 51.584856], [-0.191934, 51.586051], [-0.190712, 51.590524], [-0.196211, 51.593802]]]}, "properties": {"h3": "88195da40dfffff", "poi": 98, "richness": 13, "hill_q1": 8.181, "hill_q2": 5.856, "top_share": 0.286, "flagged": false, "dominant": "services_and_business", "dna": {"services_and_business": 0.286, "shopping": 0.255, "food_and_drink": 0.082, "health_care": 0.071, "lifestyle_services": 0.051, "travel_and_transportation": 0.051, "community_and_government": 0.041, "cultural_and_historic": 0.041, "education": 0.041, "arts_and_entertainment": 0.031, "lodging": 0.031, "geographic_entities": 0.01, "sports_and_recreation": 0.01}, "tfidf": {"services_and_business": 0.286, "shopping": 0.258, "food_and_drink": 0.085, "health_care": 0.078, "lifestyle_services": 0.054, "travel_and_transportation": 0.053, "community_and_government": 0.044, "cultural_and_historic": 0.044, "education": 0.042, "lodging": 0.042, "arts_and_entertainment": 0.033, "geographic_entities": 0.02, "sports_and_recreation": 0.01}, "cluster": -1}}, {"type": "Feature", "geometry": {"type": "Polygon", "coordinates": [[[-0.166898, 51.560711], [-0.173614, 51.559517], [-0.174836, 51.555043], [-0.169343, 51.551764], [-0.162628, 51.552959], [-0.161405, 51.557432], [-0.166898, 51.560711]]]}, "properties": {"h3": "88195da413fffff", "poi": 308, "richness": 13, "hill_q1": 9.772, "hill_q2": 8.121, "top_share": 0.205, "flagged": false, "dominant": "services_and_business", "dna": {"services_and_business": 0.205, "food_and_drink": 0.172, "shopping": 0.143, "health_care": 0.11, "lifestyle_services": 0.075, "sports_and_recreation": 0.071, "education": 0.049, "community_and_government": 0.042, "travel_and_transportation": 0.042, "cultural_and_historic": 0.036, "arts_and_entertainment": 0.029, "lodging": 0.016, "geographic_entities": 0.01}, "tfidf": {"services_and_business": 0.205, "food_and_drink": 0.18, "shopping": 0.145, "health_care": 0.12, "lifestyle_services": 0.079, "sports_and_recreation": 0.072, "education": 0.05, "community_and_government": 0.046, "travel_and_transportation": 0.043, "cultural_and_historic": 0.039, "arts_and_entertainment": 0.032, "lodging": 0.022, "geographic_entities": 0.019}, "cluster": -1}}, {"type": "Feature", "geometry": {"type": "Polygon", "coordinates": [[[-0.183382, 51.570548], [-0.1901, 51.569353], [-0.191321, 51.564879], [-0.185825, 51.561601], [-0.179108, 51.562796], [-0.177887, 51.567269], [-0.183382, 51.570548]]]}, "properties": {"h3": "88195da415fffff", "poi": 44, "richness": 11, "hill_q1": 8.24, "hill_q2": 6.865, "top_share": 0.227, "flagged": false, "dominant": "health_care", "dna": {"health_care": 0.227, "sports_and_recreation": 0.182, "travel_and_transportation": 0.182, "services_and_business": 0.114, "cultural_and_historic": 0.068, "food_and_drink": 0.068, "education": 0.045, "lifestyle_services": 0.045, "arts_and_entertainment": 0.023, "community_and_government": 0.023, "shopping": 0.023}, "tfidf": {"health_care": 0.247, "travel_and_transportation": 0.187, "sports_and_recreation": 0.184, "services_and_business": 0.114, "cultural_and_historic": 0.074, "food_and_drink": 0.071, "lifestyle_services": 0.048, "education": 0.047, "arts_and_entertainment": 0.025, "community_and_government": 0.025, "shopping": 0.023}, "cluster": -1}}, {"type": "Feature", "geometry": {"type": "Polygon", "coordinates": [[[-0.179108, 51.562796], [-0.185825, 51.561601], [-0.187046, 51.557127], [-0.181551, 51.553848], [-0.174836, 51.555043], [-0.173614, 51.559517], [-0.179108, 51.562796]]]}, "properties": {"h3": "88195da417fffff", "poi": 426, "richness": 13, "hill_q1": 7.431, "hill_q2": 5.754, "top_share": 0.263, "flagged": false, "dominant": "shopping", "dna": {"shopping": 0.263, "services_and_business": 0.232, "food_and_drink": 0.185, "lifestyle_services": 0.085, "health_care": 0.059, "arts_and_entertainment": 0.049, "cultural_and_historic": 0.033, "sports_and_recreation": 0.033, "travel_and_transportation": 0.023, "education": 0.021, "community_and_government": 0.007, "geographic_entities": 0.005, "lodging": 0.005}, "tfidf": {"shopping": 0.266, "services_and_business": 0.232, "food_and_drink": 0.194, "lifestyle_services": 0.09, "health_care": 0.064, "arts_and_entertainment": 0.054, "cultural_and_historic": 0.036, "sports_and_recreation": 0.033, "travel_and_transportation": 0.024, "education": 0.022, "geographic_entities": 0.009, "community_and_government": 0.008, "lodging": 0.006}, "cluster": -1}}, {"type": "Feature", "geometry": {"type": "Polygon", "coordinates": [[[-0.16323, 51.57413], [-0.169947, 51.572936], [-0.17117, 51.568463], [-0.165676, 51.565184], [-0.158959, 51.566378], [-0.157736, 51.570851], [-0.16323, 51.57413]]]}, "properties": {"h3": "88195da419fffff", "poi": 15, "richness": 6, "hill_q1": 5.038, "hill_q2": 4.412, "top_share": 0.333, "flagged": false, "dominant": "sports_and_recreation", "dna": {"sports_and_recreation": 0.333, "arts_and_entertainment": 0.267, "food_and_drink": 0.133, "services_and_business": 0.133, "cultural_and_historic": 0.067, "shopping": 0.067}, "tfidf": {"sports_and_recreation": 0.338, "arts_and_entertainment": 0.291, "food_and_drink": 0.139, "services_and_business": 0.133, "cultural_and_historic": 0.072, "shopping": 0.067}, "cluster": -1}}, {"type": "Feature", "geometry": {"type": "Polygon", "coordinates": [[[-0.158959, 51.566378], [-0.165676, 51.565184], [-0.166898, 51.560711], [-0.161405, 51.557432], [-0.15469, 51.558626], [-0.153467, 51.563099], [-0.158959, 51.566378]]]}, "properties": {"h3": "88195da41bfffff", "poi": 19, "richness": 7, "hill_q1": 5.595, "hill_q2": 4.813, "top_share": 0.316, "flagged": false, "dominant": "sports_and_recreation", "dna": {"sports_and_recreation": 0.316, "geographic_entities": 0.211, "services_and_business": 0.211, "arts_and_entertainment": 0.105, "cultural_and_historic": 0.053, "education": 0.053, "food_and_drink": 0.053}, "tfidf": {"geographic_entities": 0.403, "sports_and_recreation": 0.32, "services_and_business": 0.211, "arts_and_entertainment": 0.115, "cultural_and_historic": 0.057, "food_and_drink": 0.055, "education": 0.055}, "cluster": -1}}, {"type": "Feature", "geometry": {"type": "Polygon", "coordinates": [[[-0.220033, 51.576794], [-0.226752, 51.575597], [-0.227971, 51.571123], [-0.222471, 51.567846], [-0.215752, 51.569043], [-0.214533, 51.573517], [-0.220033, 51.576794]]]}, "properties": {"h3": "88195da423fffff", "poi": 24, "richness": 7, "hill_q1": 6.022, "hill_q2": 5.538, "top_share": 0.25, "flagged": false, "dominant": "services_and_business", "dna": {"services_and_business": 0.25, "sports_and_recreation": 0.208, "food_and_drink": 0.167, "shopping": 0.167, "education": 0.125, "arts_and_entertainment": 0.042, "cultural_and_historic": 0.042}, "tfidf": {"services_and_business": 0.25, "sports_and_recreation": 0.211, "food_and_drink": 0.174, "shopping": 0.169, "education": 0.13, "arts_and_entertainment": 0.045, "cultural_and_historic": 0.045}, "cluster": -1}}, {"type": "Feature", "geometry": {"type": "Polygon", "coordinates": [[[-0.216374, 51.590216], [-0.223095, 51.589019], [-0.224315, 51.584546], [-0.218813, 51.581268], [-0.212093, 51.582465], [-0.210873, 51.586938], [-0.216374, 51.590216]]]}, "properties": {"h3": "88195da429fffff", "poi": 120, "richness": 12, "hill_q1": 8.047, "hill_q2": 5.902, "top_share": 0.333, "flagged": false, "dominant": "services_and_business", "dna": {"services_and_business": 0.333, "shopping": 0.158, "education": 0.092, "food_and_drink": 0.083, "cultural_and_historic": 0.075, "lifestyle_services": 0.058, "travel_and_transportation": 0.058, "health_care": 0.05, "community_and_government": 0.042, "sports_and_recreation": 0.033, "arts_and_entertainment": 0.008, "lodging": 0.008}, "tfidf": {"services_and_business": 0.333, "shopping": 0.16, "education": 0.095, "food_and_drink": 0.087, "cultural_and_historic": 0.081, "lifestyle_services": 0.062, "travel_and_transportation": 0.06, "health_care": 0.054, "community_and_government": 0.045, "sports_and_recreation": 0.034, "lodging": 0.011, "arts_and_entertainment": 0.009}, "cluster": -1}}, {"type": "Feature", "geometry": {"type": "Polygon", "coordinates": [[[-0.212093, 51.582465], [-0.218813, 51.581268], [-0.220033, 51.576794], [-0.214533, 51.573517], [-0.207814, 51.574713], [-0.206594, 51.579187], [-0.212093, 51.582465]]]}, "properties": {"h3": "88195da42bfffff", "poi": 149, "richness": 12, "hill_q1": 5.947, "hill_q2": 4.482, "top_share": 0.369, "flagged": false, "dominant": "services_and_business", "dna": {"services_and_business": 0.369, "shopping": 0.228, "travel_and_transportation": 0.114, "food_and_drink": 0.101, "health_care": 0.101, "lifestyle_services": 0.027, "community_and_government": 0.02, "cultural_and_historic": 0.013, "education": 0.007, "geographic_entities": 0.007, "lodging": 0.007, "sports_and_recreation": 0.007}, "tfidf": {"services_and_business": 0.369, "shopping": 0.231, "travel_and_transportation": 0.117, "health_care": 0.109, "food_and_drink": 0.105, "lifestyle_services": 0.028, "community_and_government": 0.022, "cultural_and_historic": 0.015, "geographic_entities": 0.013, "lodging": 0.009, "education": 0.007, "sports_and_recreation": 0.007}, "cluster": -1}}, {"type": "Feature", "geometry": {"type": "Polygon", "coordinates": [[[-0.203535, 51.566961], [-0.210253, 51.565765], [-0.211473, 51.561291], [-0.205975, 51.558013], [-0.199258, 51.559209], [-0.198038, 51.563683], [-0.203535, 51.566961]]]}, "properties": {"h3": "88195da431fffff", "poi": 115, "richness": 12, "hill_q1": 8.442, "hill_q2": 6.642, "top_share": 0.27, "flagged": false, "dominant": "services_and_business", "dna": {"services_and_business": 0.27, "shopping": 0.191, "travel_and_transportation": 0.122, "food_and_drink": 0.104, "cultural_and_historic": 0.078, "health_care": 0.061, "lodging": 0.043, "education": 0.035, "sports_and_recreation": 0.035, "community_and_government": 0.026, "lifestyle_services": 0.026, "arts_and_entertainment": 0.009}, "tfidf": {"services_and_business": 0.27, "shopping": 0.194, "travel_and_transportation": 0.125, "food_and_drink": 0.109, "cultural_and_historic": 0.085, "health_care": 0.066, "lodging": 0.059, "education": 0.036, "sports_and_recreation": 0.035, "community_and_government": 0.028, "lifestyle_services": 0.028, "arts_and_entertainment": 0.009}, "cluster": -1}}, {"type": "Feature", "geometry": {"type": "Polygon", "coordinates": [[[-0.199258, 51.559209], [-0.205975, 51.558013], [-0.207195, 51.553538], [-0.201699, 51.55026], [-0.194983, 51.551457], [-0.193762, 51.555931], [-0.199258, 51.559209]]]}, "properties": {"h3": "88195da433fffff", "poi": 218, "richness": 11, "hill_q1": 7.655, "hill_q2": 6.051, "top_share": 0.303, "flagged": false, "dominant": "services_and_business", "dna": {"services_and_business": 0.303, "lifestyle_services": 0.147, "shopping": 0.138, "health_care": 0.124, "food_and_drink": 0.106, "education": 0.05, "sports_and_recreation": 0.046, "travel_and_transportation": 0.028, "arts_and_entertainment": 0.023, "community_and_government": 0.023, "cultural_and_historic": 0.014}, "tfidf": {"services_and_business": 0.303, "lifestyle_services": 0.156, "shopping": 0.139, "health_care": 0.134, "food_and_drink": 0.11, "education": 0.052, "sports_and_recreation": 0.047, "travel_and_transportation": 0.028, "arts_and_entertainment": 0.025, "community_and_government": 0.025, "cultural_and_historic": 0.015}, "cluster": -1}}, {"type": "Feature", "geometry": {"type": "Polygon", "coordinates": [[[-0.215752, 51.569043], [-0.222471, 51.567846], [-0.22369, 51.563371], [-0.218191, 51.560093], [-0.211473, 51.561291], [-0.210253, 51.565765], [-0.215752, 51.569043]]]}, "properties": {"h3": "88195da435fffff", "poi": 62, "richness": 11, "hill_q1": 8.573, "hill_q2": 7.172, "top_share": 0.258, "flagged": false, "dominant": "services_and_business", "dna": {"services_and_business": 0.258, "shopping": 0.161, "education": 0.097, "sports_and_recreation": 0.097, "travel_and_transportation": 0.097, "community_and_government": 0.081, "lifestyle_services": 0.081, "cultural_and_historic": 0.065, "lodging": 0.032, "arts_and_entertainment": 0.016, "food_and_drink": 0.016}, "tfidf": {"services_and_business": 0.258, "shopping": 0.163, "education": 0.1, "travel_and_transportation": 0.1, "sports_and_recreation": 0.098, "community_and_government": 0.088, "lifestyle_services": 0.086, "cultural_and_historic": 0.07, "lodging": 0.044, "arts_and_entertainment": 0.018, "food_and_drink": 0.017}, "cluster": -1}}, {"type": "Feature", "geometry": {"type": "Polygon", "coordinates": [[[-0.211473, 51.561291], [-0.218191, 51.560093], [-0.219409, 51.555618], [-0.213912, 51.552341], [-0.207195, 51.553538], [-0.205975, 51.558013], [-0.211473, 51.561291]]]}, "properties": {"h3": "88195da437fffff", "poi": 409, "richness": 13, "hill_q1": 7.858, "hill_q2": 6.086, "top_share": 0.252, "flagged": false, "dominant": "services_and_business", "dna": {"services_and_business": 0.252, "food_and_drink": 0.205, "shopping": 0.205, "travel_and_transportation": 0.081, "lifestyle_services": 0.056, "health_care": 0.054, "sports_and_recreation": 0.039, "arts_and_entertainment": 0.029, "education": 0.024, "lodging": 0.022, "cultural_and_historic": 0.02, "community_and_government": 0.01, "geographic_entities": 0.002}, "tfidf": {"services_and_business": 0.252, "food_and_drink": 0.215, "shopping": 0.208, "travel_and_transportation": 0.083, "lifestyle_services": 0.06, "health_care": 0.058, "sports_and_recreation": 0.04, "arts_and_entertainment": 0.032, "lodging": 0.03, "education": 0.025, "cultural_and_historic": 0.021, "community_and_government": 0.011, "geographic_entities": 0.005}, "cluster": -1}}, {"type": "Feature", "geometry": {"type": "Polygon", "coordinates": [[[-0.195597, 51.572631], [-0.202315, 51.571435], [-0.203535, 51.566961], [-0.198038, 51.563683], [-0.191321, 51.564879], [-0.1901, 51.569353], [-0.195597, 51.572631]]]}, "properties": {"h3": "88195da439fffff", "poi": 270, "richness": 12, "hill_q1": 6.922, "hill_q2": 4.626, "top_share": 0.407, "flagged": false, "dominant": "services_and_business", "dna": {"services_and_business": 0.407, "shopping": 0.137, "food_and_drink": 0.107, "health_care": 0.1, "lifestyle_services": 0.056, "travel_and_transportation": 0.056, "education": 0.041, "sports_and_recreation": 0.03, "arts_and_entertainment": 0.022, "lodging": 0.019, "cultural_and_historic": 0.015, "community_and_government": 0.011}, "tfidf": {"services_and_business": 0.407, "shopping": 0.139, "food_and_drink": 0.112, "health_care": 0.109, "lifestyle_services": 0.059, "travel_and_transportation": 0.057, "education": 0.042, "sports_and_recreation": 0.03, "lodging": 0.025, "arts_and_entertainment": 0.024, "cultural_and_historic": 0.016, "community_and_government": 0.012}, "cluster": -1}}, {"type": "Feature", "geometry": {"type": "Polygon", "coordinates": [[[-0.191321, 51.564879], [-0.198038, 51.563683], [-0.199258, 51.559209], [-0.193762, 51.555931], [-0.187046, 51.557127], [-0.185825, 51.561601], [-0.191321, 51.564879]]]}, "properties": {"h3": "88195da43bfffff", "poi": 127, "richness": 12, "hill_q1": 7.796, "hill_q2": 5.28, "top_share": 0.378, "flagged": false, "dominant": "services_and_business", "dna": {"services_and_business": 0.378, "food_and_drink": 0.118, "shopping": 0.102, "lifestyle_services": 0.079, "travel_and_transportation": 0.071, "education": 0.063, "health_care": 0.055, "sports_and_recreation": 0.039, "cultural_and_historic": 0.031, "community_and_government": 0.024, "lodging": 0.024, "arts_and_entertainment": 0.016}, "tfidf": {"services_and_business": 0.378, "food_and_drink": 0.123, "shopping": 0.104, "lifestyle_services": 0.084, "travel_and_transportation": 0.073, "education": 0.065, "health_care": 0.06, "sports_and_recreation": 0.04, "cultural_and_historic": 0.034, "lodging": 0.032, "community_and_government": 0.026, "arts_and_entertainment": 0.017}, "cluster": -1}}, {"type": "Feature", "geometry": {"type": "Polygon", "coordinates": [[[-0.207814, 51.574713], [-0.214533, 51.573517], [-0.215752, 51.569043], [-0.210253, 51.565765], [-0.203535, 51.566961], [-0.202315, 51.571435], [-0.207814, 51.574713]]]}, "properties": {"h3": "88195da43dfffff", "poi": 85, "richness": 10, "hill_q1": 6.446, "hill_q2": 4.763, "top_share": 0.376, "flagged": false, "dominant": "services_and_business", "dna": {"services_and_business": 0.376, "shopping": 0.188, "health_care": 0.106, "travel_and_transportation": 0.106, "education": 0.059, "lifestyle_services": 0.059, "sports_and_recreation": 0.047, "arts_and_entertainment": 0.024, "food_and_drink": 0.024, "community_and_government": 0.012}, "tfidf": {"services_and_business": 0.376, "shopping": 0.19, "health_care": 0.115, "travel_and_transportation": 0.109, "lifestyle_services": 0.062, "education": 0.061, "sports_and_recreation": 0.048, "arts_and_entertainment": 0.026, "food_and_drink": 0.025, "community_and_government": 0.013}, "cluster": -1}}, {"type": "Feature", "geometry": {"type": "Polygon", "coordinates": [[[-0.180325, 51.605134], [-0.187047, 51.603941], [-0.188269, 51.599469], [-0.18277, 51.59619], [-0.176049, 51.597384], [-0.174827, 51.601855], [-0.180325, 51.605134]]]}, "properties": {"h3": "88195da441fffff", "poi": 87, "richness": 12, "hill_q1": 9.29, "hill_q2": 7.844, "top_share": 0.23, "flagged": false, "dominant": "services_and_business", "dna": {"services_and_business": 0.23, "food_and_drink": 0.138, "shopping": 0.138, "travel_and_transportation": 0.126, "community_and_government": 0.069, "lifestyle_services": 0.069, "cultural_and_historic": 0.057, "education": 0.057, "health_care": 0.046, "sports_and_recreation": 0.046, "arts_and_entertainment": 0.011, "lodging": 0.011}, "tfidf": {"services_and_business": 0.23, "food_and_drink": 0.144, "shopping": 0.14, "travel_and_transportation": 0.13, "community_and_government": 0.075, "lifestyle_services": 0.073, "cultural_and_historic": 0.062, "education": 0.06, "health_care": 0.05, "sports_and_recreation": 0.047, "lodging": 0.016, "arts_and_entertainment": 0.013}, "cluster": -1}}, {"type": "Feature", "geometry": {"type": "Polygon", "coordinates": [[[-0.176049, 51.597384], [-0.18277, 51.59619], [-0.183992, 51.591718], [-0.178494, 51.588439], [-0.171775, 51.589633], [-0.170552, 51.594105], [-0.176049, 51.597384]]]}, "properties": {"h3": "88195da443fffff", "poi": 142, "richness": 11, "hill_q1": 8.766, "hill_q2": 7.402, "top_share": 0.246, "flagged": false, "dominant": "services_and_business", "dna": {"services_and_business": 0.246, "shopping": 0.148, "food_and_drink": 0.12, "travel_and_transportation": 0.12, "lifestyle_services": 0.092, "sports_and_recreation": 0.085, "cultural_and_historic": 0.056, "education": 0.049, "health_care": 0.042, "arts_and_entertainment": 0.021, "community_and_government": 0.021}, "tfidf": {"services_and_business": 0.246, "shopping": 0.15, "food_and_drink": 0.125, "travel_and_transportation": 0.123, "lifestyle_services": 0.097, "sports_and_recreation": 0.086, "cultural_and_historic": 0.061, "education": 0.051, "health_care": 0.046, "arts_and_entertainment": 0.023, "community_and_government": 0.023}, "cluster": -1}}, {"type": "Feature", "geometry": {"type": "Polygon", "coordinates": [[[-0.192547, 51.607219], [-0.199269, 51.606025], [-0.20049, 51.601552], [-0.19499, 51.598274], [-0.188269, 51.599469], [-0.187047, 51.603941], [-0.192547, 51.607219]]]}, "properties": {"h3": "88195da445fffff", "poi": 665, "richness": 12, "hill_q1": 6.446, "hill_q2": 4.543, "top_share": 0.398, "flagged": false, "dominant": "services_and_business", "dna": {"services_and_business": 0.398, "shopping": 0.168, "food_and_drink": 0.119, "lifestyle_services": 0.092, "health_care": 0.075, "travel_and_transportation": 0.045, "education": 0.042, "community_and_government": 0.026, "sports_and_recreation": 0.012, "arts_and_entertainment": 0.009, "cultural_and_historic": 0.008, "lodging": 0.006}, "tfidf": {"services_and_business": 0.398, "shopping": 0.17, "food_and_drink": 0.124, "lifestyle_services": 0.097, "health_care": 0.082, "travel_and_transportation": 0.046, "education": 0.044, "community_and_government": 0.028, "sports_and_recreation": 0.012, "arts_and_entertainment": 0.01, "lodging": 0.008, "cultural_and_historic": 0.008}, "cluster": -1}}, {"type": "Feature", "geometry": {"type": "Polygon", "coordinates": [[[-0.188269, 51.599469], [-0.19499, 51.598274], [-0.196211, 51.593802], [-0.190712, 51.590524], [-0.183992, 51.591718], [-0.18277, 51.59619], [-0.188269, 51.599469]]]}, "properties": {"h3": "88195da447fffff", "poi": 89, "richness": 11, "hill_q1": 8.496, "hill_q2": 6.858, "top_share": 0.281, "flagged": false, "dominant": "services_and_business", "dna": {"services_and_business": 0.281, "education": 0.135, "shopping": 0.112, "sports_and_recreation": 0.112, "health_care": 0.101, "cultural_and_historic": 0.079, "arts_and_entertainment": 0.056, "food_and_drink": 0.034, "lifestyle_services": 0.034, "travel_and_transportation": 0.034, "community_and_government": 0.022}, "tfidf": {"services_and_business": 0.281, "education": 0.14, "sports_and_recreation": 0.114, "shopping": 0.114, "health_care": 0.11, "cultural_and_historic": 0.085, "arts_and_entertainment": 0.061, "lifestyle_services": 0.036, "food_and_drink": 0.035, "travel_and_transportation": 0.035, "community_and_government": 0.024}, "cluster": -1}}, {"type": "Feature", "geometry": {"type": "Polygon", "coordinates": [[[-0.172381, 51.610798], [-0.179103, 51.609606], [-0.180325, 51.605134], [-0.174827, 51.601855], [-0.168106, 51.603048], [-0.166882, 51.60752], [-0.172381, 51.610798]]]}, "properties": {"h3": "88195da449fffff", "poi": 102, "richness": 12, "hill_q1": 9.164, "hill_q2": 7.73, "top_share": 0.225, "flagged": false, "dominant": "services_and_business", "dna": {"services_and_business": 0.225, "shopping": 0.157, "food_and_drink": 0.137, "sports_and_recreation": 0.108, "lifestyle_services": 0.098, "health_care": 0.078, "arts_and_entertainment": 0.049, "travel_and_transportation": 0.049, "education": 0.039, "community_and_government": 0.029, "lodging": 0.02, "cultural_and_historic": 0.01}, "tfidf": {"services_and_business": 0.225, "shopping": 0.159, "food_and_drink": 0.143, "sports_and_recreation": 0.109, "lifestyle_services": 0.104, "health_care": 0.085, "arts_and_entertainment": 0.053, "travel_and_transportation": 0.05, "education": 0.041, "community_and_government": 0.032, "lodging": 0.027, "cultural_and_historic": 0.011}, "cluster": -1}}, {"type": "Feature", "geometry": {"type": "Polygon", "coordinates": [[[-0.168106, 51.603048], [-0.174827, 51.601855], [-0.176049, 51.597384], [-0.170552, 51.594105], [-0.163832, 51.595298], [-0.162609, 51.599769], [-0.168106, 51.603048]]]}, "properties": {"h3": "88195da44bfffff", "poi": 83, "richness": 11, "hill_q1": 7.984, "hill_q2": 6.178, "top_share": 0.313, "flagged": false, "dominant": "services_and_business", "dna": {"services_and_business": 0.313, "shopping": 0.145, "food_and_drink": 0.12, "community_and_government": 0.096, "sports_and_recreation": 0.084, "education": 0.072, "lifestyle_services": 0.048, "travel_and_transportation": 0.048, "arts_and_entertainment": 0.036, "cultural_and_historic": 0.024, "health_care": 0.012}, "tfidf": {"services_and_business": 0.313, "shopping": 0.146, "food_and_drink": 0.126, "community_and_government": 0.105, "sports_and_recreation": 0.085, "education": 0.075, "lifestyle_services": 0.051, "travel_and_transportation": 0.05, "arts_and_entertainment": 0.039, "cultural_and_historic": 0.026, "health_care": 0.013}, "cluster": -1}}, {"type": "Feature", "geometry": {"type": "Polygon", "coordinates": [[[-0.184602, 51.612884], [-0.191325, 51.611691], [-0.192547, 51.607219], [-0.187047, 51.603941], [-0.180325, 51.605134], [-0.179103, 51.609606], [-0.184602, 51.612884]]]}, "properties": {"h3": "88195da44dfffff", "poi": 169, "richness": 11, "hill_q1": 7.77, "hill_q2": 5.939, "top_share": 0.331, "flagged": false, "dominant": "services_and_business", "dna": {"services_and_business": 0.331, "shopping": 0.118, "food_and_drink": 0.112, "travel_and_transportation": 0.095, "health_care": 0.089, "lifestyle_services": 0.083, "education": 0.065, "sports_and_recreation": 0.053, "community_and_government": 0.024, "cultural_and_historic": 0.024, "arts_and_entertainment": 0.006}, "tfidf": {"services_and_business": 0.331, "shopping": 0.12, "food_and_drink": 0.118, "travel_and_transportation": 0.097, "health_care": 0.096, "lifestyle_services": 0.088, "education": 0.067, "sports_and_recreation": 0.054, "community_and_government": 0.026, "cultural_and_historic": 0.026, "arts_and_entertainment": 0.006}, "cluster": -1}}, {"type": "Feature", "geometry": {"type": "Polygon", "coordinates": [[[-0.15956, 51.587547], [-0.166279, 51.586354], [-0.167502, 51.581882], [-0.162007, 51.578603], [-0.155289, 51.579795], [-0.154065, 51.584267], [-0.15956, 51.587547]]]}, "properties": {"h3": "88195da451fffff", "poi": 84, "richness": 11, "hill_q1": 6.693, "hill_q2": 4.78, "top_share": 0.381, "flagged": false, "dominant": "services_and_business", "dna": {"services_and_business": 0.381, "shopping": 0.179, "food_and_drink": 0.119, "lifestyle_services": 0.095, "education": 0.048, "sports_and_recreation": 0.048, "travel_and_transportation": 0.048, "health_care": 0.036, "cultural_and_historic": 0.024, "community_and_government": 0.012, "lodging": 0.012}, "tfidf": {"services_and_business": 0.381, "shopping": 0.181, "food_and_drink": 0.124, "lifestyle_services": 0.101, "education": 0.049, "travel_and_transportation": 0.049, "sports_and_recreation": 0.048, "health_care": 0.039, "cultural_and_historic": 0.026, "lodging": 0.016, "community_and_government": 0.013}, "cluster": -1}}, {"type": "Feature", "geometry": {"type": "Polygon", "coordinates": [[[-0.155289, 51.579795], [-0.162007, 51.578603], [-0.16323, 51.57413], [-0.157736, 51.570851], [-0.151019, 51.572044], [-0.149795, 51.576516], [-0.155289, 51.579795]]]}, "properties": {"h3": "88195da453fffff", "poi": 48, "richness": 11, "hill_q1": 7.764, "hill_q2": 5.908, "top_share": 0.313, "flagged": false, "dominant": "health_care", "dna": {"health_care": 0.313, "services_and_business": 0.188, "education": 0.125, "sports_and_recreation": 0.083, "food_and_drink": 0.063, "lifestyle_services": 0.063, "community_and_government": 0.042, "cultural_and_historic": 0.042, "shopping": 0.042, "arts_and_entertainment": 0.021, "geographic_entities": 0.021}, "tfidf": {"health_care": 0.339, "services_and_business": 0.188, "education": 0.13, "sports_and_recreation": 0.084, "lifestyle_services": 0.066, "food_and_drink": 0.065, "community_and_government": 0.045, "cultural_and_historic": 0.045, "shopping": 0.042, "geographic_entities": 0.04, "arts_and_entertainment": 0.023}, "cluster": -1}}, {"type": "Feature", "geometry": {"type": "Polygon", "coordinates": [[[-0.171775, 51.589633], [-0.178494, 51.588439], [-0.179717, 51.583967], [-0.17422, 51.580688], [-0.167502, 51.581882], [-0.166279, 51.586354], [-0.171775, 51.589633]]]}, "properties": {"h3": "88195da455fffff", "poi": 33, "richness": 9, "hill_q1": 6.894, "hill_q2": 5.824, "top_share": 0.273, "flagged": false, "dominant": "services_and_business", "dna": {"services_and_business": 0.273, "travel_and_transportation": 0.212, "education": 0.152, "sports_and_recreation": 0.121, "shopping": 0.091, "cultural_and_historic": 0.061, "arts_and_entertainment": 0.03, "food_and_drink": 0.03, "lifestyle_services": 0.03}, "tfidf": {"services_and_business": 0.273, "travel_and_transportation": 0.218, "education": 0.157, "sports_and_recreation": 0.123, "shopping": 0.092, "cultural_and_historic": 0.066, "arts_and_entertainment": 0.033, "lifestyle_services": 0.032, "food_and_drink": 0.032}, "cluster": -1}}, {"type": "Feature", "geometry": {"type": "Polygon", "coordinates": [[[-0.151617, 51.593211], [-0.158336, 51.592019], [-0.15956, 51.587547], [-0.154065, 51.584267], [-0.147347, 51.58546], [-0.146123, 51.589931], [-0.151617, 51.593211]]]}, "properties": {"h3": "88195da459fffff", "poi": 115, "richness": 11, "hill_q1": 8.199, "hill_q2": 6.986, "top_share": 0.217, "flagged": false, "dominant": "services_and_business", "dna": {"services_and_business": 0.217, "shopping": 0.209, "health_care": 0.122, "lifestyle_services": 0.122, "food_and_drink": 0.104, "education": 0.078, "sports_and_recreation": 0.052, "community_and_government": 0.043, "travel_and_transportation": 0.026, "arts_and_entertainment": 0.017, "lodging": 0.009}, "tfidf": {"services_and_business": 0.217, "shopping": 0.211, "health_care": 0.132, "lifestyle_services": 0.129, "food_and_drink": 0.109, "education": 0.081, "sports_and_recreation": 0.053, "community_and_government": 0.047, "travel_and_transportation": 0.027, "arts_and_entertainment": 0.019, "lodging": 0.012}, "cluster": -1}}, {"type": "Feature", "geometry": {"type": "Polygon", "coordinates": [[[-0.147347, 51.58546], [-0.154065, 51.584267], [-0.155289, 51.579795], [-0.149795, 51.576516], [-0.143078, 51.577708], [-0.141854, 51.58218], [-0.147347, 51.58546]]]}, "properties": {"h3": "88195da45bfffff", "poi": 111, "richness": 11, "hill_q1": 7.911, "hill_q2": 6.309, "top_share": 0.288, "flagged": false, "dominant": "services_and_business", "dna": {"services_and_business": 0.288, "shopping": 0.18, "food_and_drink": 0.117, "travel_and_transportation": 0.099, "lifestyle_services": 0.09, "health_care": 0.072, "sports_and_recreation": 0.063, "arts_and_entertainment": 0.027, "education": 0.027, "community_and_government": 0.018, "cultural_and_historic": 0.018}, "tfidf": {"services_and_business": 0.288, "shopping": 0.182, "food_and_drink": 0.122, "travel_and_transportation": 0.102, "lifestyle_services": 0.096, "health_care": 0.078, "sports_and_recreation": 0.064, "arts_and_entertainment": 0.029, "education": 0.028, "community_and_government": 0.02, "cultural_and_historic": 0.019}, "cluster": -1}}, {"type": "Feature", "geometry": {"type": "Polygon", "coordinates": [[[-0.163832, 51.595298], [-0.170552, 51.594105], [-0.171775, 51.589633], [-0.166279, 51.586354], [-0.15956, 51.587547], [-0.158336, 51.592019], [-0.163832, 51.595298]]]}, "properties": {"h3": "88195da45dfffff", "poi": 367, "richness": 11, "hill_q1": 7.478, "hill_q2": 5.673, "top_share": 0.332, "flagged": false, "dominant": "services_and_business", "dna": {"services_and_business": 0.332, "shopping": 0.147, "food_and_drink": 0.131, "health_care": 0.104, "lifestyle_services": 0.095, "travel_and_transportation": 0.054, "education": 0.038, "sports_and_recreation": 0.038, "arts_and_entertainment": 0.025, "cultural_and_historic": 0.025, "community_and_government": 0.011}, "tfidf": {"services_and_business": 0.332, "shopping": 0.149, "food_and_drink": 0.137, "health_care": 0.112, "lifestyle_services": 0.101, "travel_and_transportation": 0.056, "education": 0.04, "sports_and_recreation": 0.039, "arts_and_entertainment": 0.027, "cultural_and_historic": 0.027, "community_and_government": 0.012}, "cluster": -1}}, {"type": "Feature", "geometry": {"type": "Polygon", "coordinates": [[[-0.212714, 51.603635], [-0.219437, 51.602439], [-0.220656, 51.597966], [-0.215154, 51.594689], [-0.208433, 51.595885], [-0.207212, 51.600357], [-0.212714, 51.603635]]]}, "properties": {"h3": "88195da461fffff", "poi": 32, "richness": 11, "hill_q1": 7.397, "hill_q2": 4.876, "top_share": 0.406, "flagged": false, "dominant": "services_and_business", "dna": {"services_and_business": 0.406, "education": 0.094, "shopping": 0.094, "cultural_and_historic": 0.063, "food_and_drink": 0.063, "health_care": 0.063, "lifestyle_services": 0.063, "sports_and_recreation": 0.063, "arts_and_entertainment": 0.031, "community_and_government": 0.031, "travel_and_transportation": 0.031}, "tfidf": {"services_and_business": 0.406, "education": 0.097, "shopping": 0.095, "health_care": 0.068, "cultural_and_historic": 0.068, "lifestyle_services": 0.066, "food_and_drink": 0.065, "sports_and_recreation": 0.063, "arts_and_entertainment": 0.034, "community_and_government": 0.034, "travel_and_transportation": 0.032}, "cluster": -1}}, {"type": "Feature", "geometry": {"type": "Polygon", "coordinates": [[[-0.208433, 51.595885], [-0.215154, 51.594689], [-0.216374, 51.590216], [-0.210873, 51.586938], [-0.204153, 51.588134], [-0.202932, 51.592607], [-0.208433, 51.595885]]]}, "properties": {"h3": "88195da463fffff", "poi": 38, "richness": 11, "hill_q1": 7.417, "hill_q2": 5.232, "top_share": 0.368, "flagged": false, "dominant": "services_and_business", "dna": {"services_and_business": 0.368, "lifestyle_services": 0.158, "shopping": 0.105, "travel_and_transportation": 0.079, "education": 0.053, "food_and_drink": 0.053, "health_care": 0.053, "sports_and_recreation": 0.053, "arts_and_entertainment": 0.026, "geographic_entities": 0.026, "lodging": 0.026}, "tfidf": {"services_and_business": 0.368, "lifestyle_services": 0.168, "shopping": 0.107, "travel_and_transportation": 0.081, "health_care": 0.057, "food_and_drink": 0.055, "education": 0.055, "sports_and_recreation": 0.053, "geographic_entities": 0.05, "lodging": 0.036, "arts_and_entertainment": 0.029}, "cluster": -1}}, {"type": "Feature", "geometry": {"type": "Polygon", "coordinates": [[[-0.220656, 51.597966], [-0.227379, 51.59677], [-0.228598, 51.592297], [-0.223095, 51.589019], [-0.216374, 51.590216], [-0.215154, 51.594689], [-0.220656, 51.597966]]]}, "properties": {"h3": "88195da467fffff", "poi": 19, "richness": 8, "hill_q1": 5.988, "hill_q2": 4.688, "top_share": 0.368, "flagged": false, "dominant": "services_and_business", "dna": {"services_and_business": 0.368, "travel_and_transportation": 0.211, "community_and_government": 0.105, "lodging": 0.105, "cultural_and_historic": 0.053, "education": 0.053, "food_and_drink": 0.053, "shopping": 0.053}, "tfidf": {"services_and_business": 0.368, "travel_and_transportation": 0.217, "lodging": 0.144, "community_and_government": 0.115, "cultural_and_historic": 0.057, "food_and_drink": 0.055, "education": 0.055, "shopping": 0.053}, "cluster": -1}}, {"type": "Feature", "geometry": {"type": "Polygon", "coordinates": [[[-0.204771, 51.609302], [-0.211494, 51.608108], [-0.212714, 51.603635], [-0.207212, 51.600357], [-0.20049, 51.601552], [-0.199269, 51.606025], [-0.204771, 51.609302]]]}, "properties": {"h3": "88195da469fffff", "poi": 96, "richness": 11, "hill_q1": 7.763, "hill_q2": 5.908, "top_share": 0.323, "flagged": false, "dominant": "services_and_business", "dna": {"services_and_business": 0.323, "shopping": 0.156, "food_and_drink": 0.135, "community_and_government": 0.073, "lifestyle_services": 0.073, "travel_and_transportation": 0.063, "education": 0.052, "sports_and_recreation": 0.052, "health_care": 0.042, "arts_and_entertainment": 0.021, "cultural_and_historic": 0.01}, "tfidf": {"services_and_business": 0.323, "shopping": 0.158, "food_and_drink": 0.142, "community_and_government": 0.079, "lifestyle_services": 0.077, "travel_and_transportation": 0.064, "education": 0.054, "sports_and_recreation": 0.053, "health_care": 0.045, "arts_and_entertainment": 0.023, "cultural_and_historic": 0.011}, "cluster": -1}}, {"type": "Feature", "geometry": {"type": "Polygon", "coordinates": [[[-0.20049, 51.601552], [-0.207212, 51.600357], [-0.208433, 51.595885], [-0.202932, 51.592607], [-0.196211, 51.593802], [-0.19499, 51.598274], [-0.20049, 51.601552]]]}, "properties": {"h3": "88195da46bfffff", "poi": 182, "richness": 12, "hill_q1": 8.229, "hill_q2": 5.932, "top_share": 0.341, "flagged": false, "dominant": "services_and_business", "dna": {"services_and_business": 0.341, "shopping": 0.126, "lifestyle_services": 0.099, "travel_and_transportation": 0.088, "health_care": 0.082, "food_and_drink": 0.066, "education": 0.055, "cultural_and_historic": 0.044, "sports_and_recreation": 0.038, "community_and_government": 0.033, "lodging": 0.016, "arts_and_entertainment": 0.011}, "tfidf": {"services_and_business": 0.341, "shopping": 0.128, "lifestyle_services": 0.105, "travel_and_transportation": 0.09, "health_care": 0.089, "food_and_drink": 0.069, "education": 0.057, "cultural_and_historic": 0.048, "sports_and_recreation": 0.039, "community_and_government": 0.036, "lodging": 0.023, "arts_and_entertainment": 0.012}, "cluster": -1}}, {"type": "Feature", "geometry": {"type": "Polygon", "coordinates": [[[-0.216997, 51.611385], [-0.22372, 51.610189], [-0.22494, 51.605717], [-0.219437, 51.602439], [-0.212714, 51.603635], [-0.211494, 51.608108], [-0.216997, 51.611385]]]}, "properties": {"h3": "88195da46dfffff", "poi": 18, "richness": 6, "hill_q1": 3.462, "hill_q2": 2.418, "top_share": 0.611, "flagged": true, "dominant": "services_and_business", "dna": {"services_and_business": 0.611, "travel_and_transportation": 0.167, "community_and_government": 0.056, "lifestyle_services": 0.056, "shopping": 0.056, "sports_and_recreation": 0.056}, "tfidf": {"services_and_business": 0.611, "travel_and_transportation": 0.172, "community_and_government": 0.061, "lifestyle_services": 0.059, "sports_and_recreation": 0.056, "shopping": 0.056}, "cluster": -1}}, {"type": "Feature", "geometry": {"type": "Polygon", "coordinates": [[[-0.162027, 51.531783], [-0.168739, 51.530588], [-0.16996, 51.526113], [-0.164471, 51.522834], [-0.157759, 51.524029], [-0.156537, 51.528503], [-0.162027, 51.531783]]]}, "properties": {"h3": "88195da481fffff", "poi": 288, "richness": 13, "hill_q1": 9.846, "hill_q2": 7.645, "top_share": 0.278, "flagged": false, "dominant": "services_and_business", "dna": {"services_and_business": 0.278, "shopping": 0.101, "sports_and_recreation": 0.101, "health_care": 0.09, "food_and_drink": 0.087, "lifestyle_services": 0.066, "travel_and_transportation": 0.059, "education": 0.056, "lodging": 0.052, "cultural_and_historic": 0.049, "arts_and_entertainment": 0.035, "community_and_government": 0.021, "geographic_entities": 0.007}, "tfidf": {"services_and_business": 0.278, "sports_and_recreation": 0.102, "shopping": 0.102, "health_care": 0.098, "food_and_drink": 0.091, "lodging": 0.071, "lifestyle_services": 0.07, "travel_and_transportation": 0.061, "education": 0.058, "cultural_and_historic": 0.053, "arts_and_entertainment": 0.038, "community_and_government": 0.023, "geographic_entities": 0.013}, "cluster": -1}}, {"type": "Feature", "geometry": {"type": "Polygon", "coordinates": [[[-0.157759, 51.524029], [-0.164471, 51.522834], [-0.165692, 51.518359], [-0.160204, 51.515079], [-0.153493, 51.516274], [-0.152271, 51.520749], [-0.157759, 51.524029]]]}, "properties": {"h3": "88195da483fffff", "poi": 2157, "richness": 13, "hill_q1": 7.489, "hill_q2": 5.27, "top_share": 0.362, "flagged": false, "dominant": "services_and_business", "dna": {"services_and_business": 0.362, "shopping": 0.145, "food_and_drink": 0.131, "lifestyle_services": 0.093, "health_care": 0.079, "travel_and_transportation": 0.039, "education": 0.035, "community_and_government": 0.029, "lodging": 0.028, "arts_and_entertainment": 0.025, "sports_and_recreation": 0.022, "cultural_and_historic": 0.012, "geographic_entities": 0.0}, "tfidf": {"services_and_business": 0.362, "shopping": 0.147, "food_and_drink": 0.137, "lifestyle_services": 0.098, "health_care": 0.086, "travel_and_transportation": 0.04, "lodging": 0.038, "education": 0.037, "community_and_government": 0.032, "arts_and_entertainment": 0.027, "sports_and_recreation": 0.023, "cultural_and_historic": 0.013, "geographic_entities": 0.001}, "cluster": -1}}, {"type": "Feature", "geometry": {"type": "Polygon", "coordinates": [[[-0.17423, 51.533867], [-0.180943, 51.532671], [-0.182164, 51.528196], [-0.176672, 51.524917], [-0.16996, 51.526113], [-0.168739, 51.530588], [-0.17423, 51.533867]]]}, "properties": {"h3": "88195da485fffff", "poi": 219, "richness": 13, "hill_q1": 9.014, "hill_q2": 7.073, "top_share": 0.269, "flagged": false, "dominant": "services_and_business", "dna": {"services_and_business": 0.269, "health_care": 0.174, "cultural_and_historic": 0.114, "shopping": 0.078, "sports_and_recreation": 0.068, "travel_and_transportation": 0.068, "arts_and_entertainment": 0.064, "food_and_drink": 0.046, "education": 0.041, "lifestyle_services": 0.037, "community_and_government": 0.032, "geographic_entities": 0.005, "lodging": 0.005}, "tfidf": {"services_and_business": 0.269, "health_care": 0.188, "cultural_and_historic": 0.123, "shopping": 0.079, "travel_and_transportation": 0.071, "arts_and_entertainment": 0.07, "sports_and_recreation": 0.069, "food_and_drink": 0.048, "education": 0.043, "lifestyle_services": 0.039, "community_and_government": 0.035, "geographic_entities": 0.009, "lodging": 0.006}, "cluster": -1}}, {"type": "Feature", "geometry": {"type": "Polygon", "coordinates": [[[-0.16996, 51.526113], [-0.176672, 51.524917], [-0.177893, 51.520442], [-0.172403, 51.517163], [-0.165692, 51.518359], [-0.164471, 51.522834], [-0.16996, 51.526113]]]}, "properties": {"h3": "88195da487fffff", "poi": 1069, "richness": 13, "hill_q1": 8.31, "hill_q2": 6.248, "top_share": 0.283, "flagged": false, "dominant": "services_and_business", "dna": {"services_and_business": 0.283, "shopping": 0.191, "food_and_drink": 0.16, "lifestyle_services": 0.083, "travel_and_transportation": 0.059, "health_care": 0.046, "education": 0.039, "arts_and_entertainment": 0.033, "lodging": 0.027, "cultural_and_historic": 0.026, "community_and_government": 0.024, "sports_and_recreation": 0.023, "geographic_entities": 0.005}, "tfidf": {"services_and_business": 0.283, "shopping": 0.193, "food_and_drink": 0.167, "lifestyle_services": 0.088, "travel_and_transportation": 0.061, "health_care": 0.05, "education": 0.041, "lodging": 0.037, "arts_and_entertainment": 0.036, "cultural_and_historic": 0.028, "community_and_government": 0.026, "sports_and_recreation": 0.024, "geographic_entities": 0.009}, "cluster": -1}}, {"type": "Feature", "geometry": {"type": "Polygon", "coordinates": [[[-0.154092, 51.537452], [-0.160804, 51.536257], [-0.162027, 51.531783], [-0.156537, 51.528503], [-0.149825, 51.529698], [-0.148602, 51.534172], [-0.154092, 51.537452]]]}, "properties": {"h3": "88195da489fffff", "poi": 52, "richness": 9, "hill_q1": 5.84, "hill_q2": 4.347, "top_share": 0.404, "flagged": false, "dominant": "arts_and_entertainment", "dna": {"arts_and_entertainment": 0.404, "sports_and_recreation": 0.173, "food_and_drink": 0.135, "shopping": 0.096, "services_and_business": 0.077, "community_and_government": 0.038, "lifestyle_services": 0.038, "education": 0.019, "travel_and_transportation": 0.019}, "tfidf": {"arts_and_entertainment": 0.441, "sports_and_recreation": 0.175, "food_and_drink": 0.141, "shopping": 0.097, "services_and_business": 0.077, "community_and_government": 0.042, "lifestyle_services": 0.041, "education": 0.02, "travel_and_transportation": 0.02}, "cluster": -1}}, {"type": "Feature", "geometry": {"type": "Polygon", "coordinates": [[[-0.149825, 51.529698], [-0.156537, 51.528503], [-0.157759, 51.524029], [-0.152271, 51.520749], [-0.14556, 51.521944], [-0.144337, 51.526418], [-0.149825, 51.529698]]]}, "properties": {"h3": "88195da48bfffff", "poi": 635, "richness": 13, "hill_q1": 6.013, "hill_q2": 3.521, "top_share": 0.501, "flagged": true, "dominant": "health_care", "dna": {"health_care": 0.501, "services_and_business": 0.128, "shopping": 0.068, "lifestyle_services": 0.052, "food_and_drink": 0.05, "sports_and_recreation": 0.049, "arts_and_entertainment": 0.043, "community_and_government": 0.039, "education": 0.03, "cultural_and_historic": 0.016, "lodging": 0.013, "geographic_entities": 0.006, "travel_and_transportation": 0.006}, "tfidf": {"health_care": 0.544, "services_and_business": 0.128, "shopping": 0.069, "lifestyle_services": 0.055, "food_and_drink": 0.053, "sports_and_recreation": 0.049, "arts_and_entertainment": 0.046, "community_and_government": 0.043, "education": 0.031, "lodging": 0.017, "cultural_and_historic": 0.017, "geographic_entities": 0.012, "travel_and_transportation": 0.006}, "cluster": -1}}, {"type": "Feature", "geometry": {"type": "Polygon", "coordinates": [[[-0.166295, 51.539537], [-0.173008, 51.538342], [-0.17423, 51.533867], [-0.168739, 51.530588], [-0.162027, 51.531783], [-0.160804, 51.536257], [-0.166295, 51.539537]]]}, "properties": {"h3": "88195da48dfffff", "poi": 299, "richness": 13, "hill_q1": 8.441, "hill_q2": 6.694, "top_share": 0.251, "flagged": false, "dominant": "services_and_business", "dna": {"services_and_business": 0.251, "shopping": 0.181, "food_and_drink": 0.174, "lifestyle_services": 0.1, "health_care": 0.07, "travel_and_transportation": 0.057, "sports_and_recreation": 0.043, "community_and_government": 0.04, "education": 0.033, "arts_and_entertainment": 0.017, "cultural_and_historic": 0.017, "lodging": 0.013, "geographic_entities": 0.003}, "tfidf": {"services_and_business": 0.251, "shopping": 0.183, "food_and_drink": 0.182, "lifestyle_services": 0.107, "health_care": 0.076, "travel_and_transportation": 0.059, "sports_and_recreation": 0.044, "community_and_government": 0.044, "education": 0.035, "lodging": 0.018, "arts_and_entertainment": 0.018, "cultural_and_historic": 0.018, "geographic_entities": 0.006}, "cluster": -1}}, {"type": "Feature", "geometry": {"type": "Polygon", "coordinates": [[[-0.141297, 51.514189], [-0.148006, 51.512994], [-0.149229, 51.508519], [-0.143743, 51.505239], [-0.137034, 51.506434], [-0.135811, 51.510909], [-0.141297, 51.514189]]]}, "properties": {"h3": "88195da491fffff", "poi": 4897, "richness": 13, "hill_q1": 5.636, "hill_q2": 3.794, "top_share": 0.44, "flagged": false, "dominant": "services_and_business", "dna": {"services_and_business": 0.44, "shopping": 0.218, "food_and_drink": 0.12, "arts_and_entertainment": 0.069, "lifestyle_services": 0.03, "travel_and_transportation": 0.03, "education": 0.02, "community_and_government": 0.019, "health_care": 0.017, "sports_and_recreation": 0.014, "lodging": 0.012, "cultural_and_historic": 0.01, "geographic_entities": 0.0}, "tfidf": {"services_and_business": 0.44, "shopping": 0.22, "food_and_drink": 0.126, "arts_and_entertainment": 0.075, "lifestyle_services": 0.032, "travel_and_transportation": 0.031, "education": 0.021, "community_and_government": 0.02, "health_care": 0.019, "lodging": 0.017, "sports_and_recreation": 0.014, "cultural_and_historic": 0.011, "geographic_entities": 0.001}, "cluster": -1}}, {"type": "Feature", "geometry": {"type": "Polygon", "coordinates": [[[-0.137034, 51.506434], [-0.143743, 51.505239], [-0.144966, 51.500764], [-0.139481, 51.497484], [-0.132774, 51.498678], [-0.13155, 51.503153], [-0.137034, 51.506434]]]}, "properties": {"h3": "88195da493fffff", "poi": 634, "richness": 13, "hill_q1": 8.521, "hill_q2": 6.04, "top_share": 0.333, "flagged": false, "dominant": "services_and_business", "dna": {"services_and_business": 0.333, "food_and_drink": 0.145, "community_and_government": 0.103, "shopping": 0.095, "cultural_and_historic": 0.073, "sports_and_recreation": 0.044, "arts_and_entertainment": 0.039, "education": 0.036, "lodging": 0.036, "lifestyle_services": 0.035, "travel_and_transportation": 0.033, "health_care": 0.024, "geographic_entities": 0.005}, "tfidf": {"services_and_business": 0.333, "food_and_drink": 0.152, "community_and_government": 0.112, "shopping": 0.096, "cultural_and_historic": 0.078, "lodging": 0.05, "sports_and_recreation": 0.045, "arts_and_entertainment": 0.043, "education": 0.038, "lifestyle_services": 0.037, "travel_and_transportation": 0.034, "health_care": 0.026, "geographic_entities": 0.009}, "cluster": -1}}, {"type": "Feature", "geometry": {"type": "Polygon", "coordinates": [[[-0.153493, 51.516274], [-0.160204, 51.515079], [-0.161426, 51.510604], [-0.155938, 51.507324], [-0.149229, 51.508519], [-0.148006, 51.512994], [-0.153493, 51.516274]]]}, "properties": {"h3": "88195da495fffff", "poi": 1656, "richness": 13, "hill_q1": 7.306, "hill_q2": 5.353, "top_share": 0.295, "flagged": false, "dominant": "services_and_business", "dna": {"services_and_business": 0.295, "shopping": 0.246, "food_and_drink": 0.17, "lifestyle_services": 0.055, "arts_and_entertainment": 0.039, "health_care": 0.036, "community_and_government": 0.033, "travel_and_transportation": 0.033, "sports_and_recreation": 0.031, "lodging": 0.023, "cultural_and_historic": 0.022, "education": 0.016, "geographic_entities": 0.001}, "tfidf": {"services_and_business": 0.295, "shopping": 0.249, "food_and_drink": 0.178, "lifestyle_services": 0.058, "arts_and_entertainment": 0.043, "health_care": 0.039, "community_and_government": 0.036, "travel_and_transportation": 0.034, "sports_and_recreation": 0.032, "lodging": 0.031, "cultural_and_historic": 0.024, "education": 0.016, "geographic_entities": 0.002}, "cluster": -1}}, {"type": "Feature", "geometry": {"type": "Polygon", "coordinates": [[[-0.149229, 51.508519], [-0.155938, 51.507324], [-0.15716, 51.502848], [-0.151674, 51.499569], [-0.144966, 51.500764], [-0.143743, 51.505239], [-0.149229, 51.508519]]]}, "properties": {"h3": "88195da497fffff", "poi": 862, "richness": 13, "hill_q1": 8.224, "hill_q2": 5.863, "top_share": 0.332, "flagged": false, "dominant": "services_and_business", "dna": {"services_and_business": 0.332, "food_and_drink": 0.174, "shopping": 0.106, "lifestyle_services": 0.073, "lodging": 0.059, "travel_and_transportation": 0.057, "community_and_government": 0.043, "sports_and_recreation": 0.041, "arts_and_entertainment": 0.039, "cultural_and_historic": 0.029, "health_care": 0.024, "education": 0.022, "geographic_entities": 0.001}, "tfidf": {"services_and_business": 0.332, "food_and_drink": 0.182, "shopping": 0.107, "lodging": 0.081, "lifestyle_services": 0.078, "travel_and_transportation": 0.059, "community_and_government": 0.047, "arts_and_entertainment": 0.043, "sports_and_recreation": 0.041, "cultural_and_historic": 0.031, "health_care": 0.026, "education": 0.023, "geographic_entities": 0.002}, "cluster": -1}}, {"type": "Feature", "geometry": {"type": "Polygon", "coordinates": [[[-0.133364, 51.519857], [-0.140073, 51.518663], [-0.141297, 51.514189], [-0.135811, 51.510909], [-0.129102, 51.512103], [-0.127878, 51.516577], [-0.133364, 51.519857]]]}, "properties": {"h3": "88195da499fffff", "poi": 5545, "richness": 13, "hill_q1": 6.391, "hill_q2": 4.709, "top_share": 0.346, "flagged": false, "dominant": "services_and_business", "dna": {"services_and_business": 0.346, "food_and_drink": 0.23, "shopping": 0.17, "arts_and_entertainment": 0.069, "lifestyle_services": 0.062, "education": 0.025, "health_care": 0.025, "travel_and_transportation": 0.022, "sports_and_recreation": 0.015, "community_and_government": 0.014, "lodging": 0.012, "cultural_and_historic": 0.01, "geographic_entities": 0.0}, "tfidf": {"services_and_business": 0.346, "food_and_drink": 0.24, "shopping": 0.172, "arts_and_entertainment": 0.076, "lifestyle_services": 0.065, "health_care": 0.027, "education": 0.026, "travel_and_transportation": 0.023, "lodging": 0.016, "community_and_government": 0.015, "sports_and_recreation": 0.015, "cultural_and_historic": 0.011, "geographic_entities": 0.0}, "cluster": -1}}, {"type": "Feature", "geometry": {"type": "Polygon", "coordinates": [[[-0.129102, 51.512103], [-0.135811, 51.510909], [-0.137034, 51.506434], [-0.13155, 51.503153], [-0.124842, 51.504347], [-0.123618, 51.508822], [-0.129102, 51.512103]]]}, "properties": {"h3": "88195da49bfffff", "poi": 3740, "richness": 13, "hill_q1": 8.117, "hill_q2": 6.059, "top_share": 0.296, "flagged": false, "dominant": "services_and_business", "dna": {"services_and_business": 0.296, "food_and_drink": 0.197, "shopping": 0.144, "arts_and_entertainment": 0.087, "travel_and_transportation": 0.048, "community_and_government": 0.046, "lifestyle_services": 0.044, "education": 0.041, "sports_and_recreation": 0.027, "health_care": 0.026, "cultural_and_historic": 0.025, "lodging": 0.017, "geographic_entities": 0.002}, "tfidf": {"services_and_business": 0.296, "food_and_drink": 0.205, "shopping": 0.145, "arts_and_entertainment": 0.095, "community_and_government": 0.05, "travel_and_transportation": 0.05, "lifestyle_services": 0.046, "education": 0.043, "health_care": 0.028, "sports_and_recreation": 0.027, "cultural_and_historic": 0.027, "lodging": 0.023, "geographic_entities": 0.004}, "cluster": -1}}, {"type": "Feature", "geometry": {"type": "Polygon", "coordinates": [[[-0.14556, 51.521944], [-0.152271, 51.520749], [-0.153493, 51.516274], [-0.148006, 51.512994], [-0.141297, 51.514189], [-0.140073, 51.518663], [-0.14556, 51.521944]]]}, "properties": {"h3": "88195da49dfffff", "poi": 5981, "richness": 13, "hill_q1": 6.478, "hill_q2": 4.97, "top_share": 0.313, "flagged": false, "dominant": "services_and_business", "dna": {"services_and_business": 0.313, "health_care": 0.251, "shopping": 0.153, "lifestyle_services": 0.089, "food_and_drink": 0.081, "education": 0.025, "arts_and_entertainment": 0.023, "travel_and_transportation": 0.022, "community_and_government": 0.019, "sports_and_recreation": 0.012, "lodging": 0.007, "cultural_and_historic": 0.004, "geographic_entities": 0.0}, "tfidf": {"services_and_business": 0.313, "health_care": 0.273, "shopping": 0.155, "lifestyle_services": 0.094, "food_and_drink": 0.085, "education": 0.026, "arts_and_entertainment": 0.025, "travel_and_transportation": 0.023, "community_and_government": 0.021, "sports_and_recreation": 0.012, "lodging": 0.009, "cultural_and_historic": 0.005, "geographic_entities": 0.0}, "cluster": -1}}, {"type": "Feature", "geometry": {"type": "Polygon", "coordinates": [[[-0.194369, 51.530278], [-0.201083, 51.529081], [-0.202302, 51.524605], [-0.196809, 51.521327], [-0.190097, 51.522524], [-0.188876, 51.526999], [-0.194369, 51.530278]]]}, "properties": {"h3": "88195da4a1fffff", "poi": 389, "richness": 13, "hill_q1": 8.376, "hill_q2": 6.376, "top_share": 0.275, "flagged": false, "dominant": "services_and_business", "dna": {"services_and_business": 0.275, "food_and_drink": 0.198, "shopping": 0.154, "lifestyle_services": 0.072, "education": 0.062, "travel_and_transportation": 0.054, "health_care": 0.051, "community_and_government": 0.033, "arts_and_entertainment": 0.031, "cultural_and_historic": 0.028, "sports_and_recreation": 0.026, "lodging": 0.01, "geographic_entities": 0.005}, "tfidf": {"services_and_business": 0.275, "food_and_drink": 0.207, "shopping": 0.156, "lifestyle_services": 0.076, "education": 0.064, "health_care": 0.056, "travel_and_transportation": 0.056, "community_and_government": 0.036, "arts_and_entertainment": 0.034, "cultural_and_historic": 0.031, "sports_and_recreation": 0.026, "lodging": 0.014, "geographic_entities": 0.01}, "cluster": -1}}, {"type": "Feature", "geometry": {"type": "Polygon", "coordinates": [[[-0.190097, 51.522524], [-0.196809, 51.521327], [-0.198028, 51.51685], [-0.192536, 51.513572], [-0.185825, 51.514769], [-0.184605, 51.519245], [-0.190097, 51.522524]]]}, "properties": {"h3": "88195da4a3fffff", "poi": 687, "richness": 13, "hill_q1": 9.183, "hill_q2": 7.368, "top_share": 0.223, "flagged": false, "dominant": "services_and_business", "dna": {"services_and_business": 0.223, "food_and_drink": 0.198, "shopping": 0.151, "lifestyle_services": 0.102, "sports_and_recreation": 0.051, "education": 0.048, "health_care": 0.045, "travel_and_transportation": 0.044, "arts_and_entertainment": 0.041, "community_and_government": 0.035, "cultural_and_historic": 0.035, "lodging": 0.026, "geographic_entities": 0.001}, "tfidf": {"services_and_business": 0.223, "food_and_drink": 0.207, "shopping": 0.153, "lifestyle_services": 0.108, "sports_and_recreation": 0.052, "education": 0.05, "health_care": 0.049, "travel_and_transportation": 0.045, "arts_and_entertainment": 0.044, "community_and_government": 0.038, "cultural_and_historic": 0.038, "lodging": 0.036, "geographic_entities": 0.003}, "cluster": -1}}, {"type": "Feature", "geometry": {"type": "Polygon", "coordinates": [[[-0.206577, 51.532359], [-0.213291, 51.531161], [-0.21451, 51.526685], [-0.209015, 51.523407], [-0.202302, 51.524605], [-0.201083, 51.529081], [-0.206577, 51.532359]]]}, "properties": {"h3": "88195da4a5fffff", "poi": 351, "richness": 13, "hill_q1": 8.239, "hill_q2": 6.04, "top_share": 0.319, "flagged": false, "dominant": "services_and_business", "dna": {"services_and_business": 0.319, "shopping": 0.177, "food_and_drink": 0.094, "education": 0.083, "sports_and_recreation": 0.077, "travel_and_transportation": 0.068, "lifestyle_services": 0.048, "community_and_government": 0.037, "arts_and_entertainment": 0.034, "health_care": 0.028, "cultural_and_historic": 0.023, "lodging": 0.009, "geographic_entities": 0.003}, "tfidf": {"services_and_business": 0.319, "shopping": 0.179, "food_and_drink": 0.098, "education": 0.086, "sports_and_recreation": 0.078, "travel_and_transportation": 0.07, "lifestyle_services": 0.051, "community_and_government": 0.04, "arts_and_entertainment": 0.037, "health_care": 0.031, "cultural_and_historic": 0.025, "lodging": 0.012, "geographic_entities": 0.005}, "cluster": -1}}, {"type": "Feature", "geometry": {"type": "Polygon", "coordinates": [[[-0.202302, 51.524605], [-0.209015, 51.523407], [-0.210234, 51.518931], [-0.20474, 51.515652], [-0.198028, 51.51685], [-0.196809, 51.521327], [-0.202302, 51.524605]]]}, "properties": {"h3": "88195da4a7fffff", "poi": 735, "richness": 12, "hill_q1": 7.315, "hill_q2": 5.56, "top_share": 0.282, "flagged": false, "dominant": "shopping", "dna": {"shopping": 0.282, "food_and_drink": 0.219, "services_and_business": 0.2, "lifestyle_services": 0.068, "arts_and_entertainment": 0.05, "travel_and_transportation": 0.038, "community_and_government": 0.033, "health_care": 0.033, "sports_and_recreation": 0.031, "education": 0.02, "cultural_and_historic": 0.019, "lodging": 0.007}, "tfidf": {"shopping": 0.285, "food_and_drink": 0.229, "services_and_business": 0.2, "lifestyle_services": 0.072, "arts_and_entertainment": 0.055, "travel_and_transportation": 0.039, "community_and_government": 0.036, "health_care": 0.035, "sports_and_recreation": 0.032, "education": 0.021, "cultural_and_historic": 0.021, "lodging": 0.009}, "cluster": -1}}, {"type": "Feature", "geometry": {"type": "Polygon", "coordinates": [[[-0.186435, 51.53595], [-0.193149, 51.534753], [-0.194369, 51.530278], [-0.188876, 51.526999], [-0.182164, 51.528196], [-0.180943, 51.532671], [-0.186435, 51.53595]]]}, "properties": {"h3": "88195da4a9fffff", "poi": 195, "richness": 12, "hill_q1": 9.473, "hill_q2": 7.637, "top_share": 0.267, "flagged": false, "dominant": "services_and_business", "dna": {"services_and_business": 0.267, "sports_and_recreation": 0.118, "food_and_drink": 0.103, "health_care": 0.092, "lifestyle_services": 0.087, "shopping": 0.082, "travel_and_transportation": 0.067, "cultural_and_historic": 0.056, "education": 0.056, "arts_and_entertainment": 0.026, "community_and_government": 0.026, "lodging": 0.021}, "tfidf": {"services_and_business": 0.267, "sports_and_recreation": 0.12, "food_and_drink": 0.107, "health_care": 0.1, "lifestyle_services": 0.093, "shopping": 0.083, "travel_and_transportation": 0.069, "cultural_and_historic": 0.061, "education": 0.058, "lodging": 0.028, "arts_and_entertainment": 0.028, "community_and_government": 0.028}, "cluster": -1}}, {"type": "Feature", "geometry": {"type": "Polygon", "coordinates": [[[-0.182164, 51.528196], [-0.188876, 51.526999], [-0.190097, 51.522524], [-0.184605, 51.519245], [-0.177893, 51.520442], [-0.176672, 51.524917], [-0.182164, 51.528196]]]}, "properties": {"h3": "88195da4abfffff", "poi": 277, "richness": 13, "hill_q1": 9.513, "hill_q2": 7.526, "top_share": 0.231, "flagged": false, "dominant": "services_and_business", "dna": {"services_and_business": 0.231, "food_and_drink": 0.202, "shopping": 0.116, "health_care": 0.079, "lifestyle_services": 0.079, "travel_and_transportation": 0.065, "arts_and_entertainment": 0.051, "cultural_and_historic": 0.043, "education": 0.036, "sports_and_recreation": 0.036, "community_and_government": 0.025, "lodging": 0.025, "geographic_entities": 0.011}, "tfidf": {"services_and_business": 0.231, "food_and_drink": 0.211, "shopping": 0.117, "health_care": 0.086, "lifestyle_services": 0.084, "travel_and_transportation": 0.067, "arts_and_entertainment": 0.055, "cultural_and_historic": 0.047, "education": 0.037, "sports_and_recreation": 0.037, "lodging": 0.035, "community_and_government": 0.028, "geographic_entities": 0.021}, "cluster": -1}}, {"type": "Feature", "geometry": {"type": "Polygon", "coordinates": [[[-0.198643, 51.538032], [-0.205358, 51.536835], [-0.206577, 51.532359], [-0.201083, 51.529081], [-0.194369, 51.530278], [-0.193149, 51.534753], [-0.198643, 51.538032]]]}, "properties": {"h3": "88195da4adfffff", "poi": 263, "richness": 13, "hill_q1": 9.439, "hill_q2": 7.61, "top_share": 0.255, "flagged": false, "dominant": "services_and_business", "dna": {"services_and_business": 0.255, "food_and_drink": 0.137, "shopping": 0.137, "education": 0.076, "health_care": 0.076, "lifestyle_services": 0.076, "travel_and_transportation": 0.068, "community_and_government": 0.057, "cultural_and_historic": 0.038, "sports_and_recreation": 0.038, "arts_and_entertainment": 0.027, "lodging": 0.011, "geographic_entities": 0.004}, "tfidf": {"services_and_business": 0.255, "food_and_drink": 0.143, "shopping": 0.139, "health_care": 0.083, "lifestyle_services": 0.081, "education": 0.079, "travel_and_transportation": 0.07, "community_and_government": 0.062, "cultural_and_historic": 0.041, "sports_and_recreation": 0.039, "arts_and_entertainment": 0.029, "lodging": 0.016, "geographic_entities": 0.007}, "cluster": -1}}, {"type": "Feature", "geometry": {"type": "Polygon", "coordinates": [[[-0.173624, 51.512687], [-0.180335, 51.51149], [-0.181555, 51.507014], [-0.176066, 51.503735], [-0.169357, 51.504932], [-0.168135, 51.509408], [-0.173624, 51.512687]]]}, "properties": {"h3": "88195da4b1fffff", "poi": 99, "richness": 13, "hill_q1": 9.852, "hill_q2": 8.067, "top_share": 0.212, "flagged": false, "dominant": "sports_and_recreation", "dna": {"sports_and_recreation": 0.212, "food_and_drink": 0.182, "lodging": 0.131, "travel_and_transportation": 0.091, "services_and_business": 0.081, "community_and_government": 0.071, "arts_and_entertainment": 0.051, "cultural_and_historic": 0.051, "shopping": 0.04, "geographic_entities": 0.03, "education": 0.02, "health_care": 0.02, "lifestyle_services": 0.02}, "tfidf": {"sports_and_recreation": 0.215, "food_and_drink": 0.19, "lodging": 0.179, "travel_and_transportation": 0.094, "services_and_business": 0.081, "community_and_government": 0.077, "geographic_entities": 0.058, "arts_and_entertainment": 0.055, "cultural_and_historic": 0.055, "shopping": 0.041, "health_care": 0.022, "lifestyle_services": 0.021, "education": 0.021}, "cluster": -1}}, {"type": "Feature", "geometry": {"type": "Polygon", "coordinates": [[[-0.169357, 51.504932], [-0.176066, 51.503735], [-0.177287, 51.499259], [-0.171799, 51.49598], [-0.16509, 51.497176], [-0.163869, 51.501652], [-0.169357, 51.504932]]]}, "properties": {"h3": "88195da4b3fffff", "poi": 577, "richness": 12, "hill_q1": 9.642, "hill_q2": 7.985, "top_share": 0.237, "flagged": false, "dominant": "services_and_business", "dna": {"services_and_business": 0.237, "shopping": 0.14, "food_and_drink": 0.135, "lifestyle_services": 0.099, "education": 0.076, "cultural_and_historic": 0.064, "arts_and_entertainment": 0.059, "community_and_government": 0.05, "sports_and_recreation": 0.049, "health_care": 0.036, "lodging": 0.033, "travel_and_transportation": 0.021}, "tfidf": {"services_and_business": 0.237, "shopping": 0.142, "food_and_drink": 0.141, "lifestyle_services": 0.105, "education": 0.079, "cultural_and_historic": 0.069, "arts_and_entertainment": 0.064, "community_and_government": 0.055, "sports_and_recreation": 0.049, "lodging": 0.045, "health_care": 0.039, "travel_and_transportation": 0.021}, "cluster": -1}}, {"type": "Feature", "geometry": {"type": "Polygon", "coordinates": [[[-0.185825, 51.514769], [-0.192536, 51.513572], [-0.193756, 51.509096], [-0.188265, 51.505817], [-0.181555, 51.507014], [-0.180335, 51.51149], [-0.185825, 51.514769]]]}, "properties": {"h3": "88195da4b5fffff", "poi": 633, "richness": 13, "hill_q1": 9.432, "hill_q2": 7.797, "top_share": 0.205, "flagged": false, "dominant": "food_and_drink", "dna": {"food_and_drink": 0.205, "services_and_business": 0.179, "lodging": 0.156, "shopping": 0.117, "lifestyle_services": 0.073, "travel_and_transportation": 0.055, "sports_and_recreation": 0.043, "cultural_and_historic": 0.039, "arts_and_entertainment": 0.038, "health_care": 0.035, "education": 0.03, "community_and_government": 0.028, "geographic_entities": 0.002}, "tfidf": {"food_and_drink": 0.215, "lodging": 0.214, "services_and_business": 0.179, "shopping": 0.118, "lifestyle_services": 0.077, "travel_and_transportation": 0.057, "sports_and_recreation": 0.043, "cultural_and_historic": 0.043, "arts_and_entertainment": 0.041, "health_care": 0.038, "education": 0.031, "community_and_government": 0.031, "geographic_entities": 0.003}, "cluster": -1}}, {"type": "Feature", "geometry": {"type": "Polygon", "coordinates": [[[-0.181555, 51.507014], [-0.188265, 51.505817], [-0.189485, 51.50134], [-0.183996, 51.498062], [-0.177287, 51.499259], [-0.176066, 51.503735], [-0.181555, 51.507014]]]}, "properties": {"h3": "88195da4b7fffff", "poi": 389, "richness": 13, "hill_q1": 10.469, "hill_q2": 8.628, "top_share": 0.231, "flagged": false, "dominant": "food_and_drink", "dna": {"food_and_drink": 0.231, "services_and_business": 0.152, "arts_and_entertainment": 0.082, "lodging": 0.077, "shopping": 0.075, "education": 0.069, "community_and_government": 0.067, "lifestyle_services": 0.062, "cultural_and_historic": 0.049, "sports_and_recreation": 0.049, "health_care": 0.041, "travel_and_transportation": 0.039, "geographic_entities": 0.008}, "tfidf": {"food_and_drink": 0.242, "services_and_business": 0.152, "lodging": 0.105, "arts_and_entertainment": 0.09, "shopping": 0.075, "community_and_government": 0.073, "education": 0.072, "lifestyle_services": 0.065, "cultural_and_historic": 0.053, "sports_and_recreation": 0.05, "health_care": 0.045, "travel_and_transportation": 0.04, "geographic_entities": 0.015}, "cluster": -1}}, {"type": "Feature", "geometry": {"type": "Polygon", "coordinates": [[[-0.165692, 51.518359], [-0.172403, 51.517163], [-0.173624, 51.512687], [-0.168135, 51.509408], [-0.161426, 51.510604], [-0.160204, 51.515079], [-0.165692, 51.518359]]]}, "properties": {"h3": "88195da4b9fffff", "poi": 726, "richness": 13, "hill_q1": 8.69, "hill_q2": 6.955, "top_share": 0.223, "flagged": false, "dominant": "services_and_business", "dna": {"services_and_business": 0.223, "food_and_drink": 0.212, "shopping": 0.15, "lodging": 0.112, "travel_and_transportation": 0.072, "lifestyle_services": 0.063, "arts_and_entertainment": 0.036, "cultural_and_historic": 0.034, "health_care": 0.033, "sports_and_recreation": 0.026, "education": 0.019, "community_and_government": 0.015, "geographic_entities": 0.004}, "tfidf": {"services_and_business": 0.223, "food_and_drink": 0.222, "lodging": 0.152, "shopping": 0.152, "travel_and_transportation": 0.074, "lifestyle_services": 0.067, "arts_and_entertainment": 0.039, "cultural_and_historic": 0.037, "health_care": 0.036, "sports_and_recreation": 0.027, "education": 0.02, "community_and_government": 0.017, "geographic_entities": 0.008}, "cluster": -1}}, {"type": "Feature", "geometry": {"type": "Polygon", "coordinates": [[[-0.161426, 51.510604], [-0.168135, 51.509408], [-0.169357, 51.504932], [-0.163869, 51.501652], [-0.15716, 51.502848], [-0.155938, 51.507324], [-0.161426, 51.510604]]]}, "properties": {"h3": "88195da4bbfffff", "poi": 72, "richness": 12, "hill_q1": 7.842, "hill_q2": 5.598, "top_share": 0.347, "flagged": false, "dominant": "sports_and_recreation", "dna": {"sports_and_recreation": 0.347, "arts_and_entertainment": 0.139, "food_and_drink": 0.139, "services_and_business": 0.083, "cultural_and_historic": 0.056, "lodging": 0.056, "community_and_government": 0.042, "geographic_entities": 0.042, "lifestyle_services": 0.042, "education": 0.028, "shopping": 0.014, "travel_and_transportation": 0.014}, "tfidf": {"sports_and_recreation": 0.352, "arts_and_entertainment": 0.152, "food_and_drink": 0.145, "services_and_business": 0.083, "geographic_entities": 0.08, "lodging": 0.076, "cultural_and_historic": 0.06, "community_and_government": 0.045, "lifestyle_services": 0.044, "education": 0.029, "travel_and_transportation": 0.014, "shopping": 0.014}, "cluster": -1}}, {"type": "Feature", "geometry": {"type": "Polygon", "coordinates": [[[-0.177893, 51.520442], [-0.184605, 51.519245], [-0.185825, 51.514769], [-0.180335, 51.51149], [-0.173624, 51.512687], [-0.172403, 51.517163], [-0.177893, 51.520442]]]}, "properties": {"h3": "88195da4bdfffff", "poi": 1110, "richness": 13, "hill_q1": 8.246, "hill_q2": 6.062, "top_share": 0.308, "flagged": false, "dominant": "services_and_business", "dna": {"services_and_business": 0.308, "food_and_drink": 0.183, "lodging": 0.123, "shopping": 0.101, "travel_and_transportation": 0.066, "health_care": 0.046, "arts_and_entertainment": 0.037, "lifestyle_services": 0.032, "community_and_government": 0.028, "education": 0.028, "sports_and_recreation": 0.027, "cultural_and_historic": 0.016, "geographic_entities": 0.006}, "tfidf": {"services_and_business": 0.308, "food_and_drink": 0.191, "lodging": 0.167, "shopping": 0.102, "travel_and_transportation": 0.068, "health_care": 0.05, "arts_and_entertainment": 0.04, "lifestyle_services": 0.033, "community_and_government": 0.03, "education": 0.029, "sports_and_recreation": 0.027, "cultural_and_historic": 0.018, "geographic_entities": 0.012}, "cluster": -1}}, {"type": "Feature", "geometry": {"type": "Polygon", "coordinates": [[[-0.150422, 51.550873], [-0.157136, 51.549679], [-0.158359, 51.545205], [-0.152869, 51.541926], [-0.146155, 51.54312], [-0.144932, 51.547593], [-0.150422, 51.550873]]]}, "properties": {"h3": "88195da4c1fffff", "poi": 453, "richness": 12, "hill_q1": 8.796, "hill_q2": 7.126, "top_share": 0.236, "flagged": false, "dominant": "services_and_business", "dna": {"services_and_business": 0.236, "food_and_drink": 0.179, "shopping": 0.174, "arts_and_entertainment": 0.073, "sports_and_recreation": 0.064, "health_care": 0.06, "lifestyle_services": 0.053, "education": 0.046, "cultural_and_historic": 0.044, "travel_and_transportation": 0.042, "community_and_government": 0.022, "lodging": 0.007}, "tfidf": {"services_and_business": 0.236, "food_and_drink": 0.187, "shopping": 0.176, "arts_and_entertainment": 0.079, "sports_and_recreation": 0.065, "health_care": 0.065, "lifestyle_services": 0.056, "education": 0.048, "cultural_and_historic": 0.048, "travel_and_transportation": 0.043, "community_and_government": 0.024, "lodging": 0.009}, "cluster": -1}}, {"type": "Feature", "geometry": {"type": "Polygon", "coordinates": [[[-0.146155, 51.54312], [-0.152869, 51.541926], [-0.154092, 51.537452], [-0.148602, 51.534172], [-0.14189, 51.535366], [-0.140666, 51.539839], [-0.146155, 51.54312]]]}, "properties": {"h3": "88195da4c3fffff", "poi": 1283, "richness": 13, "hill_q1": 6.883, "hill_q2": 5.197, "top_share": 0.274, "flagged": false, "dominant": "food_and_drink", "dna": {"food_and_drink": 0.274, "shopping": 0.253, "services_and_business": 0.209, "arts_and_entertainment": 0.062, "lifestyle_services": 0.051, "sports_and_recreation": 0.035, "travel_and_transportation": 0.028, "education": 0.024, "community_and_government": 0.023, "health_care": 0.019, "cultural_and_historic": 0.012, "lodging": 0.009, "geographic_entities": 0.002}, "tfidf": {"food_and_drink": 0.286, "shopping": 0.256, "services_and_business": 0.209, "arts_and_entertainment": 0.067, "lifestyle_services": 0.055, "sports_and_recreation": 0.036, "travel_and_transportation": 0.029, "community_and_government": 0.025, "education": 0.025, "health_care": 0.02, "cultural_and_historic": 0.013, "lodging": 0.012, "geographic_entities": 0.003}, "cluster": -1}}, {"type": "Feature", "geometry": {"type": "Polygon", "coordinates": [[[-0.162628, 51.552959], [-0.169343, 51.551764], [-0.170565, 51.54729], [-0.165073, 51.544011], [-0.158359, 51.545205], [-0.157136, 51.549679], [-0.162628, 51.552959]]]}, "properties": {"h3": "88195da4c5fffff", "poi": 339, "richness": 13, "hill_q1": 9.899, "hill_q2": 7.819, "top_share": 0.26, "flagged": false, "dominant": "services_and_business", "dna": {"services_and_business": 0.26, "food_and_drink": 0.145, "shopping": 0.112, "health_care": 0.074, "lifestyle_services": 0.065, "sports_and_recreation": 0.065, "travel_and_transportation": 0.062, "education": 0.056, "arts_and_entertainment": 0.044, "community_and_government": 0.041, "cultural_and_historic": 0.035, "lodging": 0.035, "geographic_entities": 0.006}, "tfidf": {"services_and_business": 0.26, "food_and_drink": 0.151, "shopping": 0.113, "health_care": 0.08, "lifestyle_services": 0.069, "sports_and_recreation": 0.066, "travel_and_transportation": 0.064, "education": 0.058, "lodging": 0.048, "arts_and_entertainment": 0.048, "community_and_government": 0.045, "cultural_and_historic": 0.038, "geographic_entities": 0.011}, "cluster": -1}}, {"type": "Feature", "geometry": {"type": "Polygon", "coordinates": [[[-0.158359, 51.545205], [-0.165073, 51.544011], [-0.166295, 51.539537], [-0.160804, 51.536257], [-0.154092, 51.537452], [-0.152869, 51.541926], [-0.158359, 51.545205]]]}, "properties": {"h3": "88195da4c7fffff", "poi": 270, "richness": 13, "hill_q1": 9.256, "hill_q2": 7.391, "top_share": 0.256, "flagged": false, "dominant": "services_and_business", "dna": {"services_and_business": 0.256, "food_and_drink": 0.148, "shopping": 0.144, "lifestyle_services": 0.089, "arts_and_entertainment": 0.074, "health_care": 0.07, "sports_and_recreation": 0.059, "education": 0.044, "travel_and_transportation": 0.037, "community_and_government": 0.03, "cultural_and_historic": 0.03, "lodging": 0.015, "geographic_entities": 0.004}, "tfidf": {"services_and_business": 0.256, "food_and_drink": 0.155, "shopping": 0.146, "lifestyle_services": 0.094, "arts_and_entertainment": 0.081, "health_care": 0.076, "sports_and_recreation": 0.06, "education": 0.046, "travel_and_transportation": 0.038, "community_and_government": 0.032, "cultural_and_historic": 0.032, "lodging": 0.02, "geographic_entities": 0.007}, "cluster": -1}}, {"type": "Feature", "geometry": {"type": "Polygon", "coordinates": [[[-0.142484, 51.556539], [-0.149199, 51.555346], [-0.150422, 51.550873], [-0.144932, 51.547593], [-0.138218, 51.548786], [-0.136994, 51.553259], [-0.142484, 51.556539]]]}, "properties": {"h3": "88195da4c9fffff", "poi": 498, "richness": 13, "hill_q1": 7.225, "hill_q2": 5.22, "top_share": 0.343, "flagged": false, "dominant": "services_and_business", "dna": {"services_and_business": 0.343, "shopping": 0.189, "food_and_drink": 0.159, "lifestyle_services": 0.054, "education": 0.046, "health_care": 0.046, "travel_and_transportation": 0.042, "community_and_government": 0.038, "sports_and_recreation": 0.038, "arts_and_entertainment": 0.03, "cultural_and_historic": 0.008, "lodging": 0.004, "geographic_entities": 0.002}, "tfidf": {"services_and_business": 0.343, "shopping": 0.191, "food_and_drink": 0.166, "lifestyle_services": 0.058, "health_care": 0.05, "education": 0.048, "travel_and_transportation": 0.043, "community_and_government": 0.042, "sports_and_recreation": 0.039, "arts_and_entertainment": 0.033, "cultural_and_historic": 0.009, "lodging": 0.005, "geographic_entities": 0.004}, "cluster": -1}}, {"type": "Feature", "geometry": {"type": "Polygon", "coordinates": [[[-0.138218, 51.548786], [-0.144932, 51.547593], [-0.146155, 51.54312], [-0.140666, 51.539839], [-0.133954, 51.541033], [-0.13273, 51.545506], [-0.138218, 51.548786]]]}, "properties": {"h3": "88195da4cbfffff", "poi": 621, "richness": 13, "hill_q1": 8.016, "hill_q2": 5.865, "top_share": 0.312, "flagged": false, "dominant": "services_and_business", "dna": {"services_and_business": 0.312, "food_and_drink": 0.19, "shopping": 0.137, "lifestyle_services": 0.089, "travel_and_transportation": 0.052, "health_care": 0.047, "arts_and_entertainment": 0.043, "sports_and_recreation": 0.04, "cultural_and_historic": 0.026, "education": 0.026, "community_and_government": 0.016, "lodging": 0.016, "geographic_entities": 0.006}, "tfidf": {"services_and_business": 0.312, "food_and_drink": 0.199, "shopping": 0.139, "lifestyle_services": 0.094, "travel_and_transportation": 0.053, "health_care": 0.051, "arts_and_entertainment": 0.047, "sports_and_recreation": 0.041, "cultural_and_historic": 0.028, "education": 0.027, "lodging": 0.022, "community_and_government": 0.018, "geographic_entities": 0.012}, "cluster": -1}}, {"type": "Feature", "geometry": {"type": "Polygon", "coordinates": [[[-0.15469, 51.558626], [-0.161405, 51.557432], [-0.162628, 51.552959], [-0.157136, 51.549679], [-0.150422, 51.550873], [-0.149199, 51.555346], [-0.15469, 51.558626]]]}, "properties": {"h3": "88195da4cdfffff", "poi": 189, "richness": 12, "hill_q1": 9.041, "hill_q2": 7.23, "top_share": 0.27, "flagged": false, "dominant": "services_and_business", "dna": {"services_and_business": 0.27, "food_and_drink": 0.153, "shopping": 0.122, "sports_and_recreation": 0.074, "health_care": 0.069, "community_and_government": 0.063, "education": 0.063, "travel_and_transportation": 0.063, "lifestyle_services": 0.053, "arts_and_entertainment": 0.032, "cultural_and_historic": 0.032, "lodging": 0.005}, "tfidf": {"services_and_business": 0.27, "food_and_drink": 0.16, "shopping": 0.123, "sports_and_recreation": 0.075, "health_care": 0.075, "community_and_government": 0.069, "education": 0.066, "travel_and_transportation": 0.065, "lifestyle_services": 0.056, "arts_and_entertainment": 0.035, "cultural_and_historic": 0.034, "lodging": 0.007}, "cluster": -1}}, {"type": "Feature", "geometry": {"type": "Polygon", "coordinates": [[[-0.129691, 51.533279], [-0.136402, 51.532086], [-0.137626, 51.527612], [-0.13214, 51.524331], [-0.125429, 51.525525], [-0.124205, 51.529998], [-0.129691, 51.533279]]]}, "properties": {"h3": "88195da4d1fffff", "poi": 1014, "richness": 13, "hill_q1": 9.771, "hill_q2": 7.873, "top_share": 0.247, "flagged": false, "dominant": "services_and_business", "dna": {"services_and_business": 0.247, "food_and_drink": 0.164, "education": 0.1, "shopping": 0.091, "community_and_government": 0.075, "travel_and_transportation": 0.064, "lodging": 0.059, "arts_and_entertainment": 0.046, "health_care": 0.044, "sports_and_recreation": 0.038, "lifestyle_services": 0.036, "cultural_and_historic": 0.035, "geographic_entities": 0.002}, "tfidf": {"services_and_business": 0.247, "food_and_drink": 0.171, "education": 0.103, "shopping": 0.092, "community_and_government": 0.082, "lodging": 0.081, "travel_and_transportation": 0.066, "arts_and_entertainment": 0.051, "health_care": 0.048, "sports_and_recreation": 0.039, "lifestyle_services": 0.038, "cultural_and_historic": 0.037, "geographic_entities": 0.004}, "cluster": -1}}, {"type": "Feature", "geometry": {"type": "Polygon", "coordinates": [[[-0.125429, 51.525525], [-0.13214, 51.524331], [-0.133364, 51.519857], [-0.127878, 51.516577], [-0.121169, 51.51777], [-0.119944, 51.522244], [-0.125429, 51.525525]]]}, "properties": {"h3": "88195da4d3fffff", "poi": 2558, "richness": 13, "hill_q1": 7.373, "hill_q2": 4.933, "top_share": 0.391, "flagged": false, "dominant": "services_and_business", "dna": {"services_and_business": 0.391, "education": 0.12, "shopping": 0.115, "food_and_drink": 0.111, "arts_and_entertainment": 0.048, "community_and_government": 0.046, "health_care": 0.042, "travel_and_transportation": 0.034, "lodging": 0.032, "lifestyle_services": 0.028, "sports_and_recreation": 0.021, "cultural_and_historic": 0.011, "geographic_entities": 0.001}, "tfidf": {"services_and_business": 0.391, "education": 0.124, "shopping": 0.117, "food_and_drink": 0.116, "arts_and_entertainment": 0.052, "community_and_government": 0.05, "health_care": 0.045, "lodging": 0.044, "travel_and_transportation": 0.035, "lifestyle_services": 0.029, "sports_and_recreation": 0.021, "cultural_and_historic": 0.012, "geographic_entities": 0.002}, "cluster": -1}}, {"type": "Feature", "geometry": {"type": "Polygon", "coordinates": [[[-0.14189, 51.535366], [-0.148602, 51.534172], [-0.149825, 51.529698], [-0.144337, 51.526418], [-0.137626, 51.527612], [-0.136402, 51.532086], [-0.14189, 51.535366]]]}, "properties": {"h3": "88195da4d5fffff", "poi": 215, "richness": 12, "hill_q1": 9.997, "hill_q2": 8.452, "top_share": 0.223, "flagged": false, "dominant": "services_and_business", "dna": {"services_and_business": 0.223, "shopping": 0.135, "food_and_drink": 0.121, "sports_and_recreation": 0.121, "lifestyle_services": 0.06, "travel_and_transportation": 0.06, "community_and_government": 0.056, "education": 0.056, "cultural_and_historic": 0.051, "arts_and_entertainment": 0.047, "health_care": 0.047, "lodging": 0.023}, "tfidf": {"services_and_business": 0.223, "shopping": 0.137, "food_and_drink": 0.126, "sports_and_recreation": 0.123, "lifestyle_services": 0.064, "travel_and_transportation": 0.062, "community_and_government": 0.061, "education": 0.058, "cultural_and_historic": 0.055, "arts_and_entertainment": 0.051, "health_care": 0.05, "lodging": 0.032}, "cluster": -1}}, {"type": "Feature", "geometry": {"type": "Polygon", "coordinates": [[[-0.137626, 51.527612], [-0.144337, 51.526418], [-0.14556, 51.521944], [-0.140073, 51.518663], [-0.133364, 51.519857], [-0.13214, 51.524331], [-0.137626, 51.527612]]]}, "properties": {"h3": "88195da4d7fffff", "poi": 2817, "richness": 13, "hill_q1": 7.026, "hill_q2": 4.472, "top_share": 0.426, "flagged": false, "dominant": "services_and_business", "dna": {"services_and_business": 0.426, "food_and_drink": 0.122, "shopping": 0.098, "health_care": 0.079, "education": 0.06, "lifestyle_services": 0.048, "arts_and_entertainment": 0.04, "travel_and_transportation": 0.037, "community_and_government": 0.036, "sports_and_recreation": 0.025, "lodging": 0.015, "cultural_and_historic": 0.014, "geographic_entities": 0.0}, "tfidf": {"services_and_business": 0.426, "food_and_drink": 0.128, "shopping": 0.099, "health_care": 0.086, "education": 0.063, "lifestyle_services": 0.05, "arts_and_entertainment": 0.044, "community_and_government": 0.039, "travel_and_transportation": 0.038, "sports_and_recreation": 0.026, "lodging": 0.02, "cultural_and_historic": 0.015, "geographic_entities": 0.001}, "cluster": -1}}, {"type": "Feature", "geometry": {"type": "Polygon", "coordinates": [[[-0.121755, 51.538945], [-0.128467, 51.537752], [-0.129691, 51.533279], [-0.124205, 51.529998], [-0.117494, 51.531191], [-0.116269, 51.535664], [-0.121755, 51.538945]]]}, "properties": {"h3": "88195da4d9fffff", "poi": 1094, "richness": 13, "hill_q1": 8.222, "hill_q2": 6.397, "top_share": 0.247, "flagged": false, "dominant": "services_and_business", "dna": {"services_and_business": 0.247, "food_and_drink": 0.22, "shopping": 0.166, "travel_and_transportation": 0.08, "community_and_government": 0.063, "arts_and_entertainment": 0.061, "lifestyle_services": 0.043, "education": 0.042, "sports_and_recreation": 0.026, "health_care": 0.017, "lodging": 0.015, "cultural_and_historic": 0.014, "geographic_entities": 0.005}, "tfidf": {"services_and_business": 0.247, "food_and_drink": 0.23, "shopping": 0.168, "travel_and_transportation": 0.083, "community_and_government": 0.069, "arts_and_entertainment": 0.067, "lifestyle_services": 0.046, "education": 0.044, "sports_and_recreation": 0.026, "lodging": 0.02, "health_care": 0.019, "cultural_and_historic": 0.015, "geographic_entities": 0.011}, "cluster": -1}}, {"type": "Feature", "geometry": {"type": "Polygon", "coordinates": [[[-0.117494, 51.531191], [-0.124205, 51.529998], [-0.125429, 51.525525], [-0.119944, 51.522244], [-0.113235, 51.523436], [-0.112009, 51.52791], [-0.117494, 51.531191]]]}, "properties": {"h3": "88195da4dbfffff", "poi": 1078, "richness": 13, "hill_q1": 8.574, "hill_q2": 5.971, "top_share": 0.347, "flagged": false, "dominant": "services_and_business", "dna": {"services_and_business": 0.347, "food_and_drink": 0.12, "shopping": 0.094, "lodging": 0.082, "education": 0.064, "community_and_government": 0.061, "lifestyle_services": 0.054, "health_care": 0.045, "arts_and_entertainment": 0.042, "sports_and_recreation": 0.034, "travel_and_transportation": 0.031, "cultural_and_historic": 0.026, "geographic_entities": 0.001}, "tfidf": {"services_and_business": 0.347, "food_and_drink": 0.125, "lodging": 0.112, "shopping": 0.095, "community_and_government": 0.067, "education": 0.066, "lifestyle_services": 0.057, "health_care": 0.049, "arts_and_entertainment": 0.046, "sports_and_recreation": 0.035, "travel_and_transportation": 0.032, "cultural_and_historic": 0.028, "geographic_entities": 0.002}, "cluster": -1}}, {"type": "Feature", "geometry": {"type": "Polygon", "coordinates": [[[-0.133954, 51.541033], [-0.140666, 51.539839], [-0.14189, 51.535366], [-0.136402, 51.532086], [-0.129691, 51.533279], [-0.128467, 51.537752], [-0.133954, 51.541033]]]}, "properties": {"h3": "88195da4ddfffff", "poi": 699, "richness": 13, "hill_q1": 8.306, "hill_q2": 6.035, "top_share": 0.318, "flagged": false, "dominant": "services_and_business", "dna": {"services_and_business": 0.318, "food_and_drink": 0.175, "shopping": 0.132, "lifestyle_services": 0.059, "health_care": 0.052, "arts_and_entertainment": 0.049, "travel_and_transportation": 0.047, "education": 0.046, "sports_and_recreation": 0.046, "community_and_government": 0.034, "cultural_and_historic": 0.027, "lodging": 0.016, "geographic_entities": 0.001}, "tfidf": {"services_and_business": 0.318, "food_and_drink": 0.182, "shopping": 0.133, "lifestyle_services": 0.062, "health_care": 0.056, "arts_and_entertainment": 0.053, "travel_and_transportation": 0.049, "education": 0.047, "sports_and_recreation": 0.046, "community_and_government": 0.037, "cultural_and_historic": 0.029, "lodging": 0.021, "geographic_entities": 0.003}, "cluster": -1}}, {"type": "Feature", "geometry": {"type": "Polygon", "coordinates": [[[-0.182773, 51.549374], [-0.189488, 51.548178], [-0.190708, 51.543703], [-0.185215, 51.540425], [-0.178501, 51.541621], [-0.177279, 51.546095], [-0.182773, 51.549374]]]}, "properties": {"h3": "88195da4e1fffff", "poi": 375, "richness": 12, "hill_q1": 7.751, "hill_q2": 5.961, "top_share": 0.293, "flagged": false, "dominant": "services_and_business", "dna": {"services_and_business": 0.293, "shopping": 0.195, "food_and_drink": 0.155, "travel_and_transportation": 0.088, "lifestyle_services": 0.072, "health_care": 0.051, "sports_and_recreation": 0.04, "education": 0.037, "cultural_and_historic": 0.027, "community_and_government": 0.021, "arts_and_entertainment": 0.013, "lodging": 0.008}, "tfidf": {"services_and_business": 0.293, "shopping": 0.197, "food_and_drink": 0.162, "travel_and_transportation": 0.091, "lifestyle_services": 0.076, "health_care": 0.055, "sports_and_recreation": 0.041, "education": 0.039, "cultural_and_historic": 0.029, "community_and_government": 0.023, "arts_and_entertainment": 0.015, "lodging": 0.011}, "cluster": -1}}, {"type": "Feature", "geometry": {"type": "Polygon", "coordinates": [[[-0.178501, 51.541621], [-0.185215, 51.540425], [-0.186435, 51.53595], [-0.180943, 51.532671], [-0.17423, 51.533867], [-0.173008, 51.538342], [-0.178501, 51.541621]]]}, "properties": {"h3": "88195da4e3fffff", "poi": 261, "richness": 12, "hill_q1": 9.512, "hill_q2": 8.101, "top_share": 0.222, "flagged": false, "dominant": "services_and_business", "dna": {"services_and_business": 0.222, "food_and_drink": 0.142, "lifestyle_services": 0.138, "shopping": 0.107, "education": 0.077, "health_care": 0.077, "sports_and_recreation": 0.061, "travel_and_transportation": 0.061, "cultural_and_historic": 0.05, "arts_and_entertainment": 0.034, "community_and_government": 0.019, "lodging": 0.011}, "tfidf": {"services_and_business": 0.222, "food_and_drink": 0.148, "lifestyle_services": 0.146, "shopping": 0.109, "health_care": 0.083, "education": 0.079, "travel_and_transportation": 0.063, "sports_and_recreation": 0.062, "cultural_and_historic": 0.054, "arts_and_entertainment": 0.038, "community_and_government": 0.021, "lodging": 0.016}, "cluster": -1}}, {"type": "Feature", "geometry": {"type": "Polygon", "coordinates": [[[-0.194983, 51.551457], [-0.201699, 51.55026], [-0.202918, 51.545785], [-0.197423, 51.542507], [-0.190708, 51.543703], [-0.189488, 51.548178], [-0.194983, 51.551457]]]}, "properties": {"h3": "88195da4e5fffff", "poi": 367, "richness": 13, "hill_q1": 7.859, "hill_q2": 5.691, "top_share": 0.335, "flagged": false, "dominant": "services_and_business", "dna": {"services_and_business": 0.335, "shopping": 0.15, "food_and_drink": 0.144, "lifestyle_services": 0.082, "travel_and_transportation": 0.079, "health_care": 0.052, "sports_and_recreation": 0.035, "arts_and_entertainment": 0.033, "community_and_government": 0.027, "education": 0.027, "cultural_and_historic": 0.025, "lodging": 0.008, "geographic_entities": 0.003}, "tfidf": {"services_and_business": 0.335, "shopping": 0.152, "food_and_drink": 0.151, "lifestyle_services": 0.087, "travel_and_transportation": 0.081, "health_care": 0.056, "sports_and_recreation": 0.036, "arts_and_entertainment": 0.036, "community_and_government": 0.03, "education": 0.028, "cultural_and_historic": 0.027, "lodging": 0.011, "geographic_entities": 0.005}, "cluster": -1}}, {"type": "Feature", "geometry": {"type": "Polygon", "coordinates": [[[-0.190708, 51.543703], [-0.197423, 51.542507], [-0.198643, 51.538032], [-0.193149, 51.534753], [-0.186435, 51.53595], [-0.185215, 51.540425], [-0.190708, 51.543703]]]}, "properties": {"h3": "88195da4e7fffff", "poi": 483, "richness": 12, "hill_q1": 8.282, "hill_q2": 6.402, "top_share": 0.261, "flagged": false, "dominant": "services_and_business", "dna": {"services_and_business": 0.261, "shopping": 0.222, "food_and_drink": 0.137, "lifestyle_services": 0.093, "travel_and_transportation": 0.058, "education": 0.05, "health_care": 0.041, "community_and_government": 0.035, "sports_and_recreation": 0.033, "arts_and_entertainment": 0.029, "cultural_and_historic": 0.029, "lodging": 0.012}, "tfidf": {"services_and_business": 0.261, "shopping": 0.224, "food_and_drink": 0.143, "lifestyle_services": 0.099, "travel_and_transportation": 0.06, "education": 0.051, "health_care": 0.045, "community_and_government": 0.038, "sports_and_recreation": 0.034, "arts_and_entertainment": 0.032, "cultural_and_historic": 0.031, "lodging": 0.017}, "cluster": -1}}, {"type": "Feature", "geometry": {"type": "Polygon", "coordinates": [[[-0.174836, 51.555043], [-0.181551, 51.553848], [-0.182773, 51.549374], [-0.177279, 51.546095], [-0.170565, 51.54729], [-0.169343, 51.551764], [-0.174836, 51.555043]]]}, "properties": {"h3": "88195da4e9fffff", "poi": 344, "richness": 12, "hill_q1": 8.439, "hill_q2": 6.231, "top_share": 0.323, "flagged": false, "dominant": "services_and_business", "dna": {"services_and_business": 0.323, "food_and_drink": 0.122, "education": 0.11, "health_care": 0.093, "shopping": 0.093, "lifestyle_services": 0.078, "travel_and_transportation": 0.047, "cultural_and_historic": 0.029, "lodging": 0.029, "sports_and_recreation": 0.029, "arts_and_entertainment": 0.023, "community_and_government": 0.023}, "tfidf": {"services_and_business": 0.323, "food_and_drink": 0.128, "education": 0.114, "health_care": 0.101, "shopping": 0.094, "lifestyle_services": 0.083, "travel_and_transportation": 0.048, "lodging": 0.04, "cultural_and_historic": 0.031, "sports_and_recreation": 0.029, "arts_and_entertainment": 0.025, "community_and_government": 0.025}, "cluster": -1}}, {"type": "Feature", "geometry": {"type": "Polygon", "coordinates": [[[-0.170565, 51.54729], [-0.177279, 51.546095], [-0.178501, 51.541621], [-0.173008, 51.538342], [-0.166295, 51.539537], [-0.165073, 51.544011], [-0.170565, 51.54729]]]}, "properties": {"h3": "88195da4ebfffff", "poi": 302, "richness": 12, "hill_q1": 10.104, "hill_q2": 8.696, "top_share": 0.192, "flagged": false, "dominant": "services_and_business", "dna": {"services_and_business": 0.192, "shopping": 0.182, "education": 0.096, "food_and_drink": 0.096, "lifestyle_services": 0.079, "travel_and_transportation": 0.079, "health_care": 0.066, "sports_and_recreation": 0.063, "arts_and_entertainment": 0.046, "lodging": 0.04, "community_and_government": 0.033, "cultural_and_historic": 0.026}, "tfidf": {"services_and_business": 0.192, "shopping": 0.184, "food_and_drink": 0.1, "education": 0.1, "lifestyle_services": 0.084, "travel_and_transportation": 0.082, "health_care": 0.072, "sports_and_recreation": 0.064, "lodging": 0.054, "arts_and_entertainment": 0.051, "community_and_government": 0.036, "cultural_and_historic": 0.029}, "cluster": -1}}, {"type": "Feature", "geometry": {"type": "Polygon", "coordinates": [[[-0.187046, 51.557127], [-0.193762, 51.555931], [-0.194983, 51.551457], [-0.189488, 51.548178], [-0.182773, 51.549374], [-0.181551, 51.553848], [-0.187046, 51.557127]]]}, "properties": {"h3": "88195da4edfffff", "poi": 361, "richness": 12, "hill_q1": 9.051, "hill_q2": 7.438, "top_share": 0.222, "flagged": false, "dominant": "services_and_business", "dna": {"services_and_business": 0.222, "food_and_drink": 0.186, "shopping": 0.158, "lifestyle_services": 0.097, "education": 0.066, "travel_and_transportation": 0.058, "sports_and_recreation": 0.055, "health_care": 0.044, "community_and_government": 0.042, "cultural_and_historic": 0.033, "arts_and_entertainment": 0.028, "lodging": 0.011}, "tfidf": {"services_and_business": 0.222, "food_and_drink": 0.194, "shopping": 0.16, "lifestyle_services": 0.103, "education": 0.069, "travel_and_transportation": 0.06, "sports_and_recreation": 0.056, "health_care": 0.048, "community_and_government": 0.045, "cultural_and_historic": 0.036, "arts_and_entertainment": 0.03, "lodging": 0.015}, "cluster": -1}}, {"type": "Feature", "geometry": {"type": "Polygon", "coordinates": [[[-0.222441, 51.52101], [-0.229154, 51.51981], [-0.230372, 51.515333], [-0.224877, 51.512056], [-0.218164, 51.513255], [-0.216946, 51.517732], [-0.222441, 51.52101]]]}, "properties": {"h3": "88195da593fffff", "poi": 48, "richness": 10, "hill_q1": 8.163, "hill_q2": 7.2, "top_share": 0.229, "flagged": false, "dominant": "services_and_business", "dna": {"services_and_business": 0.229, "shopping": 0.167, "arts_and_entertainment": 0.125, "travel_and_transportation": 0.125, "education": 0.104, "community_and_government": 0.083, "sports_and_recreation": 0.083, "lifestyle_services": 0.042, "cultural_and_historic": 0.021, "food_and_drink": 0.021}, "tfidf": {"services_and_business": 0.229, "shopping": 0.169, "arts_and_entertainment": 0.136, "travel_and_transportation": 0.129, "education": 0.108, "community_and_government": 0.091, "sports_and_recreation": 0.084, "lifestyle_services": 0.044, "cultural_and_historic": 0.023, "food_and_drink": 0.022}, "cluster": -1}}, {"type": "Feature", "geometry": {"type": "Polygon", "coordinates": [[[-0.218787, 51.534439], [-0.225501, 51.53324], [-0.226719, 51.528764], [-0.221223, 51.525486], [-0.21451, 51.526685], [-0.213291, 51.531161], [-0.218787, 51.534439]]]}, "properties": {"h3": "88195da599fffff", "poi": 256, "richness": 13, "hill_q1": 7.887, "hill_q2": 5.876, "top_share": 0.266, "flagged": false, "dominant": "services_and_business", "dna": {"services_and_business": 0.266, "food_and_drink": 0.258, "shopping": 0.129, "lifestyle_services": 0.074, "travel_and_transportation": 0.063, "sports_and_recreation": 0.047, "health_care": 0.043, "community_and_government": 0.035, "education": 0.031, "cultural_and_historic": 0.02, "arts_and_entertainment": 0.016, "lodging": 0.016, "geographic_entities": 0.004}, "tfidf": {"food_and_drink": 0.269, "services_and_business": 0.266, "shopping": 0.13, "lifestyle_services": 0.079, "travel_and_transportation": 0.064, "sports_and_recreation": 0.048, "health_care": 0.047, "community_and_government": 0.038, "education": 0.032, "lodging": 0.021, "cultural_and_historic": 0.021, "arts_and_entertainment": 0.017, "geographic_entities": 0.007}, "cluster": -1}}, {"type": "Feature", "geometry": {"type": "Polygon", "coordinates": [[[-0.21451, 51.526685], [-0.221223, 51.525486], [-0.222441, 51.52101], [-0.216946, 51.517732], [-0.210234, 51.518931], [-0.209015, 51.523407], [-0.21451, 51.526685]]]}, "properties": {"h3": "88195da59bfffff", "poi": 358, "richness": 12, "hill_q1": 8.712, "hill_q2": 6.637, "top_share": 0.293, "flagged": false, "dominant": "services_and_business", "dna": {"services_and_business": 0.293, "shopping": 0.176, "food_and_drink": 0.101, "health_care": 0.067, "community_and_government": 0.064, "travel_and_transportation": 0.061, "lifestyle_services": 0.059, "education": 0.053, "sports_and_recreation": 0.05, "arts_and_entertainment": 0.039, "cultural_and_historic": 0.028, "lodging": 0.008}, "tfidf": {"services_and_business": 0.293, "shopping": 0.178, "food_and_drink": 0.105, "health_care": 0.073, "community_and_government": 0.07, "travel_and_transportation": 0.063, "lifestyle_services": 0.062, "education": 0.055, "sports_and_recreation": 0.051, "arts_and_entertainment": 0.043, "cultural_and_historic": 0.03, "lodging": 0.011}, "cluster": -1}}, {"type": "Feature", "geometry": {"type": "Polygon", "coordinates": [[[-0.22369, 51.563371], [-0.230408, 51.562173], [-0.231626, 51.557698], [-0.226127, 51.554421], [-0.219409, 51.555618], [-0.218191, 51.560093], [-0.22369, 51.563371]]]}, "properties": {"h3": "88195da5cbfffff", "poi": 40, "richness": 9, "hill_q1": 6.234, "hill_q2": 4.734, "top_share": 0.375, "flagged": false, "dominant": "services_and_business", "dna": {"services_and_business": 0.375, "shopping": 0.175, "food_and_drink": 0.15, "community_and_government": 0.075, "travel_and_transportation": 0.075, "lifestyle_services": 0.05, "sports_and_recreation": 0.05, "education": 0.025, "health_care": 0.025}, "tfidf": {"services_and_business": 0.375, "shopping": 0.177, "food_and_drink": 0.157, "community_and_government": 0.082, "travel_and_transportation": 0.077, "lifestyle_services": 0.053, "sports_and_recreation": 0.051, "health_care": 0.027, "education": 0.026}, "cluster": -1}}, {"type": "Feature", "geometry": {"type": "Polygon", "coordinates": [[[-0.215131, 51.547866], [-0.221847, 51.546668], [-0.223065, 51.542192], [-0.217568, 51.538915], [-0.210853, 51.540113], [-0.209634, 51.544588], [-0.215131, 51.547866]]]}, "properties": {"h3": "88195da5d1fffff", "poi": 66, "richness": 11, "hill_q1": 8.247, "hill_q2": 6.828, "top_share": 0.258, "flagged": false, "dominant": "services_and_business", "dna": {"services_and_business": 0.258, "education": 0.182, "travel_and_transportation": 0.121, "sports_and_recreation": 0.106, "cultural_and_historic": 0.091, "food_and_drink": 0.076, "shopping": 0.061, "community_and_government": 0.045, "lodging": 0.03, "arts_and_entertainment": 0.015, "lifestyle_services": 0.015}, "tfidf": {"services_and_business": 0.258, "education": 0.188, "travel_and_transportation": 0.125, "sports_and_recreation": 0.108, "cultural_and_historic": 0.098, "food_and_drink": 0.079, "shopping": 0.061, "community_and_government": 0.05, "lodging": 0.041, "arts_and_entertainment": 0.017, "lifestyle_services": 0.016}, "cluster": -1}}, {"type": "Feature", "geometry": {"type": "Polygon", "coordinates": [[[-0.210853, 51.540113], [-0.217568, 51.538915], [-0.218787, 51.534439], [-0.213291, 51.531161], [-0.206577, 51.532359], [-0.205358, 51.536835], [-0.210853, 51.540113]]]}, "properties": {"h3": "88195da5d3fffff", "poi": 124, "richness": 12, "hill_q1": 8.825, "hill_q2": 7.178, "top_share": 0.258, "flagged": false, "dominant": "services_and_business", "dna": {"services_and_business": 0.258, "shopping": 0.153, "sports_and_recreation": 0.121, "health_care": 0.113, "food_and_drink": 0.105, "education": 0.056, "travel_and_transportation": 0.056, "community_and_government": 0.04, "lifestyle_services": 0.04, "arts_and_entertainment": 0.024, "cultural_and_historic": 0.024, "lodging": 0.008}, "tfidf": {"services_and_business": 0.258, "shopping": 0.155, "sports_and_recreation": 0.123, "health_care": 0.123, "food_and_drink": 0.11, "education": 0.059, "travel_and_transportation": 0.058, "community_and_government": 0.044, "lifestyle_services": 0.043, "arts_and_entertainment": 0.026, "cultural_and_historic": 0.026, "lodging": 0.011}, "cluster": -1}}, {"type": "Feature", "geometry": {"type": "Polygon", "coordinates": [[[-0.223065, 51.542192], [-0.229781, 51.540994], [-0.230999, 51.536517], [-0.225501, 51.53324], [-0.218787, 51.534439], [-0.217568, 51.538915], [-0.223065, 51.542192]]]}, "properties": {"h3": "88195da5d7fffff", "poi": 63, "richness": 11, "hill_q1": 8.191, "hill_q2": 7.0, "top_share": 0.238, "flagged": false, "dominant": "services_and_business", "dna": {"services_and_business": 0.238, "lifestyle_services": 0.159, "shopping": 0.159, "travel_and_transportation": 0.111, "health_care": 0.095, "food_and_drink": 0.079, "sports_and_recreation": 0.079, "arts_and_entertainment": 0.032, "community_and_government": 0.016, "cultural_and_historic": 0.016, "geographic_entities": 0.016}, "tfidf": {"services_and_business": 0.238, "lifestyle_services": 0.168, "shopping": 0.161, "travel_and_transportation": 0.114, "health_care": 0.103, "food_and_drink": 0.083, "sports_and_recreation": 0.08, "arts_and_entertainment": 0.035, "geographic_entities": 0.03, "community_and_government": 0.017, "cultural_and_historic": 0.017}, "cluster": -1}}, {"type": "Feature", "geometry": {"type": "Polygon", "coordinates": [[[-0.207195, 51.553538], [-0.213912, 51.552341], [-0.215131, 51.547866], [-0.209634, 51.544588], [-0.202918, 51.545785], [-0.201699, 51.55026], [-0.207195, 51.553538]]]}, "properties": {"h3": "88195da5d9fffff", "poi": 177, "richness": 13, "hill_q1": 9.326, "hill_q2": 7.465, "top_share": 0.215, "flagged": false, "dominant": "services_and_business", "dna": {"services_and_business": 0.215, "travel_and_transportation": 0.192, "shopping": 0.169, "food_and_drink": 0.085, "lifestyle_services": 0.068, "arts_and_entertainment": 0.045, "education": 0.045, "health_care": 0.045, "lodging": 0.04, "sports_and_recreation": 0.034, "community_and_government": 0.028, "cultural_and_historic": 0.028, "geographic_entities": 0.006}, "tfidf": {"services_and_business": 0.215, "travel_and_transportation": 0.198, "shopping": 0.172, "food_and_drink": 0.089, "lifestyle_services": 0.072, "lodging": 0.054, "arts_and_entertainment": 0.049, "health_care": 0.049, "education": 0.047, "sports_and_recreation": 0.034, "community_and_government": 0.031, "cultural_and_historic": 0.031, "geographic_entities": 0.011}, "cluster": -1}}, {"type": "Feature", "geometry": {"type": "Polygon", "coordinates": [[[-0.202918, 51.545785], [-0.209634, 51.544588], [-0.210853, 51.540113], [-0.205358, 51.536835], [-0.198643, 51.538032], [-0.197423, 51.542507], [-0.202918, 51.545785]]]}, "properties": {"h3": "88195da5dbfffff", "poi": 429, "richness": 12, "hill_q1": 7.716, "hill_q2": 5.965, "top_share": 0.282, "flagged": false, "dominant": "services_and_business", "dna": {"services_and_business": 0.282, "food_and_drink": 0.21, "shopping": 0.149, "lifestyle_services": 0.112, "travel_and_transportation": 0.056, "health_care": 0.044, "sports_and_recreation": 0.037, "education": 0.035, "community_and_government": 0.026, "arts_and_entertainment": 0.023, "cultural_and_historic": 0.019, "lodging": 0.007}, "tfidf": {"services_and_business": 0.282, "food_and_drink": 0.219, "shopping": 0.151, "lifestyle_services": 0.119, "travel_and_transportation": 0.058, "health_care": 0.048, "sports_and_recreation": 0.038, "education": 0.036, "community_and_government": 0.028, "arts_and_entertainment": 0.025, "cultural_and_historic": 0.02, "lodging": 0.01}, "cluster": -1}}, {"type": "Feature", "geometry": {"type": "Polygon", "coordinates": [[[-0.219409, 51.555618], [-0.226127, 51.554421], [-0.227345, 51.549945], [-0.221847, 51.546668], [-0.215131, 51.547866], [-0.213912, 51.552341], [-0.219409, 51.555618]]]}, "properties": {"h3": "88195da5ddfffff", "poi": 39, "richness": 12, "hill_q1": 8.793, "hill_q2": 6.945, "top_share": 0.231, "flagged": false, "dominant": "services_and_business", "dna": {"services_and_business": 0.231, "travel_and_transportation": 0.231, "cultural_and_historic": 0.103, "health_care": 0.103, "community_and_government": 0.077, "arts_and_entertainment": 0.051, "education": 0.051, "shopping": 0.051, "food_and_drink": 0.026, "lifestyle_services": 0.026, "lodging": 0.026, "sports_and_recreation": 0.026}, "tfidf": {"travel_and_transportation": 0.238, "services_and_business": 0.231, "health_care": 0.111, "cultural_and_historic": 0.111, "community_and_government": 0.084, "arts_and_entertainment": 0.056, "education": 0.053, "shopping": 0.052, "lodging": 0.035, "lifestyle_services": 0.027, "food_and_drink": 0.027, "sports_and_recreation": 0.026}, "cluster": -1}}, {"type": "Feature", "geometry": {"type": "Polygon", "coordinates": [[[-0.136321, 51.625694], [-0.143043, 51.624505], [-0.144268, 51.620035], [-0.138772, 51.616755], [-0.132051, 51.617945], [-0.130825, 51.622415], [-0.136321, 51.625694]]]}, "properties": {"h3": "88195da601fffff", "poi": 62, "richness": 12, "hill_q1": 7.715, "hill_q2": 5.878, "top_share": 0.306, "flagged": false, "dominant": "services_and_business", "dna": {"services_and_business": 0.306, "shopping": 0.194, "lifestyle_services": 0.113, "food_and_drink": 0.097, "travel_and_transportation": 0.097, "sports_and_recreation": 0.065, "health_care": 0.032, "lodging": 0.032, "arts_and_entertainment": 0.016, "cultural_and_historic": 0.016, "education": 0.016, "geographic_entities": 0.016}, "tfidf": {"services_and_business": 0.306, "shopping": 0.196, "lifestyle_services": 0.12, "food_and_drink": 0.101, "travel_and_transportation": 0.1, "sports_and_recreation": 0.065, "lodging": 0.044, "health_care": 0.035, "geographic_entities": 0.031, "arts_and_entertainment": 0.018, "cultural_and_historic": 0.017, "education": 0.017}, "cluster": -1}}, {"type": "Feature", "geometry": {"type": "Polygon", "coordinates": [[[-0.132051, 51.617945], [-0.138772, 51.616755], [-0.139998, 51.612285], [-0.134503, 51.609005], [-0.127782, 51.610195], [-0.126556, 51.614665], [-0.132051, 51.617945]]]}, "properties": {"h3": "88195da603fffff", "poi": 142, "richness": 13, "hill_q1": 7.291, "hill_q2": 5.194, "top_share": 0.359, "flagged": false, "dominant": "services_and_business", "dna": {"services_and_business": 0.359, "shopping": 0.148, "travel_and_transportation": 0.134, "food_and_drink": 0.12, "education": 0.063, "lifestyle_services": 0.049, "sports_and_recreation": 0.035, "health_care": 0.028, "arts_and_entertainment": 0.021, "community_and_government": 0.014, "cultural_and_historic": 0.014, "geographic_entities": 0.007, "lodging": 0.007}, "tfidf": {"services_and_business": 0.359, "shopping": 0.15, "travel_and_transportation": 0.138, "food_and_drink": 0.125, "education": 0.066, "lifestyle_services": 0.052, "sports_and_recreation": 0.036, "health_care": 0.031, "arts_and_entertainment": 0.023, "community_and_government": 0.015, "cultural_and_historic": 0.015, "geographic_entities": 0.013, "lodging": 0.01}, "cluster": -1}}, {"type": "Feature", "geometry": {"type": "Polygon", "coordinates": [[[-0.14854, 51.627784], [-0.155264, 51.626593], [-0.156488, 51.622123], [-0.15099, 51.618844], [-0.144268, 51.620035], [-0.143043, 51.624505], [-0.14854, 51.627784]]]}, "properties": {"h3": "88195da605fffff", "poi": 144, "richness": 9, "hill_q1": 6.18, "hill_q2": 4.316, "top_share": 0.424, "flagged": false, "dominant": "services_and_business", "dna": {"services_and_business": 0.424, "shopping": 0.167, "education": 0.069, "lifestyle_services": 0.069, "travel_and_transportation": 0.063, "food_and_drink": 0.056, "sports_and_recreation": 0.056, "community_and_government": 0.049, "health_care": 0.049}, "tfidf": {"services_and_business": 0.424, "shopping": 0.169, "lifestyle_services": 0.074, "education": 0.072, "travel_and_transportation": 0.064, "food_and_drink": 0.058, "sports_and_recreation": 0.056, "community_and_government": 0.053, "health_care": 0.053}, "cluster": -1}}, {"type": "Feature", "geometry": {"type": "Polygon", "coordinates": [[[-0.144268, 51.620035], [-0.15099, 51.618844], [-0.152215, 51.614374], [-0.146719, 51.611094], [-0.139998, 51.612285], [-0.138772, 51.616755], [-0.144268, 51.620035]]]}, "properties": {"h3": "88195da607fffff", "poi": 176, "richness": 12, "hill_q1": 7.852, "hill_q2": 5.962, "top_share": 0.307, "flagged": false, "dominant": "services_and_business", "dna": {"services_and_business": 0.307, "shopping": 0.199, "food_and_drink": 0.097, "travel_and_transportation": 0.097, "sports_and_recreation": 0.068, "education": 0.063, "lifestyle_services": 0.057, "community_and_government": 0.04, "cultural_and_historic": 0.04, "health_care": 0.017, "arts_and_entertainment": 0.011, "lodging": 0.006}, "tfidf": {"services_and_business": 0.307, "shopping": 0.201, "food_and_drink": 0.101, "travel_and_transportation": 0.099, "sports_and_recreation": 0.069, "education": 0.065, "lifestyle_services": 0.06, "community_and_government": 0.043, "cultural_and_historic": 0.043, "health_care": 0.018, "arts_and_entertainment": 0.012, "lodging": 0.008}, "cluster": -1}}, {"type": "Feature", "geometry": {"type": "Polygon", "coordinates": [[[-0.128372, 51.631353], [-0.135094, 51.630164], [-0.136321, 51.625694], [-0.130825, 51.622415], [-0.124103, 51.623604], [-0.122876, 51.628073], [-0.128372, 51.631353]]]}, "properties": {"h3": "88195da609fffff", "poi": 83, "richness": 12, "hill_q1": 7.907, "hill_q2": 6.027, "top_share": 0.301, "flagged": false, "dominant": "services_and_business", "dna": {"services_and_business": 0.301, "shopping": 0.193, "food_and_drink": 0.133, "education": 0.072, "sports_and_recreation": 0.072, "lifestyle_services": 0.06, "health_care": 0.048, "travel_and_transportation": 0.048, "cultural_and_historic": 0.036, "arts_and_entertainment": 0.012, "community_and_government": 0.012, "lodging": 0.012}, "tfidf": {"services_and_business": 0.301, "shopping": 0.195, "food_and_drink": 0.139, "education": 0.075, "sports_and_recreation": 0.073, "lifestyle_services": 0.064, "health_care": 0.052, "travel_and_transportation": 0.05, "cultural_and_historic": 0.039, "lodging": 0.016, "arts_and_entertainment": 0.013, "community_and_government": 0.013}, "cluster": -1}}, {"type": "Feature", "geometry": {"type": "Polygon", "coordinates": [[[-0.124103, 51.623604], [-0.130825, 51.622415], [-0.132051, 51.617945], [-0.126556, 51.614665], [-0.119835, 51.615854], [-0.118608, 51.620323], [-0.124103, 51.623604]]]}, "properties": {"h3": "88195da60bfffff", "poi": 30, "richness": 9, "hill_q1": 5.721, "hill_q2": 4.054, "top_share": 0.433, "flagged": false, "dominant": "services_and_business", "dna": {"services_and_business": 0.433, "shopping": 0.167, "sports_and_recreation": 0.133, "education": 0.067, "health_care": 0.067, "arts_and_entertainment": 0.033, "cultural_and_historic": 0.033, "lifestyle_services": 0.033, "travel_and_transportation": 0.033}, "tfidf": {"services_and_business": 0.433, "shopping": 0.169, "sports_and_recreation": 0.135, "health_care": 0.072, "education": 0.069, "arts_and_entertainment": 0.036, "cultural_and_historic": 0.036, "lifestyle_services": 0.035, "travel_and_transportation": 0.034}, "cluster": -1}}, {"type": "Feature", "geometry": {"type": "Polygon", "coordinates": [[[-0.140592, 51.633443], [-0.147315, 51.632254], [-0.14854, 51.627784], [-0.143043, 51.624505], [-0.136321, 51.625694], [-0.135094, 51.630164], [-0.140592, 51.633443]]]}, "properties": {"h3": "88195da60dfffff", "poi": 22, "richness": 8, "hill_q1": 4.585, "hill_q2": 2.988, "top_share": 0.545, "flagged": true, "dominant": "services_and_business", "dna": {"services_and_business": 0.545, "lifestyle_services": 0.136, "sports_and_recreation": 0.091, "community_and_government": 0.045, "education": 0.045, "health_care": 0.045, "shopping": 0.045, "travel_and_transportation": 0.045}, "tfidf": {"services_and_business": 0.545, "lifestyle_services": 0.145, "sports_and_recreation": 0.092, "community_and_government": 0.05, "health_care": 0.049, "education": 0.047, "travel_and_transportation": 0.047, "shopping": 0.046}, "cluster": -1}}, {"type": "Feature", "geometry": {"type": "Polygon", "coordinates": [[[-0.115569, 51.608104], [-0.122289, 51.606915], [-0.123515, 51.602445], [-0.118023, 51.599164], [-0.111304, 51.600354], [-0.110077, 51.604823], [-0.115569, 51.608104]]]}, "properties": {"h3": "88195da611fffff", "poi": 237, "richness": 11, "hill_q1": 8.28, "hill_q2": 6.62, "top_share": 0.278, "flagged": false, "dominant": "services_and_business", "dna": {"services_and_business": 0.278, "shopping": 0.173, "food_and_drink": 0.122, "lifestyle_services": 0.114, "education": 0.068, "travel_and_transportation": 0.055, "community_and_government": 0.051, "sports_and_recreation": 0.051, "health_care": 0.042, "cultural_and_historic": 0.03, "arts_and_entertainment": 0.017}, "tfidf": {"services_and_business": 0.278, "shopping": 0.175, "food_and_drink": 0.128, "lifestyle_services": 0.121, "education": 0.07, "travel_and_transportation": 0.056, "community_and_government": 0.055, "sports_and_recreation": 0.051, "health_care": 0.046, "cultural_and_historic": 0.032, "arts_and_entertainment": 0.018}, "cluster": -1}}, {"type": "Feature", "geometry": {"type": "Polygon", "coordinates": [[[-0.111304, 51.600354], [-0.118023, 51.599164], [-0.119249, 51.594694], [-0.113758, 51.591413], [-0.107041, 51.592603], [-0.105813, 51.597073], [-0.111304, 51.600354]]]}, "properties": {"h3": "88195da613fffff", "poi": 598, "richness": 12, "hill_q1": 7.739, "hill_q2": 5.851, "top_share": 0.268, "flagged": false, "dominant": "services_and_business", "dna": {"services_and_business": 0.268, "shopping": 0.244, "food_and_drink": 0.162, "health_care": 0.05, "lifestyle_services": 0.048, "travel_and_transportation": 0.048, "education": 0.045, "sports_and_recreation": 0.038, "community_and_government": 0.032, "arts_and_entertainment": 0.03, "cultural_and_historic": 0.027, "lodging": 0.007}, "tfidf": {"services_and_business": 0.268, "shopping": 0.247, "food_and_drink": 0.17, "health_care": 0.054, "lifestyle_services": 0.051, "travel_and_transportation": 0.05, "education": 0.047, "sports_and_recreation": 0.039, "community_and_government": 0.035, "arts_and_entertainment": 0.033, "cultural_and_historic": 0.029, "lodging": 0.009}, "cluster": -1}}, {"type": "Feature", "geometry": {"type": "Polygon", "coordinates": [[[-0.127782, 51.610195], [-0.134503, 51.609005], [-0.135728, 51.604535], [-0.130234, 51.601255], [-0.123515, 51.602445], [-0.122289, 51.606915], [-0.127782, 51.610195]]]}, "properties": {"h3": "88195da615fffff", "poi": 125, "richness": 11, "hill_q1": 6.811, "hill_q2": 5.01, "top_share": 0.36, "flagged": false, "dominant": "services_and_business", "dna": {"services_and_business": 0.36, "food_and_drink": 0.168, "shopping": 0.16, "sports_and_recreation": 0.072, "travel_and_transportation": 0.072, "community_and_government": 0.048, "education": 0.04, "lifestyle_services": 0.032, "health_care": 0.024, "cultural_and_historic": 0.016, "arts_and_entertainment": 0.008}, "tfidf": {"services_and_business": 0.36, "food_and_drink": 0.176, "shopping": 0.162, "travel_and_transportation": 0.074, "sports_and_recreation": 0.073, "community_and_government": 0.052, "education": 0.041, "lifestyle_services": 0.034, "health_care": 0.026, "cultural_and_historic": 0.017, "arts_and_entertainment": 0.009}, "cluster": -1}}, {"type": "Feature", "geometry": {"type": "Polygon", "coordinates": [[[-0.123515, 51.602445], [-0.130234, 51.601255], [-0.13146, 51.596784], [-0.125968, 51.593504], [-0.119249, 51.594694], [-0.118023, 51.599164], [-0.123515, 51.602445]]]}, "properties": {"h3": "88195da617fffff", "poi": 98, "richness": 11, "hill_q1": 7.734, "hill_q2": 6.196, "top_share": 0.296, "flagged": false, "dominant": "services_and_business", "dna": {"services_and_business": 0.296, "shopping": 0.143, "travel_and_transportation": 0.143, "food_and_drink": 0.133, "lifestyle_services": 0.071, "health_care": 0.061, "sports_and_recreation": 0.061, "arts_and_entertainment": 0.041, "education": 0.031, "community_and_government": 0.01, "cultural_and_historic": 0.01}, "tfidf": {"services_and_business": 0.296, "travel_and_transportation": 0.147, "shopping": 0.145, "food_and_drink": 0.139, "lifestyle_services": 0.076, "health_care": 0.066, "sports_and_recreation": 0.062, "arts_and_entertainment": 0.045, "education": 0.032, "community_and_government": 0.011, "cultural_and_historic": 0.011}, "cluster": -1}}, {"type": "Feature", "geometry": {"type": "Polygon", "coordinates": [[[-0.107622, 51.613762], [-0.114342, 51.612574], [-0.115569, 51.608104], [-0.110077, 51.604823], [-0.103358, 51.606012], [-0.10213, 51.610481], [-0.107622, 51.613762]]]}, "properties": {"h3": "88195da619fffff", "poi": 274, "richness": 13, "hill_q1": 7.581, "hill_q2": 5.523, "top_share": 0.336, "flagged": false, "dominant": "services_and_business", "dna": {"services_and_business": 0.336, "food_and_drink": 0.161, "shopping": 0.153, "travel_and_transportation": 0.084, "lifestyle_services": 0.077, "cultural_and_historic": 0.051, "health_care": 0.033, "sports_and_recreation": 0.033, "arts_and_entertainment": 0.022, "education": 0.022, "community_and_government": 0.018, "lodging": 0.007, "geographic_entities": 0.004}, "tfidf": {"services_and_business": 0.336, "food_and_drink": 0.168, "shopping": 0.155, "travel_and_transportation": 0.086, "lifestyle_services": 0.081, "cultural_and_historic": 0.055, "health_care": 0.036, "sports_and_recreation": 0.033, "arts_and_entertainment": 0.024, "education": 0.023, "community_and_government": 0.02, "lodging": 0.01, "geographic_entities": 0.007}, "cluster": -1}}, {"type": "Feature", "geometry": {"type": "Polygon", "coordinates": [[[-0.103358, 51.606012], [-0.110077, 51.604823], [-0.111304, 51.600354], [-0.105813, 51.597073], [-0.099096, 51.598261], [-0.097868, 51.602731], [-0.103358, 51.606012]]]}, "properties": {"h3": "88195da61bfffff", "poi": 126, "richness": 11, "hill_q1": 9.265, "hill_q2": 7.93, "top_share": 0.246, "flagged": false, "dominant": "services_and_business", "dna": {"services_and_business": 0.246, "shopping": 0.111, "education": 0.103, "food_and_drink": 0.103, "sports_and_recreation": 0.103, "community_and_government": 0.079, "travel_and_transportation": 0.079, "arts_and_entertainment": 0.056, "health_care": 0.056, "lifestyle_services": 0.048, "cultural_and_historic": 0.016}, "tfidf": {"services_and_business": 0.246, "shopping": 0.112, "food_and_drink": 0.108, "education": 0.107, "sports_and_recreation": 0.105, "community_and_government": 0.086, "travel_and_transportation": 0.082, "arts_and_entertainment": 0.061, "health_care": 0.06, "lifestyle_services": 0.051, "cultural_and_historic": 0.017}, "cluster": -1}}, {"type": "Feature", "geometry": {"type": "Polygon", "coordinates": [[[-0.119835, 51.615854], [-0.126556, 51.614665], [-0.127782, 51.610195], [-0.122289, 51.606915], [-0.115569, 51.608104], [-0.114342, 51.612574], [-0.119835, 51.615854]]]}, "properties": {"h3": "88195da61dfffff", "poi": 131, "richness": 12, "hill_q1": 7.167, "hill_q2": 4.811, "top_share": 0.397, "flagged": false, "dominant": "services_and_business", "dna": {"services_and_business": 0.397, "travel_and_transportation": 0.137, "shopping": 0.122, "food_and_drink": 0.069, "health_care": 0.061, "sports_and_recreation": 0.053, "lifestyle_services": 0.046, "community_and_government": 0.031, "cultural_and_historic": 0.031, "education": 0.031, "arts_and_entertainment": 0.015, "lodging": 0.008}, "tfidf": {"services_and_business": 0.397, "travel_and_transportation": 0.141, "shopping": 0.124, "food_and_drink": 0.072, "health_care": 0.066, "sports_and_recreation": 0.054, "lifestyle_services": 0.049, "community_and_government": 0.033, "cultural_and_historic": 0.033, "education": 0.032, "arts_and_entertainment": 0.017, "lodging": 0.01}, "cluster": -1}}, {"type": "Feature", "geometry": {"type": "Polygon", "coordinates": [[[-0.16871, 51.624211], [-0.175434, 51.623019], [-0.176657, 51.618548], [-0.171157, 51.615269], [-0.164435, 51.616461], [-0.163211, 51.620932], [-0.16871, 51.624211]]]}, "properties": {"h3": "88195da621fffff", "poi": 53, "richness": 10, "hill_q1": 7.347, "hill_q2": 5.454, "top_share": 0.358, "flagged": false, "dominant": "services_and_business", "dna": {"services_and_business": 0.358, "sports_and_recreation": 0.132, "lifestyle_services": 0.094, "travel_and_transportation": 0.094, "food_and_drink": 0.075, "shopping": 0.075, "cultural_and_historic": 0.057, "education": 0.057, "health_care": 0.038, "community_and_government": 0.019}, "tfidf": {"services_and_business": 0.358, "sports_and_recreation": 0.134, "lifestyle_services": 0.1, "travel_and_transportation": 0.097, "food_and_drink": 0.079, "shopping": 0.076, "cultural_and_historic": 0.061, "education": 0.059, "health_care": 0.041, "community_and_government": 0.021}, "cluster": -1}}, {"type": "Feature", "geometry": {"type": "Polygon", "coordinates": [[[-0.164435, 51.616461], [-0.171157, 51.615269], [-0.172381, 51.610798], [-0.166882, 51.60752], [-0.160161, 51.608712], [-0.158937, 51.613182], [-0.164435, 51.616461]]]}, "properties": {"h3": "88195da623fffff", "poi": 112, "richness": 11, "hill_q1": 7.453, "hill_q2": 5.64, "top_share": 0.33, "flagged": false, "dominant": "services_and_business", "dna": {"services_and_business": 0.33, "shopping": 0.179, "education": 0.107, "sports_and_recreation": 0.098, "food_and_drink": 0.071, "travel_and_transportation": 0.071, "lifestyle_services": 0.045, "arts_and_entertainment": 0.036, "health_care": 0.036, "community_and_government": 0.018, "cultural_and_historic": 0.009}, "tfidf": {"services_and_business": 0.33, "shopping": 0.181, "education": 0.111, "sports_and_recreation": 0.1, "food_and_drink": 0.075, "travel_and_transportation": 0.074, "lifestyle_services": 0.047, "arts_and_entertainment": 0.039, "health_care": 0.039, "community_and_government": 0.019, "cultural_and_historic": 0.01}, "cluster": -1}}, {"type": "Feature", "geometry": {"type": "Polygon", "coordinates": [[[-0.180934, 51.626297], [-0.187658, 51.625105], [-0.188881, 51.620634], [-0.18338, 51.617355], [-0.176657, 51.618548], [-0.175434, 51.623019], [-0.180934, 51.626297]]]}, "properties": {"h3": "88195da625fffff", "poi": 163, "richness": 11, "hill_q1": 6.691, "hill_q2": 4.613, "top_share": 0.405, "flagged": false, "dominant": "services_and_business", "dna": {"services_and_business": 0.405, "shopping": 0.16, "travel_and_transportation": 0.092, "health_care": 0.067, "lifestyle_services": 0.067, "community_and_government": 0.061, "education": 0.055, "food_and_drink": 0.043, "sports_and_recreation": 0.031, "cultural_and_historic": 0.012, "lodging": 0.006}, "tfidf": {"services_and_business": 0.405, "shopping": 0.161, "travel_and_transportation": 0.095, "health_care": 0.073, "lifestyle_services": 0.072, "community_and_government": 0.067, "education": 0.057, "food_and_drink": 0.045, "sports_and_recreation": 0.031, "cultural_and_historic": 0.013, "lodging": 0.008}, "cluster": -1}}, {"type": "Feature", "geometry": {"type": "Polygon", "coordinates": [[[-0.176657, 51.618548], [-0.18338, 51.617355], [-0.184602, 51.612884], [-0.179103, 51.609606], [-0.172381, 51.610798], [-0.171157, 51.615269], [-0.176657, 51.618548]]]}, "properties": {"h3": "88195da627fffff", "poi": 822, "richness": 12, "hill_q1": 6.754, "hill_q2": 4.524, "top_share": 0.408, "flagged": false, "dominant": "services_and_business", "dna": {"services_and_business": 0.408, "shopping": 0.169, "food_and_drink": 0.111, "lifestyle_services": 0.066, "health_care": 0.06, "education": 0.043, "travel_and_transportation": 0.041, "sports_and_recreation": 0.038, "community_and_government": 0.026, "arts_and_entertainment": 0.018, "cultural_and_historic": 0.016, "lodging": 0.006}, "tfidf": {"services_and_business": 0.408, "shopping": 0.171, "food_and_drink": 0.116, "lifestyle_services": 0.07, "health_care": 0.065, "education": 0.044, "travel_and_transportation": 0.043, "sports_and_recreation": 0.038, "community_and_government": 0.028, "arts_and_entertainment": 0.02, "cultural_and_historic": 0.017, "lodging": 0.008}, "cluster": -1}}, {"type": "Feature", "geometry": {"type": "Polygon", "coordinates": [[[-0.160762, 51.629873], [-0.167486, 51.628681], [-0.16871, 51.624211], [-0.163211, 51.620932], [-0.156488, 51.622123], [-0.155264, 51.626593], [-0.160762, 51.629873]]]}, "properties": {"h3": "88195da629fffff", "poi": 81, "richness": 11, "hill_q1": 6.52, "hill_q2": 4.187, "top_share": 0.444, "flagged": false, "dominant": "services_and_business", "dna": {"services_and_business": 0.444, "lifestyle_services": 0.123, "shopping": 0.099, "food_and_drink": 0.062, "health_care": 0.062, "travel_and_transportation": 0.062, "cultural_and_historic": 0.037, "education": 0.037, "sports_and_recreation": 0.037, "community_and_government": 0.025, "arts_and_entertainment": 0.012}, "tfidf": {"services_and_business": 0.444, "lifestyle_services": 0.131, "shopping": 0.1, "health_care": 0.067, "food_and_drink": 0.065, "travel_and_transportation": 0.064, "cultural_and_historic": 0.04, "education": 0.038, "sports_and_recreation": 0.038, "community_and_government": 0.027, "arts_and_entertainment": 0.013}, "cluster": -1}}, {"type": "Feature", "geometry": {"type": "Polygon", "coordinates": [[[-0.156488, 51.622123], [-0.163211, 51.620932], [-0.164435, 51.616461], [-0.158937, 51.613182], [-0.152215, 51.614374], [-0.15099, 51.618844], [-0.156488, 51.622123]]]}, "properties": {"h3": "88195da62bfffff", "poi": 45, "richness": 10, "hill_q1": 7.786, "hill_q2": 6.773, "top_share": 0.222, "flagged": false, "dominant": "services_and_business", "dna": {"services_and_business": 0.222, "health_care": 0.178, "travel_and_transportation": 0.156, "shopping": 0.133, "sports_and_recreation": 0.133, "community_and_government": 0.044, "education": 0.044, "lifestyle_services": 0.044, "arts_and_entertainment": 0.022, "lodging": 0.022}, "tfidf": {"services_and_business": 0.222, "health_care": 0.193, "travel_and_transportation": 0.16, "sports_and_recreation": 0.135, "shopping": 0.135, "community_and_government": 0.048, "lifestyle_services": 0.047, "education": 0.046, "lodging": 0.03, "arts_and_entertainment": 0.024}, "cluster": -1}}, {"type": "Feature", "geometry": {"type": "Polygon", "coordinates": [[[-0.172987, 51.63196], [-0.179711, 51.630768], [-0.180934, 51.626297], [-0.175434, 51.623019], [-0.16871, 51.624211], [-0.167486, 51.628681], [-0.172987, 51.63196]]]}, "properties": {"h3": "88195da62dfffff", "poi": 102, "richness": 10, "hill_q1": 6.978, "hill_q2": 5.166, "top_share": 0.363, "flagged": false, "dominant": "services_and_business", "dna": {"services_and_business": 0.363, "shopping": 0.167, "food_and_drink": 0.108, "travel_and_transportation": 0.088, "sports_and_recreation": 0.078, "lifestyle_services": 0.059, "education": 0.049, "cultural_and_historic": 0.039, "health_care": 0.029, "arts_and_entertainment": 0.02}, "tfidf": {"services_and_business": 0.363, "shopping": 0.169, "food_and_drink": 0.113, "travel_and_transportation": 0.091, "sports_and_recreation": 0.08, "lifestyle_services": 0.062, "education": 0.051, "cultural_and_historic": 0.042, "health_care": 0.032, "arts_and_entertainment": 0.021}, "cluster": -1}}, {"type": "Feature", "geometry": {"type": "Polygon", "coordinates": [[[-0.147943, 51.606624], [-0.154664, 51.605432], [-0.155888, 51.600961], [-0.150393, 51.597682], [-0.143673, 51.598873], [-0.142448, 51.603344], [-0.147943, 51.606624]]]}, "properties": {"h3": "88195da631fffff", "poi": 142, "richness": 12, "hill_q1": 7.332, "hill_q2": 5.397, "top_share": 0.352, "flagged": false, "dominant": "services_and_business", "dna": {"services_and_business": 0.352, "shopping": 0.155, "lifestyle_services": 0.106, "education": 0.085, "food_and_drink": 0.085, "health_care": 0.085, "travel_and_transportation": 0.049, "sports_and_recreation": 0.042, "community_and_government": 0.014, "cultural_and_historic": 0.014, "arts_and_entertainment": 0.007, "lodging": 0.007}, "tfidf": {"services_and_business": 0.352, "shopping": 0.157, "lifestyle_services": 0.112, "health_care": 0.092, "food_and_drink": 0.088, "education": 0.088, "travel_and_transportation": 0.051, "sports_and_recreation": 0.043, "community_and_government": 0.015, "cultural_and_historic": 0.015, "lodging": 0.01, "arts_and_entertainment": 0.008}, "cluster": -1}}, {"type": "Feature", "geometry": {"type": "Polygon", "coordinates": [[[-0.143673, 51.598873], [-0.150393, 51.597682], [-0.151617, 51.593211], [-0.146123, 51.589931], [-0.139404, 51.591123], [-0.138179, 51.595594], [-0.143673, 51.598873]]]}, "properties": {"h3": "88195da633fffff", "poi": 335, "richness": 12, "hill_q1": 7.869, "hill_q2": 6.084, "top_share": 0.254, "flagged": false, "dominant": "services_and_business", "dna": {"services_and_business": 0.254, "shopping": 0.242, "food_and_drink": 0.149, "lifestyle_services": 0.087, "health_care": 0.078, "education": 0.039, "travel_and_transportation": 0.036, "cultural_and_historic": 0.033, "sports_and_recreation": 0.027, "community_and_government": 0.024, "arts_and_entertainment": 0.021, "lodging": 0.012}, "tfidf": {"services_and_business": 0.254, "shopping": 0.245, "food_and_drink": 0.156, "lifestyle_services": 0.092, "health_care": 0.084, "education": 0.04, "travel_and_transportation": 0.037, "cultural_and_historic": 0.036, "sports_and_recreation": 0.027, "community_and_government": 0.026, "arts_and_entertainment": 0.023, "lodging": 0.016}, "cluster": -1}}, {"type": "Feature", "geometry": {"type": "Polygon", "coordinates": [[[-0.160161, 51.608712], [-0.166882, 51.60752], [-0.168106, 51.603048], [-0.162609, 51.599769], [-0.155888, 51.600961], [-0.154664, 51.605432], [-0.160161, 51.608712]]]}, "properties": {"h3": "88195da635fffff", "poi": 18, "richness": 9, "hill_q1": 7.044, "hill_q2": 5.786, "top_share": 0.278, "flagged": false, "dominant": "services_and_business", "dna": {"services_and_business": 0.278, "community_and_government": 0.222, "sports_and_recreation": 0.167, "arts_and_entertainment": 0.056, "cultural_and_historic": 0.056, "food_and_drink": 0.056, "geographic_entities": 0.056, "lifestyle_services": 0.056, "travel_and_transportation": 0.056}, "tfidf": {"services_and_business": 0.278, "community_and_government": 0.242, "sports_and_recreation": 0.169, "geographic_entities": 0.106, "arts_and_entertainment": 0.061, "cultural_and_historic": 0.06, "lifestyle_services": 0.059, "food_and_drink": 0.058, "travel_and_transportation": 0.057}, "cluster": -1}}, {"type": "Feature", "geometry": {"type": "Polygon", "coordinates": [[[-0.155888, 51.600961], [-0.162609, 51.599769], [-0.163832, 51.595298], [-0.158336, 51.592019], [-0.151617, 51.593211], [-0.150393, 51.597682], [-0.155888, 51.600961]]]}, "properties": {"h3": "88195da637fffff", "poi": 37, "richness": 9, "hill_q1": 6.374, "hill_q2": 5.015, "top_share": 0.351, "flagged": false, "dominant": "services_and_business", "dna": {"services_and_business": 0.351, "education": 0.162, "sports_and_recreation": 0.162, "shopping": 0.108, "health_care": 0.081, "cultural_and_historic": 0.054, "arts_and_entertainment": 0.027, "food_and_drink": 0.027, "travel_and_transportation": 0.027}, "tfidf": {"services_and_business": 0.351, "education": 0.168, "sports_and_recreation": 0.164, "shopping": 0.109, "health_care": 0.088, "cultural_and_historic": 0.058, "arts_and_entertainment": 0.029, "food_and_drink": 0.028, "travel_and_transportation": 0.028}, "cluster": -1}}, {"type": "Feature", "geometry": {"type": "Polygon", "coordinates": [[[-0.139998, 51.612285], [-0.146719, 51.611094], [-0.147943, 51.606624], [-0.142448, 51.603344], [-0.135728, 51.604535], [-0.134503, 51.609005], [-0.139998, 51.612285]]]}, "properties": {"h3": "88195da639fffff", "poi": 92, "richness": 12, "hill_q1": 4.674, "hill_q2": 3.263, "top_share": 0.402, "flagged": false, "dominant": "services_and_business", "dna": {"services_and_business": 0.402, "shopping": 0.37, "travel_and_transportation": 0.065, "food_and_drink": 0.033, "lifestyle_services": 0.033, "sports_and_recreation": 0.033, "arts_and_entertainment": 0.011, "community_and_government": 0.011, "cultural_and_historic": 0.011, "education": 0.011, "geographic_entities": 0.011, "health_care": 0.011}, "tfidf": {"services_and_business": 0.402, "shopping": 0.374, "travel_and_transportation": 0.067, "lifestyle_services": 0.035, "food_and_drink": 0.034, "sports_and_recreation": 0.033, "geographic_entities": 0.021, "arts_and_entertainment": 0.012, "community_and_government": 0.012, "health_care": 0.012, "cultural_and_historic": 0.012, "education": 0.011}, "cluster": -1}}, {"type": "Feature", "geometry": {"type": "Polygon", "coordinates": [[[-0.135728, 51.604535], [-0.142448, 51.603344], [-0.143673, 51.598873], [-0.138179, 51.595594], [-0.13146, 51.596784], [-0.130234, 51.601255], [-0.135728, 51.604535]]]}, "properties": {"h3": "88195da63bfffff", "poi": 107, "richness": 13, "hill_q1": 7.887, "hill_q2": 6.465, "top_share": 0.252, "flagged": false, "dominant": "services_and_business", "dna": {"services_and_business": 0.252, "food_and_drink": 0.159, "shopping": 0.159, "sports_and_recreation": 0.159, "health_care": 0.084, "education": 0.065, "lifestyle_services": 0.056, "travel_and_transportation": 0.019, "arts_and_entertainment": 0.009, "community_and_government": 0.009, "cultural_and_historic": 0.009, "geographic_entities": 0.009, "lodging": 0.009}, "tfidf": {"services_and_business": 0.252, "food_and_drink": 0.166, "sports_and_recreation": 0.161, "shopping": 0.161, "health_care": 0.091, "education": 0.068, "lifestyle_services": 0.06, "travel_and_transportation": 0.019, "geographic_entities": 0.018, "lodging": 0.013, "arts_and_entertainment": 0.01, "community_and_government": 0.01, "cultural_and_historic": 0.01}, "cluster": -1}}, {"type": "Feature", "geometry": {"type": "Polygon", "coordinates": [[[-0.152215, 51.614374], [-0.158937, 51.613182], [-0.160161, 51.608712], [-0.154664, 51.605432], [-0.147943, 51.606624], [-0.146719, 51.611094], [-0.152215, 51.614374]]]}, "properties": {"h3": "88195da63dfffff", "poi": 131, "richness": 12, "hill_q1": 7.476, "hill_q2": 6.028, "top_share": 0.267, "flagged": false, "dominant": "services_and_business", "dna": {"services_and_business": 0.267, "shopping": 0.214, "food_and_drink": 0.13, "lifestyle_services": 0.122, "travel_and_transportation": 0.107, "health_care": 0.061, "community_and_government": 0.023, "cultural_and_historic": 0.023, "education": 0.023, "sports_and_recreation": 0.015, "arts_and_entertainment": 0.008, "geographic_entities": 0.008}, "tfidf": {"services_and_business": 0.267, "shopping": 0.216, "food_and_drink": 0.136, "lifestyle_services": 0.13, "travel_and_transportation": 0.11, "health_care": 0.066, "community_and_government": 0.025, "cultural_and_historic": 0.025, "education": 0.024, "sports_and_recreation": 0.015, "geographic_entities": 0.015, "arts_and_entertainment": 0.008}, "cluster": -1}}, {"type": "Feature", "geometry": {"type": "Polygon", "coordinates": [[[-0.103938, 51.627169], [-0.11066, 51.625981], [-0.111887, 51.621512], [-0.106394, 51.618231], [-0.099674, 51.619419], [-0.098446, 51.623888], [-0.103938, 51.627169]]]}, "properties": {"h3": "88195da651fffff", "poi": 467, "richness": 12, "hill_q1": 6.735, "hill_q2": 4.689, "top_share": 0.383, "flagged": false, "dominant": "services_and_business", "dna": {"services_and_business": 0.383, "shopping": 0.197, "food_and_drink": 0.118, "lifestyle_services": 0.071, "travel_and_transportation": 0.051, "health_care": 0.047, "community_and_government": 0.041, "education": 0.034, "sports_and_recreation": 0.021, "arts_and_entertainment": 0.017, "cultural_and_historic": 0.015, "lodging": 0.004}, "tfidf": {"services_and_business": 0.383, "shopping": 0.199, "food_and_drink": 0.123, "lifestyle_services": 0.075, "travel_and_transportation": 0.053, "health_care": 0.051, "community_and_government": 0.044, "education": 0.036, "sports_and_recreation": 0.022, "arts_and_entertainment": 0.019, "cultural_and_historic": 0.016, "lodging": 0.006}, "cluster": -1}}, {"type": "Feature", "geometry": {"type": "Polygon", "coordinates": [[[-0.099674, 51.619419], [-0.106394, 51.618231], [-0.107622, 51.613762], [-0.10213, 51.610481], [-0.095411, 51.611669], [-0.094182, 51.616138], [-0.099674, 51.619419]]]}, "properties": {"h3": "88195da653fffff", "poi": 63, "richness": 10, "hill_q1": 7.37, "hill_q2": 5.662, "top_share": 0.333, "flagged": false, "dominant": "services_and_business", "dna": {"services_and_business": 0.333, "shopping": 0.175, "food_and_drink": 0.095, "cultural_and_historic": 0.079, "education": 0.079, "health_care": 0.063, "lifestyle_services": 0.063, "travel_and_transportation": 0.063, "sports_and_recreation": 0.032, "community_and_government": 0.016}, "tfidf": {"services_and_business": 0.333, "shopping": 0.177, "food_and_drink": 0.1, "cultural_and_historic": 0.086, "education": 0.082, "health_care": 0.069, "lifestyle_services": 0.067, "travel_and_transportation": 0.065, "sports_and_recreation": 0.032, "community_and_government": 0.017}, "cluster": -1}}, {"type": "Feature", "geometry": {"type": "Polygon", "coordinates": [[[-0.116154, 51.629261], [-0.122876, 51.628073], [-0.124103, 51.623604], [-0.118608, 51.620323], [-0.111887, 51.621512], [-0.11066, 51.625981], [-0.116154, 51.629261]]]}, "properties": {"h3": "88195da655fffff", "poi": 91, "richness": 12, "hill_q1": 8.023, "hill_q2": 5.894, "top_share": 0.341, "flagged": false, "dominant": "services_and_business", "dna": {"services_and_business": 0.341, "shopping": 0.11, "lifestyle_services": 0.099, "food_and_drink": 0.088, "health_care": 0.088, "travel_and_transportation": 0.088, "sports_and_recreation": 0.066, "arts_and_entertainment": 0.044, "education": 0.044, "community_and_government": 0.011, "cultural_and_historic": 0.011, "lodging": 0.011}, "tfidf": {"services_and_business": 0.341, "shopping": 0.111, "lifestyle_services": 0.105, "health_care": 0.095, "food_and_drink": 0.092, "travel_and_transportation": 0.09, "sports_and_recreation": 0.067, "arts_and_entertainment": 0.048, "education": 0.046, "lodging": 0.015, "community_and_government": 0.012, "cultural_and_historic": 0.012}, "cluster": -1}}, {"type": "Feature", "geometry": {"type": "Polygon", "coordinates": [[[-0.111887, 51.621512], [-0.118608, 51.620323], [-0.119835, 51.615854], [-0.114342, 51.612574], [-0.107622, 51.613762], [-0.106394, 51.618231], [-0.111887, 51.621512]]]}, "properties": {"h3": "88195da657fffff", "poi": 299, "richness": 12, "hill_q1": 6.815, "hill_q2": 4.979, "top_share": 0.341, "flagged": false, "dominant": "services_and_business", "dna": {"services_and_business": 0.341, "shopping": 0.231, "food_and_drink": 0.134, "health_care": 0.067, "sports_and_recreation": 0.054, "travel_and_transportation": 0.047, "lifestyle_services": 0.043, "education": 0.033, "arts_and_entertainment": 0.02, "community_and_government": 0.017, "cultural_and_historic": 0.007, "lodging": 0.007}, "tfidf": {"services_and_business": 0.341, "shopping": 0.234, "food_and_drink": 0.14, "health_care": 0.073, "sports_and_recreation": 0.054, "travel_and_transportation": 0.048, "lifestyle_services": 0.046, "education": 0.035, "arts_and_entertainment": 0.022, "community_and_government": 0.018, "lodging": 0.009, "cultural_and_historic": 0.007}, "cluster": -1}}, {"type": "Feature", "geometry": {"type": "Polygon", "coordinates": [[[-0.095988, 51.632824], [-0.10271, 51.631637], [-0.103938, 51.627169], [-0.098446, 51.623888], [-0.091725, 51.625075], [-0.090496, 51.629543], [-0.095988, 51.632824]]]}, "properties": {"h3": "88195da659fffff", "poi": 64, "richness": 10, "hill_q1": 4.877, "hill_q2": 3.303, "top_share": 0.484, "flagged": false, "dominant": "services_and_business", "dna": {"services_and_business": 0.484, "shopping": 0.234, "food_and_drink": 0.063, "sports_and_recreation": 0.063, "education": 0.047, "health_care": 0.047, "community_and_government": 0.016, "cultural_and_historic": 0.016, "lifestyle_services": 0.016, "travel_and_transportation": 0.016}, "tfidf": {"services_and_business": 0.484, "shopping": 0.237, "food_and_drink": 0.065, "sports_and_recreation": 0.063, "health_care": 0.051, "education": 0.049, "community_and_government": 0.017, "cultural_and_historic": 0.017, "lifestyle_services": 0.017, "travel_and_transportation": 0.016}, "cluster": -1}}, {"type": "Feature", "geometry": {"type": "Polygon", "coordinates": [[[-0.091725, 51.625075], [-0.098446, 51.623888], [-0.099674, 51.619419], [-0.094182, 51.616138], [-0.087463, 51.617325], [-0.086234, 51.621793], [-0.091725, 51.625075]]]}, "properties": {"h3": "88195da65bfffff", "poi": 50, "richness": 11, "hill_q1": 8.268, "hill_q2": 6.868, "top_share": 0.24, "flagged": false, "dominant": "services_and_business", "dna": {"services_and_business": 0.24, "sports_and_recreation": 0.18, "shopping": 0.16, "lifestyle_services": 0.12, "health_care": 0.08, "education": 0.06, "arts_and_entertainment": 0.04, "food_and_drink": 0.04, "travel_and_transportation": 0.04, "community_and_government": 0.02, "geographic_entities": 0.02}, "tfidf": {"services_and_business": 0.24, "sports_and_recreation": 0.182, "shopping": 0.162, "lifestyle_services": 0.127, "health_care": 0.087, "education": 0.062, "arts_and_entertainment": 0.044, "food_and_drink": 0.042, "travel_and_transportation": 0.041, "geographic_entities": 0.038, "community_and_government": 0.022}, "cluster": -1}}, {"type": "Feature", "geometry": {"type": "Polygon", "coordinates": [[[-0.108204, 51.634918], [-0.114926, 51.63373], [-0.116154, 51.629261], [-0.11066, 51.625981], [-0.103938, 51.627169], [-0.10271, 51.631637], [-0.108204, 51.634918]]]}, "properties": {"h3": "88195da65dfffff", "poi": 17, "richness": 6, "hill_q1": 3.727, "hill_q2": 2.604, "top_share": 0.588, "flagged": true, "dominant": "services_and_business", "dna": {"services_and_business": 0.588, "education": 0.118, "shopping": 0.118, "community_and_government": 0.059, "health_care": 0.059, "sports_and_recreation": 0.059}, "tfidf": {"services_and_business": 0.588, "education": 0.122, "shopping": 0.119, "community_and_government": 0.064, "health_care": 0.064, "sports_and_recreation": 0.06}, "cluster": -1}}, {"type": "Feature", "geometry": {"type": "Polygon", "coordinates": [[[-0.152814, 51.635533], [-0.159538, 51.634342], [-0.160762, 51.629873], [-0.155264, 51.626593], [-0.14854, 51.627784], [-0.147315, 51.632254], [-0.152814, 51.635533]]]}, "properties": {"h3": "88195da663fffff", "poi": 10, "richness": 5, "hill_q1": 3.893, "hill_q2": 3.125, "top_share": 0.5, "flagged": true, "dominant": "services_and_business", "dna": {"services_and_business": 0.5, "shopping": 0.2, "education": 0.1, "lifestyle_services": 0.1, "travel_and_transportation": 0.1}, "tfidf": {"services_and_business": 0.5, "shopping": 0.202, "lifestyle_services": 0.106, "education": 0.104, "travel_and_transportation": 0.103}, "cluster": -1}}, {"type": "Feature", "geometry": {"type": "Polygon", "coordinates": [[[-0.165038, 51.637621], [-0.171763, 51.63643], [-0.172987, 51.63196], [-0.167486, 51.628681], [-0.160762, 51.629873], [-0.159538, 51.634342], [-0.165038, 51.637621]]]}, "properties": {"h3": "88195da667fffff", "poi": 10, "richness": 5, "hill_q1": 4.503, "hill_q2": 4.167, "top_share": 0.3, "flagged": false, "dominant": "cultural_and_historic", "dna": {"cultural_and_historic": 0.3, "sports_and_recreation": 0.3, "education": 0.2, "arts_and_entertainment": 0.1, "services_and_business": 0.1}, "tfidf": {"cultural_and_historic": 0.324, "sports_and_recreation": 0.304, "education": 0.207, "arts_and_entertainment": 0.109, "services_and_business": 0.1}, "cluster": -1}}, {"type": "Feature", "geometry": {"type": "Polygon", "coordinates": [[[-0.10646, 51.57144], [-0.113175, 51.570249], [-0.114401, 51.565778], [-0.108913, 51.562497], [-0.102199, 51.563687], [-0.100972, 51.568158], [-0.10646, 51.57144]]]}, "properties": {"h3": "88195da681fffff", "poi": 616, "richness": 12, "hill_q1": 7.276, "hill_q2": 5.505, "top_share": 0.273, "flagged": false, "dominant": "services_and_business", "dna": {"services_and_business": 0.273, "food_and_drink": 0.237, "shopping": 0.198, "lifestyle_services": 0.071, "community_and_government": 0.041, "sports_and_recreation": 0.041, "health_care": 0.031, "arts_and_entertainment": 0.026, "travel_and_transportation": 0.026, "education": 0.024, "cultural_and_historic": 0.021, "lodging": 0.011}, "tfidf": {"services_and_business": 0.273, "food_and_drink": 0.248, "shopping": 0.2, "lifestyle_services": 0.076, "community_and_government": 0.044, "sports_and_recreation": 0.041, "health_care": 0.033, "arts_and_entertainment": 0.028, "travel_and_transportation": 0.027, "education": 0.025, "cultural_and_historic": 0.023, "lodging": 0.016}, "cluster": -1}}, {"type": "Feature", "geometry": {"type": "Polygon", "coordinates": [[[-0.102199, 51.563687], [-0.108913, 51.562497], [-0.11014, 51.558025], [-0.104653, 51.554744], [-0.09794, 51.555935], [-0.096713, 51.560406], [-0.102199, 51.563687]]]}, "properties": {"h3": "88195da683fffff", "poi": 289, "richness": 13, "hill_q1": 8.176, "hill_q2": 6.161, "top_share": 0.266, "flagged": false, "dominant": "food_and_drink", "dna": {"food_and_drink": 0.266, "services_and_business": 0.239, "shopping": 0.121, "lifestyle_services": 0.09, "travel_and_transportation": 0.062, "education": 0.045, "sports_and_recreation": 0.045, "arts_and_entertainment": 0.042, "cultural_and_historic": 0.024, "health_care": 0.024, "lodging": 0.021, "community_and_government": 0.017, "geographic_entities": 0.003}, "tfidf": {"food_and_drink": 0.279, "services_and_business": 0.239, "shopping": 0.123, "lifestyle_services": 0.095, "travel_and_transportation": 0.064, "education": 0.047, "sports_and_recreation": 0.046, "arts_and_entertainment": 0.045, "lodging": 0.028, "health_care": 0.026, "cultural_and_historic": 0.026, "community_and_government": 0.019, "geographic_entities": 0.007}, "cluster": -1}}, {"type": "Feature", "geometry": {"type": "Polygon", "coordinates": [[[-0.118664, 51.57353], [-0.125379, 51.572339], [-0.126605, 51.567868], [-0.121116, 51.564587], [-0.114401, 51.565778], [-0.113175, 51.570249], [-0.118664, 51.57353]]]}, "properties": {"h3": "88195da685fffff", "poi": 364, "richness": 11, "hill_q1": 8.111, "hill_q2": 6.334, "top_share": 0.299, "flagged": false, "dominant": "services_and_business", "dna": {"services_and_business": 0.299, "food_and_drink": 0.154, "shopping": 0.14, "lifestyle_services": 0.093, "health_care": 0.066, "sports_and_recreation": 0.066, "travel_and_transportation": 0.058, "cultural_and_historic": 0.041, "education": 0.038, "arts_and_entertainment": 0.025, "community_and_government": 0.019}, "tfidf": {"services_and_business": 0.299, "food_and_drink": 0.161, "shopping": 0.142, "lifestyle_services": 0.099, "health_care": 0.072, "sports_and_recreation": 0.067, "travel_and_transportation": 0.059, "cultural_and_historic": 0.045, "education": 0.04, "arts_and_entertainment": 0.027, "community_and_government": 0.021}, "cluster": -1}}, {"type": "Feature", "geometry": {"type": "Polygon", "coordinates": [[[-0.114401, 51.565778], [-0.121116, 51.564587], [-0.122341, 51.560115], [-0.116853, 51.556834], [-0.11014, 51.558025], [-0.108913, 51.562497], [-0.114401, 51.565778]]]}, "properties": {"h3": "88195da687fffff", "poi": 509, "richness": 12, "hill_q1": 8.107, "hill_q2": 6.395, "top_share": 0.232, "flagged": false, "dominant": "services_and_business", "dna": {"services_and_business": 0.232, "food_and_drink": 0.224, "shopping": 0.185, "community_and_government": 0.073, "lifestyle_services": 0.069, "health_care": 0.057, "sports_and_recreation": 0.049, "education": 0.028, "travel_and_transportation": 0.028, "arts_and_entertainment": 0.026, "cultural_and_historic": 0.02, "lodging": 0.012}, "tfidf": {"food_and_drink": 0.234, "services_and_business": 0.232, "shopping": 0.187, "community_and_government": 0.079, "lifestyle_services": 0.073, "health_care": 0.062, "sports_and_recreation": 0.05, "education": 0.029, "travel_and_transportation": 0.028, "arts_and_entertainment": 0.028, "cultural_and_historic": 0.021, "lodging": 0.016}, "cluster": -1}}, {"type": "Feature", "geometry": {"type": "Polygon", "coordinates": [[[-0.098518, 51.5771], [-0.105233, 51.57591], [-0.10646, 51.57144], [-0.100972, 51.568158], [-0.094258, 51.569348], [-0.09303, 51.573819], [-0.098518, 51.5771]]]}, "properties": {"h3": "88195da689fffff", "poi": 169, "richness": 13, "hill_q1": 9.945, "hill_q2": 8.705, "top_share": 0.166, "flagged": false, "dominant": "services_and_business", "dna": {"services_and_business": 0.166, "shopping": 0.16, "sports_and_recreation": 0.142, "food_and_drink": 0.13, "lifestyle_services": 0.083, "travel_and_transportation": 0.077, "lodging": 0.071, "arts_and_entertainment": 0.059, "community_and_government": 0.041, "health_care": 0.036, "education": 0.018, "cultural_and_historic": 0.012, "geographic_entities": 0.006}, "tfidf": {"services_and_business": 0.166, "shopping": 0.162, "sports_and_recreation": 0.144, "food_and_drink": 0.136, "lodging": 0.097, "lifestyle_services": 0.088, "travel_and_transportation": 0.079, "arts_and_entertainment": 0.065, "community_and_government": 0.045, "health_care": 0.039, "education": 0.018, "cultural_and_historic": 0.013, "geographic_entities": 0.011}, "cluster": -1}}, {"type": "Feature", "geometry": {"type": "Polygon", "coordinates": [[[-0.094258, 51.569348], [-0.100972, 51.568158], [-0.102199, 51.563687], [-0.096713, 51.560406], [-0.09, 51.561595], [-0.088772, 51.566066], [-0.094258, 51.569348]]]}, "properties": {"h3": "88195da68bfffff", "poi": 129, "richness": 12, "hill_q1": 8.807, "hill_q2": 6.972, "top_share": 0.271, "flagged": false, "dominant": "services_and_business", "dna": {"services_and_business": 0.271, "food_and_drink": 0.14, "shopping": 0.132, "travel_and_transportation": 0.132, "health_care": 0.07, "sports_and_recreation": 0.062, "cultural_and_historic": 0.047, "education": 0.039, "lodging": 0.039, "community_and_government": 0.031, "arts_and_entertainment": 0.023, "lifestyle_services": 0.016}, "tfidf": {"services_and_business": 0.271, "food_and_drink": 0.146, "travel_and_transportation": 0.136, "shopping": 0.133, "health_care": 0.076, "sports_and_recreation": 0.063, "lodging": 0.053, "cultural_and_historic": 0.05, "education": 0.04, "community_and_government": 0.034, "arts_and_entertainment": 0.025, "lifestyle_services": 0.016}, "cluster": -1}}, {"type": "Feature", "geometry": {"type": "Polygon", "coordinates": [[[-0.110722, 51.579191], [-0.117438, 51.578001], [-0.118664, 51.57353], [-0.113175, 51.570249], [-0.10646, 51.57144], [-0.105233, 51.57591], [-0.110722, 51.579191]]]}, "properties": {"h3": "88195da68dfffff", "poi": 102, "richness": 12, "hill_q1": 8.304, "hill_q2": 5.793, "top_share": 0.353, "flagged": false, "dominant": "services_and_business", "dna": {"services_and_business": 0.353, "sports_and_recreation": 0.127, "health_care": 0.078, "lifestyle_services": 0.078, "travel_and_transportation": 0.078, "shopping": 0.069, "community_and_government": 0.049, "food_and_drink": 0.049, "cultural_and_historic": 0.039, "education": 0.039, "arts_and_entertainment": 0.02, "lodging": 0.02}, "tfidf": {"services_and_business": 0.353, "sports_and_recreation": 0.129, "health_care": 0.085, "lifestyle_services": 0.083, "travel_and_transportation": 0.081, "shopping": 0.069, "community_and_government": 0.053, "food_and_drink": 0.051, "cultural_and_historic": 0.042, "education": 0.041, "lodging": 0.027, "arts_and_entertainment": 0.021}, "cluster": -1}}, {"type": "Feature", "geometry": {"type": "Polygon", "coordinates": [[[-0.085743, 51.553843], [-0.092455, 51.552653], [-0.093682, 51.548181], [-0.088198, 51.5449], [-0.081487, 51.546089], [-0.080259, 51.550561], [-0.085743, 51.553843]]]}, "properties": {"h3": "88195da691fffff", "poi": 337, "richness": 13, "hill_q1": 7.849, "hill_q2": 5.99, "top_share": 0.261, "flagged": false, "dominant": "services_and_business", "dna": {"services_and_business": 0.261, "shopping": 0.208, "food_and_drink": 0.202, "lifestyle_services": 0.077, "community_and_government": 0.053, "education": 0.039, "sports_and_recreation": 0.039, "health_care": 0.033, "travel_and_transportation": 0.03, "cultural_and_historic": 0.027, "arts_and_entertainment": 0.015, "lodging": 0.015, "geographic_entities": 0.003}, "tfidf": {"services_and_business": 0.261, "food_and_drink": 0.211, "shopping": 0.21, "lifestyle_services": 0.082, "community_and_government": 0.058, "education": 0.04, "sports_and_recreation": 0.039, "health_care": 0.035, "travel_and_transportation": 0.031, "cultural_and_historic": 0.029, "lodging": 0.02, "arts_and_entertainment": 0.016, "geographic_entities": 0.006}, "cluster": -1}}, {"type": "Feature", "geometry": {"type": "Polygon", "coordinates": [[[-0.081487, 51.546089], [-0.088198, 51.5449], [-0.089425, 51.540428], [-0.083943, 51.537146], [-0.077233, 51.538336], [-0.076004, 51.542807], [-0.081487, 51.546089]]]}, "properties": {"h3": "88195da693fffff", "poi": 226, "richness": 12, "hill_q1": 7.114, "hill_q2": 4.791, "top_share": 0.394, "flagged": false, "dominant": "services_and_business", "dna": {"services_and_business": 0.394, "shopping": 0.15, "food_and_drink": 0.119, "travel_and_transportation": 0.088, "arts_and_entertainment": 0.049, "lifestyle_services": 0.049, "health_care": 0.04, "education": 0.031, "cultural_and_historic": 0.022, "sports_and_recreation": 0.022, "community_and_government": 0.018, "lodging": 0.018}, "tfidf": {"services_and_business": 0.394, "shopping": 0.152, "food_and_drink": 0.125, "travel_and_transportation": 0.091, "arts_and_entertainment": 0.053, "lifestyle_services": 0.052, "health_care": 0.043, "education": 0.032, "lodging": 0.024, "cultural_and_historic": 0.024, "sports_and_recreation": 0.022, "community_and_government": 0.019}, "cluster": -1}}, {"type": "Feature", "geometry": {"type": "Polygon", "coordinates": [[[-0.09794, 51.555935], [-0.104653, 51.554744], [-0.105879, 51.550272], [-0.100394, 51.546991], [-0.093682, 51.548181], [-0.092455, 51.552653], [-0.09794, 51.555935]]]}, "properties": {"h3": "88195da695fffff", "poi": 229, "richness": 12, "hill_q1": 7.94, "hill_q2": 5.423, "top_share": 0.367, "flagged": false, "dominant": "services_and_business", "dna": {"services_and_business": 0.367, "shopping": 0.144, "sports_and_recreation": 0.092, "food_and_drink": 0.083, "education": 0.066, "lifestyle_services": 0.048, "community_and_government": 0.044, "cultural_and_historic": 0.044, "arts_and_entertainment": 0.035, "travel_and_transportation": 0.035, "health_care": 0.022, "lodging": 0.022}, "tfidf": {"services_and_business": 0.367, "shopping": 0.146, "sports_and_recreation": 0.093, "food_and_drink": 0.087, "education": 0.068, "lifestyle_services": 0.051, "community_and_government": 0.048, "cultural_and_historic": 0.047, "arts_and_entertainment": 0.038, "travel_and_transportation": 0.036, "lodging": 0.03, "health_care": 0.024}, "cluster": -1}}, {"type": "Feature", "geometry": {"type": "Polygon", "coordinates": [[[-0.093682, 51.548181], [-0.100394, 51.546991], [-0.10162, 51.542519], [-0.096136, 51.539237], [-0.089425, 51.540428], [-0.088198, 51.5449], [-0.093682, 51.548181]]]}, "properties": {"h3": "88195da697fffff", "poi": 267, "richness": 13, "hill_q1": 9.0, "hill_q2": 7.321, "top_share": 0.236, "flagged": false, "dominant": "services_and_business", "dna": {"services_and_business": 0.236, "food_and_drink": 0.176, "shopping": 0.154, "lifestyle_services": 0.101, "travel_and_transportation": 0.064, "education": 0.056, "sports_and_recreation": 0.056, "health_care": 0.045, "arts_and_entertainment": 0.037, "community_and_government": 0.037, "cultural_and_historic": 0.03, "geographic_entities": 0.004, "lodging": 0.004}, "tfidf": {"services_and_business": 0.236, "food_and_drink": 0.184, "shopping": 0.155, "lifestyle_services": 0.107, "travel_and_transportation": 0.066, "education": 0.058, "sports_and_recreation": 0.057, "health_care": 0.049, "arts_and_entertainment": 0.041, "community_and_government": 0.041, "cultural_and_historic": 0.032, "geographic_entities": 0.007, "lodging": 0.005}, "cluster": -1}}, {"type": "Feature", "geometry": {"type": "Polygon", "coordinates": [[[-0.077802, 51.559503], [-0.084515, 51.558314], [-0.085743, 51.553843], [-0.080259, 51.550561], [-0.073548, 51.55175], [-0.072319, 51.55622], [-0.077802, 51.559503]]]}, "properties": {"h3": "88195da699fffff", "poi": 335, "richness": 12, "hill_q1": 7.68, "hill_q2": 5.988, "top_share": 0.26, "flagged": false, "dominant": "services_and_business", "dna": {"services_and_business": 0.26, "food_and_drink": 0.212, "shopping": 0.197, "arts_and_entertainment": 0.075, "travel_and_transportation": 0.063, "lifestyle_services": 0.045, "education": 0.033, "health_care": 0.033, "community_and_government": 0.027, "cultural_and_historic": 0.027, "sports_and_recreation": 0.027, "lodging": 0.003}, "tfidf": {"services_and_business": 0.26, "food_and_drink": 0.222, "shopping": 0.199, "arts_and_entertainment": 0.081, "travel_and_transportation": 0.065, "lifestyle_services": 0.048, "health_care": 0.036, "education": 0.034, "community_and_government": 0.029, "cultural_and_historic": 0.029, "sports_and_recreation": 0.027, "lodging": 0.004}, "cluster": -1}}, {"type": "Feature", "geometry": {"type": "Polygon", "coordinates": [[[-0.073548, 51.55175], [-0.080259, 51.550561], [-0.081487, 51.546089], [-0.076004, 51.542807], [-0.069294, 51.543996], [-0.068065, 51.548467], [-0.073548, 51.55175]]]}, "properties": {"h3": "88195da69bfffff", "poi": 946, "richness": 12, "hill_q1": 7.795, "hill_q2": 6.109, "top_share": 0.238, "flagged": false, "dominant": "food_and_drink", "dna": {"food_and_drink": 0.238, "services_and_business": 0.233, "shopping": 0.189, "lifestyle_services": 0.077, "arts_and_entertainment": 0.074, "community_and_government": 0.041, "health_care": 0.034, "travel_and_transportation": 0.03, "sports_and_recreation": 0.029, "cultural_and_historic": 0.025, "education": 0.024, "lodging": 0.006}, "tfidf": {"food_and_drink": 0.249, "services_and_business": 0.233, "shopping": 0.191, "lifestyle_services": 0.082, "arts_and_entertainment": 0.081, "community_and_government": 0.045, "health_care": 0.037, "travel_and_transportation": 0.03, "sports_and_recreation": 0.029, "cultural_and_historic": 0.027, "education": 0.025, "lodging": 0.009}, "cluster": -1}}, {"type": "Feature", "geometry": {"type": "Polygon", "coordinates": [[[-0.09, 51.561595], [-0.096713, 51.560406], [-0.09794, 51.555935], [-0.092455, 51.552653], [-0.085743, 51.553843], [-0.084515, 51.558314], [-0.09, 51.561595]]]}, "properties": {"h3": "88195da69dfffff", "poi": 204, "richness": 12, "hill_q1": 7.984, "hill_q2": 5.89, "top_share": 0.324, "flagged": false, "dominant": "services_and_business", "dna": {"services_and_business": 0.324, "food_and_drink": 0.162, "shopping": 0.142, "lifestyle_services": 0.069, "travel_and_transportation": 0.064, "education": 0.054, "sports_and_recreation": 0.049, "health_care": 0.044, "cultural_and_historic": 0.039, "arts_and_entertainment": 0.029, "community_and_government": 0.015, "lodging": 0.01}, "tfidf": {"services_and_business": 0.324, "food_and_drink": 0.169, "shopping": 0.144, "lifestyle_services": 0.073, "travel_and_transportation": 0.066, "education": 0.056, "sports_and_recreation": 0.05, "health_care": 0.048, "cultural_and_historic": 0.042, "arts_and_entertainment": 0.032, "community_and_government": 0.016, "lodging": 0.013}, "cluster": -1}}, {"type": "Feature", "geometry": {"type": "Polygon", "coordinates": [[[-0.138811, 51.569956], [-0.145527, 51.568764], [-0.146751, 51.564292], [-0.14126, 51.561012], [-0.134545, 51.562204], [-0.13332, 51.566676], [-0.138811, 51.569956]]]}, "properties": {"h3": "88195da6a1fffff", "poi": 298, "richness": 12, "hill_q1": 9.635, "hill_q2": 8.116, "top_share": 0.198, "flagged": false, "dominant": "food_and_drink", "dna": {"food_and_drink": 0.198, "services_and_business": 0.181, "shopping": 0.151, "health_care": 0.094, "sports_and_recreation": 0.067, "community_and_government": 0.064, "lifestyle_services": 0.057, "education": 0.054, "arts_and_entertainment": 0.044, "travel_and_transportation": 0.04, "cultural_and_historic": 0.03, "lodging": 0.02}, "tfidf": {"food_and_drink": 0.207, "services_and_business": 0.181, "shopping": 0.153, "health_care": 0.102, "community_and_government": 0.069, "sports_and_recreation": 0.068, "lifestyle_services": 0.061, "education": 0.056, "arts_and_entertainment": 0.048, "travel_and_transportation": 0.041, "cultural_and_historic": 0.033, "lodging": 0.028}, "cluster": -1}}, {"type": "Feature", "geometry": {"type": "Polygon", "coordinates": [[[-0.134545, 51.562204], [-0.14126, 51.561012], [-0.142484, 51.556539], [-0.136994, 51.553259], [-0.13028, 51.554451], [-0.129055, 51.558924], [-0.134545, 51.562204]]]}, "properties": {"h3": "88195da6a3fffff", "poi": 259, "richness": 12, "hill_q1": 7.882, "hill_q2": 5.868, "top_share": 0.301, "flagged": false, "dominant": "services_and_business", "dna": {"services_and_business": 0.301, "food_and_drink": 0.22, "shopping": 0.108, "lifestyle_services": 0.073, "sports_and_recreation": 0.073, "health_care": 0.062, "arts_and_entertainment": 0.042, "travel_and_transportation": 0.039, "community_and_government": 0.027, "education": 0.019, "lodging": 0.019, "cultural_and_historic": 0.015}, "tfidf": {"services_and_business": 0.301, "food_and_drink": 0.23, "shopping": 0.109, "lifestyle_services": 0.078, "sports_and_recreation": 0.074, "health_care": 0.067, "arts_and_entertainment": 0.046, "travel_and_transportation": 0.04, "community_and_government": 0.029, "lodging": 0.026, "education": 0.02, "cultural_and_historic": 0.017}, "cluster": -1}}, {"type": "Feature", "geometry": {"type": "Polygon", "coordinates": [[[-0.151019, 51.572044], [-0.157736, 51.570851], [-0.158959, 51.566378], [-0.153467, 51.563099], [-0.146751, 51.564292], [-0.145527, 51.568764], [-0.151019, 51.572044]]]}, "properties": {"h3": "88195da6a5fffff", "poi": 55, "richness": 12, "hill_q1": 9.67, "hill_q2": 8.521, "top_share": 0.182, "flagged": false, "dominant": "cultural_and_historic", "dna": {"cultural_and_historic": 0.182, "services_and_business": 0.164, "food_and_drink": 0.127, "community_and_government": 0.109, "sports_and_recreation": 0.109, "health_care": 0.073, "shopping": 0.073, "lifestyle_services": 0.055, "travel_and_transportation": 0.055, "arts_and_entertainment": 0.018, "education": 0.018, "lodging": 0.018}, "tfidf": {"cultural_and_historic": 0.197, "services_and_business": 0.164, "food_and_drink": 0.133, "community_and_government": 0.119, "sports_and_recreation": 0.111, "health_care": 0.079, "shopping": 0.074, "lifestyle_services": 0.058, "travel_and_transportation": 0.056, "lodging": 0.025, "arts_and_entertainment": 0.02, "education": 0.019}, "cluster": -1}}, {"type": "Feature", "geometry": {"type": "Polygon", "coordinates": [[[-0.146751, 51.564292], [-0.153467, 51.563099], [-0.15469, 51.558626], [-0.149199, 51.555346], [-0.142484, 51.556539], [-0.14126, 51.561012], [-0.146751, 51.564292]]]}, "properties": {"h3": "88195da6a7fffff", "poi": 180, "richness": 12, "hill_q1": 9.249, "hill_q2": 7.826, "top_share": 0.233, "flagged": false, "dominant": "services_and_business", "dna": {"services_and_business": 0.233, "food_and_drink": 0.133, "health_care": 0.133, "shopping": 0.117, "sports_and_recreation": 0.089, "travel_and_transportation": 0.083, "education": 0.061, "arts_and_entertainment": 0.05, "cultural_and_historic": 0.039, "community_and_government": 0.028, "lifestyle_services": 0.028, "lodging": 0.006}, "tfidf": {"services_and_business": 0.233, "health_care": 0.145, "food_and_drink": 0.139, "shopping": 0.118, "sports_and_recreation": 0.09, "travel_and_transportation": 0.086, "education": 0.063, "arts_and_entertainment": 0.055, "cultural_and_historic": 0.042, "community_and_government": 0.03, "lifestyle_services": 0.029, "lodging": 0.008}, "cluster": -1}}, {"type": "Feature", "geometry": {"type": "Polygon", "coordinates": [[[-0.13087, 51.57562], [-0.137586, 51.574428], [-0.138811, 51.569956], [-0.13332, 51.566676], [-0.126605, 51.567868], [-0.125379, 51.572339], [-0.13087, 51.57562]]]}, "properties": {"h3": "88195da6a9fffff", "poi": 126, "richness": 13, "hill_q1": 9.651, "hill_q2": 7.405, "top_share": 0.286, "flagged": false, "dominant": "services_and_business", "dna": {"services_and_business": 0.286, "shopping": 0.111, "community_and_government": 0.087, "food_and_drink": 0.087, "travel_and_transportation": 0.087, "education": 0.071, "sports_and_recreation": 0.063, "cultural_and_historic": 0.056, "health_care": 0.056, "lifestyle_services": 0.04, "arts_and_entertainment": 0.032, "geographic_entities": 0.016, "lodging": 0.008}, "tfidf": {"services_and_business": 0.286, "shopping": 0.112, "community_and_government": 0.095, "food_and_drink": 0.091, "travel_and_transportation": 0.09, "education": 0.074, "sports_and_recreation": 0.064, "health_care": 0.06, "cultural_and_historic": 0.06, "lifestyle_services": 0.042, "arts_and_entertainment": 0.035, "geographic_entities": 0.03, "lodging": 0.011}, "cluster": -1}}, {"type": "Feature", "geometry": {"type": "Polygon", "coordinates": [[[-0.126605, 51.567868], [-0.13332, 51.566676], [-0.134545, 51.562204], [-0.129055, 51.558924], [-0.122341, 51.560115], [-0.121116, 51.564587], [-0.126605, 51.567868]]]}, "properties": {"h3": "88195da6abfffff", "poi": 316, "richness": 12, "hill_q1": 8.756, "hill_q2": 7.044, "top_share": 0.25, "flagged": false, "dominant": "services_and_business", "dna": {"services_and_business": 0.25, "shopping": 0.158, "food_and_drink": 0.155, "lifestyle_services": 0.13, "travel_and_transportation": 0.063, "sports_and_recreation": 0.054, "health_care": 0.051, "arts_and_entertainment": 0.035, "community_and_government": 0.032, "cultural_and_historic": 0.028, "education": 0.028, "lodging": 0.016}, "tfidf": {"services_and_business": 0.25, "food_and_drink": 0.162, "shopping": 0.16, "lifestyle_services": 0.138, "travel_and_transportation": 0.065, "health_care": 0.055, "sports_and_recreation": 0.055, "arts_and_entertainment": 0.038, "community_and_government": 0.034, "cultural_and_historic": 0.031, "education": 0.03, "lodging": 0.022}, "cluster": -1}}, {"type": "Feature", "geometry": {"type": "Polygon", "coordinates": [[[-0.143078, 51.577708], [-0.149795, 51.576516], [-0.151019, 51.572044], [-0.145527, 51.568764], [-0.138811, 51.569956], [-0.137586, 51.574428], [-0.143078, 51.577708]]]}, "properties": {"h3": "88195da6adfffff", "poi": 342, "richness": 13, "hill_q1": 8.196, "hill_q2": 6.474, "top_share": 0.257, "flagged": false, "dominant": "services_and_business", "dna": {"services_and_business": 0.257, "food_and_drink": 0.196, "shopping": 0.167, "lifestyle_services": 0.094, "health_care": 0.07, "sports_and_recreation": 0.056, "arts_and_entertainment": 0.05, "education": 0.035, "travel_and_transportation": 0.029, "cultural_and_historic": 0.02, "community_and_government": 0.018, "geographic_entities": 0.006, "lodging": 0.003}, "tfidf": {"services_and_business": 0.257, "food_and_drink": 0.205, "shopping": 0.169, "lifestyle_services": 0.099, "health_care": 0.076, "sports_and_recreation": 0.056, "arts_and_entertainment": 0.054, "education": 0.036, "travel_and_transportation": 0.03, "cultural_and_historic": 0.022, "community_and_government": 0.019, "geographic_entities": 0.011, "lodging": 0.004}, "cluster": -1}}, {"type": "Feature", "geometry": {"type": "Polygon", "coordinates": [[[-0.118079, 51.552362], [-0.124792, 51.551171], [-0.126017, 51.546698], [-0.12053, 51.543417], [-0.113818, 51.544609], [-0.112592, 51.549081], [-0.118079, 51.552362]]]}, "properties": {"h3": "88195da6b1fffff", "poi": 296, "richness": 12, "hill_q1": 7.813, "hill_q2": 5.245, "top_share": 0.382, "flagged": false, "dominant": "services_and_business", "dna": {"services_and_business": 0.382, "shopping": 0.125, "community_and_government": 0.084, "food_and_drink": 0.081, "sports_and_recreation": 0.061, "arts_and_entertainment": 0.054, "education": 0.054, "travel_and_transportation": 0.051, "lifestyle_services": 0.044, "cultural_and_historic": 0.027, "health_care": 0.027, "lodging": 0.01}, "tfidf": {"services_and_business": 0.382, "shopping": 0.126, "community_and_government": 0.092, "food_and_drink": 0.085, "sports_and_recreation": 0.062, "arts_and_entertainment": 0.059, "education": 0.056, "travel_and_transportation": 0.052, "lifestyle_services": 0.047, "health_care": 0.029, "cultural_and_historic": 0.029, "lodging": 0.014}, "cluster": -1}}, {"type": "Feature", "geometry": {"type": "Polygon", "coordinates": [[[-0.113818, 51.544609], [-0.12053, 51.543417], [-0.121755, 51.538945], [-0.116269, 51.535664], [-0.109558, 51.536855], [-0.108332, 51.541328], [-0.113818, 51.544609]]]}, "properties": {"h3": "88195da6b3fffff", "poi": 345, "richness": 13, "hill_q1": 8.543, "hill_q2": 6.502, "top_share": 0.264, "flagged": false, "dominant": "services_and_business", "dna": {"services_and_business": 0.264, "food_and_drink": 0.217, "shopping": 0.13, "lifestyle_services": 0.087, "education": 0.058, "sports_and_recreation": 0.046, "arts_and_entertainment": 0.043, "travel_and_transportation": 0.043, "health_care": 0.041, "community_and_government": 0.026, "cultural_and_historic": 0.023, "lodging": 0.014, "geographic_entities": 0.006}, "tfidf": {"services_and_business": 0.264, "food_and_drink": 0.227, "shopping": 0.132, "lifestyle_services": 0.092, "education": 0.06, "arts_and_entertainment": 0.047, "sports_and_recreation": 0.047, "travel_and_transportation": 0.045, "health_care": 0.044, "community_and_government": 0.028, "cultural_and_historic": 0.025, "lodging": 0.02, "geographic_entities": 0.011}, "cluster": -1}}, {"type": "Feature", "geometry": {"type": "Polygon", "coordinates": [[[-0.13028, 51.554451], [-0.136994, 51.553259], [-0.138218, 51.548786], [-0.13273, 51.545506], [-0.126017, 51.546698], [-0.124792, 51.551171], [-0.13028, 51.554451]]]}, "properties": {"h3": "88195da6b5fffff", "poi": 264, "richness": 12, "hill_q1": 8.687, "hill_q2": 6.456, "top_share": 0.314, "flagged": false, "dominant": "services_and_business", "dna": {"services_and_business": 0.314, "shopping": 0.125, "food_and_drink": 0.117, "education": 0.095, "travel_and_transportation": 0.072, "arts_and_entertainment": 0.061, "sports_and_recreation": 0.061, "community_and_government": 0.045, "lifestyle_services": 0.034, "health_care": 0.027, "lodging": 0.027, "cultural_and_historic": 0.023}, "tfidf": {"services_and_business": 0.314, "shopping": 0.126, "food_and_drink": 0.123, "education": 0.098, "travel_and_transportation": 0.074, "arts_and_entertainment": 0.066, "sports_and_recreation": 0.061, "community_and_government": 0.05, "lodging": 0.036, "lifestyle_services": 0.036, "health_care": 0.029, "cultural_and_historic": 0.025}, "cluster": -1}}, {"type": "Feature", "geometry": {"type": "Polygon", "coordinates": [[[-0.126017, 51.546698], [-0.13273, 51.545506], [-0.133954, 51.541033], [-0.128467, 51.537752], [-0.121755, 51.538945], [-0.12053, 51.543417], [-0.126017, 51.546698]]]}, "properties": {"h3": "88195da6b7fffff", "poi": 264, "richness": 12, "hill_q1": 7.663, "hill_q2": 5.135, "top_share": 0.383, "flagged": false, "dominant": "services_and_business", "dna": {"services_and_business": 0.383, "shopping": 0.125, "food_and_drink": 0.121, "arts_and_entertainment": 0.072, "travel_and_transportation": 0.072, "sports_and_recreation": 0.045, "cultural_and_historic": 0.038, "community_and_government": 0.03, "education": 0.03, "health_care": 0.03, "lifestyle_services": 0.03, "lodging": 0.023}, "tfidf": {"services_and_business": 0.383, "food_and_drink": 0.127, "shopping": 0.126, "arts_and_entertainment": 0.079, "travel_and_transportation": 0.074, "sports_and_recreation": 0.046, "cultural_and_historic": 0.041, "community_and_government": 0.033, "health_care": 0.033, "lifestyle_services": 0.032, "education": 0.031, "lodging": 0.031}, "cluster": -1}}, {"type": "Feature", "geometry": {"type": "Polygon", "coordinates": [[[-0.11014, 51.558025], [-0.116853, 51.556834], [-0.118079, 51.552362], [-0.112592, 51.549081], [-0.105879, 51.550272], [-0.104653, 51.554744], [-0.11014, 51.558025]]]}, "properties": {"h3": "88195da6b9fffff", "poi": 459, "richness": 12, "hill_q1": 8.282, "hill_q2": 6.432, "top_share": 0.255, "flagged": false, "dominant": "services_and_business", "dna": {"services_and_business": 0.255, "food_and_drink": 0.233, "shopping": 0.122, "lifestyle_services": 0.083, "community_and_government": 0.063, "travel_and_transportation": 0.059, "education": 0.052, "sports_and_recreation": 0.041, "arts_and_entertainment": 0.037, "health_care": 0.028, "cultural_and_historic": 0.015, "lodging": 0.011}, "tfidf": {"services_and_business": 0.255, "food_and_drink": 0.244, "shopping": 0.123, "lifestyle_services": 0.088, "community_and_government": 0.069, "travel_and_transportation": 0.061, "education": 0.054, "sports_and_recreation": 0.042, "arts_and_entertainment": 0.04, "health_care": 0.031, "cultural_and_historic": 0.016, "lodging": 0.015}, "cluster": -1}}, {"type": "Feature", "geometry": {"type": "Polygon", "coordinates": [[[-0.105879, 51.550272], [-0.112592, 51.549081], [-0.113818, 51.544609], [-0.108332, 51.541328], [-0.10162, 51.542519], [-0.100394, 51.546991], [-0.105879, 51.550272]]]}, "properties": {"h3": "88195da6bbfffff", "poi": 507, "richness": 13, "hill_q1": 8.647, "hill_q2": 6.865, "top_share": 0.231, "flagged": false, "dominant": "food_and_drink", "dna": {"food_and_drink": 0.231, "services_and_business": 0.217, "shopping": 0.154, "lifestyle_services": 0.091, "health_care": 0.059, "arts_and_entertainment": 0.051, "travel_and_transportation": 0.043, "sports_and_recreation": 0.041, "community_and_government": 0.037, "education": 0.037, "cultural_and_historic": 0.03, "geographic_entities": 0.004, "lodging": 0.004}, "tfidf": {"food_and_drink": 0.241, "services_and_business": 0.217, "shopping": 0.156, "lifestyle_services": 0.096, "health_care": 0.064, "arts_and_entertainment": 0.056, "travel_and_transportation": 0.045, "sports_and_recreation": 0.042, "community_and_government": 0.041, "education": 0.039, "cultural_and_historic": 0.032, "geographic_entities": 0.008, "lodging": 0.005}, "cluster": -1}}, {"type": "Feature", "geometry": {"type": "Polygon", "coordinates": [[[-0.122341, 51.560115], [-0.129055, 51.558924], [-0.13028, 51.554451], [-0.124792, 51.551171], [-0.118079, 51.552362], [-0.116853, 51.556834], [-0.122341, 51.560115]]]}, "properties": {"h3": "88195da6bdfffff", "poi": 341, "richness": 12, "hill_q1": 8.617, "hill_q2": 6.72, "top_share": 0.246, "flagged": false, "dominant": "shopping", "dna": {"shopping": 0.246, "services_and_business": 0.226, "food_and_drink": 0.126, "lifestyle_services": 0.082, "travel_and_transportation": 0.065, "community_and_government": 0.053, "education": 0.047, "cultural_and_historic": 0.044, "health_care": 0.038, "arts_and_entertainment": 0.032, "sports_and_recreation": 0.026, "lodging": 0.015}, "tfidf": {"shopping": 0.249, "services_and_business": 0.226, "food_and_drink": 0.132, "lifestyle_services": 0.087, "travel_and_transportation": 0.066, "community_and_government": 0.057, "education": 0.049, "cultural_and_historic": 0.048, "health_care": 0.041, "arts_and_entertainment": 0.035, "sports_and_recreation": 0.027, "lodging": 0.02}, "cluster": -1}}, {"type": "Feature", "geometry": {"type": "Polygon", "coordinates": [[[-0.094834, 51.590511], [-0.101551, 51.589322], [-0.102778, 51.584852], [-0.09729, 51.58157], [-0.090574, 51.582759], [-0.089346, 51.587229], [-0.094834, 51.590511]]]}, "properties": {"h3": "88195da6c1fffff", "poi": 305, "richness": 12, "hill_q1": 8.002, "hill_q2": 5.878, "top_share": 0.328, "flagged": false, "dominant": "services_and_business", "dna": {"services_and_business": 0.328, "food_and_drink": 0.148, "shopping": 0.141, "lifestyle_services": 0.082, "education": 0.075, "health_care": 0.052, "travel_and_transportation": 0.049, "community_and_government": 0.03, "cultural_and_historic": 0.03, "sports_and_recreation": 0.03, "arts_and_entertainment": 0.026, "lodging": 0.01}, "tfidf": {"services_and_business": 0.328, "food_and_drink": 0.154, "shopping": 0.143, "lifestyle_services": 0.087, "education": 0.078, "health_care": 0.057, "travel_and_transportation": 0.051, "community_and_government": 0.032, "cultural_and_historic": 0.032, "sports_and_recreation": 0.03, "arts_and_entertainment": 0.029, "lodging": 0.013}, "cluster": -1}}, {"type": "Feature", "geometry": {"type": "Polygon", "coordinates": [[[-0.090574, 51.582759], [-0.09729, 51.58157], [-0.098518, 51.5771], [-0.09303, 51.573819], [-0.086316, 51.575007], [-0.085087, 51.579477], [-0.090574, 51.582759]]]}, "properties": {"h3": "88195da6c3fffff", "poi": 228, "richness": 12, "hill_q1": 6.744, "hill_q2": 4.646, "top_share": 0.377, "flagged": false, "dominant": "services_and_business", "dna": {"services_and_business": 0.377, "shopping": 0.228, "food_and_drink": 0.088, "arts_and_entertainment": 0.066, "health_care": 0.053, "travel_and_transportation": 0.044, "education": 0.035, "cultural_and_historic": 0.031, "lifestyle_services": 0.031, "sports_and_recreation": 0.031, "community_and_government": 0.013, "lodging": 0.004}, "tfidf": {"services_and_business": 0.377, "shopping": 0.231, "food_and_drink": 0.092, "arts_and_entertainment": 0.072, "health_care": 0.057, "travel_and_transportation": 0.045, "education": 0.036, "cultural_and_historic": 0.033, "lifestyle_services": 0.033, "sports_and_recreation": 0.031, "community_and_government": 0.014, "lodging": 0.006}, "cluster": -1}}, {"type": "Feature", "geometry": {"type": "Polygon", "coordinates": [[[-0.107041, 51.592603], [-0.113758, 51.591413], [-0.114985, 51.586943], [-0.109495, 51.583662], [-0.102778, 51.584852], [-0.101551, 51.589322], [-0.107041, 51.592603]]]}, "properties": {"h3": "88195da6c5fffff", "poi": 284, "richness": 12, "hill_q1": 8.219, "hill_q2": 6.379, "top_share": 0.275, "flagged": false, "dominant": "services_and_business", "dna": {"services_and_business": 0.275, "food_and_drink": 0.18, "shopping": 0.176, "lifestyle_services": 0.063, "travel_and_transportation": 0.063, "health_care": 0.049, "sports_and_recreation": 0.049, "cultural_and_historic": 0.046, "education": 0.039, "community_and_government": 0.035, "arts_and_entertainment": 0.018, "lodging": 0.007}, "tfidf": {"services_and_business": 0.275, "food_and_drink": 0.188, "shopping": 0.178, "lifestyle_services": 0.067, "travel_and_transportation": 0.065, "health_care": 0.054, "sports_and_recreation": 0.05, "cultural_and_historic": 0.05, "education": 0.04, "community_and_government": 0.038, "arts_and_entertainment": 0.019, "lodging": 0.01}, "cluster": -1}}, {"type": "Feature", "geometry": {"type": "Polygon", "coordinates": [[[-0.102778, 51.584852], [-0.109495, 51.583662], [-0.110722, 51.579191], [-0.105233, 51.57591], [-0.098518, 51.5771], [-0.09729, 51.58157], [-0.102778, 51.584852]]]}, "properties": {"h3": "88195da6c7fffff", "poi": 341, "richness": 13, "hill_q1": 6.933, "hill_q2": 5.198, "top_share": 0.311, "flagged": false, "dominant": "services_and_business", "dna": {"services_and_business": 0.311, "shopping": 0.205, "food_and_drink": 0.202, "lifestyle_services": 0.073, "health_care": 0.056, "travel_and_transportation": 0.044, "education": 0.032, "arts_and_entertainment": 0.026, "cultural_and_historic": 0.012, "lodging": 0.012, "sports_and_recreation": 0.012, "community_and_government": 0.009, "geographic_entities": 0.006}, "tfidf": {"services_and_business": 0.311, "food_and_drink": 0.212, "shopping": 0.208, "lifestyle_services": 0.078, "health_care": 0.06, "travel_and_transportation": 0.045, "education": 0.033, "arts_and_entertainment": 0.029, "lodging": 0.016, "cultural_and_historic": 0.013, "sports_and_recreation": 0.012, "geographic_entities": 0.011, "community_and_government": 0.01}, "cluster": -1}}, {"type": "Feature", "geometry": {"type": "Polygon", "coordinates": [[[-0.086889, 51.596168], [-0.093606, 51.59498], [-0.094834, 51.590511], [-0.089346, 51.587229], [-0.08263, 51.588417], [-0.081401, 51.592887], [-0.086889, 51.596168]]]}, "properties": {"h3": "88195da6c9fffff", "poi": 97, "richness": 13, "hill_q1": 8.217, "hill_q2": 6.458, "top_share": 0.247, "flagged": false, "dominant": "services_and_business", "dna": {"services_and_business": 0.247, "food_and_drink": 0.206, "shopping": 0.144, "sports_and_recreation": 0.144, "travel_and_transportation": 0.052, "community_and_government": 0.041, "education": 0.041, "lifestyle_services": 0.041, "arts_and_entertainment": 0.031, "health_care": 0.021, "cultural_and_historic": 0.01, "geographic_entities": 0.01, "lodging": 0.01}, "tfidf": {"services_and_business": 0.247, "food_and_drink": 0.216, "sports_and_recreation": 0.146, "shopping": 0.146, "travel_and_transportation": 0.053, "community_and_government": 0.045, "lifestyle_services": 0.044, "education": 0.043, "arts_and_entertainment": 0.034, "health_care": 0.022, "geographic_entities": 0.02, "lodging": 0.014, "cultural_and_historic": 0.011}, "cluster": -1}}, {"type": "Feature", "geometry": {"type": "Polygon", "coordinates": [[[-0.08263, 51.588417], [-0.089346, 51.587229], [-0.090574, 51.582759], [-0.085087, 51.579477], [-0.078372, 51.580666], [-0.077143, 51.585135], [-0.08263, 51.588417]]]}, "properties": {"h3": "88195da6cbfffff", "poi": 178, "richness": 13, "hill_q1": 8.863, "hill_q2": 6.808, "top_share": 0.287, "flagged": false, "dominant": "services_and_business", "dna": {"services_and_business": 0.287, "food_and_drink": 0.163, "shopping": 0.112, "lifestyle_services": 0.084, "health_care": 0.067, "community_and_government": 0.062, "cultural_and_historic": 0.056, "education": 0.056, "travel_and_transportation": 0.045, "sports_and_recreation": 0.039, "arts_and_entertainment": 0.011, "lodging": 0.011, "geographic_entities": 0.006}, "tfidf": {"services_and_business": 0.287, "food_and_drink": 0.17, "shopping": 0.114, "lifestyle_services": 0.089, "health_care": 0.073, "community_and_government": 0.067, "cultural_and_historic": 0.061, "education": 0.058, "travel_and_transportation": 0.046, "sports_and_recreation": 0.04, "lodging": 0.015, "arts_and_entertainment": 0.012, "geographic_entities": 0.011}, "cluster": -1}}, {"type": "Feature", "geometry": {"type": "Polygon", "coordinates": [[[-0.099096, 51.598261], [-0.105813, 51.597073], [-0.107041, 51.592603], [-0.101551, 51.589322], [-0.094834, 51.590511], [-0.093606, 51.59498], [-0.099096, 51.598261]]]}, "properties": {"h3": "88195da6cdfffff", "poi": 296, "richness": 12, "hill_q1": 6.919, "hill_q2": 5.254, "top_share": 0.307, "flagged": false, "dominant": "shopping", "dna": {"shopping": 0.307, "services_and_business": 0.233, "food_and_drink": 0.166, "lifestyle_services": 0.081, "arts_and_entertainment": 0.047, "education": 0.044, "travel_and_transportation": 0.037, "cultural_and_historic": 0.03, "sports_and_recreation": 0.024, "health_care": 0.02, "community_and_government": 0.007, "lodging": 0.003}, "tfidf": {"shopping": 0.311, "services_and_business": 0.233, "food_and_drink": 0.173, "lifestyle_services": 0.086, "arts_and_entertainment": 0.052, "education": 0.046, "travel_and_transportation": 0.038, "cultural_and_historic": 0.033, "sports_and_recreation": 0.024, "health_care": 0.022, "community_and_government": 0.007, "lodging": 0.005}, "cluster": -1}}, {"type": "Feature", "geometry": {"type": "Polygon", "coordinates": [[[-0.074116, 51.572914], [-0.08083, 51.571726], [-0.082058, 51.567255], [-0.076574, 51.563973], [-0.069861, 51.565161], [-0.068631, 51.569631], [-0.074116, 51.572914]]]}, "properties": {"h3": "88195da6d1fffff", "poi": 219, "richness": 11, "hill_q1": 8.218, "hill_q2": 6.178, "top_share": 0.315, "flagged": false, "dominant": "services_and_business", "dna": {"services_and_business": 0.315, "shopping": 0.174, "food_and_drink": 0.1, "travel_and_transportation": 0.073, "lifestyle_services": 0.068, "arts_and_entertainment": 0.05, "cultural_and_historic": 0.05, "health_care": 0.05, "community_and_government": 0.046, "sports_and_recreation": 0.041, "education": 0.032}, "tfidf": {"services_and_business": 0.315, "shopping": 0.176, "food_and_drink": 0.105, "travel_and_transportation": 0.075, "lifestyle_services": 0.073, "arts_and_entertainment": 0.055, "health_care": 0.055, "cultural_and_historic": 0.054, "community_and_government": 0.05, "sports_and_recreation": 0.042, "education": 0.033}, "cluster": -1}}, {"type": "Feature", "geometry": {"type": "Polygon", "coordinates": [[[-0.069861, 51.565161], [-0.076574, 51.563973], [-0.077802, 51.559503], [-0.072319, 51.55622], [-0.065607, 51.557409], [-0.064378, 51.561879], [-0.069861, 51.565161]]]}, "properties": {"h3": "88195da6d3fffff", "poi": 464, "richness": 12, "hill_q1": 7.491, "hill_q2": 5.722, "top_share": 0.289, "flagged": false, "dominant": "food_and_drink", "dna": {"food_and_drink": 0.289, "services_and_business": 0.207, "shopping": 0.183, "lifestyle_services": 0.073, "arts_and_entertainment": 0.06, "education": 0.039, "travel_and_transportation": 0.039, "health_care": 0.034, "community_and_government": 0.03, "sports_and_recreation": 0.026, "cultural_and_historic": 0.013, "lodging": 0.006}, "tfidf": {"food_and_drink": 0.302, "services_and_business": 0.207, "shopping": 0.185, "lifestyle_services": 0.078, "arts_and_entertainment": 0.066, "education": 0.04, "travel_and_transportation": 0.04, "health_care": 0.037, "community_and_government": 0.033, "sports_and_recreation": 0.026, "cultural_and_historic": 0.014, "lodging": 0.009}, "cluster": -1}}, {"type": "Feature", "geometry": {"type": "Polygon", "coordinates": [[[-0.086316, 51.575007], [-0.09303, 51.573819], [-0.094258, 51.569348], [-0.088772, 51.566066], [-0.082058, 51.567255], [-0.08083, 51.571726], [-0.086316, 51.575007]]]}, "properties": {"h3": "88195da6d5fffff", "poi": 94, "richness": 12, "hill_q1": 9.341, "hill_q2": 7.604, "top_share": 0.266, "flagged": false, "dominant": "services_and_business", "dna": {"services_and_business": 0.266, "food_and_drink": 0.106, "sports_and_recreation": 0.106, "education": 0.096, "community_and_government": 0.085, "shopping": 0.085, "cultural_and_historic": 0.074, "travel_and_transportation": 0.074, "health_care": 0.043, "geographic_entities": 0.032, "lifestyle_services": 0.021, "arts_and_entertainment": 0.011}, "tfidf": {"services_and_business": 0.266, "food_and_drink": 0.111, "sports_and_recreation": 0.108, "education": 0.099, "community_and_government": 0.093, "shopping": 0.086, "cultural_and_historic": 0.081, "travel_and_transportation": 0.077, "geographic_entities": 0.061, "health_care": 0.046, "lifestyle_services": 0.023, "arts_and_entertainment": 0.012}, "cluster": -1}}, {"type": "Feature", "geometry": {"type": "Polygon", "coordinates": [[[-0.082058, 51.567255], [-0.088772, 51.566066], [-0.09, 51.561595], [-0.084515, 51.558314], [-0.077802, 51.559503], [-0.076574, 51.563973], [-0.082058, 51.567255]]]}, "properties": {"h3": "88195da6d7fffff", "poi": 246, "richness": 13, "hill_q1": 8.802, "hill_q2": 7.016, "top_share": 0.211, "flagged": false, "dominant": "food_and_drink", "dna": {"food_and_drink": 0.211, "shopping": 0.203, "services_and_business": 0.191, "arts_and_entertainment": 0.077, "travel_and_transportation": 0.057, "lifestyle_services": 0.053, "sports_and_recreation": 0.053, "education": 0.045, "community_and_government": 0.033, "cultural_and_historic": 0.033, "health_care": 0.033, "lodging": 0.008, "geographic_entities": 0.004}, "tfidf": {"food_and_drink": 0.221, "shopping": 0.206, "services_and_business": 0.191, "arts_and_entertainment": 0.084, "travel_and_transportation": 0.059, "lifestyle_services": 0.056, "sports_and_recreation": 0.054, "education": 0.046, "community_and_government": 0.035, "health_care": 0.035, "cultural_and_historic": 0.035, "lodging": 0.011, "geographic_entities": 0.008}, "cluster": -1}}, {"type": "Feature", "geometry": {"type": "Polygon", "coordinates": [[[-0.066172, 51.578571], [-0.072887, 51.577384], [-0.074116, 51.572914], [-0.068631, 51.569631], [-0.061918, 51.570819], [-0.060688, 51.575288], [-0.066172, 51.578571]]]}, "properties": {"h3": "88195da6d9fffff", "poi": 180, "richness": 12, "hill_q1": 7.217, "hill_q2": 5.207, "top_share": 0.317, "flagged": false, "dominant": "services_and_business", "dna": {"services_and_business": 0.317, "shopping": 0.261, "food_and_drink": 0.083, "education": 0.067, "travel_and_transportation": 0.067, "health_care": 0.056, "lifestyle_services": 0.044, "community_and_government": 0.033, "arts_and_entertainment": 0.028, "cultural_and_historic": 0.022, "sports_and_recreation": 0.017, "lodging": 0.006}, "tfidf": {"services_and_business": 0.317, "shopping": 0.264, "food_and_drink": 0.087, "education": 0.069, "travel_and_transportation": 0.069, "health_care": 0.06, "lifestyle_services": 0.047, "community_and_government": 0.036, "arts_and_entertainment": 0.03, "cultural_and_historic": 0.024, "sports_and_recreation": 0.017, "lodging": 0.008}, "cluster": -1}}, {"type": "Feature", "geometry": {"type": "Polygon", "coordinates": [[[-0.061918, 51.570819], [-0.068631, 51.569631], [-0.069861, 51.565161], [-0.064378, 51.561879], [-0.057665, 51.563066], [-0.056435, 51.567536], [-0.061918, 51.570819]]]}, "properties": {"h3": "88195da6dbfffff", "poi": 159, "richness": 12, "hill_q1": 7.719, "hill_q2": 6.147, "top_share": 0.283, "flagged": false, "dominant": "services_and_business", "dna": {"services_and_business": 0.283, "shopping": 0.189, "food_and_drink": 0.157, "health_care": 0.082, "travel_and_transportation": 0.069, "cultural_and_historic": 0.063, "community_and_government": 0.057, "education": 0.05, "lifestyle_services": 0.031, "arts_and_entertainment": 0.006, "lodging": 0.006, "sports_and_recreation": 0.006}, "tfidf": {"services_and_business": 0.283, "shopping": 0.191, "food_and_drink": 0.164, "health_care": 0.089, "travel_and_transportation": 0.071, "cultural_and_historic": 0.068, "community_and_government": 0.062, "education": 0.052, "lifestyle_services": 0.033, "lodging": 0.009, "arts_and_entertainment": 0.007, "sports_and_recreation": 0.006}, "cluster": -1}}, {"type": "Feature", "geometry": {"type": "Polygon", "coordinates": [[[-0.078372, 51.580666], [-0.085087, 51.579477], [-0.086316, 51.575007], [-0.08083, 51.571726], [-0.074116, 51.572914], [-0.072887, 51.577384], [-0.078372, 51.580666]]]}, "properties": {"h3": "88195da6ddfffff", "poi": 130, "richness": 12, "hill_q1": 8.666, "hill_q2": 6.525, "top_share": 0.292, "flagged": false, "dominant": "services_and_business", "dna": {"services_and_business": 0.292, "shopping": 0.192, "food_and_drink": 0.085, "community_and_government": 0.077, "education": 0.069, "cultural_and_historic": 0.054, "lodging": 0.054, "health_care": 0.046, "lifestyle_services": 0.046, "travel_and_transportation": 0.046, "arts_and_entertainment": 0.023, "sports_and_recreation": 0.015}, "tfidf": {"services_and_business": 0.292, "shopping": 0.195, "food_and_drink": 0.088, "community_and_government": 0.084, "lodging": 0.074, "education": 0.072, "cultural_and_historic": 0.058, "health_care": 0.05, "lifestyle_services": 0.049, "travel_and_transportation": 0.048, "arts_and_entertainment": 0.025, "sports_and_recreation": 0.016}, "cluster": -1}}, {"type": "Feature", "geometry": {"type": "Polygon", "coordinates": [[[-0.127193, 51.589033], [-0.133911, 51.587843], [-0.135136, 51.583371], [-0.129645, 51.580091], [-0.122928, 51.581282], [-0.121702, 51.585753], [-0.127193, 51.589033]]]}, "properties": {"h3": "88195da6e1fffff", "poi": 218, "richness": 12, "hill_q1": 8.297, "hill_q2": 6.636, "top_share": 0.271, "flagged": false, "dominant": "services_and_business", "dna": {"services_and_business": 0.271, "shopping": 0.165, "food_and_drink": 0.147, "lifestyle_services": 0.096, "health_care": 0.087, "sports_and_recreation": 0.087, "arts_and_entertainment": 0.041, "cultural_and_historic": 0.028, "education": 0.028, "travel_and_transportation": 0.023, "community_and_government": 0.018, "lodging": 0.009}, "tfidf": {"services_and_business": 0.271, "shopping": 0.167, "food_and_drink": 0.153, "lifestyle_services": 0.102, "health_care": 0.095, "sports_and_recreation": 0.088, "arts_and_entertainment": 0.045, "cultural_and_historic": 0.03, "education": 0.029, "travel_and_transportation": 0.024, "community_and_government": 0.02, "lodging": 0.013}, "cluster": -1}}, {"type": "Feature", "geometry": {"type": "Polygon", "coordinates": [[[-0.122928, 51.581282], [-0.129645, 51.580091], [-0.13087, 51.57562], [-0.125379, 51.572339], [-0.118664, 51.57353], [-0.117438, 51.578001], [-0.122928, 51.581282]]]}, "properties": {"h3": "88195da6e3fffff", "poi": 407, "richness": 12, "hill_q1": 7.758, "hill_q2": 6.172, "top_share": 0.236, "flagged": false, "dominant": "services_and_business", "dna": {"services_and_business": 0.236, "food_and_drink": 0.216, "shopping": 0.204, "lifestyle_services": 0.088, "education": 0.052, "health_care": 0.049, "arts_and_entertainment": 0.039, "sports_and_recreation": 0.039, "travel_and_transportation": 0.032, "community_and_government": 0.029, "cultural_and_historic": 0.012, "lodging": 0.002}, "tfidf": {"services_and_business": 0.236, "food_and_drink": 0.226, "shopping": 0.206, "lifestyle_services": 0.094, "education": 0.053, "health_care": 0.053, "arts_and_entertainment": 0.043, "sports_and_recreation": 0.04, "travel_and_transportation": 0.033, "community_and_government": 0.032, "cultural_and_historic": 0.013, "lodging": 0.003}, "cluster": -1}}, {"type": "Feature", "geometry": {"type": "Polygon", "coordinates": [[[-0.139404, 51.591123], [-0.146123, 51.589931], [-0.147347, 51.58546], [-0.141854, 51.58218], [-0.135136, 51.583371], [-0.133911, 51.587843], [-0.139404, 51.591123]]]}, "properties": {"h3": "88195da6e5fffff", "poi": 204, "richness": 13, "hill_q1": 8.746, "hill_q2": 7.044, "top_share": 0.221, "flagged": false, "dominant": "shopping", "dna": {"shopping": 0.221, "services_and_business": 0.216, "sports_and_recreation": 0.127, "food_and_drink": 0.113, "lifestyle_services": 0.098, "health_care": 0.049, "education": 0.044, "travel_and_transportation": 0.039, "arts_and_entertainment": 0.034, "community_and_government": 0.029, "cultural_and_historic": 0.01, "geographic_entities": 0.01, "lodging": 0.01}, "tfidf": {"shopping": 0.223, "services_and_business": 0.216, "sports_and_recreation": 0.129, "food_and_drink": 0.118, "lifestyle_services": 0.104, "health_care": 0.053, "education": 0.046, "travel_and_transportation": 0.04, "arts_and_entertainment": 0.037, "community_and_government": 0.032, "geographic_entities": 0.019, "lodging": 0.013, "cultural_and_historic": 0.011}, "cluster": -1}}, {"type": "Feature", "geometry": {"type": "Polygon", "coordinates": [[[-0.135136, 51.583371], [-0.141854, 51.58218], [-0.143078, 51.577708], [-0.137586, 51.574428], [-0.13087, 51.57562], [-0.129645, 51.580091], [-0.135136, 51.583371]]]}, "properties": {"h3": "88195da6e7fffff", "poi": 41, "richness": 10, "hill_q1": 8.121, "hill_q2": 7.153, "top_share": 0.195, "flagged": false, "dominant": "arts_and_entertainment", "dna": {"arts_and_entertainment": 0.195, "services_and_business": 0.195, "education": 0.146, "sports_and_recreation": 0.146, "shopping": 0.098, "health_care": 0.073, "food_and_drink": 0.049, "travel_and_transportation": 0.049, "lifestyle_services": 0.024, "lodging": 0.024}, "tfidf": {"arts_and_entertainment": 0.213, "services_and_business": 0.195, "education": 0.152, "sports_and_recreation": 0.148, "shopping": 0.099, "health_care": 0.079, "food_and_drink": 0.051, "travel_and_transportation": 0.05, "lodging": 0.033, "lifestyle_services": 0.026}, "cluster": -1}}, {"type": "Feature", "geometry": {"type": "Polygon", "coordinates": [[[-0.119249, 51.594694], [-0.125968, 51.593504], [-0.127193, 51.589033], [-0.121702, 51.585753], [-0.114985, 51.586943], [-0.113758, 51.591413], [-0.119249, 51.594694]]]}, "properties": {"h3": "88195da6e9fffff", "poi": 210, "richness": 12, "hill_q1": 8.258, "hill_q2": 6.555, "top_share": 0.243, "flagged": false, "dominant": "services_and_business", "dna": {"services_and_business": 0.243, "food_and_drink": 0.205, "shopping": 0.171, "lifestyle_services": 0.105, "education": 0.062, "cultural_and_historic": 0.048, "travel_and_transportation": 0.043, "health_care": 0.033, "sports_and_recreation": 0.033, "lodging": 0.024, "arts_and_entertainment": 0.019, "community_and_government": 0.014}, "tfidf": {"services_and_business": 0.243, "food_and_drink": 0.214, "shopping": 0.173, "lifestyle_services": 0.111, "education": 0.064, "cultural_and_historic": 0.052, "travel_and_transportation": 0.044, "health_care": 0.036, "sports_and_recreation": 0.034, "lodging": 0.033, "arts_and_entertainment": 0.021, "community_and_government": 0.016}, "cluster": -1}}, {"type": "Feature", "geometry": {"type": "Polygon", "coordinates": [[[-0.114985, 51.586943], [-0.121702, 51.585753], [-0.122928, 51.581282], [-0.117438, 51.578001], [-0.110722, 51.579191], [-0.109495, 51.583662], [-0.114985, 51.586943]]]}, "properties": {"h3": "88195da6ebfffff", "poi": 307, "richness": 12, "hill_q1": 8.25, "hill_q2": 6.752, "top_share": 0.264, "flagged": false, "dominant": "services_and_business", "dna": {"services_and_business": 0.264, "food_and_drink": 0.156, "shopping": 0.147, "lifestyle_services": 0.114, "sports_and_recreation": 0.098, "education": 0.062, "health_care": 0.055, "travel_and_transportation": 0.042, "community_and_government": 0.029, "arts_and_entertainment": 0.02, "cultural_and_historic": 0.007, "lodging": 0.007}, "tfidf": {"services_and_business": 0.264, "food_and_drink": 0.163, "shopping": 0.148, "lifestyle_services": 0.121, "sports_and_recreation": 0.099, "education": 0.064, "health_care": 0.06, "travel_and_transportation": 0.044, "community_and_government": 0.032, "arts_and_entertainment": 0.021, "lodging": 0.009, "cultural_and_historic": 0.007}, "cluster": -1}}, {"type": "Feature", "geometry": {"type": "Polygon", "coordinates": [[[-0.13146, 51.596784], [-0.138179, 51.595594], [-0.139404, 51.591123], [-0.133911, 51.587843], [-0.127193, 51.589033], [-0.125968, 51.593504], [-0.13146, 51.596784]]]}, "properties": {"h3": "88195da6edfffff", "poi": 68, "richness": 12, "hill_q1": 8.414, "hill_q2": 6.901, "top_share": 0.221, "flagged": false, "dominant": "services_and_business", "dna": {"services_and_business": 0.221, "sports_and_recreation": 0.191, "food_and_drink": 0.162, "shopping": 0.147, "arts_and_entertainment": 0.059, "cultural_and_historic": 0.044, "health_care": 0.044, "lifestyle_services": 0.044, "travel_and_transportation": 0.044, "community_and_government": 0.015, "geographic_entities": 0.015, "lodging": 0.015}, "tfidf": {"services_and_business": 0.221, "sports_and_recreation": 0.194, "food_and_drink": 0.169, "shopping": 0.149, "arts_and_entertainment": 0.064, "health_care": 0.048, "cultural_and_historic": 0.048, "lifestyle_services": 0.047, "travel_and_transportation": 0.045, "geographic_entities": 0.028, "lodging": 0.02, "community_and_government": 0.016}, "cluster": -1}}, {"type": "Feature", "geometry": {"type": "Polygon", "coordinates": [[[-0.201107, 51.622718], [-0.207831, 51.621524], [-0.209052, 51.617052], [-0.20355, 51.613775], [-0.196826, 51.614969], [-0.195605, 51.61944], [-0.201107, 51.622718]]]}, "properties": {"h3": "88195da711fffff", "poi": 12, "richness": 6, "hill_q1": 5.117, "hill_q2": 4.5, "top_share": 0.333, "flagged": false, "dominant": "sports_and_recreation", "dna": {"sports_and_recreation": 0.333, "services_and_business": 0.25, "food_and_drink": 0.167, "community_and_government": 0.083, "education": 0.083, "lifestyle_services": 0.083}, "tfidf": {"sports_and_recreation": 0.338, "services_and_business": 0.25, "food_and_drink": 0.174, "community_and_government": 0.091, "lifestyle_services": 0.088, "education": 0.086}, "cluster": -1}}, {"type": "Feature", "geometry": {"type": "Polygon", "coordinates": [[[-0.196826, 51.614969], [-0.20355, 51.613775], [-0.204771, 51.609302], [-0.199269, 51.606025], [-0.192547, 51.607219], [-0.191325, 51.611691], [-0.196826, 51.614969]]]}, "properties": {"h3": "88195da713fffff", "poi": 29, "richness": 8, "hill_q1": 5.536, "hill_q2": 4.143, "top_share": 0.414, "flagged": false, "dominant": "services_and_business", "dna": {"services_and_business": 0.414, "sports_and_recreation": 0.207, "education": 0.103, "arts_and_entertainment": 0.069, "lifestyle_services": 0.069, "shopping": 0.069, "cultural_and_historic": 0.034, "health_care": 0.034}, "tfidf": {"services_and_business": 0.414, "sports_and_recreation": 0.21, "education": 0.107, "arts_and_entertainment": 0.075, "lifestyle_services": 0.073, "shopping": 0.07, "health_care": 0.037, "cultural_and_historic": 0.037}, "cluster": -1}}, {"type": "Feature", "geometry": {"type": "Polygon", "coordinates": [[[-0.213335, 51.624801], [-0.22006, 51.623607], [-0.221281, 51.619134], [-0.215776, 51.615857], [-0.209052, 51.617052], [-0.207831, 51.621524], [-0.213335, 51.624801]]]}, "properties": {"h3": "88195da715fffff", "poi": 10, "richness": 5, "hill_q1": 4.353, "hill_q2": 3.846, "top_share": 0.4, "flagged": false, "dominant": "sports_and_recreation", "dna": {"sports_and_recreation": 0.4, "food_and_drink": 0.2, "shopping": 0.2, "lifestyle_services": 0.1, "services_and_business": 0.1}, "tfidf": {"sports_and_recreation": 0.405, "food_and_drink": 0.209, "shopping": 0.202, "lifestyle_services": 0.106, "services_and_business": 0.1}, "cluster": -1}}, {"type": "Feature", "geometry": {"type": "Polygon", "coordinates": [[[-0.209052, 51.617052], [-0.215776, 51.615857], [-0.216997, 51.611385], [-0.211494, 51.608108], [-0.204771, 51.609302], [-0.20355, 51.613775], [-0.209052, 51.617052]]]}, "properties": {"h3": "88195da717fffff", "poi": 45, "richness": 11, "hill_q1": 8.366, "hill_q2": 6.193, "top_share": 0.333, "flagged": false, "dominant": "services_and_business", "dna": {"services_and_business": 0.333, "shopping": 0.111, "education": 0.089, "sports_and_recreation": 0.089, "arts_and_entertainment": 0.067, "cultural_and_historic": 0.067, "lifestyle_services": 0.067, "travel_and_transportation": 0.067, "food_and_drink": 0.044, "health_care": 0.044, "community_and_government": 0.022}, "tfidf": {"services_and_business": 0.333, "shopping": 0.112, "education": 0.092, "sports_and_recreation": 0.09, "arts_and_entertainment": 0.073, "cultural_and_historic": 0.072, "lifestyle_services": 0.071, "travel_and_transportation": 0.069, "health_care": 0.048, "food_and_drink": 0.046, "community_and_government": 0.024}, "cluster": -1}}, {"type": "Feature", "geometry": {"type": "Polygon", "coordinates": [[[-0.193161, 51.628383], [-0.199885, 51.627189], [-0.201107, 51.622718], [-0.195605, 51.61944], [-0.188881, 51.620634], [-0.187658, 51.625105], [-0.193161, 51.628383]]]}, "properties": {"h3": "88195da719fffff", "poi": 31, "richness": 11, "hill_q1": 7.912, "hill_q2": 5.686, "top_share": 0.355, "flagged": false, "dominant": "services_and_business", "dna": {"services_and_business": 0.355, "education": 0.097, "health_care": 0.097, "lifestyle_services": 0.097, "sports_and_recreation": 0.097, "community_and_government": 0.065, "geographic_entities": 0.065, "arts_and_entertainment": 0.032, "cultural_and_historic": 0.032, "shopping": 0.032, "travel_and_transportation": 0.032}, "tfidf": {"services_and_business": 0.355, "geographic_entities": 0.124, "health_care": 0.105, "lifestyle_services": 0.103, "education": 0.1, "sports_and_recreation": 0.098, "community_and_government": 0.07, "arts_and_entertainment": 0.035, "cultural_and_historic": 0.035, "travel_and_transportation": 0.033, "shopping": 0.033}, "cluster": -1}}, {"type": "Feature", "geometry": {"type": "Polygon", "coordinates": [[[-0.188881, 51.620634], [-0.195605, 51.61944], [-0.196826, 51.614969], [-0.191325, 51.611691], [-0.184602, 51.612884], [-0.18338, 51.617355], [-0.188881, 51.620634]]]}, "properties": {"h3": "88195da71bfffff", "poi": 72, "richness": 11, "hill_q1": 8.312, "hill_q2": 6.912, "top_share": 0.264, "flagged": false, "dominant": "services_and_business", "dna": {"services_and_business": 0.264, "shopping": 0.153, "education": 0.139, "lifestyle_services": 0.097, "sports_and_recreation": 0.083, "travel_and_transportation": 0.083, "cultural_and_historic": 0.069, "community_and_government": 0.056, "food_and_drink": 0.028, "arts_and_entertainment": 0.014, "health_care": 0.014}, "tfidf": {"services_and_business": 0.264, "shopping": 0.155, "education": 0.144, "lifestyle_services": 0.103, "travel_and_transportation": 0.086, "sports_and_recreation": 0.084, "cultural_and_historic": 0.075, "community_and_government": 0.061, "food_and_drink": 0.029, "arts_and_entertainment": 0.015, "health_care": 0.015}, "cluster": -1}}, {"type": "Feature", "geometry": {"type": "Polygon", "coordinates": [[[-0.185213, 51.634046], [-0.191938, 51.632854], [-0.193161, 51.628383], [-0.187658, 51.625105], [-0.180934, 51.626297], [-0.179711, 51.630768], [-0.185213, 51.634046]]]}, "properties": {"h3": "88195da753fffff", "poi": 12, "richness": 7, "hill_q1": 6.447, "hill_q2": 6.0, "top_share": 0.25, "flagged": false, "dominant": "shopping", "dna": {"shopping": 0.25, "lifestyle_services": 0.167, "lodging": 0.167, "services_and_business": 0.167, "arts_and_entertainment": 0.083, "sports_and_recreation": 0.083, "travel_and_transportation": 0.083}, "tfidf": {"shopping": 0.253, "lodging": 0.228, "lifestyle_services": 0.177, "services_and_business": 0.167, "arts_and_entertainment": 0.091, "travel_and_transportation": 0.086, "sports_and_recreation": 0.084}, "cluster": -1}}]}